# metres; Y up; CCW outward; repeat 0.6 m
mtllib center_guard_low.mtl
v -1.850000 -0.304000 -0.300000
v -1.850000 -0.304000 0.000000
v -1.800000 -0.258131 0.000000
v -1.800000 -0.258131 0.000000
v -1.800000 -0.258885 -0.300000
v -1.850000 -0.304000 -0.300000
v -1.850000 -0.304000 0.000000
v -1.850000 -0.304000 0.300000
v -1.800000 -0.258885 0.300000
v -1.800000 -0.258885 0.300000
v -1.800000 -0.258131 0.000000
v -1.850000 -0.304000 0.000000
v -1.850000 -0.304000 -0.300000
v -1.800000 -0.258885 -0.300000
v -1.800000 -0.304000 -0.300000
v -1.800000 -0.304000 0.300000
v -1.800000 -0.258885 0.300000
v -1.850000 -0.304000 0.300000
v -1.850000 -0.304000 -0.300000
v -1.800000 -0.304000 -0.300000
v -1.800000 -0.304000 0.300000
v -1.850000 -0.304000 0.300000
v -1.800000 -0.258885 -0.300000
v -1.800000 -0.258131 0.000000
v -1.783750 -0.243412 0.000000
v -1.783750 -0.243412 0.000000
v -1.783750 -0.244412 -0.300000
v -1.800000 -0.258885 -0.300000
v -1.800000 -0.258131 0.000000
v -1.800000 -0.258885 0.300000
v -1.783750 -0.244412 0.300000
v -1.783750 -0.244412 0.300000
v -1.783750 -0.243412 0.000000
v -1.800000 -0.258131 0.000000
v -1.800000 -0.258885 -0.300000
v -1.783750 -0.244412 -0.300000
v -1.783750 -0.304000 -0.300000
v -1.800000 -0.304000 -0.300000
v -1.800000 -0.304000 0.300000
v -1.783750 -0.304000 0.300000
v -1.783750 -0.244412 0.300000
v -1.800000 -0.258885 0.300000
v -1.800000 -0.304000 -0.300000
v -1.783750 -0.304000 -0.300000
v -1.783750 -0.304000 0.300000
v -1.800000 -0.304000 0.300000
v -1.783750 -0.244412 -0.300000
v -1.783750 -0.243412 0.000000
v -1.717500 -0.185387 0.000000
v -1.717500 -0.185387 0.000000
v -1.717500 -0.187387 -0.300000
v -1.783750 -0.244412 -0.300000
v -1.783750 -0.243412 0.000000
v -1.783750 -0.244412 0.300000
v -1.717500 -0.187387 0.300000
v -1.717500 -0.187387 0.300000
v -1.717500 -0.185387 0.000000
v -1.783750 -0.243412 0.000000
v -1.783750 -0.244412 -0.300000
v -1.717500 -0.187387 -0.300000
v -1.717500 -0.304000 -0.300000
v -1.783750 -0.304000 -0.300000
v -1.783750 -0.304000 0.300000
v -1.717500 -0.304000 0.300000
v -1.717500 -0.187387 0.300000
v -1.783750 -0.244412 0.300000
v -1.783750 -0.304000 -0.300000
v -1.717500 -0.304000 -0.300000
v -1.717500 -0.304000 0.300000
v -1.783750 -0.304000 0.300000
v -1.717500 -0.187387 -0.300000
v -1.717500 -0.185387 0.000000
v -1.651250 -0.132099 0.000000
v -1.651250 -0.132099 0.000000
v -1.651250 -0.135099 -0.300000
v -1.717500 -0.187387 -0.300000
v -1.717500 -0.185387 0.000000
v -1.717500 -0.187387 0.300000
v -1.651250 -0.135099 0.300000
v -1.651250 -0.135099 0.300000
v -1.651250 -0.132099 0.000000
v -1.717500 -0.185387 0.000000
v -1.717500 -0.187387 -0.300000
v -1.651250 -0.135099 -0.300000
v -1.651250 -0.304000 -0.300000
v -1.717500 -0.304000 -0.300000
v -1.717500 -0.304000 0.300000
v -1.651250 -0.304000 0.300000
v -1.651250 -0.135099 0.300000
v -1.717500 -0.187387 0.300000
v -1.717500 -0.304000 -0.300000
v -1.651250 -0.304000 -0.300000
v -1.651250 -0.304000 0.300000
v -1.717500 -0.304000 0.300000
v -1.651250 -0.135099 -0.300000
v -1.651250 -0.132099 0.000000
v -1.585000 -0.085000 0.000000
v -1.585000 -0.085000 0.000000
v -1.585000 -0.089000 -0.300000
v -1.651250 -0.135099 -0.300000
v -1.651250 -0.132099 0.000000
v -1.651250 -0.135099 0.300000
v -1.585000 -0.089000 0.300000
v -1.585000 -0.089000 0.300000
v -1.585000 -0.085000 0.000000
v -1.651250 -0.132099 0.000000
v -1.651250 -0.135099 -0.300000
v -1.585000 -0.089000 -0.300000
v -1.585000 -0.304000 -0.300000
v -1.651250 -0.304000 -0.300000
v -1.651250 -0.304000 0.300000
v -1.585000 -0.304000 0.300000
v -1.585000 -0.089000 0.300000
v -1.651250 -0.135099 0.300000
v -1.651250 -0.304000 -0.300000
v -1.585000 -0.304000 -0.300000
v -1.585000 -0.304000 0.300000
v -1.651250 -0.304000 0.300000
v -1.585000 -0.089000 -0.300000
v -1.585000 -0.085000 0.000000
v -1.518750 -0.044599 0.000000
v -1.518750 -0.044599 0.000000
v -1.518750 -0.049599 -0.300000
v -1.585000 -0.089000 -0.300000
v -1.585000 -0.085000 0.000000
v -1.585000 -0.089000 0.300000
v -1.518750 -0.049599 0.300000
v -1.518750 -0.049599 0.300000
v -1.518750 -0.044599 0.000000
v -1.585000 -0.085000 0.000000
v -1.585000 -0.089000 -0.300000
v -1.518750 -0.049599 -0.300000
v -1.518750 -0.304000 -0.300000
v -1.585000 -0.304000 -0.300000
v -1.585000 -0.304000 0.300000
v -1.518750 -0.304000 0.300000
v -1.518750 -0.049599 0.300000
v -1.585000 -0.089000 0.300000
v -1.585000 -0.304000 -0.300000
v -1.518750 -0.304000 -0.300000
v -1.518750 -0.304000 0.300000
v -1.585000 -0.304000 0.300000
v -1.518750 -0.049599 -0.300000
v -1.518750 -0.044599 0.000000
v -1.452500 -0.010387 0.000000
v -1.452500 -0.010387 0.000000
v -1.452500 -0.016387 -0.300000
v -1.518750 -0.049599 -0.300000
v -1.518750 -0.044599 0.000000
v -1.518750 -0.049599 0.300000
v -1.452500 -0.016387 0.300000
v -1.452500 -0.016387 0.300000
v -1.452500 -0.010387 0.000000
v -1.518750 -0.044599 0.000000
v -1.518750 -0.049599 -0.300000
v -1.452500 -0.016387 -0.300000
v -1.452500 -0.304000 -0.300000
v -1.518750 -0.304000 -0.300000
v -1.518750 -0.304000 0.300000
v -1.452500 -0.304000 0.300000
v -1.452500 -0.016387 0.300000
v -1.518750 -0.049599 0.300000
v -1.518750 -0.304000 -0.300000
v -1.452500 -0.304000 -0.300000
v -1.452500 -0.304000 0.300000
v -1.518750 -0.304000 0.300000
v -1.452500 -0.016387 -0.300000
v -1.452500 -0.010387 0.000000
v -1.386250 0.019088 0.000000
v -1.386250 0.019088 0.000000
v -1.386250 0.012088 -0.300000
v -1.452500 -0.016387 -0.300000
v -1.452500 -0.010387 0.000000
v -1.452500 -0.016387 0.300000
v -1.386250 0.012088 0.300000
v -1.386250 0.012088 0.300000
v -1.386250 0.019088 0.000000
v -1.452500 -0.010387 0.000000
v -1.452500 -0.304000 -0.300000
v -1.452500 -0.016387 -0.300000
v -1.414374 0.000000 -0.300000
v -1.452500 -0.304000 -0.300000
v -1.414374 0.000000 -0.300000
v -1.386250 0.000000 -0.300000
v -1.386250 0.000000 -0.300000
v -1.386250 -0.304000 -0.300000
v -1.452500 -0.304000 -0.300000
v -1.414374 0.000000 -0.300000
v -1.386250 0.012088 -0.300000
v -1.386250 0.000000 -0.300000
v -1.452500 -0.016387 0.300000
v -1.452500 -0.304000 0.300000
v -1.386250 -0.304000 0.300000
v -1.452500 -0.016387 0.300000
v -1.386250 -0.304000 0.300000
v -1.386250 0.000000 0.300000
v -1.386250 0.000000 0.300000
v -1.414374 0.000000 0.300000
v -1.452500 -0.016387 0.300000
v -1.386250 0.000000 0.300000
v -1.386250 0.012088 0.300000
v -1.414374 0.000000 0.300000
v -1.452500 -0.304000 -0.300000
v -1.386250 -0.304000 -0.300000
v -1.386250 -0.304000 0.300000
v -1.452500 -0.304000 0.300000
v -1.386250 0.012088 -0.300000
v -1.386250 0.019088 0.000000
v -1.320000 0.046000 0.000000
v -1.320000 0.046000 0.000000
v -1.320000 0.038000 -0.300000
v -1.386250 0.012088 -0.300000
v -1.386250 0.019088 0.000000
v -1.386250 0.012088 0.300000
v -1.320000 0.038000 0.300000
v -1.320000 0.038000 0.300000
v -1.320000 0.046000 0.000000
v -1.386250 0.019088 0.000000
v -1.386250 0.000000 -0.300000
v -1.320000 0.000000 -0.300000
v -1.320000 -0.304000 -0.300000
v -1.386250 -0.304000 -0.300000
v -1.386250 0.000000 -0.300000
v -1.386250 0.012088 -0.300000
v -1.320000 0.038000 -0.300000
v -1.320000 0.000000 -0.300000
v -1.386250 -0.304000 0.300000
v -1.320000 -0.304000 0.300000
v -1.320000 0.000000 0.300000
v -1.386250 0.000000 0.300000
v -1.320000 0.000000 0.300000
v -1.320000 0.038000 0.300000
v -1.386250 0.012088 0.300000
v -1.386250 0.000000 0.300000
v -1.386250 -0.304000 -0.300000
v -1.320000 -0.304000 -0.300000
v -1.320000 -0.304000 0.300000
v -1.386250 -0.304000 0.300000
v -1.320000 0.046000 0.000000
v -1.200000 0.034000 0.000000
v -1.200000 0.026000 -0.300000
v -1.320000 0.038000 -0.300000
v -1.320000 0.038000 0.300000
v -1.200000 0.026000 0.300000
v -1.200000 0.034000 0.000000
v -1.320000 0.046000 0.000000
v -1.320000 0.000000 -0.300000
v -1.200000 0.000000 -0.300000
v -1.200000 -0.304000 -0.300000
v -1.320000 -0.304000 -0.300000
v -1.320000 0.000000 -0.300000
v -1.320000 0.038000 -0.300000
v -1.200000 0.026000 -0.300000
v -1.200000 0.000000 -0.300000
v -1.320000 -0.304000 0.300000
v -1.200000 -0.304000 0.300000
v -1.200000 0.000000 0.300000
v -1.320000 0.000000 0.300000
v -1.200000 0.000000 0.300000
v -1.200000 0.026000 0.300000
v -1.320000 0.038000 0.300000
v -1.320000 0.000000 0.300000
v -1.320000 -0.304000 -0.300000
v -1.200000 -0.304000 -0.300000
v -1.200000 -0.304000 0.300000
v -1.320000 -0.304000 0.300000
v -1.200000 0.034000 0.000000
v -0.600000 0.034000 0.000000
v -0.600000 0.026000 -0.300000
v -1.200000 0.026000 -0.300000
v -1.200000 0.026000 0.300000
v -0.600000 0.026000 0.300000
v -0.600000 0.034000 0.000000
v -1.200000 0.034000 0.000000
v -1.200000 0.000000 -0.300000
v -0.600000 0.000000 -0.300000
v -0.600000 -0.304000 -0.300000
v -1.200000 -0.304000 -0.300000
v -1.200000 0.000000 -0.300000
v -1.200000 0.026000 -0.300000
v -0.600000 0.026000 -0.300000
v -0.600000 0.000000 -0.300000
v -1.200000 -0.304000 0.300000
v -0.600000 -0.304000 0.300000
v -0.600000 0.000000 0.300000
v -1.200000 0.000000 0.300000
v -0.600000 0.000000 0.300000
v -0.600000 0.026000 0.300000
v -1.200000 0.026000 0.300000
v -1.200000 0.000000 0.300000
v -1.200000 -0.304000 -0.300000
v -0.600000 -0.304000 -0.300000
v -0.600000 -0.304000 0.300000
v -1.200000 -0.304000 0.300000
v -0.600000 0.034000 0.000000
v 0.000000 0.034000 0.000000
v 0.000000 0.026000 -0.300000
v -0.600000 0.026000 -0.300000
v -0.600000 0.026000 0.300000
v 0.000000 0.026000 0.300000
v 0.000000 0.034000 0.000000
v -0.600000 0.034000 0.000000
v -0.600000 0.000000 -0.300000
v 0.000000 0.000000 -0.300000
v 0.000000 -0.304000 -0.300000
v -0.600000 -0.304000 -0.300000
v -0.600000 0.000000 -0.300000
v -0.600000 0.026000 -0.300000
v 0.000000 0.026000 -0.300000
v 0.000000 0.000000 -0.300000
v -0.600000 -0.304000 0.300000
v 0.000000 -0.304000 0.300000
v 0.000000 0.000000 0.300000
v -0.600000 0.000000 0.300000
v 0.000000 0.000000 0.300000
v 0.000000 0.026000 0.300000
v -0.600000 0.026000 0.300000
v -0.600000 0.000000 0.300000
v -0.600000 -0.304000 -0.300000
v 0.000000 -0.304000 -0.300000
v 0.000000 -0.304000 0.300000
v -0.600000 -0.304000 0.300000
v 0.000000 0.034000 0.000000
v 0.600000 0.034000 0.000000
v 0.600000 0.026000 -0.300000
v 0.000000 0.026000 -0.300000
v 0.000000 0.026000 0.300000
v 0.600000 0.026000 0.300000
v 0.600000 0.034000 0.000000
v 0.000000 0.034000 0.000000
v 0.000000 0.000000 -0.300000
v 0.600000 0.000000 -0.300000
v 0.600000 -0.304000 -0.300000
v 0.000000 -0.304000 -0.300000
v 0.000000 0.000000 -0.300000
v 0.000000 0.026000 -0.300000
v 0.600000 0.026000 -0.300000
v 0.600000 0.000000 -0.300000
v 0.000000 -0.304000 0.300000
v 0.600000 -0.304000 0.300000
v 0.600000 0.000000 0.300000
v 0.000000 0.000000 0.300000
v 0.600000 0.000000 0.300000
v 0.600000 0.026000 0.300000
v 0.000000 0.026000 0.300000
v 0.000000 0.000000 0.300000
v 0.000000 -0.304000 -0.300000
v 0.600000 -0.304000 -0.300000
v 0.600000 -0.304000 0.300000
v 0.000000 -0.304000 0.300000
v 0.600000 0.034000 0.000000
v 1.200000 0.034000 0.000000
v 1.200000 0.026000 -0.300000
v 0.600000 0.026000 -0.300000
v 0.600000 0.026000 0.300000
v 1.200000 0.026000 0.300000
v 1.200000 0.034000 0.000000
v 0.600000 0.034000 0.000000
v 0.600000 0.000000 -0.300000
v 1.200000 0.000000 -0.300000
v 1.200000 -0.304000 -0.300000
v 0.600000 -0.304000 -0.300000
v 0.600000 0.000000 -0.300000
v 0.600000 0.026000 -0.300000
v 1.200000 0.026000 -0.300000
v 1.200000 0.000000 -0.300000
v 0.600000 -0.304000 0.300000
v 1.200000 -0.304000 0.300000
v 1.200000 0.000000 0.300000
v 0.600000 0.000000 0.300000
v 1.200000 0.000000 0.300000
v 1.200000 0.026000 0.300000
v 0.600000 0.026000 0.300000
v 0.600000 0.000000 0.300000
v 0.600000 -0.304000 -0.300000
v 1.200000 -0.304000 -0.300000
v 1.200000 -0.304000 0.300000
v 0.600000 -0.304000 0.300000
v 1.200000 0.034000 0.000000
v 1.320000 0.046000 0.000000
v 1.320000 0.038000 -0.300000
v 1.200000 0.026000 -0.300000
v 1.200000 0.026000 0.300000
v 1.320000 0.038000 0.300000
v 1.320000 0.046000 0.000000
v 1.200000 0.034000 0.000000
v 1.200000 0.000000 -0.300000
v 1.320000 0.000000 -0.300000
v 1.320000 -0.304000 -0.300000
v 1.200000 -0.304000 -0.300000
v 1.200000 0.000000 -0.300000
v 1.200000 0.026000 -0.300000
v 1.320000 0.038000 -0.300000
v 1.320000 0.000000 -0.300000
v 1.200000 -0.304000 0.300000
v 1.320000 -0.304000 0.300000
v 1.320000 0.000000 0.300000
v 1.200000 0.000000 0.300000
v 1.320000 0.000000 0.300000
v 1.320000 0.038000 0.300000
v 1.200000 0.026000 0.300000
v 1.200000 0.000000 0.300000
v 1.200000 -0.304000 -0.300000
v 1.320000 -0.304000 -0.300000
v 1.320000 -0.304000 0.300000
v 1.200000 -0.304000 0.300000
v 1.320000 0.038000 -0.300000
v 1.320000 0.046000 0.000000
v 1.386250 0.019088 0.000000
v 1.386250 0.019088 0.000000
v 1.386250 0.012088 -0.300000
v 1.320000 0.038000 -0.300000
v 1.320000 0.046000 0.000000
v 1.320000 0.038000 0.300000
v 1.386250 0.012088 0.300000
v 1.386250 0.012088 0.300000
v 1.386250 0.019088 0.000000
v 1.320000 0.046000 0.000000
v 1.320000 0.000000 -0.300000
v 1.386250 0.000000 -0.300000
v 1.386250 -0.304000 -0.300000
v 1.320000 -0.304000 -0.300000
v 1.320000 0.000000 -0.300000
v 1.320000 0.038000 -0.300000
v 1.386250 0.012088 -0.300000
v 1.386250 0.000000 -0.300000
v 1.320000 -0.304000 0.300000
v 1.386250 -0.304000 0.300000
v 1.386250 0.000000 0.300000
v 1.320000 0.000000 0.300000
v 1.386250 0.000000 0.300000
v 1.386250 0.012088 0.300000
v 1.320000 0.038000 0.300000
v 1.320000 0.000000 0.300000
v 1.320000 -0.304000 -0.300000
v 1.386250 -0.304000 -0.300000
v 1.386250 -0.304000 0.300000
v 1.320000 -0.304000 0.300000
v 1.386250 0.012088 -0.300000
v 1.386250 0.019088 0.000000
v 1.452500 -0.010387 0.000000
v 1.452500 -0.010387 0.000000
v 1.452500 -0.016387 -0.300000
v 1.386250 0.012088 -0.300000
v 1.386250 0.019088 0.000000
v 1.386250 0.012088 0.300000
v 1.452500 -0.016387 0.300000
v 1.452500 -0.016387 0.300000
v 1.452500 -0.010387 0.000000
v 1.386250 0.019088 0.000000
v 1.386250 -0.304000 -0.300000
v 1.386250 0.000000 -0.300000
v 1.414374 0.000000 -0.300000
v 1.386250 -0.304000 -0.300000
v 1.414374 0.000000 -0.300000
v 1.452500 -0.016387 -0.300000
v 1.452500 -0.016387 -0.300000
v 1.452500 -0.304000 -0.300000
v 1.386250 -0.304000 -0.300000
v 1.386250 0.000000 -0.300000
v 1.386250 0.012088 -0.300000
v 1.414374 0.000000 -0.300000
v 1.386250 0.000000 0.300000
v 1.386250 -0.304000 0.300000
v 1.452500 -0.304000 0.300000
v 1.386250 0.000000 0.300000
v 1.452500 -0.304000 0.300000
v 1.452500 -0.016387 0.300000
v 1.452500 -0.016387 0.300000
v 1.414374 0.000000 0.300000
v 1.386250 0.000000 0.300000
v 1.414374 0.000000 0.300000
v 1.386250 0.012088 0.300000
v 1.386250 0.000000 0.300000
v 1.386250 -0.304000 -0.300000
v 1.452500 -0.304000 -0.300000
v 1.452500 -0.304000 0.300000
v 1.386250 -0.304000 0.300000
v 1.452500 -0.016387 -0.300000
v 1.452500 -0.010387 0.000000
v 1.518750 -0.044599 0.000000
v 1.518750 -0.044599 0.000000
v 1.518750 -0.049599 -0.300000
v 1.452500 -0.016387 -0.300000
v 1.452500 -0.010387 0.000000
v 1.452500 -0.016387 0.300000
v 1.518750 -0.049599 0.300000
v 1.518750 -0.049599 0.300000
v 1.518750 -0.044599 0.000000
v 1.452500 -0.010387 0.000000
v 1.452500 -0.016387 -0.300000
v 1.518750 -0.049599 -0.300000
v 1.518750 -0.304000 -0.300000
v 1.452500 -0.304000 -0.300000
v 1.452500 -0.304000 0.300000
v 1.518750 -0.304000 0.300000
v 1.518750 -0.049599 0.300000
v 1.452500 -0.016387 0.300000
v 1.452500 -0.304000 -0.300000
v 1.518750 -0.304000 -0.300000
v 1.518750 -0.304000 0.300000
v 1.452500 -0.304000 0.300000
v 1.518750 -0.049599 -0.300000
v 1.518750 -0.044599 0.000000
v 1.585000 -0.085000 0.000000
v 1.585000 -0.085000 0.000000
v 1.585000 -0.089000 -0.300000
v 1.518750 -0.049599 -0.300000
v 1.518750 -0.044599 0.000000
v 1.518750 -0.049599 0.300000
v 1.585000 -0.089000 0.300000
v 1.585000 -0.089000 0.300000
v 1.585000 -0.085000 0.000000
v 1.518750 -0.044599 0.000000
v 1.518750 -0.049599 -0.300000
v 1.585000 -0.089000 -0.300000
v 1.585000 -0.304000 -0.300000
v 1.518750 -0.304000 -0.300000
v 1.518750 -0.304000 0.300000
v 1.585000 -0.304000 0.300000
v 1.585000 -0.089000 0.300000
v 1.518750 -0.049599 0.300000
v 1.518750 -0.304000 -0.300000
v 1.585000 -0.304000 -0.300000
v 1.585000 -0.304000 0.300000
v 1.518750 -0.304000 0.300000
v 1.585000 -0.089000 -0.300000
v 1.585000 -0.085000 0.000000
v 1.651250 -0.132099 0.000000
v 1.651250 -0.132099 0.000000
v 1.651250 -0.135099 -0.300000
v 1.585000 -0.089000 -0.300000
v 1.585000 -0.085000 0.000000
v 1.585000 -0.089000 0.300000
v 1.651250 -0.135099 0.300000
v 1.651250 -0.135099 0.300000
v 1.651250 -0.132099 0.000000
v 1.585000 -0.085000 0.000000
v 1.585000 -0.089000 -0.300000
v 1.651250 -0.135099 -0.300000
v 1.651250 -0.304000 -0.300000
v 1.585000 -0.304000 -0.300000
v 1.585000 -0.304000 0.300000
v 1.651250 -0.304000 0.300000
v 1.651250 -0.135099 0.300000
v 1.585000 -0.089000 0.300000
v 1.585000 -0.304000 -0.300000
v 1.651250 -0.304000 -0.300000
v 1.651250 -0.304000 0.300000
v 1.585000 -0.304000 0.300000
v 1.651250 -0.135099 -0.300000
v 1.651250 -0.132099 0.000000
v 1.717500 -0.185387 0.000000
v 1.717500 -0.185387 0.000000
v 1.717500 -0.187387 -0.300000
v 1.651250 -0.135099 -0.300000
v 1.651250 -0.132099 0.000000
v 1.651250 -0.135099 0.300000
v 1.717500 -0.187387 0.300000
v 1.717500 -0.187387 0.300000
v 1.717500 -0.185387 0.000000
v 1.651250 -0.132099 0.000000
v 1.651250 -0.135099 -0.300000
v 1.717500 -0.187387 -0.300000
v 1.717500 -0.304000 -0.300000
v 1.651250 -0.304000 -0.300000
v 1.651250 -0.304000 0.300000
v 1.717500 -0.304000 0.300000
v 1.717500 -0.187387 0.300000
v 1.651250 -0.135099 0.300000
v 1.651250 -0.304000 -0.300000
v 1.717500 -0.304000 -0.300000
v 1.717500 -0.304000 0.300000
v 1.651250 -0.304000 0.300000
v 1.717500 -0.187387 -0.300000
v 1.717500 -0.185387 0.000000
v 1.783750 -0.243412 0.000000
v 1.783750 -0.243412 0.000000
v 1.783750 -0.244412 -0.300000
v 1.717500 -0.187387 -0.300000
v 1.717500 -0.185387 0.000000
v 1.717500 -0.187387 0.300000
v 1.783750 -0.244412 0.300000
v 1.783750 -0.244412 0.300000
v 1.783750 -0.243412 0.000000
v 1.717500 -0.185387 0.000000
v 1.717500 -0.187387 -0.300000
v 1.783750 -0.244412 -0.300000
v 1.783750 -0.304000 -0.300000
v 1.717500 -0.304000 -0.300000
v 1.717500 -0.304000 0.300000
v 1.783750 -0.304000 0.300000
v 1.783750 -0.244412 0.300000
v 1.717500 -0.187387 0.300000
v 1.717500 -0.304000 -0.300000
v 1.783750 -0.304000 -0.300000
v 1.783750 -0.304000 0.300000
v 1.717500 -0.304000 0.300000
v 1.783750 -0.244412 -0.300000
v 1.783750 -0.243412 0.000000
v 1.800000 -0.258131 0.000000
v 1.800000 -0.258131 0.000000
v 1.800000 -0.258885 -0.300000
v 1.783750 -0.244412 -0.300000
v 1.783750 -0.243412 0.000000
v 1.783750 -0.244412 0.300000
v 1.800000 -0.258885 0.300000
v 1.800000 -0.258885 0.300000
v 1.800000 -0.258131 0.000000
v 1.783750 -0.243412 0.000000
v 1.783750 -0.244412 -0.300000
v 1.800000 -0.258885 -0.300000
v 1.800000 -0.304000 -0.300000
v 1.783750 -0.304000 -0.300000
v 1.783750 -0.304000 0.300000
v 1.800000 -0.304000 0.300000
v 1.800000 -0.258885 0.300000
v 1.783750 -0.244412 0.300000
v 1.783750 -0.304000 -0.300000
v 1.800000 -0.304000 -0.300000
v 1.800000 -0.304000 0.300000
v 1.783750 -0.304000 0.300000
v 1.800000 -0.258885 -0.300000
v 1.800000 -0.258131 0.000000
v 1.850000 -0.304000 0.000000
v 1.850000 -0.304000 0.000000
v 1.850000 -0.304000 -0.300000
v 1.800000 -0.258885 -0.300000
v 1.800000 -0.258131 0.000000
v 1.800000 -0.258885 0.300000
v 1.850000 -0.304000 0.300000
v 1.850000 -0.304000 0.300000
v 1.850000 -0.304000 0.000000
v 1.800000 -0.258131 0.000000
v 1.800000 -0.258885 -0.300000
v 1.850000 -0.304000 -0.300000
v 1.800000 -0.304000 -0.300000
v 1.800000 -0.304000 0.300000
v 1.850000 -0.304000 0.300000
v 1.800000 -0.258885 0.300000
v 1.800000 -0.304000 -0.300000
v 1.850000 -0.304000 -0.300000
v 1.850000 -0.304000 0.300000
v 1.800000 -0.304000 0.300000
v -1.250000 -0.034578 -0.105000
v -1.200000 -0.034578 -0.120000
v -1.200000 -0.034578 0.120000
v -1.250000 -0.034578 0.105000
v -1.250000 -0.034578 0.105000
v -1.200000 -0.034578 0.120000
v -1.200000 0.077422 0.111000
v -1.250000 0.077422 0.096000
v -1.250000 0.077422 0.096000
v -1.200000 0.077422 0.111000
v -1.200000 0.085422 0.101000
v -1.250000 0.085422 0.086000
v -1.250000 0.085422 0.086000
v -1.200000 0.085422 0.101000
v -1.200000 0.085422 -0.101000
v -1.250000 0.085422 -0.086000
v -1.250000 0.085422 -0.086000
v -1.200000 0.085422 -0.101000
v -1.200000 0.077422 -0.111000
v -1.250000 0.077422 -0.096000
v -1.250000 0.077422 -0.096000
v -1.200000 0.077422 -0.111000
v -1.200000 -0.034578 -0.120000
v -1.250000 -0.034578 -0.105000
v -1.200000 -0.034578 -0.120000
v -0.930000 -0.034578 -0.120000
v -0.930000 -0.034578 0.120000
v -1.200000 -0.034578 0.120000
v -1.200000 -0.034578 0.120000
v -0.930000 -0.034578 0.120000
v -0.930000 0.077422 0.111000
v -1.200000 0.077422 0.111000
v -1.200000 0.077422 0.111000
v -0.930000 0.077422 0.111000
v -0.930000 0.085422 0.101000
v -1.200000 0.085422 0.101000
v -1.200000 0.085422 0.101000
v -0.930000 0.085422 0.101000
v -0.930000 0.085422 -0.101000
v -1.200000 0.085422 -0.101000
v -1.200000 0.085422 -0.101000
v -0.930000 0.085422 -0.101000
v -0.930000 0.077422 -0.111000
v -1.200000 0.077422 -0.111000
v -1.200000 0.077422 -0.111000
v -0.930000 0.077422 -0.111000
v -0.930000 -0.034578 -0.120000
v -1.200000 -0.034578 -0.120000
v -0.930000 -0.034578 -0.120000
v -0.600000 -0.034578 -0.120000
v -0.600000 -0.034578 0.120000
v -0.930000 -0.034578 0.120000
v -0.930000 -0.034578 0.120000
v -0.600000 -0.034578 0.120000
v -0.600000 0.077422 0.111000
v -0.930000 0.077422 0.111000
v -0.930000 0.077422 0.111000
v -0.600000 0.077422 0.111000
v -0.600000 0.085422 0.101000
v -0.930000 0.085422 0.101000
v -0.930000 0.085422 0.101000
v -0.600000 0.085422 0.101000
v -0.600000 0.085422 -0.101000
v -0.930000 0.085422 -0.101000
v -0.930000 0.085422 -0.101000
v -0.600000 0.085422 -0.101000
v -0.600000 0.077422 -0.111000
v -0.930000 0.077422 -0.111000
v -0.930000 0.077422 -0.111000
v -0.600000 0.077422 -0.111000
v -0.600000 -0.034578 -0.120000
v -0.930000 -0.034578 -0.120000
v -0.600000 -0.034578 -0.120000
v -0.530000 -0.034578 -0.120000
v -0.530000 -0.034578 0.120000
v -0.600000 -0.034578 0.120000
v -0.600000 -0.034578 0.120000
v -0.530000 -0.034578 0.120000
v -0.530000 0.077422 0.111000
v -0.600000 0.077422 0.111000
v -0.600000 0.077422 0.111000
v -0.530000 0.077422 0.111000
v -0.530000 0.085422 0.101000
v -0.600000 0.085422 0.101000
v -0.600000 0.085422 0.101000
v -0.530000 0.085422 0.101000
v -0.530000 0.085422 -0.101000
v -0.600000 0.085422 -0.101000
v -0.600000 0.085422 -0.101000
v -0.530000 0.085422 -0.101000
v -0.530000 0.077422 -0.111000
v -0.600000 0.077422 -0.111000
v -0.600000 0.077422 -0.111000
v -0.530000 0.077422 -0.111000
v -0.530000 -0.034578 -0.120000
v -0.600000 -0.034578 -0.120000
v -0.530000 -0.034578 -0.120000
v 0.000000 -0.034578 -0.120000
v 0.000000 -0.034578 0.120000
v -0.530000 -0.034578 0.120000
v -0.530000 -0.034578 0.120000
v 0.000000 -0.034578 0.120000
v 0.000000 0.077422 0.111000
v -0.530000 0.077422 0.111000
v -0.530000 0.077422 0.111000
v 0.000000 0.077422 0.111000
v 0.000000 0.085422 0.101000
v -0.530000 0.085422 0.101000
v -0.530000 0.085422 0.101000
v 0.000000 0.085422 0.101000
v 0.000000 0.085422 -0.101000
v -0.530000 0.085422 -0.101000
v -0.530000 0.085422 -0.101000
v 0.000000 0.085422 -0.101000
v 0.000000 0.077422 -0.111000
v -0.530000 0.077422 -0.111000
v -0.530000 0.077422 -0.111000
v 0.000000 0.077422 -0.111000
v 0.000000 -0.034578 -0.120000
v -0.530000 -0.034578 -0.120000
v 0.000000 -0.034578 -0.120000
v 0.530000 -0.034578 -0.120000
v 0.530000 -0.034578 0.120000
v 0.000000 -0.034578 0.120000
v 0.000000 -0.034578 0.120000
v 0.530000 -0.034578 0.120000
v 0.530000 0.077422 0.111000
v 0.000000 0.077422 0.111000
v 0.000000 0.077422 0.111000
v 0.530000 0.077422 0.111000
v 0.530000 0.085422 0.101000
v 0.000000 0.085422 0.101000
v 0.000000 0.085422 0.101000
v 0.530000 0.085422 0.101000
v 0.530000 0.085422 -0.101000
v 0.000000 0.085422 -0.101000
v 0.000000 0.085422 -0.101000
v 0.530000 0.085422 -0.101000
v 0.530000 0.077422 -0.111000
v 0.000000 0.077422 -0.111000
v 0.000000 0.077422 -0.111000
v 0.530000 0.077422 -0.111000
v 0.530000 -0.034578 -0.120000
v 0.000000 -0.034578 -0.120000
v 0.530000 -0.034578 -0.120000
v 0.600000 -0.034578 -0.120000
v 0.600000 -0.034578 0.120000
v 0.530000 -0.034578 0.120000
v 0.530000 -0.034578 0.120000
v 0.600000 -0.034578 0.120000
v 0.600000 0.077422 0.111000
v 0.530000 0.077422 0.111000
v 0.530000 0.077422 0.111000
v 0.600000 0.077422 0.111000
v 0.600000 0.085422 0.101000
v 0.530000 0.085422 0.101000
v 0.530000 0.085422 0.101000
v 0.600000 0.085422 0.101000
v 0.600000 0.085422 -0.101000
v 0.530000 0.085422 -0.101000
v 0.530000 0.085422 -0.101000
v 0.600000 0.085422 -0.101000
v 0.600000 0.077422 -0.111000
v 0.530000 0.077422 -0.111000
v 0.530000 0.077422 -0.111000
v 0.600000 0.077422 -0.111000
v 0.600000 -0.034578 -0.120000
v 0.530000 -0.034578 -0.120000
v 0.600000 -0.034578 -0.120000
v 0.930000 -0.034578 -0.120000
v 0.930000 -0.034578 0.120000
v 0.600000 -0.034578 0.120000
v 0.600000 -0.034578 0.120000
v 0.930000 -0.034578 0.120000
v 0.930000 0.077422 0.111000
v 0.600000 0.077422 0.111000
v 0.600000 0.077422 0.111000
v 0.930000 0.077422 0.111000
v 0.930000 0.085422 0.101000
v 0.600000 0.085422 0.101000
v 0.600000 0.085422 0.101000
v 0.930000 0.085422 0.101000
v 0.930000 0.085422 -0.101000
v 0.600000 0.085422 -0.101000
v 0.600000 0.085422 -0.101000
v 0.930000 0.085422 -0.101000
v 0.930000 0.077422 -0.111000
v 0.600000 0.077422 -0.111000
v 0.600000 0.077422 -0.111000
v 0.930000 0.077422 -0.111000
v 0.930000 -0.034578 -0.120000
v 0.600000 -0.034578 -0.120000
v 0.930000 -0.034578 -0.120000
v 1.200000 -0.034578 -0.120000
v 1.200000 -0.034578 0.120000
v 0.930000 -0.034578 0.120000
v 0.930000 -0.034578 0.120000
v 1.200000 -0.034578 0.120000
v 1.200000 0.077422 0.111000
v 0.930000 0.077422 0.111000
v 0.930000 0.077422 0.111000
v 1.200000 0.077422 0.111000
v 1.200000 0.085422 0.101000
v 0.930000 0.085422 0.101000
v 0.930000 0.085422 0.101000
v 1.200000 0.085422 0.101000
v 1.200000 0.085422 -0.101000
v 0.930000 0.085422 -0.101000
v 0.930000 0.085422 -0.101000
v 1.200000 0.085422 -0.101000
v 1.200000 0.077422 -0.111000
v 0.930000 0.077422 -0.111000
v 0.930000 0.077422 -0.111000
v 1.200000 0.077422 -0.111000
v 1.200000 -0.034578 -0.120000
v 0.930000 -0.034578 -0.120000
v 1.200000 -0.034578 -0.120000
v 1.250000 -0.034578 -0.105000
v 1.250000 -0.034578 0.105000
v 1.200000 -0.034578 0.120000
v 1.200000 -0.034578 0.120000
v 1.250000 -0.034578 0.105000
v 1.250000 0.077422 0.096000
v 1.200000 0.077422 0.111000
v 1.200000 0.077422 0.111000
v 1.250000 0.077422 0.096000
v 1.250000 0.085422 0.086000
v 1.200000 0.085422 0.101000
v 1.200000 0.085422 0.101000
v 1.250000 0.085422 0.086000
v 1.250000 0.085422 -0.086000
v 1.200000 0.085422 -0.101000
v 1.200000 0.085422 -0.101000
v 1.250000 0.085422 -0.086000
v 1.250000 0.077422 -0.096000
v 1.200000 0.077422 -0.111000
v 1.200000 0.077422 -0.111000
v 1.250000 0.077422 -0.096000
v 1.250000 -0.034578 -0.105000
v 1.200000 -0.034578 -0.120000
v -1.250000 0.077422 -0.096000
v -1.250000 -0.034578 -0.105000
v -1.250000 -0.034578 0.105000
v -1.250000 0.077422 -0.096000
v -1.250000 -0.034578 0.105000
v -1.250000 0.077422 0.096000
v -1.250000 0.077422 -0.096000
v -1.250000 0.077422 0.096000
v -1.250000 0.085422 0.086000
v -1.250000 0.085422 0.086000
v -1.250000 0.085422 -0.086000
v -1.250000 0.077422 -0.096000
v 1.250000 -0.034578 -0.105000
v 1.250000 0.077422 -0.096000
v 1.250000 0.085422 -0.086000
v 1.250000 -0.034578 -0.105000
v 1.250000 0.085422 -0.086000
v 1.250000 0.085422 0.086000
v 1.250000 -0.034578 -0.105000
v 1.250000 0.085422 0.086000
v 1.250000 0.077422 0.096000
v 1.250000 0.077422 0.096000
v 1.250000 -0.034578 0.105000
v 1.250000 -0.034578 -0.105000
v -0.827500 0.085422 -0.101000
v -0.821500 0.085422 -0.107000
v -0.681500 0.085422 -0.107000
v -0.827500 0.085422 -0.101000
v -0.681500 0.085422 -0.107000
v -0.675500 0.085422 -0.101000
v -0.827500 0.085422 -0.101000
v -0.675500 0.085422 -0.101000
v -0.675500 0.085422 0.101000
v -0.827500 0.085422 -0.101000
v -0.675500 0.085422 0.101000
v -0.681500 0.085422 0.107000
v -0.827500 0.085422 -0.101000
v -0.681500 0.085422 0.107000
v -0.821500 0.085422 0.107000
v -0.821500 0.085422 0.107000
v -0.827500 0.085422 0.101000
v -0.827500 0.085422 -0.101000
v -0.821500 0.095422 -0.107000
v -0.827500 0.095422 -0.101000
v -0.827500 0.095422 0.101000
v -0.821500 0.095422 -0.107000
v -0.827500 0.095422 0.101000
v -0.821500 0.095422 0.107000
v -0.821500 0.095422 -0.107000
v -0.821500 0.095422 0.107000
v -0.681500 0.095422 0.107000
v -0.821500 0.095422 -0.107000
v -0.681500 0.095422 0.107000
v -0.675500 0.095422 0.101000
v -0.821500 0.095422 -0.107000
v -0.675500 0.095422 0.101000
v -0.675500 0.095422 -0.101000
v -0.675500 0.095422 -0.101000
v -0.681500 0.095422 -0.107000
v -0.821500 0.095422 -0.107000
v -0.821500 0.095422 -0.107000
v -0.681500 0.095422 -0.107000
v -0.681500 0.085422 -0.107000
v -0.821500 0.085422 -0.107000
v -0.681500 0.095422 -0.107000
v -0.675500 0.095422 -0.101000
v -0.675500 0.085422 -0.101000
v -0.681500 0.085422 -0.107000
v -0.675500 0.095422 -0.101000
v -0.675500 0.095422 0.101000
v -0.675500 0.085422 0.101000
v -0.675500 0.085422 -0.101000
v -0.675500 0.095422 0.101000
v -0.681500 0.095422 0.107000
v -0.681500 0.085422 0.107000
v -0.675500 0.085422 0.101000
v -0.681500 0.095422 0.107000
v -0.821500 0.095422 0.107000
v -0.821500 0.085422 0.107000
v -0.681500 0.085422 0.107000
v -0.821500 0.095422 0.107000
v -0.827500 0.095422 0.101000
v -0.827500 0.085422 0.101000
v -0.821500 0.085422 0.107000
v -0.827500 0.095422 0.101000
v -0.827500 0.095422 -0.101000
v -0.827500 0.085422 -0.101000
v -0.827500 0.085422 0.101000
v -0.827500 0.095422 -0.101000
v -0.821500 0.095422 -0.107000
v -0.821500 0.085422 -0.107000
v -0.827500 0.085422 -0.101000
v -0.826500 0.095422 -0.100000
v -0.820500 0.095422 -0.106000
v -0.682500 0.095422 -0.106000
v -0.826500 0.095422 -0.100000
v -0.682500 0.095422 -0.106000
v -0.676500 0.095422 -0.100000
v -0.826500 0.095422 -0.100000
v -0.676500 0.095422 -0.100000
v -0.676500 0.095422 0.100000
v -0.826500 0.095422 -0.100000
v -0.676500 0.095422 0.100000
v -0.682500 0.095422 0.106000
v -0.826500 0.095422 -0.100000
v -0.682500 0.095422 0.106000
v -0.820500 0.095422 0.106000
v -0.820500 0.095422 0.106000
v -0.826500 0.095422 0.100000
v -0.826500 0.095422 -0.100000
v -0.820500 0.099422 -0.106000
v -0.826500 0.099422 -0.100000
v -0.826500 0.099422 0.100000
v -0.820500 0.099422 -0.106000
v -0.826500 0.099422 0.100000
v -0.820500 0.099422 0.106000
v -0.820500 0.099422 -0.106000
v -0.820500 0.099422 0.106000
v -0.682500 0.099422 0.106000
v -0.820500 0.099422 -0.106000
v -0.682500 0.099422 0.106000
v -0.676500 0.099422 0.100000
v -0.820500 0.099422 -0.106000
v -0.676500 0.099422 0.100000
v -0.676500 0.099422 -0.100000
v -0.676500 0.099422 -0.100000
v -0.682500 0.099422 -0.106000
v -0.820500 0.099422 -0.106000
v -0.820500 0.099422 -0.106000
v -0.682500 0.099422 -0.106000
v -0.682500 0.095422 -0.106000
v -0.820500 0.095422 -0.106000
v -0.682500 0.099422 -0.106000
v -0.676500 0.099422 -0.100000
v -0.676500 0.095422 -0.100000
v -0.682500 0.095422 -0.106000
v -0.676500 0.099422 -0.100000
v -0.676500 0.099422 0.100000
v -0.676500 0.095422 0.100000
v -0.676500 0.095422 -0.100000
v -0.676500 0.099422 0.100000
v -0.682500 0.099422 0.106000
v -0.682500 0.095422 0.106000
v -0.676500 0.095422 0.100000
v -0.682500 0.099422 0.106000
v -0.820500 0.099422 0.106000
v -0.820500 0.095422 0.106000
v -0.682500 0.095422 0.106000
v -0.820500 0.099422 0.106000
v -0.826500 0.099422 0.100000
v -0.826500 0.095422 0.100000
v -0.820500 0.095422 0.106000
v -0.826500 0.099422 0.100000
v -0.826500 0.099422 -0.100000
v -0.826500 0.095422 -0.100000
v -0.826500 0.095422 0.100000
v -0.826500 0.099422 -0.100000
v -0.820500 0.099422 -0.106000
v -0.820500 0.095422 -0.106000
v -0.826500 0.095422 -0.100000
v -0.946500 0.085422 -0.100000
v -0.943500 0.085422 -0.103000
v -0.823500 0.085422 -0.103000
v -0.946500 0.085422 -0.100000
v -0.823500 0.085422 -0.103000
v -0.820500 0.085422 -0.100000
v -0.946500 0.085422 -0.100000
v -0.820500 0.085422 -0.100000
v -0.820500 0.085422 0.100000
v -0.946500 0.085422 -0.100000
v -0.820500 0.085422 0.100000
v -0.823500 0.085422 0.103000
v -0.946500 0.085422 -0.100000
v -0.823500 0.085422 0.103000
v -0.943500 0.085422 0.103000
v -0.943500 0.085422 0.103000
v -0.946500 0.085422 0.100000
v -0.946500 0.085422 -0.100000
v -0.943500 0.095422 -0.103000
v -0.946500 0.095422 -0.100000
v -0.946500 0.095422 0.100000
v -0.943500 0.095422 -0.103000
v -0.946500 0.095422 0.100000
v -0.943500 0.095422 0.103000
v -0.943500 0.095422 -0.103000
v -0.943500 0.095422 0.103000
v -0.823500 0.095422 0.103000
v -0.943500 0.095422 -0.103000
v -0.823500 0.095422 0.103000
v -0.820500 0.095422 0.100000
v -0.943500 0.095422 -0.103000
v -0.820500 0.095422 0.100000
v -0.820500 0.095422 -0.100000
v -0.820500 0.095422 -0.100000
v -0.823500 0.095422 -0.103000
v -0.943500 0.095422 -0.103000
v -0.943500 0.095422 -0.103000
v -0.823500 0.095422 -0.103000
v -0.823500 0.085422 -0.103000
v -0.943500 0.085422 -0.103000
v -0.823500 0.095422 -0.103000
v -0.820500 0.095422 -0.100000
v -0.820500 0.085422 -0.100000
v -0.823500 0.085422 -0.103000
v -0.820500 0.095422 -0.100000
v -0.820500 0.095422 0.100000
v -0.820500 0.085422 0.100000
v -0.820500 0.085422 -0.100000
v -0.820500 0.095422 0.100000
v -0.823500 0.095422 0.103000
v -0.823500 0.085422 0.103000
v -0.820500 0.085422 0.100000
v -0.823500 0.095422 0.103000
v -0.943500 0.095422 0.103000
v -0.943500 0.085422 0.103000
v -0.823500 0.085422 0.103000
v -0.943500 0.095422 0.103000
v -0.946500 0.095422 0.100000
v -0.946500 0.085422 0.100000
v -0.943500 0.085422 0.103000
v -0.946500 0.095422 0.100000
v -0.946500 0.095422 -0.100000
v -0.946500 0.085422 -0.100000
v -0.946500 0.085422 0.100000
v -0.946500 0.095422 -0.100000
v -0.943500 0.095422 -0.103000
v -0.943500 0.085422 -0.103000
v -0.946500 0.085422 -0.100000
v -0.950500 0.095422 -0.105000
v -0.948500 0.095422 -0.107000
v -0.936500 0.095422 -0.107000
v -0.950500 0.095422 -0.105000
v -0.936500 0.095422 -0.107000
v -0.934500 0.095422 -0.105000
v -0.950500 0.095422 -0.105000
v -0.934500 0.095422 -0.105000
v -0.934500 0.095422 0.105000
v -0.950500 0.095422 -0.105000
v -0.934500 0.095422 0.105000
v -0.936500 0.095422 0.107000
v -0.950500 0.095422 -0.105000
v -0.936500 0.095422 0.107000
v -0.948500 0.095422 0.107000
v -0.948500 0.095422 0.107000
v -0.950500 0.095422 0.105000
v -0.950500 0.095422 -0.105000
v -0.948500 0.126422 -0.107000
v -0.950500 0.126422 -0.105000
v -0.950500 0.126422 0.105000
v -0.948500 0.126422 -0.107000
v -0.950500 0.126422 0.105000
v -0.948500 0.126422 0.107000
v -0.948500 0.126422 -0.107000
v -0.948500 0.126422 0.107000
v -0.936500 0.126422 0.107000
v -0.948500 0.126422 -0.107000
v -0.936500 0.126422 0.107000
v -0.934500 0.126422 0.105000
v -0.948500 0.126422 -0.107000
v -0.934500 0.126422 0.105000
v -0.934500 0.126422 -0.105000
v -0.934500 0.126422 -0.105000
v -0.936500 0.126422 -0.107000
v -0.948500 0.126422 -0.107000
v -0.948500 0.126422 -0.107000
v -0.936500 0.126422 -0.107000
v -0.936500 0.095422 -0.107000
v -0.948500 0.095422 -0.107000
v -0.936500 0.126422 -0.107000
v -0.934500 0.126422 -0.105000
v -0.934500 0.095422 -0.105000
v -0.936500 0.095422 -0.107000
v -0.934500 0.126422 -0.105000
v -0.934500 0.126422 0.105000
v -0.934500 0.095422 0.105000
v -0.934500 0.095422 -0.105000
v -0.934500 0.126422 0.105000
v -0.936500 0.126422 0.107000
v -0.936500 0.095422 0.107000
v -0.934500 0.095422 0.105000
v -0.936500 0.126422 0.107000
v -0.948500 0.126422 0.107000
v -0.948500 0.095422 0.107000
v -0.936500 0.095422 0.107000
v -0.948500 0.126422 0.107000
v -0.950500 0.126422 0.105000
v -0.950500 0.095422 0.105000
v -0.948500 0.095422 0.107000
v -0.950500 0.126422 0.105000
v -0.950500 0.126422 -0.105000
v -0.950500 0.095422 -0.105000
v -0.950500 0.095422 0.105000
v -0.950500 0.126422 -0.105000
v -0.948500 0.126422 -0.107000
v -0.948500 0.095422 -0.107000
v -0.950500 0.095422 -0.105000
v -0.793500 0.119400 -0.105000
v -0.793500 0.129000 -0.105000
v -0.819500 0.123500 -0.105000
v -0.793500 0.119400 -0.105000
v -0.819500 0.123500 -0.105000
v -0.827500 0.123500 -0.105000
v -0.793500 0.119400 -0.105000
v -0.827500 0.123500 -0.105000
v -0.901500 0.109500 -0.105000
v -0.901500 0.109500 -0.105000
v -0.939500 0.109500 -0.105000
v -0.939500 0.095422 -0.105000
v -0.793500 0.119400 -0.105000
v -0.901500 0.109500 -0.105000
v -0.939500 0.095422 -0.105000
v -0.939500 0.095422 -0.105000
v -0.833500 0.095422 -0.105000
v -0.821500 0.108000 -0.105000
v -0.939500 0.095422 -0.105000
v -0.821500 0.108000 -0.105000
v -0.793500 0.119400 -0.105000
v -0.793500 0.129000 0.105000
v -0.793500 0.119400 0.105000
v -0.821500 0.108000 0.105000
v -0.821500 0.108000 0.105000
v -0.833500 0.095422 0.105000
v -0.939500 0.095422 0.105000
v -0.793500 0.129000 0.105000
v -0.821500 0.108000 0.105000
v -0.939500 0.095422 0.105000
v -0.939500 0.095422 0.105000
v -0.939500 0.109500 0.105000
v -0.901500 0.109500 0.105000
v -0.939500 0.095422 0.105000
v -0.901500 0.109500 0.105000
v -0.827500 0.123500 0.105000
v -0.939500 0.095422 0.105000
v -0.827500 0.123500 0.105000
v -0.819500 0.123500 0.105000
v -0.939500 0.095422 0.105000
v -0.819500 0.123500 0.105000
v -0.793500 0.129000 0.105000
v -0.793500 0.119400 0.105000
v -0.821500 0.108000 0.105000
v -0.821500 0.108000 -0.105000
v -0.793500 0.119400 -0.105000
v -0.821500 0.108000 0.105000
v -0.833500 0.095422 0.105000
v -0.833500 0.095422 -0.105000
v -0.821500 0.108000 -0.105000
v -0.833500 0.095422 0.105000
v -0.939500 0.095422 0.105000
v -0.939500 0.095422 -0.105000
v -0.833500 0.095422 -0.105000
v -0.939500 0.095422 0.105000
v -0.939500 0.109500 0.105000
v -0.939500 0.109500 -0.105000
v -0.939500 0.095422 -0.105000
v -0.939500 0.109500 0.105000
v -0.901500 0.109500 0.105000
v -0.901500 0.109500 -0.105000
v -0.939500 0.109500 -0.105000
v -0.901500 0.109500 0.105000
v -0.827500 0.123500 0.105000
v -0.827500 0.123500 -0.105000
v -0.901500 0.109500 -0.105000
v -0.827500 0.123500 0.105000
v -0.819500 0.123500 0.105000
v -0.819500 0.123500 -0.105000
v -0.827500 0.123500 -0.105000
v -0.819500 0.123500 0.105000
v -0.793500 0.129000 0.105000
v -0.793500 0.129000 -0.105000
v -0.819500 0.123500 -0.105000
v -0.793500 0.129000 0.105000
v -0.793500 0.119400 0.105000
v -0.793500 0.119400 -0.105000
v -0.793500 0.129000 -0.105000
v -0.682500 0.085422 -0.100000
v -0.679500 0.085422 -0.103000
v -0.559500 0.085422 -0.103000
v -0.682500 0.085422 -0.100000
v -0.559500 0.085422 -0.103000
v -0.556500 0.085422 -0.100000
v -0.682500 0.085422 -0.100000
v -0.556500 0.085422 -0.100000
v -0.556500 0.085422 0.100000
v -0.682500 0.085422 -0.100000
v -0.556500 0.085422 0.100000
v -0.559500 0.085422 0.103000
v -0.682500 0.085422 -0.100000
v -0.559500 0.085422 0.103000
v -0.679500 0.085422 0.103000
v -0.679500 0.085422 0.103000
v -0.682500 0.085422 0.100000
v -0.682500 0.085422 -0.100000
v -0.679500 0.095422 -0.103000
v -0.682500 0.095422 -0.100000
v -0.682500 0.095422 0.100000
v -0.679500 0.095422 -0.103000
v -0.682500 0.095422 0.100000
v -0.679500 0.095422 0.103000
v -0.679500 0.095422 -0.103000
v -0.679500 0.095422 0.103000
v -0.559500 0.095422 0.103000
v -0.679500 0.095422 -0.103000
v -0.559500 0.095422 0.103000
v -0.556500 0.095422 0.100000
v -0.679500 0.095422 -0.103000
v -0.556500 0.095422 0.100000
v -0.556500 0.095422 -0.100000
v -0.556500 0.095422 -0.100000
v -0.559500 0.095422 -0.103000
v -0.679500 0.095422 -0.103000
v -0.679500 0.095422 -0.103000
v -0.559500 0.095422 -0.103000
v -0.559500 0.085422 -0.103000
v -0.679500 0.085422 -0.103000
v -0.559500 0.095422 -0.103000
v -0.556500 0.095422 -0.100000
v -0.556500 0.085422 -0.100000
v -0.559500 0.085422 -0.103000
v -0.556500 0.095422 -0.100000
v -0.556500 0.095422 0.100000
v -0.556500 0.085422 0.100000
v -0.556500 0.085422 -0.100000
v -0.556500 0.095422 0.100000
v -0.559500 0.095422 0.103000
v -0.559500 0.085422 0.103000
v -0.556500 0.085422 0.100000
v -0.559500 0.095422 0.103000
v -0.679500 0.095422 0.103000
v -0.679500 0.085422 0.103000
v -0.559500 0.085422 0.103000
v -0.679500 0.095422 0.103000
v -0.682500 0.095422 0.100000
v -0.682500 0.085422 0.100000
v -0.679500 0.085422 0.103000
v -0.682500 0.095422 0.100000
v -0.682500 0.095422 -0.100000
v -0.682500 0.085422 -0.100000
v -0.682500 0.085422 0.100000
v -0.682500 0.095422 -0.100000
v -0.679500 0.095422 -0.103000
v -0.679500 0.085422 -0.103000
v -0.682500 0.085422 -0.100000
v -0.568500 0.095422 -0.105000
v -0.566500 0.095422 -0.107000
v -0.554500 0.095422 -0.107000
v -0.568500 0.095422 -0.105000
v -0.554500 0.095422 -0.107000
v -0.552500 0.095422 -0.105000
v -0.568500 0.095422 -0.105000
v -0.552500 0.095422 -0.105000
v -0.552500 0.095422 0.105000
v -0.568500 0.095422 -0.105000
v -0.552500 0.095422 0.105000
v -0.554500 0.095422 0.107000
v -0.568500 0.095422 -0.105000
v -0.554500 0.095422 0.107000
v -0.566500 0.095422 0.107000
v -0.566500 0.095422 0.107000
v -0.568500 0.095422 0.105000
v -0.568500 0.095422 -0.105000
v -0.566500 0.126422 -0.107000
v -0.568500 0.126422 -0.105000
v -0.568500 0.126422 0.105000
v -0.566500 0.126422 -0.107000
v -0.568500 0.126422 0.105000
v -0.566500 0.126422 0.107000
v -0.566500 0.126422 -0.107000
v -0.566500 0.126422 0.107000
v -0.554500 0.126422 0.107000
v -0.566500 0.126422 -0.107000
v -0.554500 0.126422 0.107000
v -0.552500 0.126422 0.105000
v -0.566500 0.126422 -0.107000
v -0.552500 0.126422 0.105000
v -0.552500 0.126422 -0.105000
v -0.552500 0.126422 -0.105000
v -0.554500 0.126422 -0.107000
v -0.566500 0.126422 -0.107000
v -0.566500 0.126422 -0.107000
v -0.554500 0.126422 -0.107000
v -0.554500 0.095422 -0.107000
v -0.566500 0.095422 -0.107000
v -0.554500 0.126422 -0.107000
v -0.552500 0.126422 -0.105000
v -0.552500 0.095422 -0.105000
v -0.554500 0.095422 -0.107000
v -0.552500 0.126422 -0.105000
v -0.552500 0.126422 0.105000
v -0.552500 0.095422 0.105000
v -0.552500 0.095422 -0.105000
v -0.552500 0.126422 0.105000
v -0.554500 0.126422 0.107000
v -0.554500 0.095422 0.107000
v -0.552500 0.095422 0.105000
v -0.554500 0.126422 0.107000
v -0.566500 0.126422 0.107000
v -0.566500 0.095422 0.107000
v -0.554500 0.095422 0.107000
v -0.566500 0.126422 0.107000
v -0.568500 0.126422 0.105000
v -0.568500 0.095422 0.105000
v -0.566500 0.095422 0.107000
v -0.568500 0.126422 0.105000
v -0.568500 0.126422 -0.105000
v -0.568500 0.095422 -0.105000
v -0.568500 0.095422 0.105000
v -0.568500 0.126422 -0.105000
v -0.566500 0.126422 -0.107000
v -0.566500 0.095422 -0.107000
v -0.568500 0.095422 -0.105000
v -0.709500 0.129000 -0.105000
v -0.709500 0.119400 -0.105000
v -0.681500 0.108000 -0.105000
v -0.681500 0.108000 -0.105000
v -0.669500 0.095422 -0.105000
v -0.563500 0.095422 -0.105000
v -0.709500 0.129000 -0.105000
v -0.681500 0.108000 -0.105000
v -0.563500 0.095422 -0.105000
v -0.563500 0.095422 -0.105000
v -0.563500 0.109500 -0.105000
v -0.601500 0.109500 -0.105000
v -0.563500 0.095422 -0.105000
v -0.601500 0.109500 -0.105000
v -0.675500 0.123500 -0.105000
v -0.563500 0.095422 -0.105000
v -0.675500 0.123500 -0.105000
v -0.683500 0.123500 -0.105000
v -0.563500 0.095422 -0.105000
v -0.683500 0.123500 -0.105000
v -0.709500 0.129000 -0.105000
v -0.709500 0.119400 0.105000
v -0.709500 0.129000 0.105000
v -0.683500 0.123500 0.105000
v -0.709500 0.119400 0.105000
v -0.683500 0.123500 0.105000
v -0.675500 0.123500 0.105000
v -0.709500 0.119400 0.105000
v -0.675500 0.123500 0.105000
v -0.601500 0.109500 0.105000
v -0.601500 0.109500 0.105000
v -0.563500 0.109500 0.105000
v -0.563500 0.095422 0.105000
v -0.709500 0.119400 0.105000
v -0.601500 0.109500 0.105000
v -0.563500 0.095422 0.105000
v -0.563500 0.095422 0.105000
v -0.669500 0.095422 0.105000
v -0.681500 0.108000 0.105000
v -0.563500 0.095422 0.105000
v -0.681500 0.108000 0.105000
v -0.709500 0.119400 0.105000
v -0.709500 0.119400 -0.105000
v -0.681500 0.108000 -0.105000
v -0.681500 0.108000 0.105000
v -0.709500 0.119400 0.105000
v -0.681500 0.108000 -0.105000
v -0.669500 0.095422 -0.105000
v -0.669500 0.095422 0.105000
v -0.681500 0.108000 0.105000
v -0.669500 0.095422 -0.105000
v -0.563500 0.095422 -0.105000
v -0.563500 0.095422 0.105000
v -0.669500 0.095422 0.105000
v -0.563500 0.095422 -0.105000
v -0.563500 0.109500 -0.105000
v -0.563500 0.109500 0.105000
v -0.563500 0.095422 0.105000
v -0.563500 0.109500 -0.105000
v -0.601500 0.109500 -0.105000
v -0.601500 0.109500 0.105000
v -0.563500 0.109500 0.105000
v -0.601500 0.109500 -0.105000
v -0.675500 0.123500 -0.105000
v -0.675500 0.123500 0.105000
v -0.601500 0.109500 0.105000
v -0.675500 0.123500 -0.105000
v -0.683500 0.123500 -0.105000
v -0.683500 0.123500 0.105000
v -0.675500 0.123500 0.105000
v -0.683500 0.123500 -0.105000
v -0.709500 0.129000 -0.105000
v -0.709500 0.129000 0.105000
v -0.683500 0.123500 0.105000
v -0.709500 0.129000 -0.105000
v -0.709500 0.119400 -0.105000
v -0.709500 0.119400 0.105000
v -0.709500 0.129000 0.105000
v -0.681500 0.099422 -0.300000
v -0.681500 0.108000 -0.300000
v -0.681500 0.108000 0.300000
v -0.681500 0.099422 0.300000
v -0.681500 0.108000 -0.300000
v -0.687500 0.113000 -0.300000
v -0.687500 0.113000 0.300000
v -0.681500 0.108000 0.300000
v -0.687500 0.113000 -0.300000
v -0.725500 0.124000 -0.300000
v -0.725500 0.124000 0.300000
v -0.687500 0.113000 0.300000
v -0.725500 0.124000 -0.300000
v -0.739500 0.134000 -0.300000
v -0.739500 0.134000 0.300000
v -0.725500 0.124000 0.300000
v -0.739500 0.134000 -0.300000
v -0.742500 0.145000 -0.300000
v -0.742500 0.145000 0.300000
v -0.739500 0.134000 0.300000
v -0.742500 0.145000 -0.300000
v -0.742500 0.207000 -0.300000
v -0.742500 0.207000 0.300000
v -0.742500 0.145000 0.300000
v -0.742500 0.207000 -0.300000
v -0.738500 0.219000 -0.300000
v -0.738500 0.219000 0.300000
v -0.742500 0.207000 0.300000
v -0.738500 0.219000 -0.300000
v -0.724500 0.225000 -0.300000
v -0.724500 0.225000 0.300000
v -0.738500 0.219000 0.300000
v -0.724500 0.225000 -0.300000
v -0.718500 0.231000 -0.300000
v -0.718500 0.231000 0.300000
v -0.724500 0.225000 0.300000
v -0.718500 0.231000 -0.300000
v -0.717500 0.239000 -0.300000
v -0.717500 0.239000 0.300000
v -0.718500 0.231000 0.300000
v -0.717500 0.239000 -0.300000
v -0.717500 0.254000 -0.300000
v -0.717500 0.254000 0.300000
v -0.717500 0.239000 0.300000
v -0.717500 0.254000 -0.300000
v -0.719500 0.260000 -0.300000
v -0.719500 0.260000 0.300000
v -0.717500 0.254000 0.300000
v -0.719500 0.260000 -0.300000
v -0.725500 0.264280 -0.300000
v -0.725500 0.264280 0.300000
v -0.719500 0.260000 0.300000
v -0.725500 0.264280 -0.300000
v -0.777500 0.264280 -0.300000
v -0.777500 0.264280 0.300000
v -0.725500 0.264280 0.300000
v -0.777500 0.264280 -0.300000
v -0.783500 0.260000 -0.300000
v -0.783500 0.260000 0.300000
v -0.777500 0.264280 0.300000
v -0.783500 0.260000 -0.300000
v -0.785500 0.254000 -0.300000
v -0.785500 0.254000 0.300000
v -0.783500 0.260000 0.300000
v -0.785500 0.254000 -0.300000
v -0.785500 0.239000 -0.300000
v -0.785500 0.239000 0.300000
v -0.785500 0.254000 0.300000
v -0.785500 0.239000 -0.300000
v -0.784500 0.231000 -0.300000
v -0.784500 0.231000 0.300000
v -0.785500 0.239000 0.300000
v -0.784500 0.231000 -0.300000
v -0.778500 0.225000 -0.300000
v -0.778500 0.225000 0.300000
v -0.784500 0.231000 0.300000
v -0.778500 0.225000 -0.300000
v -0.764500 0.219000 -0.300000
v -0.764500 0.219000 0.300000
v -0.778500 0.225000 0.300000
v -0.764500 0.219000 -0.300000
v -0.760500 0.207000 -0.300000
v -0.760500 0.207000 0.300000
v -0.764500 0.219000 0.300000
v -0.760500 0.207000 -0.300000
v -0.760500 0.145000 -0.300000
v -0.760500 0.145000 0.300000
v -0.760500 0.207000 0.300000
v -0.760500 0.145000 -0.300000
v -0.763500 0.134000 -0.300000
v -0.763500 0.134000 0.300000
v -0.760500 0.145000 0.300000
v -0.763500 0.134000 -0.300000
v -0.777500 0.124000 -0.300000
v -0.777500 0.124000 0.300000
v -0.763500 0.134000 0.300000
v -0.777500 0.124000 -0.300000
v -0.815500 0.113000 -0.300000
v -0.815500 0.113000 0.300000
v -0.777500 0.124000 0.300000
v -0.815500 0.113000 -0.300000
v -0.821500 0.108000 -0.300000
v -0.821500 0.108000 0.300000
v -0.815500 0.113000 0.300000
v -0.821500 0.108000 -0.300000
v -0.821500 0.099422 -0.300000
v -0.821500 0.099422 0.300000
v -0.821500 0.108000 0.300000
v -0.821500 0.099422 -0.300000
v -0.681500 0.099422 -0.300000
v -0.681500 0.099422 0.300000
v -0.821500 0.099422 0.300000
v -0.681500 0.099422 -0.300000
v -0.821500 0.099422 -0.300000
v -0.821500 0.108000 -0.300000
v -0.681500 0.099422 -0.300000
v -0.821500 0.108000 -0.300000
v -0.815500 0.113000 -0.300000
v -0.681500 0.099422 -0.300000
v -0.815500 0.113000 -0.300000
v -0.777500 0.124000 -0.300000
v -0.681500 0.099422 -0.300000
v -0.777500 0.124000 -0.300000
v -0.763500 0.134000 -0.300000
v -0.764500 0.219000 -0.300000
v -0.778500 0.225000 -0.300000
v -0.784500 0.231000 -0.300000
v -0.764500 0.219000 -0.300000
v -0.784500 0.231000 -0.300000
v -0.785500 0.239000 -0.300000
v -0.764500 0.219000 -0.300000
v -0.785500 0.239000 -0.300000
v -0.785500 0.254000 -0.300000
v -0.764500 0.219000 -0.300000
v -0.785500 0.254000 -0.300000
v -0.783500 0.260000 -0.300000
v -0.764500 0.219000 -0.300000
v -0.783500 0.260000 -0.300000
v -0.777500 0.264280 -0.300000
v -0.760500 0.207000 -0.300000
v -0.764500 0.219000 -0.300000
v -0.777500 0.264280 -0.300000
v -0.760500 0.207000 -0.300000
v -0.777500 0.264280 -0.300000
v -0.725500 0.264280 -0.300000
v -0.760500 0.207000 -0.300000
v -0.725500 0.264280 -0.300000
v -0.719500 0.260000 -0.300000
v -0.760500 0.207000 -0.300000
v -0.719500 0.260000 -0.300000
v -0.717500 0.254000 -0.300000
v -0.760500 0.207000 -0.300000
v -0.717500 0.254000 -0.300000
v -0.717500 0.239000 -0.300000
v -0.760500 0.207000 -0.300000
v -0.717500 0.239000 -0.300000
v -0.718500 0.231000 -0.300000
v -0.718500 0.231000 -0.300000
v -0.724500 0.225000 -0.300000
v -0.738500 0.219000 -0.300000
v -0.760500 0.207000 -0.300000
v -0.718500 0.231000 -0.300000
v -0.738500 0.219000 -0.300000
v -0.760500 0.207000 -0.300000
v -0.738500 0.219000 -0.300000
v -0.742500 0.207000 -0.300000
v -0.760500 0.145000 -0.300000
v -0.760500 0.207000 -0.300000
v -0.742500 0.207000 -0.300000
v -0.763500 0.134000 -0.300000
v -0.760500 0.145000 -0.300000
v -0.742500 0.207000 -0.300000
v -0.763500 0.134000 -0.300000
v -0.742500 0.207000 -0.300000
v -0.742500 0.145000 -0.300000
v -0.763500 0.134000 -0.300000
v -0.742500 0.145000 -0.300000
v -0.739500 0.134000 -0.300000
v -0.763500 0.134000 -0.300000
v -0.739500 0.134000 -0.300000
v -0.725500 0.124000 -0.300000
v -0.681500 0.099422 -0.300000
v -0.763500 0.134000 -0.300000
v -0.725500 0.124000 -0.300000
v -0.681500 0.099422 -0.300000
v -0.725500 0.124000 -0.300000
v -0.687500 0.113000 -0.300000
v -0.687500 0.113000 -0.300000
v -0.681500 0.108000 -0.300000
v -0.681500 0.099422 -0.300000
v -0.821500 0.099422 0.300000
v -0.681500 0.099422 0.300000
v -0.681500 0.108000 0.300000
v -0.821500 0.099422 0.300000
v -0.681500 0.108000 0.300000
v -0.687500 0.113000 0.300000
v -0.821500 0.099422 0.300000
v -0.687500 0.113000 0.300000
v -0.725500 0.124000 0.300000
v -0.821500 0.099422 0.300000
v -0.725500 0.124000 0.300000
v -0.739500 0.134000 0.300000
v -0.738500 0.219000 0.300000
v -0.724500 0.225000 0.300000
v -0.718500 0.231000 0.300000
v -0.738500 0.219000 0.300000
v -0.718500 0.231000 0.300000
v -0.717500 0.239000 0.300000
v -0.738500 0.219000 0.300000
v -0.717500 0.239000 0.300000
v -0.717500 0.254000 0.300000
v -0.738500 0.219000 0.300000
v -0.717500 0.254000 0.300000
v -0.719500 0.260000 0.300000
v -0.738500 0.219000 0.300000
v -0.719500 0.260000 0.300000
v -0.725500 0.264280 0.300000
v -0.742500 0.207000 0.300000
v -0.738500 0.219000 0.300000
v -0.725500 0.264280 0.300000
v -0.742500 0.207000 0.300000
v -0.725500 0.264280 0.300000
v -0.777500 0.264280 0.300000
v -0.742500 0.207000 0.300000
v -0.777500 0.264280 0.300000
v -0.783500 0.260000 0.300000
v -0.742500 0.207000 0.300000
v -0.783500 0.260000 0.300000
v -0.785500 0.254000 0.300000
v -0.742500 0.207000 0.300000
v -0.785500 0.254000 0.300000
v -0.785500 0.239000 0.300000
v -0.742500 0.207000 0.300000
v -0.785500 0.239000 0.300000
v -0.784500 0.231000 0.300000
v -0.784500 0.231000 0.300000
v -0.778500 0.225000 0.300000
v -0.764500 0.219000 0.300000
v -0.742500 0.207000 0.300000
v -0.784500 0.231000 0.300000
v -0.764500 0.219000 0.300000
v -0.742500 0.207000 0.300000
v -0.764500 0.219000 0.300000
v -0.760500 0.207000 0.300000
v -0.742500 0.145000 0.300000
v -0.742500 0.207000 0.300000
v -0.760500 0.207000 0.300000
v -0.739500 0.134000 0.300000
v -0.742500 0.145000 0.300000
v -0.760500 0.207000 0.300000
v -0.739500 0.134000 0.300000
v -0.760500 0.207000 0.300000
v -0.760500 0.145000 0.300000
v -0.739500 0.134000 0.300000
v -0.760500 0.145000 0.300000
v -0.763500 0.134000 0.300000
v -0.739500 0.134000 0.300000
v -0.763500 0.134000 0.300000
v -0.777500 0.124000 0.300000
v -0.821500 0.099422 0.300000
v -0.739500 0.134000 0.300000
v -0.777500 0.124000 0.300000
v -0.821500 0.099422 0.300000
v -0.777500 0.124000 0.300000
v -0.815500 0.113000 0.300000
v -0.815500 0.113000 0.300000
v -0.821500 0.108000 0.300000
v -0.821500 0.099422 0.300000
v 0.675500 0.085422 -0.101000
v 0.681500 0.085422 -0.107000
v 0.821500 0.085422 -0.107000
v 0.675500 0.085422 -0.101000
v 0.821500 0.085422 -0.107000
v 0.827500 0.085422 -0.101000
v 0.675500 0.085422 -0.101000
v 0.827500 0.085422 -0.101000
v 0.827500 0.085422 0.101000
v 0.675500 0.085422 -0.101000
v 0.827500 0.085422 0.101000
v 0.821500 0.085422 0.107000
v 0.675500 0.085422 -0.101000
v 0.821500 0.085422 0.107000
v 0.681500 0.085422 0.107000
v 0.681500 0.085422 0.107000
v 0.675500 0.085422 0.101000
v 0.675500 0.085422 -0.101000
v 0.681500 0.095422 -0.107000
v 0.675500 0.095422 -0.101000
v 0.675500 0.095422 0.101000
v 0.681500 0.095422 -0.107000
v 0.675500 0.095422 0.101000
v 0.681500 0.095422 0.107000
v 0.681500 0.095422 -0.107000
v 0.681500 0.095422 0.107000
v 0.821500 0.095422 0.107000
v 0.681500 0.095422 -0.107000
v 0.821500 0.095422 0.107000
v 0.827500 0.095422 0.101000
v 0.681500 0.095422 -0.107000
v 0.827500 0.095422 0.101000
v 0.827500 0.095422 -0.101000
v 0.827500 0.095422 -0.101000
v 0.821500 0.095422 -0.107000
v 0.681500 0.095422 -0.107000
v 0.681500 0.095422 -0.107000
v 0.821500 0.095422 -0.107000
v 0.821500 0.085422 -0.107000
v 0.681500 0.085422 -0.107000
v 0.821500 0.095422 -0.107000
v 0.827500 0.095422 -0.101000
v 0.827500 0.085422 -0.101000
v 0.821500 0.085422 -0.107000
v 0.827500 0.095422 -0.101000
v 0.827500 0.095422 0.101000
v 0.827500 0.085422 0.101000
v 0.827500 0.085422 -0.101000
v 0.827500 0.095422 0.101000
v 0.821500 0.095422 0.107000
v 0.821500 0.085422 0.107000
v 0.827500 0.085422 0.101000
v 0.821500 0.095422 0.107000
v 0.681500 0.095422 0.107000
v 0.681500 0.085422 0.107000
v 0.821500 0.085422 0.107000
v 0.681500 0.095422 0.107000
v 0.675500 0.095422 0.101000
v 0.675500 0.085422 0.101000
v 0.681500 0.085422 0.107000
v 0.675500 0.095422 0.101000
v 0.675500 0.095422 -0.101000
v 0.675500 0.085422 -0.101000
v 0.675500 0.085422 0.101000
v 0.675500 0.095422 -0.101000
v 0.681500 0.095422 -0.107000
v 0.681500 0.085422 -0.107000
v 0.675500 0.085422 -0.101000
v 0.676500 0.095422 -0.100000
v 0.682500 0.095422 -0.106000
v 0.820500 0.095422 -0.106000
v 0.676500 0.095422 -0.100000
v 0.820500 0.095422 -0.106000
v 0.826500 0.095422 -0.100000
v 0.676500 0.095422 -0.100000
v 0.826500 0.095422 -0.100000
v 0.826500 0.095422 0.100000
v 0.676500 0.095422 -0.100000
v 0.826500 0.095422 0.100000
v 0.820500 0.095422 0.106000
v 0.676500 0.095422 -0.100000
v 0.820500 0.095422 0.106000
v 0.682500 0.095422 0.106000
v 0.682500 0.095422 0.106000
v 0.676500 0.095422 0.100000
v 0.676500 0.095422 -0.100000
v 0.682500 0.099422 -0.106000
v 0.676500 0.099422 -0.100000
v 0.676500 0.099422 0.100000
v 0.682500 0.099422 -0.106000
v 0.676500 0.099422 0.100000
v 0.682500 0.099422 0.106000
v 0.682500 0.099422 -0.106000
v 0.682500 0.099422 0.106000
v 0.820500 0.099422 0.106000
v 0.682500 0.099422 -0.106000
v 0.820500 0.099422 0.106000
v 0.826500 0.099422 0.100000
v 0.682500 0.099422 -0.106000
v 0.826500 0.099422 0.100000
v 0.826500 0.099422 -0.100000
v 0.826500 0.099422 -0.100000
v 0.820500 0.099422 -0.106000
v 0.682500 0.099422 -0.106000
v 0.682500 0.099422 -0.106000
v 0.820500 0.099422 -0.106000
v 0.820500 0.095422 -0.106000
v 0.682500 0.095422 -0.106000
v 0.820500 0.099422 -0.106000
v 0.826500 0.099422 -0.100000
v 0.826500 0.095422 -0.100000
v 0.820500 0.095422 -0.106000
v 0.826500 0.099422 -0.100000
v 0.826500 0.099422 0.100000
v 0.826500 0.095422 0.100000
v 0.826500 0.095422 -0.100000
v 0.826500 0.099422 0.100000
v 0.820500 0.099422 0.106000
v 0.820500 0.095422 0.106000
v 0.826500 0.095422 0.100000
v 0.820500 0.099422 0.106000
v 0.682500 0.099422 0.106000
v 0.682500 0.095422 0.106000
v 0.820500 0.095422 0.106000
v 0.682500 0.099422 0.106000
v 0.676500 0.099422 0.100000
v 0.676500 0.095422 0.100000
v 0.682500 0.095422 0.106000
v 0.676500 0.099422 0.100000
v 0.676500 0.099422 -0.100000
v 0.676500 0.095422 -0.100000
v 0.676500 0.095422 0.100000
v 0.676500 0.099422 -0.100000
v 0.682500 0.099422 -0.106000
v 0.682500 0.095422 -0.106000
v 0.676500 0.095422 -0.100000
v 0.556500 0.085422 -0.100000
v 0.559500 0.085422 -0.103000
v 0.679500 0.085422 -0.103000
v 0.556500 0.085422 -0.100000
v 0.679500 0.085422 -0.103000
v 0.682500 0.085422 -0.100000
v 0.556500 0.085422 -0.100000
v 0.682500 0.085422 -0.100000
v 0.682500 0.085422 0.100000
v 0.556500 0.085422 -0.100000
v 0.682500 0.085422 0.100000
v 0.679500 0.085422 0.103000
v 0.556500 0.085422 -0.100000
v 0.679500 0.085422 0.103000
v 0.559500 0.085422 0.103000
v 0.559500 0.085422 0.103000
v 0.556500 0.085422 0.100000
v 0.556500 0.085422 -0.100000
v 0.559500 0.095422 -0.103000
v 0.556500 0.095422 -0.100000
v 0.556500 0.095422 0.100000
v 0.559500 0.095422 -0.103000
v 0.556500 0.095422 0.100000
v 0.559500 0.095422 0.103000
v 0.559500 0.095422 -0.103000
v 0.559500 0.095422 0.103000
v 0.679500 0.095422 0.103000
v 0.559500 0.095422 -0.103000
v 0.679500 0.095422 0.103000
v 0.682500 0.095422 0.100000
v 0.559500 0.095422 -0.103000
v 0.682500 0.095422 0.100000
v 0.682500 0.095422 -0.100000
v 0.682500 0.095422 -0.100000
v 0.679500 0.095422 -0.103000
v 0.559500 0.095422 -0.103000
v 0.559500 0.095422 -0.103000
v 0.679500 0.095422 -0.103000
v 0.679500 0.085422 -0.103000
v 0.559500 0.085422 -0.103000
v 0.679500 0.095422 -0.103000
v 0.682500 0.095422 -0.100000
v 0.682500 0.085422 -0.100000
v 0.679500 0.085422 -0.103000
v 0.682500 0.095422 -0.100000
v 0.682500 0.095422 0.100000
v 0.682500 0.085422 0.100000
v 0.682500 0.085422 -0.100000
v 0.682500 0.095422 0.100000
v 0.679500 0.095422 0.103000
v 0.679500 0.085422 0.103000
v 0.682500 0.085422 0.100000
v 0.679500 0.095422 0.103000
v 0.559500 0.095422 0.103000
v 0.559500 0.085422 0.103000
v 0.679500 0.085422 0.103000
v 0.559500 0.095422 0.103000
v 0.556500 0.095422 0.100000
v 0.556500 0.085422 0.100000
v 0.559500 0.085422 0.103000
v 0.556500 0.095422 0.100000
v 0.556500 0.095422 -0.100000
v 0.556500 0.085422 -0.100000
v 0.556500 0.085422 0.100000
v 0.556500 0.095422 -0.100000
v 0.559500 0.095422 -0.103000
v 0.559500 0.085422 -0.103000
v 0.556500 0.085422 -0.100000
v 0.552500 0.095422 -0.105000
v 0.554500 0.095422 -0.107000
v 0.566500 0.095422 -0.107000
v 0.552500 0.095422 -0.105000
v 0.566500 0.095422 -0.107000
v 0.568500 0.095422 -0.105000
v 0.552500 0.095422 -0.105000
v 0.568500 0.095422 -0.105000
v 0.568500 0.095422 0.105000
v 0.552500 0.095422 -0.105000
v 0.568500 0.095422 0.105000
v 0.566500 0.095422 0.107000
v 0.552500 0.095422 -0.105000
v 0.566500 0.095422 0.107000
v 0.554500 0.095422 0.107000
v 0.554500 0.095422 0.107000
v 0.552500 0.095422 0.105000
v 0.552500 0.095422 -0.105000
v 0.554500 0.126422 -0.107000
v 0.552500 0.126422 -0.105000
v 0.552500 0.126422 0.105000
v 0.554500 0.126422 -0.107000
v 0.552500 0.126422 0.105000
v 0.554500 0.126422 0.107000
v 0.554500 0.126422 -0.107000
v 0.554500 0.126422 0.107000
v 0.566500 0.126422 0.107000
v 0.554500 0.126422 -0.107000
v 0.566500 0.126422 0.107000
v 0.568500 0.126422 0.105000
v 0.554500 0.126422 -0.107000
v 0.568500 0.126422 0.105000
v 0.568500 0.126422 -0.105000
v 0.568500 0.126422 -0.105000
v 0.566500 0.126422 -0.107000
v 0.554500 0.126422 -0.107000
v 0.554500 0.126422 -0.107000
v 0.566500 0.126422 -0.107000
v 0.566500 0.095422 -0.107000
v 0.554500 0.095422 -0.107000
v 0.566500 0.126422 -0.107000
v 0.568500 0.126422 -0.105000
v 0.568500 0.095422 -0.105000
v 0.566500 0.095422 -0.107000
v 0.568500 0.126422 -0.105000
v 0.568500 0.126422 0.105000
v 0.568500 0.095422 0.105000
v 0.568500 0.095422 -0.105000
v 0.568500 0.126422 0.105000
v 0.566500 0.126422 0.107000
v 0.566500 0.095422 0.107000
v 0.568500 0.095422 0.105000
v 0.566500 0.126422 0.107000
v 0.554500 0.126422 0.107000
v 0.554500 0.095422 0.107000
v 0.566500 0.095422 0.107000
v 0.554500 0.126422 0.107000
v 0.552500 0.126422 0.105000
v 0.552500 0.095422 0.105000
v 0.554500 0.095422 0.107000
v 0.552500 0.126422 0.105000
v 0.552500 0.126422 -0.105000
v 0.552500 0.095422 -0.105000
v 0.552500 0.095422 0.105000
v 0.552500 0.126422 -0.105000
v 0.554500 0.126422 -0.107000
v 0.554500 0.095422 -0.107000
v 0.552500 0.095422 -0.105000
v 0.709500 0.119400 -0.105000
v 0.709500 0.129000 -0.105000
v 0.683500 0.123500 -0.105000
v 0.709500 0.119400 -0.105000
v 0.683500 0.123500 -0.105000
v 0.675500 0.123500 -0.105000
v 0.709500 0.119400 -0.105000
v 0.675500 0.123500 -0.105000
v 0.601500 0.109500 -0.105000
v 0.601500 0.109500 -0.105000
v 0.563500 0.109500 -0.105000
v 0.563500 0.095422 -0.105000
v 0.709500 0.119400 -0.105000
v 0.601500 0.109500 -0.105000
v 0.563500 0.095422 -0.105000
v 0.563500 0.095422 -0.105000
v 0.669500 0.095422 -0.105000
v 0.681500 0.108000 -0.105000
v 0.563500 0.095422 -0.105000
v 0.681500 0.108000 -0.105000
v 0.709500 0.119400 -0.105000
v 0.709500 0.129000 0.105000
v 0.709500 0.119400 0.105000
v 0.681500 0.108000 0.105000
v 0.681500 0.108000 0.105000
v 0.669500 0.095422 0.105000
v 0.563500 0.095422 0.105000
v 0.709500 0.129000 0.105000
v 0.681500 0.108000 0.105000
v 0.563500 0.095422 0.105000
v 0.563500 0.095422 0.105000
v 0.563500 0.109500 0.105000
v 0.601500 0.109500 0.105000
v 0.563500 0.095422 0.105000
v 0.601500 0.109500 0.105000
v 0.675500 0.123500 0.105000
v 0.563500 0.095422 0.105000
v 0.675500 0.123500 0.105000
v 0.683500 0.123500 0.105000
v 0.563500 0.095422 0.105000
v 0.683500 0.123500 0.105000
v 0.709500 0.129000 0.105000
v 0.709500 0.119400 0.105000
v 0.681500 0.108000 0.105000
v 0.681500 0.108000 -0.105000
v 0.709500 0.119400 -0.105000
v 0.681500 0.108000 0.105000
v 0.669500 0.095422 0.105000
v 0.669500 0.095422 -0.105000
v 0.681500 0.108000 -0.105000
v 0.669500 0.095422 0.105000
v 0.563500 0.095422 0.105000
v 0.563500 0.095422 -0.105000
v 0.669500 0.095422 -0.105000
v 0.563500 0.095422 0.105000
v 0.563500 0.109500 0.105000
v 0.563500 0.109500 -0.105000
v 0.563500 0.095422 -0.105000
v 0.563500 0.109500 0.105000
v 0.601500 0.109500 0.105000
v 0.601500 0.109500 -0.105000
v 0.563500 0.109500 -0.105000
v 0.601500 0.109500 0.105000
v 0.675500 0.123500 0.105000
v 0.675500 0.123500 -0.105000
v 0.601500 0.109500 -0.105000
v 0.675500 0.123500 0.105000
v 0.683500 0.123500 0.105000
v 0.683500 0.123500 -0.105000
v 0.675500 0.123500 -0.105000
v 0.683500 0.123500 0.105000
v 0.709500 0.129000 0.105000
v 0.709500 0.129000 -0.105000
v 0.683500 0.123500 -0.105000
v 0.709500 0.129000 0.105000
v 0.709500 0.119400 0.105000
v 0.709500 0.119400 -0.105000
v 0.709500 0.129000 -0.105000
v 0.820500 0.085422 -0.100000
v 0.823500 0.085422 -0.103000
v 0.943500 0.085422 -0.103000
v 0.820500 0.085422 -0.100000
v 0.943500 0.085422 -0.103000
v 0.946500 0.085422 -0.100000
v 0.820500 0.085422 -0.100000
v 0.946500 0.085422 -0.100000
v 0.946500 0.085422 0.100000
v 0.820500 0.085422 -0.100000
v 0.946500 0.085422 0.100000
v 0.943500 0.085422 0.103000
v 0.820500 0.085422 -0.100000
v 0.943500 0.085422 0.103000
v 0.823500 0.085422 0.103000
v 0.823500 0.085422 0.103000
v 0.820500 0.085422 0.100000
v 0.820500 0.085422 -0.100000
v 0.823500 0.095422 -0.103000
v 0.820500 0.095422 -0.100000
v 0.820500 0.095422 0.100000
v 0.823500 0.095422 -0.103000
v 0.820500 0.095422 0.100000
v 0.823500 0.095422 0.103000
v 0.823500 0.095422 -0.103000
v 0.823500 0.095422 0.103000
v 0.943500 0.095422 0.103000
v 0.823500 0.095422 -0.103000
v 0.943500 0.095422 0.103000
v 0.946500 0.095422 0.100000
v 0.823500 0.095422 -0.103000
v 0.946500 0.095422 0.100000
v 0.946500 0.095422 -0.100000
v 0.946500 0.095422 -0.100000
v 0.943500 0.095422 -0.103000
v 0.823500 0.095422 -0.103000
v 0.823500 0.095422 -0.103000
v 0.943500 0.095422 -0.103000
v 0.943500 0.085422 -0.103000
v 0.823500 0.085422 -0.103000
v 0.943500 0.095422 -0.103000
v 0.946500 0.095422 -0.100000
v 0.946500 0.085422 -0.100000
v 0.943500 0.085422 -0.103000
v 0.946500 0.095422 -0.100000
v 0.946500 0.095422 0.100000
v 0.946500 0.085422 0.100000
v 0.946500 0.085422 -0.100000
v 0.946500 0.095422 0.100000
v 0.943500 0.095422 0.103000
v 0.943500 0.085422 0.103000
v 0.946500 0.085422 0.100000
v 0.943500 0.095422 0.103000
v 0.823500 0.095422 0.103000
v 0.823500 0.085422 0.103000
v 0.943500 0.085422 0.103000
v 0.823500 0.095422 0.103000
v 0.820500 0.095422 0.100000
v 0.820500 0.085422 0.100000
v 0.823500 0.085422 0.103000
v 0.820500 0.095422 0.100000
v 0.820500 0.095422 -0.100000
v 0.820500 0.085422 -0.100000
v 0.820500 0.085422 0.100000
v 0.820500 0.095422 -0.100000
v 0.823500 0.095422 -0.103000
v 0.823500 0.085422 -0.103000
v 0.820500 0.085422 -0.100000
v 0.934500 0.095422 -0.105000
v 0.936500 0.095422 -0.107000
v 0.948500 0.095422 -0.107000
v 0.934500 0.095422 -0.105000
v 0.948500 0.095422 -0.107000
v 0.950500 0.095422 -0.105000
v 0.934500 0.095422 -0.105000
v 0.950500 0.095422 -0.105000
v 0.950500 0.095422 0.105000
v 0.934500 0.095422 -0.105000
v 0.950500 0.095422 0.105000
v 0.948500 0.095422 0.107000
v 0.934500 0.095422 -0.105000
v 0.948500 0.095422 0.107000
v 0.936500 0.095422 0.107000
v 0.936500 0.095422 0.107000
v 0.934500 0.095422 0.105000
v 0.934500 0.095422 -0.105000
v 0.936500 0.126422 -0.107000
v 0.934500 0.126422 -0.105000
v 0.934500 0.126422 0.105000
v 0.936500 0.126422 -0.107000
v 0.934500 0.126422 0.105000
v 0.936500 0.126422 0.107000
v 0.936500 0.126422 -0.107000
v 0.936500 0.126422 0.107000
v 0.948500 0.126422 0.107000
v 0.936500 0.126422 -0.107000
v 0.948500 0.126422 0.107000
v 0.950500 0.126422 0.105000
v 0.936500 0.126422 -0.107000
v 0.950500 0.126422 0.105000
v 0.950500 0.126422 -0.105000
v 0.950500 0.126422 -0.105000
v 0.948500 0.126422 -0.107000
v 0.936500 0.126422 -0.107000
v 0.936500 0.126422 -0.107000
v 0.948500 0.126422 -0.107000
v 0.948500 0.095422 -0.107000
v 0.936500 0.095422 -0.107000
v 0.948500 0.126422 -0.107000
v 0.950500 0.126422 -0.105000
v 0.950500 0.095422 -0.105000
v 0.948500 0.095422 -0.107000
v 0.950500 0.126422 -0.105000
v 0.950500 0.126422 0.105000
v 0.950500 0.095422 0.105000
v 0.950500 0.095422 -0.105000
v 0.950500 0.126422 0.105000
v 0.948500 0.126422 0.107000
v 0.948500 0.095422 0.107000
v 0.950500 0.095422 0.105000
v 0.948500 0.126422 0.107000
v 0.936500 0.126422 0.107000
v 0.936500 0.095422 0.107000
v 0.948500 0.095422 0.107000
v 0.936500 0.126422 0.107000
v 0.934500 0.126422 0.105000
v 0.934500 0.095422 0.105000
v 0.936500 0.095422 0.107000
v 0.934500 0.126422 0.105000
v 0.934500 0.126422 -0.105000
v 0.934500 0.095422 -0.105000
v 0.934500 0.095422 0.105000
v 0.934500 0.126422 -0.105000
v 0.936500 0.126422 -0.107000
v 0.936500 0.095422 -0.107000
v 0.934500 0.095422 -0.105000
v 0.793500 0.129000 -0.105000
v 0.793500 0.119400 -0.105000
v 0.821500 0.108000 -0.105000
v 0.821500 0.108000 -0.105000
v 0.833500 0.095422 -0.105000
v 0.939500 0.095422 -0.105000
v 0.793500 0.129000 -0.105000
v 0.821500 0.108000 -0.105000
v 0.939500 0.095422 -0.105000
v 0.939500 0.095422 -0.105000
v 0.939500 0.109500 -0.105000
v 0.901500 0.109500 -0.105000
v 0.939500 0.095422 -0.105000
v 0.901500 0.109500 -0.105000
v 0.827500 0.123500 -0.105000
v 0.939500 0.095422 -0.105000
v 0.827500 0.123500 -0.105000
v 0.819500 0.123500 -0.105000
v 0.939500 0.095422 -0.105000
v 0.819500 0.123500 -0.105000
v 0.793500 0.129000 -0.105000
v 0.793500 0.119400 0.105000
v 0.793500 0.129000 0.105000
v 0.819500 0.123500 0.105000
v 0.793500 0.119400 0.105000
v 0.819500 0.123500 0.105000
v 0.827500 0.123500 0.105000
v 0.793500 0.119400 0.105000
v 0.827500 0.123500 0.105000
v 0.901500 0.109500 0.105000
v 0.901500 0.109500 0.105000
v 0.939500 0.109500 0.105000
v 0.939500 0.095422 0.105000
v 0.793500 0.119400 0.105000
v 0.901500 0.109500 0.105000
v 0.939500 0.095422 0.105000
v 0.939500 0.095422 0.105000
v 0.833500 0.095422 0.105000
v 0.821500 0.108000 0.105000
v 0.939500 0.095422 0.105000
v 0.821500 0.108000 0.105000
v 0.793500 0.119400 0.105000
v 0.793500 0.119400 -0.105000
v 0.821500 0.108000 -0.105000
v 0.821500 0.108000 0.105000
v 0.793500 0.119400 0.105000
v 0.821500 0.108000 -0.105000
v 0.833500 0.095422 -0.105000
v 0.833500 0.095422 0.105000
v 0.821500 0.108000 0.105000
v 0.833500 0.095422 -0.105000
v 0.939500 0.095422 -0.105000
v 0.939500 0.095422 0.105000
v 0.833500 0.095422 0.105000
v 0.939500 0.095422 -0.105000
v 0.939500 0.109500 -0.105000
v 0.939500 0.109500 0.105000
v 0.939500 0.095422 0.105000
v 0.939500 0.109500 -0.105000
v 0.901500 0.109500 -0.105000
v 0.901500 0.109500 0.105000
v 0.939500 0.109500 0.105000
v 0.901500 0.109500 -0.105000
v 0.827500 0.123500 -0.105000
v 0.827500 0.123500 0.105000
v 0.901500 0.109500 0.105000
v 0.827500 0.123500 -0.105000
v 0.819500 0.123500 -0.105000
v 0.819500 0.123500 0.105000
v 0.827500 0.123500 0.105000
v 0.819500 0.123500 -0.105000
v 0.793500 0.129000 -0.105000
v 0.793500 0.129000 0.105000
v 0.819500 0.123500 0.105000
v 0.793500 0.129000 -0.105000
v 0.793500 0.119400 -0.105000
v 0.793500 0.119400 0.105000
v 0.793500 0.129000 0.105000
v 0.821500 0.099422 -0.300000
v 0.821500 0.108000 -0.300000
v 0.821500 0.108000 0.300000
v 0.821500 0.099422 0.300000
v 0.821500 0.108000 -0.300000
v 0.815500 0.113000 -0.300000
v 0.815500 0.113000 0.300000
v 0.821500 0.108000 0.300000
v 0.815500 0.113000 -0.300000
v 0.777500 0.124000 -0.300000
v 0.777500 0.124000 0.300000
v 0.815500 0.113000 0.300000
v 0.777500 0.124000 -0.300000
v 0.763500 0.134000 -0.300000
v 0.763500 0.134000 0.300000
v 0.777500 0.124000 0.300000
v 0.763500 0.134000 -0.300000
v 0.760500 0.145000 -0.300000
v 0.760500 0.145000 0.300000
v 0.763500 0.134000 0.300000
v 0.760500 0.145000 -0.300000
v 0.760500 0.207000 -0.300000
v 0.760500 0.207000 0.300000
v 0.760500 0.145000 0.300000
v 0.760500 0.207000 -0.300000
v 0.764500 0.219000 -0.300000
v 0.764500 0.219000 0.300000
v 0.760500 0.207000 0.300000
v 0.764500 0.219000 -0.300000
v 0.778500 0.225000 -0.300000
v 0.778500 0.225000 0.300000
v 0.764500 0.219000 0.300000
v 0.778500 0.225000 -0.300000
v 0.784500 0.231000 -0.300000
v 0.784500 0.231000 0.300000
v 0.778500 0.225000 0.300000
v 0.784500 0.231000 -0.300000
v 0.785500 0.239000 -0.300000
v 0.785500 0.239000 0.300000
v 0.784500 0.231000 0.300000
v 0.785500 0.239000 -0.300000
v 0.785500 0.254000 -0.300000
v 0.785500 0.254000 0.300000
v 0.785500 0.239000 0.300000
v 0.785500 0.254000 -0.300000
v 0.783500 0.260000 -0.300000
v 0.783500 0.260000 0.300000
v 0.785500 0.254000 0.300000
v 0.783500 0.260000 -0.300000
v 0.777500 0.264280 -0.300000
v 0.777500 0.264280 0.300000
v 0.783500 0.260000 0.300000
v 0.777500 0.264280 -0.300000
v 0.725500 0.264280 -0.300000
v 0.725500 0.264280 0.300000
v 0.777500 0.264280 0.300000
v 0.725500 0.264280 -0.300000
v 0.719500 0.260000 -0.300000
v 0.719500 0.260000 0.300000
v 0.725500 0.264280 0.300000
v 0.719500 0.260000 -0.300000
v 0.717500 0.254000 -0.300000
v 0.717500 0.254000 0.300000
v 0.719500 0.260000 0.300000
v 0.717500 0.254000 -0.300000
v 0.717500 0.239000 -0.300000
v 0.717500 0.239000 0.300000
v 0.717500 0.254000 0.300000
v 0.717500 0.239000 -0.300000
v 0.718500 0.231000 -0.300000
v 0.718500 0.231000 0.300000
v 0.717500 0.239000 0.300000
v 0.718500 0.231000 -0.300000
v 0.724500 0.225000 -0.300000
v 0.724500 0.225000 0.300000
v 0.718500 0.231000 0.300000
v 0.724500 0.225000 -0.300000
v 0.738500 0.219000 -0.300000
v 0.738500 0.219000 0.300000
v 0.724500 0.225000 0.300000
v 0.738500 0.219000 -0.300000
v 0.742500 0.207000 -0.300000
v 0.742500 0.207000 0.300000
v 0.738500 0.219000 0.300000
v 0.742500 0.207000 -0.300000
v 0.742500 0.145000 -0.300000
v 0.742500 0.145000 0.300000
v 0.742500 0.207000 0.300000
v 0.742500 0.145000 -0.300000
v 0.739500 0.134000 -0.300000
v 0.739500 0.134000 0.300000
v 0.742500 0.145000 0.300000
v 0.739500 0.134000 -0.300000
v 0.725500 0.124000 -0.300000
v 0.725500 0.124000 0.300000
v 0.739500 0.134000 0.300000
v 0.725500 0.124000 -0.300000
v 0.687500 0.113000 -0.300000
v 0.687500 0.113000 0.300000
v 0.725500 0.124000 0.300000
v 0.687500 0.113000 -0.300000
v 0.681500 0.108000 -0.300000
v 0.681500 0.108000 0.300000
v 0.687500 0.113000 0.300000
v 0.681500 0.108000 -0.300000
v 0.681500 0.099422 -0.300000
v 0.681500 0.099422 0.300000
v 0.681500 0.108000 0.300000
v 0.681500 0.099422 -0.300000
v 0.821500 0.099422 -0.300000
v 0.821500 0.099422 0.300000
v 0.681500 0.099422 0.300000
v 0.821500 0.099422 -0.300000
v 0.681500 0.099422 -0.300000
v 0.681500 0.108000 -0.300000
v 0.821500 0.099422 -0.300000
v 0.681500 0.108000 -0.300000
v 0.687500 0.113000 -0.300000
v 0.821500 0.099422 -0.300000
v 0.687500 0.113000 -0.300000
v 0.725500 0.124000 -0.300000
v 0.821500 0.099422 -0.300000
v 0.725500 0.124000 -0.300000
v 0.739500 0.134000 -0.300000
v 0.738500 0.219000 -0.300000
v 0.724500 0.225000 -0.300000
v 0.718500 0.231000 -0.300000
v 0.738500 0.219000 -0.300000
v 0.718500 0.231000 -0.300000
v 0.717500 0.239000 -0.300000
v 0.738500 0.219000 -0.300000
v 0.717500 0.239000 -0.300000
v 0.717500 0.254000 -0.300000
v 0.738500 0.219000 -0.300000
v 0.717500 0.254000 -0.300000
v 0.719500 0.260000 -0.300000
v 0.738500 0.219000 -0.300000
v 0.719500 0.260000 -0.300000
v 0.725500 0.264280 -0.300000
v 0.742500 0.207000 -0.300000
v 0.738500 0.219000 -0.300000
v 0.725500 0.264280 -0.300000
v 0.742500 0.207000 -0.300000
v 0.725500 0.264280 -0.300000
v 0.777500 0.264280 -0.300000
v 0.742500 0.207000 -0.300000
v 0.777500 0.264280 -0.300000
v 0.783500 0.260000 -0.300000
v 0.742500 0.207000 -0.300000
v 0.783500 0.260000 -0.300000
v 0.785500 0.254000 -0.300000
v 0.742500 0.207000 -0.300000
v 0.785500 0.254000 -0.300000
v 0.785500 0.239000 -0.300000
v 0.742500 0.207000 -0.300000
v 0.785500 0.239000 -0.300000
v 0.784500 0.231000 -0.300000
v 0.784500 0.231000 -0.300000
v 0.778500 0.225000 -0.300000
v 0.764500 0.219000 -0.300000
v 0.742500 0.207000 -0.300000
v 0.784500 0.231000 -0.300000
v 0.764500 0.219000 -0.300000
v 0.742500 0.207000 -0.300000
v 0.764500 0.219000 -0.300000
v 0.760500 0.207000 -0.300000
v 0.742500 0.145000 -0.300000
v 0.742500 0.207000 -0.300000
v 0.760500 0.207000 -0.300000
v 0.739500 0.134000 -0.300000
v 0.742500 0.145000 -0.300000
v 0.760500 0.207000 -0.300000
v 0.739500 0.134000 -0.300000
v 0.760500 0.207000 -0.300000
v 0.760500 0.145000 -0.300000
v 0.739500 0.134000 -0.300000
v 0.760500 0.145000 -0.300000
v 0.763500 0.134000 -0.300000
v 0.739500 0.134000 -0.300000
v 0.763500 0.134000 -0.300000
v 0.777500 0.124000 -0.300000
v 0.821500 0.099422 -0.300000
v 0.739500 0.134000 -0.300000
v 0.777500 0.124000 -0.300000
v 0.821500 0.099422 -0.300000
v 0.777500 0.124000 -0.300000
v 0.815500 0.113000 -0.300000
v 0.815500 0.113000 -0.300000
v 0.821500 0.108000 -0.300000
v 0.821500 0.099422 -0.300000
v 0.681500 0.099422 0.300000
v 0.821500 0.099422 0.300000
v 0.821500 0.108000 0.300000
v 0.681500 0.099422 0.300000
v 0.821500 0.108000 0.300000
v 0.815500 0.113000 0.300000
v 0.681500 0.099422 0.300000
v 0.815500 0.113000 0.300000
v 0.777500 0.124000 0.300000
v 0.681500 0.099422 0.300000
v 0.777500 0.124000 0.300000
v 0.763500 0.134000 0.300000
v 0.764500 0.219000 0.300000
v 0.778500 0.225000 0.300000
v 0.784500 0.231000 0.300000
v 0.764500 0.219000 0.300000
v 0.784500 0.231000 0.300000
v 0.785500 0.239000 0.300000
v 0.764500 0.219000 0.300000
v 0.785500 0.239000 0.300000
v 0.785500 0.254000 0.300000
v 0.764500 0.219000 0.300000
v 0.785500 0.254000 0.300000
v 0.783500 0.260000 0.300000
v 0.764500 0.219000 0.300000
v 0.783500 0.260000 0.300000
v 0.777500 0.264280 0.300000
v 0.760500 0.207000 0.300000
v 0.764500 0.219000 0.300000
v 0.777500 0.264280 0.300000
v 0.760500 0.207000 0.300000
v 0.777500 0.264280 0.300000
v 0.725500 0.264280 0.300000
v 0.760500 0.207000 0.300000
v 0.725500 0.264280 0.300000
v 0.719500 0.260000 0.300000
v 0.760500 0.207000 0.300000
v 0.719500 0.260000 0.300000
v 0.717500 0.254000 0.300000
v 0.760500 0.207000 0.300000
v 0.717500 0.254000 0.300000
v 0.717500 0.239000 0.300000
v 0.760500 0.207000 0.300000
v 0.717500 0.239000 0.300000
v 0.718500 0.231000 0.300000
v 0.718500 0.231000 0.300000
v 0.724500 0.225000 0.300000
v 0.738500 0.219000 0.300000
v 0.760500 0.207000 0.300000
v 0.718500 0.231000 0.300000
v 0.738500 0.219000 0.300000
v 0.760500 0.207000 0.300000
v 0.738500 0.219000 0.300000
v 0.742500 0.207000 0.300000
v 0.760500 0.145000 0.300000
v 0.760500 0.207000 0.300000
v 0.742500 0.207000 0.300000
v 0.763500 0.134000 0.300000
v 0.760500 0.145000 0.300000
v 0.742500 0.207000 0.300000
v 0.763500 0.134000 0.300000
v 0.742500 0.207000 0.300000
v 0.742500 0.145000 0.300000
v 0.763500 0.134000 0.300000
v 0.742500 0.145000 0.300000
v 0.739500 0.134000 0.300000
v 0.763500 0.134000 0.300000
v 0.739500 0.134000 0.300000
v 0.725500 0.124000 0.300000
v 0.681500 0.099422 0.300000
v 0.763500 0.134000 0.300000
v 0.725500 0.124000 0.300000
v 0.681500 0.099422 0.300000
v 0.725500 0.124000 0.300000
v 0.687500 0.113000 0.300000
v 0.687500 0.113000 0.300000
v 0.681500 0.108000 0.300000
v 0.681500 0.099422 0.300000
v -0.488000 0.085422 -0.099000
v -0.482000 0.085422 -0.105000
v -0.230000 0.085422 -0.105000
v -0.488000 0.085422 -0.099000
v -0.230000 0.085422 -0.105000
v -0.224000 0.085422 -0.099000
v -0.488000 0.085422 -0.099000
v -0.224000 0.085422 -0.099000
v -0.224000 0.085422 0.099000
v -0.488000 0.085422 -0.099000
v -0.224000 0.085422 0.099000
v -0.230000 0.085422 0.105000
v -0.488000 0.085422 -0.099000
v -0.230000 0.085422 0.105000
v -0.482000 0.085422 0.105000
v -0.482000 0.085422 0.105000
v -0.488000 0.085422 0.099000
v -0.488000 0.085422 -0.099000
v -0.482000 0.095422 -0.105000
v -0.488000 0.095422 -0.099000
v -0.488000 0.095422 0.099000
v -0.482000 0.095422 -0.105000
v -0.488000 0.095422 0.099000
v -0.482000 0.095422 0.105000
v -0.482000 0.095422 -0.105000
v -0.482000 0.095422 0.105000
v -0.230000 0.095422 0.105000
v -0.482000 0.095422 -0.105000
v -0.230000 0.095422 0.105000
v -0.224000 0.095422 0.099000
v -0.482000 0.095422 -0.105000
v -0.224000 0.095422 0.099000
v -0.224000 0.095422 -0.099000
v -0.224000 0.095422 -0.099000
v -0.230000 0.095422 -0.105000
v -0.482000 0.095422 -0.105000
v -0.482000 0.095422 -0.105000
v -0.230000 0.095422 -0.105000
v -0.230000 0.085422 -0.105000
v -0.482000 0.085422 -0.105000
v -0.230000 0.095422 -0.105000
v -0.224000 0.095422 -0.099000
v -0.224000 0.085422 -0.099000
v -0.230000 0.085422 -0.105000
v -0.224000 0.095422 -0.099000
v -0.224000 0.095422 0.099000
v -0.224000 0.085422 0.099000
v -0.224000 0.085422 -0.099000
v -0.224000 0.095422 0.099000
v -0.230000 0.095422 0.105000
v -0.230000 0.085422 0.105000
v -0.224000 0.085422 0.099000
v -0.230000 0.095422 0.105000
v -0.482000 0.095422 0.105000
v -0.482000 0.085422 0.105000
v -0.230000 0.085422 0.105000
v -0.482000 0.095422 0.105000
v -0.488000 0.095422 0.099000
v -0.488000 0.085422 0.099000
v -0.482000 0.085422 0.105000
v -0.488000 0.095422 0.099000
v -0.488000 0.095422 -0.099000
v -0.488000 0.085422 -0.099000
v -0.488000 0.085422 0.099000
v -0.488000 0.095422 -0.099000
v -0.482000 0.095422 -0.105000
v -0.482000 0.085422 -0.105000
v -0.488000 0.085422 -0.099000
v -0.431000 0.095422 -0.096000
v -0.425000 0.095422 -0.102000
v -0.287000 0.095422 -0.102000
v -0.431000 0.095422 -0.096000
v -0.287000 0.095422 -0.102000
v -0.281000 0.095422 -0.096000
v -0.431000 0.095422 -0.096000
v -0.281000 0.095422 -0.096000
v -0.281000 0.095422 0.096000
v -0.431000 0.095422 -0.096000
v -0.281000 0.095422 0.096000
v -0.287000 0.095422 0.102000
v -0.431000 0.095422 -0.096000
v -0.287000 0.095422 0.102000
v -0.425000 0.095422 0.102000
v -0.425000 0.095422 0.102000
v -0.431000 0.095422 0.096000
v -0.431000 0.095422 -0.096000
v -0.425000 0.099422 -0.102000
v -0.431000 0.099422 -0.096000
v -0.431000 0.099422 0.096000
v -0.425000 0.099422 -0.102000
v -0.431000 0.099422 0.096000
v -0.425000 0.099422 0.102000
v -0.425000 0.099422 -0.102000
v -0.425000 0.099422 0.102000
v -0.287000 0.099422 0.102000
v -0.425000 0.099422 -0.102000
v -0.287000 0.099422 0.102000
v -0.281000 0.099422 0.096000
v -0.425000 0.099422 -0.102000
v -0.281000 0.099422 0.096000
v -0.281000 0.099422 -0.096000
v -0.281000 0.099422 -0.096000
v -0.287000 0.099422 -0.102000
v -0.425000 0.099422 -0.102000
v -0.425000 0.099422 -0.102000
v -0.287000 0.099422 -0.102000
v -0.287000 0.095422 -0.102000
v -0.425000 0.095422 -0.102000
v -0.287000 0.099422 -0.102000
v -0.281000 0.099422 -0.096000
v -0.281000 0.095422 -0.096000
v -0.287000 0.095422 -0.102000
v -0.281000 0.099422 -0.096000
v -0.281000 0.099422 0.096000
v -0.281000 0.095422 0.096000
v -0.281000 0.095422 -0.096000
v -0.281000 0.099422 0.096000
v -0.287000 0.099422 0.102000
v -0.287000 0.095422 0.102000
v -0.281000 0.095422 0.096000
v -0.287000 0.099422 0.102000
v -0.425000 0.099422 0.102000
v -0.425000 0.095422 0.102000
v -0.287000 0.095422 0.102000
v -0.425000 0.099422 0.102000
v -0.431000 0.099422 0.096000
v -0.431000 0.095422 0.096000
v -0.425000 0.095422 0.102000
v -0.431000 0.099422 0.096000
v -0.431000 0.099422 -0.096000
v -0.431000 0.095422 -0.096000
v -0.431000 0.095422 0.096000
v -0.431000 0.099422 -0.096000
v -0.425000 0.099422 -0.102000
v -0.425000 0.095422 -0.102000
v -0.431000 0.095422 -0.096000
v -0.484000 0.113422 -0.072000
v -0.481000 0.113422 -0.075000
v -0.409000 0.113422 -0.075000
v -0.484000 0.113422 -0.072000
v -0.409000 0.113422 -0.075000
v -0.406000 0.113422 -0.072000
v -0.484000 0.113422 -0.072000
v -0.406000 0.113422 -0.072000
v -0.406000 0.113422 0.072000
v -0.484000 0.113422 -0.072000
v -0.406000 0.113422 0.072000
v -0.409000 0.113422 0.075000
v -0.484000 0.113422 -0.072000
v -0.409000 0.113422 0.075000
v -0.481000 0.113422 0.075000
v -0.481000 0.113422 0.075000
v -0.484000 0.113422 0.072000
v -0.484000 0.113422 -0.072000
v -0.481000 0.124422 -0.075000
v -0.484000 0.124422 -0.072000
v -0.484000 0.124422 0.072000
v -0.481000 0.124422 -0.075000
v -0.484000 0.124422 0.072000
v -0.481000 0.124422 0.075000
v -0.481000 0.124422 -0.075000
v -0.481000 0.124422 0.075000
v -0.409000 0.124422 0.075000
v -0.481000 0.124422 -0.075000
v -0.409000 0.124422 0.075000
v -0.406000 0.124422 0.072000
v -0.481000 0.124422 -0.075000
v -0.406000 0.124422 0.072000
v -0.406000 0.124422 -0.072000
v -0.406000 0.124422 -0.072000
v -0.409000 0.124422 -0.075000
v -0.481000 0.124422 -0.075000
v -0.481000 0.124422 -0.075000
v -0.409000 0.124422 -0.075000
v -0.409000 0.113422 -0.075000
v -0.481000 0.113422 -0.075000
v -0.409000 0.124422 -0.075000
v -0.406000 0.124422 -0.072000
v -0.406000 0.113422 -0.072000
v -0.409000 0.113422 -0.075000
v -0.406000 0.124422 -0.072000
v -0.406000 0.124422 0.072000
v -0.406000 0.113422 0.072000
v -0.406000 0.113422 -0.072000
v -0.406000 0.124422 0.072000
v -0.409000 0.124422 0.075000
v -0.409000 0.113422 0.075000
v -0.406000 0.113422 0.072000
v -0.409000 0.124422 0.075000
v -0.481000 0.124422 0.075000
v -0.481000 0.113422 0.075000
v -0.409000 0.113422 0.075000
v -0.481000 0.124422 0.075000
v -0.484000 0.124422 0.072000
v -0.484000 0.113422 0.072000
v -0.481000 0.113422 0.075000
v -0.484000 0.124422 0.072000
v -0.484000 0.124422 -0.072000
v -0.484000 0.113422 -0.072000
v -0.484000 0.113422 0.072000
v -0.484000 0.124422 -0.072000
v -0.481000 0.124422 -0.075000
v -0.481000 0.113422 -0.075000
v -0.484000 0.113422 -0.072000
v -0.306000 0.113422 -0.072000
v -0.303000 0.113422 -0.075000
v -0.231000 0.113422 -0.075000
v -0.306000 0.113422 -0.072000
v -0.231000 0.113422 -0.075000
v -0.228000 0.113422 -0.072000
v -0.306000 0.113422 -0.072000
v -0.228000 0.113422 -0.072000
v -0.228000 0.113422 0.072000
v -0.306000 0.113422 -0.072000
v -0.228000 0.113422 0.072000
v -0.231000 0.113422 0.075000
v -0.306000 0.113422 -0.072000
v -0.231000 0.113422 0.075000
v -0.303000 0.113422 0.075000
v -0.303000 0.113422 0.075000
v -0.306000 0.113422 0.072000
v -0.306000 0.113422 -0.072000
v -0.303000 0.124422 -0.075000
v -0.306000 0.124422 -0.072000
v -0.306000 0.124422 0.072000
v -0.303000 0.124422 -0.075000
v -0.306000 0.124422 0.072000
v -0.303000 0.124422 0.075000
v -0.303000 0.124422 -0.075000
v -0.303000 0.124422 0.075000
v -0.231000 0.124422 0.075000
v -0.303000 0.124422 -0.075000
v -0.231000 0.124422 0.075000
v -0.228000 0.124422 0.072000
v -0.303000 0.124422 -0.075000
v -0.228000 0.124422 0.072000
v -0.228000 0.124422 -0.072000
v -0.228000 0.124422 -0.072000
v -0.231000 0.124422 -0.075000
v -0.303000 0.124422 -0.075000
v -0.303000 0.124422 -0.075000
v -0.231000 0.124422 -0.075000
v -0.231000 0.113422 -0.075000
v -0.303000 0.113422 -0.075000
v -0.231000 0.124422 -0.075000
v -0.228000 0.124422 -0.072000
v -0.228000 0.113422 -0.072000
v -0.231000 0.113422 -0.075000
v -0.228000 0.124422 -0.072000
v -0.228000 0.124422 0.072000
v -0.228000 0.113422 0.072000
v -0.228000 0.113422 -0.072000
v -0.228000 0.124422 0.072000
v -0.231000 0.124422 0.075000
v -0.231000 0.113422 0.075000
v -0.228000 0.113422 0.072000
v -0.231000 0.124422 0.075000
v -0.303000 0.124422 0.075000
v -0.303000 0.113422 0.075000
v -0.231000 0.113422 0.075000
v -0.303000 0.124422 0.075000
v -0.306000 0.124422 0.072000
v -0.306000 0.113422 0.072000
v -0.303000 0.113422 0.075000
v -0.306000 0.124422 0.072000
v -0.306000 0.124422 -0.072000
v -0.306000 0.113422 -0.072000
v -0.306000 0.113422 0.072000
v -0.306000 0.124422 -0.072000
v -0.303000 0.124422 -0.075000
v -0.303000 0.113422 -0.075000
v -0.306000 0.113422 -0.072000
v -0.286000 0.099422 -0.300000
v -0.286000 0.108000 -0.300000
v -0.286000 0.108000 0.300000
v -0.286000 0.099422 0.300000
v -0.286000 0.108000 -0.300000
v -0.292000 0.113000 -0.300000
v -0.292000 0.113000 0.300000
v -0.286000 0.108000 0.300000
v -0.292000 0.113000 -0.300000
v -0.330000 0.124000 -0.300000
v -0.330000 0.124000 0.300000
v -0.292000 0.113000 0.300000
v -0.330000 0.124000 -0.300000
v -0.344000 0.134000 -0.300000
v -0.344000 0.134000 0.300000
v -0.330000 0.124000 0.300000
v -0.344000 0.134000 -0.300000
v -0.347000 0.145000 -0.300000
v -0.347000 0.145000 0.300000
v -0.344000 0.134000 0.300000
v -0.347000 0.145000 -0.300000
v -0.347000 0.207000 -0.300000
v -0.347000 0.207000 0.300000
v -0.347000 0.145000 0.300000
v -0.347000 0.207000 -0.300000
v -0.343000 0.219000 -0.300000
v -0.343000 0.219000 0.300000
v -0.347000 0.207000 0.300000
v -0.343000 0.219000 -0.300000
v -0.329000 0.225000 -0.300000
v -0.329000 0.225000 0.300000
v -0.343000 0.219000 0.300000
v -0.329000 0.225000 -0.300000
v -0.323000 0.231000 -0.300000
v -0.323000 0.231000 0.300000
v -0.329000 0.225000 0.300000
v -0.323000 0.231000 -0.300000
v -0.322000 0.239000 -0.300000
v -0.322000 0.239000 0.300000
v -0.323000 0.231000 0.300000
v -0.322000 0.239000 -0.300000
v -0.322000 0.254000 -0.300000
v -0.322000 0.254000 0.300000
v -0.322000 0.239000 0.300000
v -0.322000 0.254000 -0.300000
v -0.324000 0.260000 -0.300000
v -0.324000 0.260000 0.300000
v -0.322000 0.254000 0.300000
v -0.324000 0.260000 -0.300000
v -0.330000 0.264280 -0.300000
v -0.330000 0.264280 0.300000
v -0.324000 0.260000 0.300000
v -0.330000 0.264280 -0.300000
v -0.382000 0.264280 -0.300000
v -0.382000 0.264280 0.300000
v -0.330000 0.264280 0.300000
v -0.382000 0.264280 -0.300000
v -0.388000 0.260000 -0.300000
v -0.388000 0.260000 0.300000
v -0.382000 0.264280 0.300000
v -0.388000 0.260000 -0.300000
v -0.390000 0.254000 -0.300000
v -0.390000 0.254000 0.300000
v -0.388000 0.260000 0.300000
v -0.390000 0.254000 -0.300000
v -0.390000 0.239000 -0.300000
v -0.390000 0.239000 0.300000
v -0.390000 0.254000 0.300000
v -0.390000 0.239000 -0.300000
v -0.389000 0.231000 -0.300000
v -0.389000 0.231000 0.300000
v -0.390000 0.239000 0.300000
v -0.389000 0.231000 -0.300000
v -0.383000 0.225000 -0.300000
v -0.383000 0.225000 0.300000
v -0.389000 0.231000 0.300000
v -0.383000 0.225000 -0.300000
v -0.369000 0.219000 -0.300000
v -0.369000 0.219000 0.300000
v -0.383000 0.225000 0.300000
v -0.369000 0.219000 -0.300000
v -0.365000 0.207000 -0.300000
v -0.365000 0.207000 0.300000
v -0.369000 0.219000 0.300000
v -0.365000 0.207000 -0.300000
v -0.365000 0.145000 -0.300000
v -0.365000 0.145000 0.300000
v -0.365000 0.207000 0.300000
v -0.365000 0.145000 -0.300000
v -0.368000 0.134000 -0.300000
v -0.368000 0.134000 0.300000
v -0.365000 0.145000 0.300000
v -0.368000 0.134000 -0.300000
v -0.382000 0.124000 -0.300000
v -0.382000 0.124000 0.300000
v -0.368000 0.134000 0.300000
v -0.382000 0.124000 -0.300000
v -0.420000 0.113000 -0.300000
v -0.420000 0.113000 0.300000
v -0.382000 0.124000 0.300000
v -0.420000 0.113000 -0.300000
v -0.426000 0.108000 -0.300000
v -0.426000 0.108000 0.300000
v -0.420000 0.113000 0.300000
v -0.426000 0.108000 -0.300000
v -0.426000 0.099422 -0.300000
v -0.426000 0.099422 0.300000
v -0.426000 0.108000 0.300000
v -0.426000 0.099422 -0.300000
v -0.286000 0.099422 -0.300000
v -0.286000 0.099422 0.300000
v -0.426000 0.099422 0.300000
v 0.224000 0.085422 -0.099000
v 0.230000 0.085422 -0.105000
v 0.482000 0.085422 -0.105000
v 0.224000 0.085422 -0.099000
v 0.482000 0.085422 -0.105000
v 0.488000 0.085422 -0.099000
v 0.224000 0.085422 -0.099000
v 0.488000 0.085422 -0.099000
v 0.488000 0.085422 0.099000
v 0.224000 0.085422 -0.099000
v 0.488000 0.085422 0.099000
v 0.482000 0.085422 0.105000
v 0.224000 0.085422 -0.099000
v 0.482000 0.085422 0.105000
v 0.230000 0.085422 0.105000
v 0.230000 0.085422 0.105000
v 0.224000 0.085422 0.099000
v 0.224000 0.085422 -0.099000
v 0.230000 0.095422 -0.105000
v 0.224000 0.095422 -0.099000
v 0.224000 0.095422 0.099000
v 0.230000 0.095422 -0.105000
v 0.224000 0.095422 0.099000
v 0.230000 0.095422 0.105000
v 0.230000 0.095422 -0.105000
v 0.230000 0.095422 0.105000
v 0.482000 0.095422 0.105000
v 0.230000 0.095422 -0.105000
v 0.482000 0.095422 0.105000
v 0.488000 0.095422 0.099000
v 0.230000 0.095422 -0.105000
v 0.488000 0.095422 0.099000
v 0.488000 0.095422 -0.099000
v 0.488000 0.095422 -0.099000
v 0.482000 0.095422 -0.105000
v 0.230000 0.095422 -0.105000
v 0.230000 0.095422 -0.105000
v 0.482000 0.095422 -0.105000
v 0.482000 0.085422 -0.105000
v 0.230000 0.085422 -0.105000
v 0.482000 0.095422 -0.105000
v 0.488000 0.095422 -0.099000
v 0.488000 0.085422 -0.099000
v 0.482000 0.085422 -0.105000
v 0.488000 0.095422 -0.099000
v 0.488000 0.095422 0.099000
v 0.488000 0.085422 0.099000
v 0.488000 0.085422 -0.099000
v 0.488000 0.095422 0.099000
v 0.482000 0.095422 0.105000
v 0.482000 0.085422 0.105000
v 0.488000 0.085422 0.099000
v 0.482000 0.095422 0.105000
v 0.230000 0.095422 0.105000
v 0.230000 0.085422 0.105000
v 0.482000 0.085422 0.105000
v 0.230000 0.095422 0.105000
v 0.224000 0.095422 0.099000
v 0.224000 0.085422 0.099000
v 0.230000 0.085422 0.105000
v 0.224000 0.095422 0.099000
v 0.224000 0.095422 -0.099000
v 0.224000 0.085422 -0.099000
v 0.224000 0.085422 0.099000
v 0.224000 0.095422 -0.099000
v 0.230000 0.095422 -0.105000
v 0.230000 0.085422 -0.105000
v 0.224000 0.085422 -0.099000
v 0.281000 0.095422 -0.096000
v 0.287000 0.095422 -0.102000
v 0.425000 0.095422 -0.102000
v 0.281000 0.095422 -0.096000
v 0.425000 0.095422 -0.102000
v 0.431000 0.095422 -0.096000
v 0.281000 0.095422 -0.096000
v 0.431000 0.095422 -0.096000
v 0.431000 0.095422 0.096000
v 0.281000 0.095422 -0.096000
v 0.431000 0.095422 0.096000
v 0.425000 0.095422 0.102000
v 0.281000 0.095422 -0.096000
v 0.425000 0.095422 0.102000
v 0.287000 0.095422 0.102000
v 0.287000 0.095422 0.102000
v 0.281000 0.095422 0.096000
v 0.281000 0.095422 -0.096000
v 0.287000 0.099422 -0.102000
v 0.281000 0.099422 -0.096000
v 0.281000 0.099422 0.096000
v 0.287000 0.099422 -0.102000
v 0.281000 0.099422 0.096000
v 0.287000 0.099422 0.102000
v 0.287000 0.099422 -0.102000
v 0.287000 0.099422 0.102000
v 0.425000 0.099422 0.102000
v 0.287000 0.099422 -0.102000
v 0.425000 0.099422 0.102000
v 0.431000 0.099422 0.096000
v 0.287000 0.099422 -0.102000
v 0.431000 0.099422 0.096000
v 0.431000 0.099422 -0.096000
v 0.431000 0.099422 -0.096000
v 0.425000 0.099422 -0.102000
v 0.287000 0.099422 -0.102000
v 0.287000 0.099422 -0.102000
v 0.425000 0.099422 -0.102000
v 0.425000 0.095422 -0.102000
v 0.287000 0.095422 -0.102000
v 0.425000 0.099422 -0.102000
v 0.431000 0.099422 -0.096000
v 0.431000 0.095422 -0.096000
v 0.425000 0.095422 -0.102000
v 0.431000 0.099422 -0.096000
v 0.431000 0.099422 0.096000
v 0.431000 0.095422 0.096000
v 0.431000 0.095422 -0.096000
v 0.431000 0.099422 0.096000
v 0.425000 0.099422 0.102000
v 0.425000 0.095422 0.102000
v 0.431000 0.095422 0.096000
v 0.425000 0.099422 0.102000
v 0.287000 0.099422 0.102000
v 0.287000 0.095422 0.102000
v 0.425000 0.095422 0.102000
v 0.287000 0.099422 0.102000
v 0.281000 0.099422 0.096000
v 0.281000 0.095422 0.096000
v 0.287000 0.095422 0.102000
v 0.281000 0.099422 0.096000
v 0.281000 0.099422 -0.096000
v 0.281000 0.095422 -0.096000
v 0.281000 0.095422 0.096000
v 0.281000 0.099422 -0.096000
v 0.287000 0.099422 -0.102000
v 0.287000 0.095422 -0.102000
v 0.281000 0.095422 -0.096000
v 0.228000 0.113422 -0.072000
v 0.231000 0.113422 -0.075000
v 0.303000 0.113422 -0.075000
v 0.228000 0.113422 -0.072000
v 0.303000 0.113422 -0.075000
v 0.306000 0.113422 -0.072000
v 0.228000 0.113422 -0.072000
v 0.306000 0.113422 -0.072000
v 0.306000 0.113422 0.072000
v 0.228000 0.113422 -0.072000
v 0.306000 0.113422 0.072000
v 0.303000 0.113422 0.075000
v 0.228000 0.113422 -0.072000
v 0.303000 0.113422 0.075000
v 0.231000 0.113422 0.075000
v 0.231000 0.113422 0.075000
v 0.228000 0.113422 0.072000
v 0.228000 0.113422 -0.072000
v 0.231000 0.124422 -0.075000
v 0.228000 0.124422 -0.072000
v 0.228000 0.124422 0.072000
v 0.231000 0.124422 -0.075000
v 0.228000 0.124422 0.072000
v 0.231000 0.124422 0.075000
v 0.231000 0.124422 -0.075000
v 0.231000 0.124422 0.075000
v 0.303000 0.124422 0.075000
v 0.231000 0.124422 -0.075000
v 0.303000 0.124422 0.075000
v 0.306000 0.124422 0.072000
v 0.231000 0.124422 -0.075000
v 0.306000 0.124422 0.072000
v 0.306000 0.124422 -0.072000
v 0.306000 0.124422 -0.072000
v 0.303000 0.124422 -0.075000
v 0.231000 0.124422 -0.075000
v 0.231000 0.124422 -0.075000
v 0.303000 0.124422 -0.075000
v 0.303000 0.113422 -0.075000
v 0.231000 0.113422 -0.075000
v 0.303000 0.124422 -0.075000
v 0.306000 0.124422 -0.072000
v 0.306000 0.113422 -0.072000
v 0.303000 0.113422 -0.075000
v 0.306000 0.124422 -0.072000
v 0.306000 0.124422 0.072000
v 0.306000 0.113422 0.072000
v 0.306000 0.113422 -0.072000
v 0.306000 0.124422 0.072000
v 0.303000 0.124422 0.075000
v 0.303000 0.113422 0.075000
v 0.306000 0.113422 0.072000
v 0.303000 0.124422 0.075000
v 0.231000 0.124422 0.075000
v 0.231000 0.113422 0.075000
v 0.303000 0.113422 0.075000
v 0.231000 0.124422 0.075000
v 0.228000 0.124422 0.072000
v 0.228000 0.113422 0.072000
v 0.231000 0.113422 0.075000
v 0.228000 0.124422 0.072000
v 0.228000 0.124422 -0.072000
v 0.228000 0.113422 -0.072000
v 0.228000 0.113422 0.072000
v 0.228000 0.124422 -0.072000
v 0.231000 0.124422 -0.075000
v 0.231000 0.113422 -0.075000
v 0.228000 0.113422 -0.072000
v 0.406000 0.113422 -0.072000
v 0.409000 0.113422 -0.075000
v 0.481000 0.113422 -0.075000
v 0.406000 0.113422 -0.072000
v 0.481000 0.113422 -0.075000
v 0.484000 0.113422 -0.072000
v 0.406000 0.113422 -0.072000
v 0.484000 0.113422 -0.072000
v 0.484000 0.113422 0.072000
v 0.406000 0.113422 -0.072000
v 0.484000 0.113422 0.072000
v 0.481000 0.113422 0.075000
v 0.406000 0.113422 -0.072000
v 0.481000 0.113422 0.075000
v 0.409000 0.113422 0.075000
v 0.409000 0.113422 0.075000
v 0.406000 0.113422 0.072000
v 0.406000 0.113422 -0.072000
v 0.409000 0.124422 -0.075000
v 0.406000 0.124422 -0.072000
v 0.406000 0.124422 0.072000
v 0.409000 0.124422 -0.075000
v 0.406000 0.124422 0.072000
v 0.409000 0.124422 0.075000
v 0.409000 0.124422 -0.075000
v 0.409000 0.124422 0.075000
v 0.481000 0.124422 0.075000
v 0.409000 0.124422 -0.075000
v 0.481000 0.124422 0.075000
v 0.484000 0.124422 0.072000
v 0.409000 0.124422 -0.075000
v 0.484000 0.124422 0.072000
v 0.484000 0.124422 -0.072000
v 0.484000 0.124422 -0.072000
v 0.481000 0.124422 -0.075000
v 0.409000 0.124422 -0.075000
v 0.409000 0.124422 -0.075000
v 0.481000 0.124422 -0.075000
v 0.481000 0.113422 -0.075000
v 0.409000 0.113422 -0.075000
v 0.481000 0.124422 -0.075000
v 0.484000 0.124422 -0.072000
v 0.484000 0.113422 -0.072000
v 0.481000 0.113422 -0.075000
v 0.484000 0.124422 -0.072000
v 0.484000 0.124422 0.072000
v 0.484000 0.113422 0.072000
v 0.484000 0.113422 -0.072000
v 0.484000 0.124422 0.072000
v 0.481000 0.124422 0.075000
v 0.481000 0.113422 0.075000
v 0.484000 0.113422 0.072000
v 0.481000 0.124422 0.075000
v 0.409000 0.124422 0.075000
v 0.409000 0.113422 0.075000
v 0.481000 0.113422 0.075000
v 0.409000 0.124422 0.075000
v 0.406000 0.124422 0.072000
v 0.406000 0.113422 0.072000
v 0.409000 0.113422 0.075000
v 0.406000 0.124422 0.072000
v 0.406000 0.124422 -0.072000
v 0.406000 0.113422 -0.072000
v 0.406000 0.113422 0.072000
v 0.406000 0.124422 -0.072000
v 0.409000 0.124422 -0.075000
v 0.409000 0.113422 -0.075000
v 0.406000 0.113422 -0.072000
v 0.426000 0.099422 -0.300000
v 0.426000 0.108000 -0.300000
v 0.426000 0.108000 0.300000
v 0.426000 0.099422 0.300000
v 0.426000 0.108000 -0.300000
v 0.420000 0.113000 -0.300000
v 0.420000 0.113000 0.300000
v 0.426000 0.108000 0.300000
v 0.420000 0.113000 -0.300000
v 0.382000 0.124000 -0.300000
v 0.382000 0.124000 0.300000
v 0.420000 0.113000 0.300000
v 0.382000 0.124000 -0.300000
v 0.368000 0.134000 -0.300000
v 0.368000 0.134000 0.300000
v 0.382000 0.124000 0.300000
v 0.368000 0.134000 -0.300000
v 0.365000 0.145000 -0.300000
v 0.365000 0.145000 0.300000
v 0.368000 0.134000 0.300000
v 0.365000 0.145000 -0.300000
v 0.365000 0.207000 -0.300000
v 0.365000 0.207000 0.300000
v 0.365000 0.145000 0.300000
v 0.365000 0.207000 -0.300000
v 0.369000 0.219000 -0.300000
v 0.369000 0.219000 0.300000
v 0.365000 0.207000 0.300000
v 0.369000 0.219000 -0.300000
v 0.383000 0.225000 -0.300000
v 0.383000 0.225000 0.300000
v 0.369000 0.219000 0.300000
v 0.383000 0.225000 -0.300000
v 0.389000 0.231000 -0.300000
v 0.389000 0.231000 0.300000
v 0.383000 0.225000 0.300000
v 0.389000 0.231000 -0.300000
v 0.390000 0.239000 -0.300000
v 0.390000 0.239000 0.300000
v 0.389000 0.231000 0.300000
v 0.390000 0.239000 -0.300000
v 0.390000 0.254000 -0.300000
v 0.390000 0.254000 0.300000
v 0.390000 0.239000 0.300000
v 0.390000 0.254000 -0.300000
v 0.388000 0.260000 -0.300000
v 0.388000 0.260000 0.300000
v 0.390000 0.254000 0.300000
v 0.388000 0.260000 -0.300000
v 0.382000 0.264280 -0.300000
v 0.382000 0.264280 0.300000
v 0.388000 0.260000 0.300000
v 0.382000 0.264280 -0.300000
v 0.330000 0.264280 -0.300000
v 0.330000 0.264280 0.300000
v 0.382000 0.264280 0.300000
v 0.330000 0.264280 -0.300000
v 0.324000 0.260000 -0.300000
v 0.324000 0.260000 0.300000
v 0.330000 0.264280 0.300000
v 0.324000 0.260000 -0.300000
v 0.322000 0.254000 -0.300000
v 0.322000 0.254000 0.300000
v 0.324000 0.260000 0.300000
v 0.322000 0.254000 -0.300000
v 0.322000 0.239000 -0.300000
v 0.322000 0.239000 0.300000
v 0.322000 0.254000 0.300000
v 0.322000 0.239000 -0.300000
v 0.323000 0.231000 -0.300000
v 0.323000 0.231000 0.300000
v 0.322000 0.239000 0.300000
v 0.323000 0.231000 -0.300000
v 0.329000 0.225000 -0.300000
v 0.329000 0.225000 0.300000
v 0.323000 0.231000 0.300000
v 0.329000 0.225000 -0.300000
v 0.343000 0.219000 -0.300000
v 0.343000 0.219000 0.300000
v 0.329000 0.225000 0.300000
v 0.343000 0.219000 -0.300000
v 0.347000 0.207000 -0.300000
v 0.347000 0.207000 0.300000
v 0.343000 0.219000 0.300000
v 0.347000 0.207000 -0.300000
v 0.347000 0.145000 -0.300000
v 0.347000 0.145000 0.300000
v 0.347000 0.207000 0.300000
v 0.347000 0.145000 -0.300000
v 0.344000 0.134000 -0.300000
v 0.344000 0.134000 0.300000
v 0.347000 0.145000 0.300000
v 0.344000 0.134000 -0.300000
v 0.330000 0.124000 -0.300000
v 0.330000 0.124000 0.300000
v 0.344000 0.134000 0.300000
v 0.330000 0.124000 -0.300000
v 0.292000 0.113000 -0.300000
v 0.292000 0.113000 0.300000
v 0.330000 0.124000 0.300000
v 0.292000 0.113000 -0.300000
v 0.286000 0.108000 -0.300000
v 0.286000 0.108000 0.300000
v 0.292000 0.113000 0.300000
v 0.286000 0.108000 -0.300000
v 0.286000 0.099422 -0.300000
v 0.286000 0.099422 0.300000
v 0.286000 0.108000 0.300000
v 0.286000 0.099422 -0.300000
v 0.426000 0.099422 -0.300000
v 0.426000 0.099422 0.300000
v 0.286000 0.099422 0.300000
vt 0.96281250 0.01585821
vt 0.96281250 0.25373134
vt 0.98937500 0.25373134
vt 0.98937500 0.25373134
vt 0.98937500 0.01585821
vt 0.96281250 0.01585821
vt 0.96281250 0.25373134
vt 0.96281250 0.49160448
vt 0.98937500 0.49160448
vt 0.98937500 0.49160448
vt 0.98937500 0.25373134
vt 0.96281250 0.25373134
vt 0.96281250 0.25055970
vt 0.98937500 0.28633158
vt 0.98937500 0.25055970
vt 0.98937500 0.25055970
vt 0.98937500 0.28633158
vt 0.96281250 0.25055970
vt 0.67062500 0.01585821
vt 0.98937500 0.01585821
vt 0.98937500 0.49160448
vt 0.67062500 0.49160448
vt 0.67062500 0.01585821
vt 0.67062500 0.25373134
vt 0.67925781 0.25373134
vt 0.67925781 0.25373134
vt 0.67925781 0.01585821
vt 0.67062500 0.01585821
vt 0.67062500 0.25373134
vt 0.67062500 0.49160448
vt 0.67925781 0.49160448
vt 0.67925781 0.49160448
vt 0.67925781 0.25373134
vt 0.67062500 0.25373134
vt 0.67062500 0.28633158
vt 0.67925781 0.29780771
vt 0.67925781 0.25055970
vt 0.67062500 0.25055970
vt 0.67062500 0.25055970
vt 0.67925781 0.25055970
vt 0.67925781 0.29780771
vt 0.67062500 0.28633158
vt 0.67062500 0.01585821
vt 0.98937500 0.01585821
vt 0.98937500 0.49160448
vt 0.67062500 0.49160448
vt 0.67925781 0.01585821
vt 0.67925781 0.25373134
vt 0.71445312 0.25373134
vt 0.71445312 0.25373134
vt 0.71445312 0.01585821
vt 0.67925781 0.01585821
vt 0.67925781 0.25373134
vt 0.67925781 0.49160448
vt 0.71445312 0.49160448
vt 0.71445312 0.49160448
vt 0.71445312 0.25373134
vt 0.67925781 0.25373134
vt 0.67925781 0.29780771
vt 0.71445312 0.34302313
vt 0.71445312 0.25055970
vt 0.67925781 0.25055970
vt 0.67925781 0.25055970
vt 0.71445312 0.25055970
vt 0.71445312 0.34302313
vt 0.67925781 0.29780771
vt 0.67062500 0.01585821
vt 0.98937500 0.01585821
vt 0.98937500 0.49160448
vt 0.67062500 0.49160448
vt 0.71445312 0.01585821
vt 0.71445312 0.25373134
vt 0.74964844 0.25373134
vt 0.74964844 0.25373134
vt 0.74964844 0.01585821
vt 0.71445312 0.01585821
vt 0.71445312 0.25373134
vt 0.71445312 0.49160448
vt 0.74964844 0.49160448
vt 0.74964844 0.49160448
vt 0.74964844 0.25373134
vt 0.71445312 0.25373134
vt 0.71445312 0.34302313
vt 0.74964844 0.38448283
vt 0.74964844 0.25055970
vt 0.71445312 0.25055970
vt 0.71445312 0.25055970
vt 0.74964844 0.25055970
vt 0.74964844 0.38448283
vt 0.71445312 0.34302313
vt 0.67062500 0.01585821
vt 0.98937500 0.01585821
vt 0.98937500 0.49160448
vt 0.67062500 0.49160448
vt 0.74964844 0.01585821
vt 0.74964844 0.25373134
vt 0.78484375 0.25373134
vt 0.78484375 0.25373134
vt 0.78484375 0.01585821
vt 0.74964844 0.01585821
vt 0.74964844 0.25373134
vt 0.74964844 0.49160448
vt 0.78484375 0.49160448
vt 0.78484375 0.49160448
vt 0.78484375 0.25373134
vt 0.74964844 0.25373134
vt 0.74964844 0.38448283
vt 0.78484375 0.42103545
vt 0.78484375 0.25055970
vt 0.74964844 0.25055970
vt 0.74964844 0.25055970
vt 0.78484375 0.25055970
vt 0.78484375 0.42103545
vt 0.74964844 0.38448283
vt 0.67062500 0.01585821
vt 0.98937500 0.01585821
vt 0.98937500 0.49160448
vt 0.67062500 0.49160448
vt 0.78484375 0.01585821
vt 0.78484375 0.25373134
vt 0.82003906 0.25373134
vt 0.82003906 0.25373134
vt 0.82003906 0.01585821
vt 0.78484375 0.01585821
vt 0.78484375 0.25373134
vt 0.78484375 0.49160448
vt 0.82003906 0.49160448
vt 0.82003906 0.49160448
vt 0.82003906 0.25373134
vt 0.78484375 0.25373134
vt 0.78484375 0.42103545
vt 0.82003906 0.45227667
vt 0.82003906 0.25055970
vt 0.78484375 0.25055970
vt 0.78484375 0.25055970
vt 0.82003906 0.25055970
vt 0.82003906 0.45227667
vt 0.78484375 0.42103545
vt 0.67062500 0.01585821
vt 0.98937500 0.01585821
vt 0.98937500 0.49160448
vt 0.67062500 0.49160448
vt 0.82003906 0.01585821
vt 0.82003906 0.25373134
vt 0.85523437 0.25373134
vt 0.85523437 0.25373134
vt 0.85523437 0.01585821
vt 0.82003906 0.01585821
vt 0.82003906 0.25373134
vt 0.82003906 0.49160448
vt 0.85523437 0.49160448
vt 0.85523437 0.49160448
vt 0.85523437 0.25373134
vt 0.82003906 0.25373134
vt 0.82003906 0.45227667
vt 0.85523437 0.47861081
vt 0.85523437 0.25055970
vt 0.82003906 0.25055970
vt 0.82003906 0.25055970
vt 0.85523437 0.25055970
vt 0.85523437 0.47861081
vt 0.82003906 0.45227667
vt 0.67062500 0.01585821
vt 0.98937500 0.01585821
vt 0.98937500 0.49160448
vt 0.67062500 0.49160448
vt 0.85523437 0.01585821
vt 0.85523437 0.25373134
vt 0.89042969 0.25373134
vt 0.89042969 0.25373134
vt 0.89042969 0.01585821
vt 0.85523437 0.01585821
vt 0.85523437 0.25373134
vt 0.85523437 0.49160448
vt 0.89042969 0.49160448
vt 0.89042969 0.49160448
vt 0.89042969 0.25373134
vt 0.85523437 0.25373134
vt 0.85523437 0.25055970
vt 0.85523437 0.47861081
vt 0.87548894 0.49160448
vt 0.85523437 0.25055970
vt 0.87548894 0.49160448
vt 0.89042969 0.49160448
vt 0.89042969 0.49160448
vt 0.89042969 0.25055970
vt 0.85523437 0.25055970
vt 0.87548894 0.01585821
vt 0.89042969 0.02544297
vt 0.89042969 0.01585821
vt 0.85523437 0.47861081
vt 0.85523437 0.25055970
vt 0.89042969 0.25055970
vt 0.85523437 0.47861081
vt 0.89042969 0.25055970
vt 0.89042969 0.49160448
vt 0.89042969 0.49160448
vt 0.87548894 0.49160448
vt 0.85523437 0.47861081
vt 0.89042969 0.01585821
vt 0.89042969 0.02544297
vt 0.87548894 0.01585821
vt 0.67062500 0.01585821
vt 0.98937500 0.01585821
vt 0.98937500 0.49160448
vt 0.67062500 0.49160448
vt 0.89042969 0.01585821
vt 0.89042969 0.25373134
vt 0.92562500 0.25373134
vt 0.92562500 0.25373134
vt 0.92562500 0.01585821
vt 0.89042969 0.01585821
vt 0.89042969 0.25373134
vt 0.89042969 0.49160448
vt 0.92562500 0.49160448
vt 0.92562500 0.49160448
vt 0.92562500 0.25373134
vt 0.89042969 0.25373134
vt 0.89042969 0.49160448
vt 0.92562500 0.49160448
vt 0.92562500 0.25055970
vt 0.89042969 0.25055970
vt 0.89042969 0.01585821
vt 0.89042969 0.02544297
vt 0.92562500 0.04598881
vt 0.92562500 0.01585821
vt 0.89042969 0.25055970
vt 0.92562500 0.25055970
vt 0.92562500 0.49160448
vt 0.89042969 0.49160448
vt 0.92562500 0.01585821
vt 0.92562500 0.04598881
vt 0.89042969 0.02544297
vt 0.89042969 0.01585821
vt 0.67062500 0.01585821
vt 0.98937500 0.01585821
vt 0.98937500 0.49160448
vt 0.67062500 0.49160448
vt 0.92562500 0.25373134
vt 0.98937500 0.25373134
vt 0.98937500 0.01585821
vt 0.92562500 0.01585821
vt 0.92562500 0.49160448
vt 0.98937500 0.49160448
vt 0.98937500 0.25373134
vt 0.92562500 0.25373134
vt 0.92562500 0.49160448
vt 0.98937500 0.49160448
vt 0.98937500 0.25055970
vt 0.92562500 0.25055970
vt 0.92562500 0.01585821
vt 0.92562500 0.04598881
vt 0.98937500 0.03647388
vt 0.98937500 0.01585821
vt 0.92562500 0.25055970
vt 0.98937500 0.25055970
vt 0.98937500 0.49160448
vt 0.92562500 0.49160448
vt 0.98937500 0.01585821
vt 0.98937500 0.03647388
vt 0.92562500 0.04598881
vt 0.92562500 0.01585821
vt 0.67062500 0.01585821
vt 0.98937500 0.01585821
vt 0.98937500 0.49160448
vt 0.67062500 0.49160448
vt 0.67062500 0.25373134
vt 0.98937500 0.25373134
vt 0.98937500 0.01585821
vt 0.67062500 0.01585821
vt 0.67062500 0.49160448
vt 0.98937500 0.49160448
vt 0.98937500 0.25373134
vt 0.67062500 0.25373134
vt 0.67062500 0.49160448
vt 0.98937500 0.49160448
vt 0.98937500 0.25055970
vt 0.67062500 0.25055970
vt 0.67062500 0.01585821
vt 0.67062500 0.03647388
vt 0.98937500 0.03647388
vt 0.98937500 0.01585821
vt 0.67062500 0.25055970
vt 0.98937500 0.25055970
vt 0.98937500 0.49160448
vt 0.67062500 0.49160448
vt 0.98937500 0.01585821
vt 0.98937500 0.03647388
vt 0.67062500 0.03647388
vt 0.67062500 0.01585821
vt 0.67062500 0.01585821
vt 0.98937500 0.01585821
vt 0.98937500 0.49160448
vt 0.67062500 0.49160448
vt 0.67062500 0.25373134
vt 0.98937500 0.25373134
vt 0.98937500 0.01585821
vt 0.67062500 0.01585821
vt 0.67062500 0.49160448
vt 0.98937500 0.49160448
vt 0.98937500 0.25373134
vt 0.67062500 0.25373134
vt 0.67062500 0.49160448
vt 0.98937500 0.49160448
vt 0.98937500 0.25055970
vt 0.67062500 0.25055970
vt 0.67062500 0.01585821
vt 0.67062500 0.03647388
vt 0.98937500 0.03647388
vt 0.98937500 0.01585821
vt 0.67062500 0.25055970
vt 0.98937500 0.25055970
vt 0.98937500 0.49160448
vt 0.67062500 0.49160448
vt 0.98937500 0.01585821
vt 0.98937500 0.03647388
vt 0.67062500 0.03647388
vt 0.67062500 0.01585821
vt 0.67062500 0.01585821
vt 0.98937500 0.01585821
vt 0.98937500 0.49160448
vt 0.67062500 0.49160448
vt 0.67062500 0.25373134
vt 0.98937500 0.25373134
vt 0.98937500 0.01585821
vt 0.67062500 0.01585821
vt 0.67062500 0.49160448
vt 0.98937500 0.49160448
vt 0.98937500 0.25373134
vt 0.67062500 0.25373134
vt 0.67062500 0.49160448
vt 0.98937500 0.49160448
vt 0.98937500 0.25055970
vt 0.67062500 0.25055970
vt 0.67062500 0.01585821
vt 0.67062500 0.03647388
vt 0.98937500 0.03647388
vt 0.98937500 0.01585821
vt 0.67062500 0.25055970
vt 0.98937500 0.25055970
vt 0.98937500 0.49160448
vt 0.67062500 0.49160448
vt 0.98937500 0.01585821
vt 0.98937500 0.03647388
vt 0.67062500 0.03647388
vt 0.67062500 0.01585821
vt 0.67062500 0.01585821
vt 0.98937500 0.01585821
vt 0.98937500 0.49160448
vt 0.67062500 0.49160448
vt 0.67062500 0.25373134
vt 0.98937500 0.25373134
vt 0.98937500 0.01585821
vt 0.67062500 0.01585821
vt 0.67062500 0.49160448
vt 0.98937500 0.49160448
vt 0.98937500 0.25373134
vt 0.67062500 0.25373134
vt 0.67062500 0.49160448
vt 0.98937500 0.49160448
vt 0.98937500 0.25055970
vt 0.67062500 0.25055970
vt 0.67062500 0.01585821
vt 0.67062500 0.03647388
vt 0.98937500 0.03647388
vt 0.98937500 0.01585821
vt 0.67062500 0.25055970
vt 0.98937500 0.25055970
vt 0.98937500 0.49160448
vt 0.67062500 0.49160448
vt 0.98937500 0.01585821
vt 0.98937500 0.03647388
vt 0.67062500 0.03647388
vt 0.67062500 0.01585821
vt 0.67062500 0.01585821
vt 0.98937500 0.01585821
vt 0.98937500 0.49160448
vt 0.67062500 0.49160448
vt 0.67062500 0.25373134
vt 0.73437500 0.25373134
vt 0.73437500 0.01585821
vt 0.67062500 0.01585821
vt 0.67062500 0.49160448
vt 0.73437500 0.49160448
vt 0.73437500 0.25373134
vt 0.67062500 0.25373134
vt 0.67062500 0.49160448
vt 0.73437500 0.49160448
vt 0.73437500 0.25055970
vt 0.67062500 0.25055970
vt 0.67062500 0.01585821
vt 0.67062500 0.03647388
vt 0.73437500 0.04598881
vt 0.73437500 0.01585821
vt 0.67062500 0.25055970
vt 0.73437500 0.25055970
vt 0.73437500 0.49160448
vt 0.67062500 0.49160448
vt 0.73437500 0.01585821
vt 0.73437500 0.04598881
vt 0.67062500 0.03647388
vt 0.67062500 0.01585821
vt 0.67062500 0.01585821
vt 0.98937500 0.01585821
vt 0.98937500 0.49160448
vt 0.67062500 0.49160448
vt 0.73437500 0.01585821
vt 0.73437500 0.25373134
vt 0.76957031 0.25373134
vt 0.76957031 0.25373134
vt 0.76957031 0.01585821
vt 0.73437500 0.01585821
vt 0.73437500 0.25373134
vt 0.73437500 0.49160448
vt 0.76957031 0.49160448
vt 0.76957031 0.49160448
vt 0.76957031 0.25373134
vt 0.73437500 0.25373134
vt 0.73437500 0.49160448
vt 0.76957031 0.49160448
vt 0.76957031 0.25055970
vt 0.73437500 0.25055970
vt 0.73437500 0.01585821
vt 0.73437500 0.04598881
vt 0.76957031 0.02544297
vt 0.76957031 0.01585821
vt 0.73437500 0.25055970
vt 0.76957031 0.25055970
vt 0.76957031 0.49160448
vt 0.73437500 0.49160448
vt 0.76957031 0.01585821
vt 0.76957031 0.02544297
vt 0.73437500 0.04598881
vt 0.73437500 0.01585821
vt 0.67062500 0.01585821
vt 0.98937500 0.01585821
vt 0.98937500 0.49160448
vt 0.67062500 0.49160448
vt 0.76957031 0.01585821
vt 0.76957031 0.25373134
vt 0.80476563 0.25373134
vt 0.80476563 0.25373134
vt 0.80476563 0.01585821
vt 0.76957031 0.01585821
vt 0.76957031 0.25373134
vt 0.76957031 0.49160448
vt 0.80476563 0.49160448
vt 0.80476563 0.49160448
vt 0.80476563 0.25373134
vt 0.76957031 0.25373134
vt 0.76957031 0.25055970
vt 0.76957031 0.49160448
vt 0.78451106 0.49160448
vt 0.76957031 0.25055970
vt 0.78451106 0.49160448
vt 0.80476563 0.47861081
vt 0.80476563 0.47861081
vt 0.80476563 0.25055970
vt 0.76957031 0.25055970
vt 0.76957031 0.01585821
vt 0.76957031 0.02544297
vt 0.78451106 0.01585821
vt 0.76957031 0.49160448
vt 0.76957031 0.25055970
vt 0.80476563 0.25055970
vt 0.76957031 0.49160448
vt 0.80476563 0.25055970
vt 0.80476563 0.47861081
vt 0.80476563 0.47861081
vt 0.78451106 0.49160448
vt 0.76957031 0.49160448
vt 0.78451106 0.01585821
vt 0.76957031 0.02544297
vt 0.76957031 0.01585821
vt 0.67062500 0.01585821
vt 0.98937500 0.01585821
vt 0.98937500 0.49160448
vt 0.67062500 0.49160448
vt 0.80476563 0.01585821
vt 0.80476563 0.25373134
vt 0.83996094 0.25373134
vt 0.83996094 0.25373134
vt 0.83996094 0.01585821
vt 0.80476563 0.01585821
vt 0.80476563 0.25373134
vt 0.80476563 0.49160448
vt 0.83996094 0.49160448
vt 0.83996094 0.49160448
vt 0.83996094 0.25373134
vt 0.80476563 0.25373134
vt 0.80476563 0.47861081
vt 0.83996094 0.45227667
vt 0.83996094 0.25055970
vt 0.80476563 0.25055970
vt 0.80476563 0.25055970
vt 0.83996094 0.25055970
vt 0.83996094 0.45227667
vt 0.80476563 0.47861081
vt 0.67062500 0.01585821
vt 0.98937500 0.01585821
vt 0.98937500 0.49160448
vt 0.67062500 0.49160448
vt 0.83996094 0.01585821
vt 0.83996094 0.25373134
vt 0.87515625 0.25373134
vt 0.87515625 0.25373134
vt 0.87515625 0.01585821
vt 0.83996094 0.01585821
vt 0.83996094 0.25373134
vt 0.83996094 0.49160448
vt 0.87515625 0.49160448
vt 0.87515625 0.49160448
vt 0.87515625 0.25373134
vt 0.83996094 0.25373134
vt 0.83996094 0.45227667
vt 0.87515625 0.42103545
vt 0.87515625 0.25055970
vt 0.83996094 0.25055970
vt 0.83996094 0.25055970
vt 0.87515625 0.25055970
vt 0.87515625 0.42103545
vt 0.83996094 0.45227667
vt 0.67062500 0.01585821
vt 0.98937500 0.01585821
vt 0.98937500 0.49160448
vt 0.67062500 0.49160448
vt 0.87515625 0.01585821
vt 0.87515625 0.25373134
vt 0.91035156 0.25373134
vt 0.91035156 0.25373134
vt 0.91035156 0.01585821
vt 0.87515625 0.01585821
vt 0.87515625 0.25373134
vt 0.87515625 0.49160448
vt 0.91035156 0.49160448
vt 0.91035156 0.49160448
vt 0.91035156 0.25373134
vt 0.87515625 0.25373134
vt 0.87515625 0.42103545
vt 0.91035156 0.38448283
vt 0.91035156 0.25055970
vt 0.87515625 0.25055970
vt 0.87515625 0.25055970
vt 0.91035156 0.25055970
vt 0.91035156 0.38448283
vt 0.87515625 0.42103545
vt 0.67062500 0.01585821
vt 0.98937500 0.01585821
vt 0.98937500 0.49160448
vt 0.67062500 0.49160448
vt 0.91035156 0.01585821
vt 0.91035156 0.25373134
vt 0.94554688 0.25373134
vt 0.94554688 0.25373134
vt 0.94554688 0.01585821
vt 0.91035156 0.01585821
vt 0.91035156 0.25373134
vt 0.91035156 0.49160448
vt 0.94554688 0.49160448
vt 0.94554688 0.49160448
vt 0.94554688 0.25373134
vt 0.91035156 0.25373134
vt 0.91035156 0.38448283
vt 0.94554688 0.34302313
vt 0.94554688 0.25055970
vt 0.91035156 0.25055970
vt 0.91035156 0.25055970
vt 0.94554688 0.25055970
vt 0.94554688 0.34302313
vt 0.91035156 0.38448283
vt 0.67062500 0.01585821
vt 0.98937500 0.01585821
vt 0.98937500 0.49160448
vt 0.67062500 0.49160448
vt 0.94554688 0.01585821
vt 0.94554688 0.25373134
vt 0.98074219 0.25373134
vt 0.98074219 0.25373134
vt 0.98074219 0.01585821
vt 0.94554688 0.01585821
vt 0.94554688 0.25373134
vt 0.94554688 0.49160448
vt 0.98074219 0.49160448
vt 0.98074219 0.49160448
vt 0.98074219 0.25373134
vt 0.94554688 0.25373134
vt 0.94554688 0.34302313
vt 0.98074219 0.29780771
vt 0.98074219 0.25055970
vt 0.94554688 0.25055970
vt 0.94554688 0.25055970
vt 0.98074219 0.25055970
vt 0.98074219 0.29780771
vt 0.94554688 0.34302313
vt 0.67062500 0.01585821
vt 0.98937500 0.01585821
vt 0.98937500 0.49160448
vt 0.67062500 0.49160448
vt 0.98074219 0.01585821
vt 0.98074219 0.25373134
vt 0.98937500 0.25373134
vt 0.98937500 0.25373134
vt 0.98937500 0.01585821
vt 0.98074219 0.01585821
vt 0.98074219 0.25373134
vt 0.98074219 0.49160448
vt 0.98937500 0.49160448
vt 0.98937500 0.49160448
vt 0.98937500 0.25373134
vt 0.98074219 0.25373134
vt 0.98074219 0.29780771
vt 0.98937500 0.28633158
vt 0.98937500 0.25055970
vt 0.98074219 0.25055970
vt 0.98074219 0.25055970
vt 0.98937500 0.25055970
vt 0.98937500 0.28633158
vt 0.98074219 0.29780771
vt 0.67062500 0.01585821
vt 0.98937500 0.01585821
vt 0.98937500 0.49160448
vt 0.67062500 0.49160448
vt 0.67062500 0.01585821
vt 0.67062500 0.25373134
vt 0.69718750 0.25373134
vt 0.69718750 0.25373134
vt 0.69718750 0.01585821
vt 0.67062500 0.01585821
vt 0.67062500 0.25373134
vt 0.67062500 0.49160448
vt 0.69718750 0.49160448
vt 0.69718750 0.49160448
vt 0.69718750 0.25373134
vt 0.67062500 0.25373134
vt 0.67062500 0.28633158
vt 0.69718750 0.25055970
vt 0.67062500 0.25055970
vt 0.67062500 0.25055970
vt 0.69718750 0.25055970
vt 0.67062500 0.28633158
vt 0.67062500 0.01585821
vt 0.98937500 0.01585821
vt 0.98937500 0.49160448
vt 0.67062500 0.49160448
vt 0.30281250 0.17047575
vt 0.32937500 0.15858209
vt 0.32937500 0.34888060
vt 0.30281250 0.33698694
vt 0.30281250 0.01585821
vt 0.32937500 0.01585821
vt 0.32937500 0.10466418
vt 0.30281250 0.10466418
vt 0.30281250 0.32985075
vt 0.32937500 0.34174440
vt 0.32937500 0.33381530
vt 0.30281250 0.32192164
vt 0.30281250 0.32192164
vt 0.32937500 0.33381530
vt 0.32937500 0.17364739
vt 0.30281250 0.18554104
vt 0.30281250 0.18554104
vt 0.32937500 0.17364739
vt 0.32937500 0.16571828
vt 0.30281250 0.17761194
vt 0.30281250 0.10466418
vt 0.32937500 0.10466418
vt 0.32937500 0.01585821
vt 0.30281250 0.01585821
vt 0.01062500 0.15858209
vt 0.15406250 0.15858209
vt 0.15406250 0.34888060
vt 0.01062500 0.34888060
vt 0.01062500 0.01585821
vt 0.15406250 0.01585821
vt 0.15406250 0.10466418
vt 0.01062500 0.10466418
vt 0.01062500 0.34174440
vt 0.15406250 0.34174440
vt 0.15406250 0.33381530
vt 0.01062500 0.33381530
vt 0.01062500 0.33381530
vt 0.15406250 0.33381530
vt 0.15406250 0.17364739
vt 0.01062500 0.17364739
vt 0.01062500 0.17364739
vt 0.15406250 0.17364739
vt 0.15406250 0.16571828
vt 0.01062500 0.16571828
vt 0.01062500 0.10466418
vt 0.15406250 0.10466418
vt 0.15406250 0.01585821
vt 0.01062500 0.01585821
vt 0.15406250 0.15858209
vt 0.32937500 0.15858209
vt 0.32937500 0.34888060
vt 0.15406250 0.34888060
vt 0.15406250 0.01585821
vt 0.32937500 0.01585821
vt 0.32937500 0.10466418
vt 0.15406250 0.10466418
vt 0.15406250 0.34174440
vt 0.32937500 0.34174440
vt 0.32937500 0.33381530
vt 0.15406250 0.33381530
vt 0.15406250 0.33381530
vt 0.32937500 0.33381530
vt 0.32937500 0.17364739
vt 0.15406250 0.17364739
vt 0.15406250 0.17364739
vt 0.32937500 0.17364739
vt 0.32937500 0.16571828
vt 0.15406250 0.16571828
vt 0.15406250 0.10466418
vt 0.32937500 0.10466418
vt 0.32937500 0.01585821
vt 0.15406250 0.01585821
vt 0.01062500 0.15858209
vt 0.04781250 0.15858209
vt 0.04781250 0.34888060
vt 0.01062500 0.34888060
vt 0.01062500 0.01585821
vt 0.04781250 0.01585821
vt 0.04781250 0.10466418
vt 0.01062500 0.10466418
vt 0.01062500 0.34174440
vt 0.04781250 0.34174440
vt 0.04781250 0.33381530
vt 0.01062500 0.33381530
vt 0.01062500 0.33381530
vt 0.04781250 0.33381530
vt 0.04781250 0.17364739
vt 0.01062500 0.17364739
vt 0.01062500 0.17364739
vt 0.04781250 0.17364739
vt 0.04781250 0.16571828
vt 0.01062500 0.16571828
vt 0.01062500 0.10466418
vt 0.04781250 0.10466418
vt 0.04781250 0.01585821
vt 0.01062500 0.01585821
vt 0.04781250 0.15858209
vt 0.32937500 0.15858209
vt 0.32937500 0.34888060
vt 0.04781250 0.34888060
vt 0.04781250 0.01585821
vt 0.32937500 0.01585821
vt 0.32937500 0.10466418
vt 0.04781250 0.10466418
vt 0.04781250 0.34174440
vt 0.32937500 0.34174440
vt 0.32937500 0.33381530
vt 0.04781250 0.33381530
vt 0.04781250 0.33381530
vt 0.32937500 0.33381530
vt 0.32937500 0.17364739
vt 0.04781250 0.17364739
vt 0.04781250 0.17364739
vt 0.32937500 0.17364739
vt 0.32937500 0.16571828
vt 0.04781250 0.16571828
vt 0.04781250 0.10466418
vt 0.32937500 0.10466418
vt 0.32937500 0.01585821
vt 0.04781250 0.01585821
vt 0.01062500 0.15858209
vt 0.29218750 0.15858209
vt 0.29218750 0.34888060
vt 0.01062500 0.34888060
vt 0.01062500 0.01585821
vt 0.29218750 0.01585821
vt 0.29218750 0.10466418
vt 0.01062500 0.10466418
vt 0.01062500 0.34174440
vt 0.29218750 0.34174440
vt 0.29218750 0.33381530
vt 0.01062500 0.33381530
vt 0.01062500 0.33381530
vt 0.29218750 0.33381530
vt 0.29218750 0.17364739
vt 0.01062500 0.17364739
vt 0.01062500 0.17364739
vt 0.29218750 0.17364739
vt 0.29218750 0.16571828
vt 0.01062500 0.16571828
vt 0.01062500 0.10466418
vt 0.29218750 0.10466418
vt 0.29218750 0.01585821
vt 0.01062500 0.01585821
vt 0.29218750 0.15858209
vt 0.32937500 0.15858209
vt 0.32937500 0.34888060
vt 0.29218750 0.34888060
vt 0.29218750 0.01585821
vt 0.32937500 0.01585821
vt 0.32937500 0.10466418
vt 0.29218750 0.10466418
vt 0.29218750 0.34174440
vt 0.32937500 0.34174440
vt 0.32937500 0.33381530
vt 0.29218750 0.33381530
vt 0.29218750 0.33381530
vt 0.32937500 0.33381530
vt 0.32937500 0.17364739
vt 0.29218750 0.17364739
vt 0.29218750 0.17364739
vt 0.32937500 0.17364739
vt 0.32937500 0.16571828
vt 0.29218750 0.16571828
vt 0.29218750 0.10466418
vt 0.32937500 0.10466418
vt 0.32937500 0.01585821
vt 0.29218750 0.01585821
vt 0.01062500 0.15858209
vt 0.18593750 0.15858209
vt 0.18593750 0.34888060
vt 0.01062500 0.34888060
vt 0.01062500 0.01585821
vt 0.18593750 0.01585821
vt 0.18593750 0.10466418
vt 0.01062500 0.10466418
vt 0.01062500 0.34174440
vt 0.18593750 0.34174440
vt 0.18593750 0.33381530
vt 0.01062500 0.33381530
vt 0.01062500 0.33381530
vt 0.18593750 0.33381530
vt 0.18593750 0.17364739
vt 0.01062500 0.17364739
vt 0.01062500 0.17364739
vt 0.18593750 0.17364739
vt 0.18593750 0.16571828
vt 0.01062500 0.16571828
vt 0.01062500 0.10466418
vt 0.18593750 0.10466418
vt 0.18593750 0.01585821
vt 0.01062500 0.01585821
vt 0.18593750 0.15858209
vt 0.32937500 0.15858209
vt 0.32937500 0.34888060
vt 0.18593750 0.34888060
vt 0.18593750 0.01585821
vt 0.32937500 0.01585821
vt 0.32937500 0.10466418
vt 0.18593750 0.10466418
vt 0.18593750 0.34174440
vt 0.32937500 0.34174440
vt 0.32937500 0.33381530
vt 0.18593750 0.33381530
vt 0.18593750 0.33381530
vt 0.32937500 0.33381530
vt 0.32937500 0.17364739
vt 0.18593750 0.17364739
vt 0.18593750 0.17364739
vt 0.32937500 0.17364739
vt 0.32937500 0.16571828
vt 0.18593750 0.16571828
vt 0.18593750 0.10466418
vt 0.32937500 0.10466418
vt 0.32937500 0.01585821
vt 0.18593750 0.01585821
vt 0.01062500 0.15858209
vt 0.03718750 0.17047575
vt 0.03718750 0.33698694
vt 0.01062500 0.34888060
vt 0.01062500 0.01585821
vt 0.03718750 0.01585821
vt 0.03718750 0.10466418
vt 0.01062500 0.10466418
vt 0.01062500 0.34174440
vt 0.03718750 0.32985075
vt 0.03718750 0.32192164
vt 0.01062500 0.33381530
vt 0.01062500 0.33381530
vt 0.03718750 0.32192164
vt 0.03718750 0.18554104
vt 0.01062500 0.17364739
vt 0.01062500 0.17364739
vt 0.03718750 0.18554104
vt 0.03718750 0.17761194
vt 0.01062500 0.16571828
vt 0.01062500 0.10466418
vt 0.03718750 0.10466418
vt 0.03718750 0.01585821
vt 0.01062500 0.01585821
vt 0.04250000 0.45988806
vt 0.03054688 0.01585821
vt 0.30945312 0.01585821
vt 0.04250000 0.45988806
vt 0.30945312 0.01585821
vt 0.29750000 0.45988806
vt 0.04250000 0.45988806
vt 0.29750000 0.45988806
vt 0.28421875 0.49160448
vt 0.28421875 0.49160448
vt 0.05578125 0.49160448
vt 0.04250000 0.45988806
vt 0.03054688 0.01585821
vt 0.04250000 0.45988806
vt 0.05578125 0.49160448
vt 0.03054688 0.01585821
vt 0.05578125 0.49160448
vt 0.28421875 0.49160448
vt 0.03054688 0.01585821
vt 0.28421875 0.49160448
vt 0.29750000 0.45988806
vt 0.29750000 0.45988806
vt 0.30945312 0.01585821
vt 0.03054688 0.01585821
vt 0.60837500 0.03017506
vt 0.61013651 0.02537313
vt 0.65123849 0.02537313
vt 0.60837500 0.03017506
vt 0.65123849 0.02537313
vt 0.65300000 0.03017506
vt 0.60837500 0.03017506
vt 0.65300000 0.03017506
vt 0.65300000 0.19183987
vt 0.60837500 0.03017506
vt 0.65300000 0.19183987
vt 0.65123849 0.19664179
vt 0.60837500 0.03017506
vt 0.65123849 0.19664179
vt 0.61013651 0.19664179
vt 0.61013651 0.19664179
vt 0.60837500 0.19183987
vt 0.60837500 0.03017506
vt 0.61013651 0.02537313
vt 0.60837500 0.03017506
vt 0.60837500 0.19183987
vt 0.61013651 0.02537313
vt 0.60837500 0.19183987
vt 0.61013651 0.19664179
vt 0.61013651 0.02537313
vt 0.61013651 0.19664179
vt 0.65123849 0.19664179
vt 0.61013651 0.02537313
vt 0.65123849 0.19664179
vt 0.65300000 0.19183987
vt 0.61013651 0.02537313
vt 0.65300000 0.19183987
vt 0.65300000 0.03017506
vt 0.65300000 0.03017506
vt 0.65123849 0.02537313
vt 0.61013651 0.02537313
vt 0.60837500 0.19664179
vt 0.65300000 0.19664179
vt 0.65300000 0.02537313
vt 0.60837500 0.02537313
vt 0.60837500 0.19664179
vt 0.65300000 0.19664179
vt 0.65300000 0.02537313
vt 0.60837500 0.02537313
vt 0.60837500 0.19664179
vt 0.65300000 0.19664179
vt 0.65300000 0.02537313
vt 0.60837500 0.02537313
vt 0.60837500 0.19664179
vt 0.65300000 0.19664179
vt 0.65300000 0.02537313
vt 0.60837500 0.02537313
vt 0.60837500 0.19664179
vt 0.65300000 0.19664179
vt 0.65300000 0.02537313
vt 0.60837500 0.02537313
vt 0.60837500 0.19664179
vt 0.65300000 0.19664179
vt 0.65300000 0.02537313
vt 0.60837500 0.02537313
vt 0.60837500 0.19664179
vt 0.65300000 0.19664179
vt 0.65300000 0.02537313
vt 0.60837500 0.02537313
vt 0.60837500 0.19664179
vt 0.65300000 0.19664179
vt 0.65300000 0.02537313
vt 0.60837500 0.02537313
vt 0.60837500 0.31566812
vt 0.61016000 0.31082090
vt 0.65121500 0.31082090
vt 0.60837500 0.31566812
vt 0.65121500 0.31082090
vt 0.65300000 0.31566812
vt 0.60837500 0.31566812
vt 0.65300000 0.31566812
vt 0.65300000 0.47724233
vt 0.60837500 0.31566812
vt 0.65300000 0.47724233
vt 0.65121500 0.48208955
vt 0.60837500 0.31566812
vt 0.65121500 0.48208955
vt 0.61016000 0.48208955
vt 0.61016000 0.48208955
vt 0.60837500 0.47724233
vt 0.60837500 0.31566812
vt 0.61016000 0.31082090
vt 0.60837500 0.31566812
vt 0.60837500 0.47724233
vt 0.61016000 0.31082090
vt 0.60837500 0.47724233
vt 0.61016000 0.48208955
vt 0.61016000 0.31082090
vt 0.61016000 0.48208955
vt 0.65121500 0.48208955
vt 0.61016000 0.31082090
vt 0.65121500 0.48208955
vt 0.65300000 0.47724233
vt 0.61016000 0.31082090
vt 0.65300000 0.47724233
vt 0.65300000 0.31566812
vt 0.65300000 0.31566812
vt 0.65121500 0.31082090
vt 0.61016000 0.31082090
vt 0.60837500 0.48208955
vt 0.65300000 0.48208955
vt 0.65300000 0.31082090
vt 0.60837500 0.31082090
vt 0.60837500 0.48208955
vt 0.65300000 0.48208955
vt 0.65300000 0.31082090
vt 0.60837500 0.31082090
vt 0.60837500 0.48208955
vt 0.65300000 0.48208955
vt 0.65300000 0.31082090
vt 0.60837500 0.31082090
vt 0.60837500 0.48208955
vt 0.65300000 0.48208955
vt 0.65300000 0.31082090
vt 0.60837500 0.31082090
vt 0.60837500 0.48208955
vt 0.65300000 0.48208955
vt 0.65300000 0.31082090
vt 0.60837500 0.31082090
vt 0.60837500 0.48208955
vt 0.65300000 0.48208955
vt 0.65300000 0.31082090
vt 0.60837500 0.31082090
vt 0.60837500 0.48208955
vt 0.65300000 0.48208955
vt 0.65300000 0.31082090
vt 0.60837500 0.31082090
vt 0.60837500 0.48208955
vt 0.65300000 0.48208955
vt 0.65300000 0.31082090
vt 0.60837500 0.31082090
vt 0.34062500 0.02278655
vt 0.34631696 0.01585821
vt 0.57399554 0.01585821
vt 0.34062500 0.02278655
vt 0.57399554 0.01585821
vt 0.57968750 0.02278655
vt 0.34062500 0.02278655
vt 0.57968750 0.02278655
vt 0.57968750 0.48467613
vt 0.34062500 0.02278655
vt 0.57968750 0.48467613
vt 0.57399554 0.49160448
vt 0.34062500 0.02278655
vt 0.57399554 0.49160448
vt 0.34631696 0.49160448
vt 0.34631696 0.49160448
vt 0.34062500 0.48467613
vt 0.34062500 0.02278655
vt 0.34631696 0.01585821
vt 0.34062500 0.02278655
vt 0.34062500 0.48467613
vt 0.34631696 0.01585821
vt 0.34062500 0.48467613
vt 0.34631696 0.49160448
vt 0.34631696 0.01585821
vt 0.34631696 0.49160448
vt 0.57399554 0.49160448
vt 0.34631696 0.01585821
vt 0.57399554 0.49160448
vt 0.57968750 0.48467613
vt 0.34631696 0.01585821
vt 0.57968750 0.48467613
vt 0.57968750 0.02278655
vt 0.57968750 0.02278655
vt 0.57399554 0.01585821
vt 0.34631696 0.01585821
vt 0.34062500 0.49160448
vt 0.57968750 0.49160448
vt 0.57968750 0.01585821
vt 0.34062500 0.01585821
vt 0.34062500 0.49160448
vt 0.57968750 0.49160448
vt 0.57968750 0.01585821
vt 0.34062500 0.01585821
vt 0.34062500 0.49160448
vt 0.57968750 0.49160448
vt 0.57968750 0.01585821
vt 0.34062500 0.01585821
vt 0.34062500 0.49160448
vt 0.57968750 0.49160448
vt 0.57968750 0.01585821
vt 0.34062500 0.01585821
vt 0.34062500 0.49160448
vt 0.57968750 0.49160448
vt 0.57968750 0.01585821
vt 0.34062500 0.01585821
vt 0.34062500 0.49160448
vt 0.57968750 0.49160448
vt 0.57968750 0.01585821
vt 0.34062500 0.01585821
vt 0.34062500 0.49160448
vt 0.57968750 0.49160448
vt 0.57968750 0.01585821
vt 0.34062500 0.01585821
vt 0.34062500 0.49160448
vt 0.57968750 0.49160448
vt 0.57968750 0.01585821
vt 0.34062500 0.01585821
vt 0.60837500 0.02697378
vt 0.61395312 0.02537313
vt 0.64742188 0.02537313
vt 0.60837500 0.02697378
vt 0.64742188 0.02537313
vt 0.65300000 0.02697378
vt 0.60837500 0.02697378
vt 0.65300000 0.02697378
vt 0.65300000 0.19504115
vt 0.60837500 0.02697378
vt 0.65300000 0.19504115
vt 0.64742188 0.19664179
vt 0.60837500 0.02697378
vt 0.64742188 0.19664179
vt 0.61395312 0.19664179
vt 0.61395312 0.19664179
vt 0.60837500 0.19504115
vt 0.60837500 0.02697378
vt 0.61395312 0.02537313
vt 0.60837500 0.02697378
vt 0.60837500 0.19504115
vt 0.61395312 0.02537313
vt 0.60837500 0.19504115
vt 0.61395312 0.19664179
vt 0.61395312 0.02537313
vt 0.61395312 0.19664179
vt 0.64742188 0.19664179
vt 0.61395312 0.02537313
vt 0.64742188 0.19664179
vt 0.65300000 0.19504115
vt 0.61395312 0.02537313
vt 0.65300000 0.19504115
vt 0.65300000 0.02697378
vt 0.65300000 0.02697378
vt 0.64742188 0.02537313
vt 0.61395312 0.02537313
vt 0.60837500 0.19664179
vt 0.65300000 0.19664179
vt 0.65300000 0.02537313
vt 0.60837500 0.02537313
vt 0.60837500 0.19664179
vt 0.65300000 0.19664179
vt 0.65300000 0.02537313
vt 0.60837500 0.02537313
vt 0.60837500 0.19664179
vt 0.65300000 0.19664179
vt 0.65300000 0.02537313
vt 0.60837500 0.02537313
vt 0.60837500 0.19664179
vt 0.65300000 0.19664179
vt 0.65300000 0.02537313
vt 0.60837500 0.02537313
vt 0.60837500 0.19664179
vt 0.65300000 0.19664179
vt 0.65300000 0.02537313
vt 0.60837500 0.02537313
vt 0.60837500 0.19664179
vt 0.65300000 0.19664179
vt 0.65300000 0.02537313
vt 0.60837500 0.02537313
vt 0.60837500 0.19664179
vt 0.65300000 0.19664179
vt 0.65300000 0.02537313
vt 0.60837500 0.02537313
vt 0.60837500 0.19664179
vt 0.65300000 0.19664179
vt 0.65300000 0.02537313
vt 0.60837500 0.02537313
vt 0.34062500 0.35558791
vt 0.34062500 0.49160448
vt 0.38319777 0.41367832
vt 0.34062500 0.35558791
vt 0.38319777 0.41367832
vt 0.39629709 0.41367832
vt 0.34062500 0.35558791
vt 0.39629709 0.41367832
vt 0.51746575 0.21532083
vt 0.51746575 0.21532083
vt 0.57968750 0.21532083
vt 0.57968750 0.01585821
vt 0.34062500 0.35558791
vt 0.51746575 0.21532083
vt 0.57968750 0.01585821
vt 0.57968750 0.01585821
vt 0.40612158 0.01585821
vt 0.38647260 0.19406824
vt 0.57968750 0.01585821
vt 0.38647260 0.19406824
vt 0.34062500 0.35558791
vt 0.34062500 0.49160448
vt 0.34062500 0.35558791
vt 0.38647260 0.19406824
vt 0.38647260 0.19406824
vt 0.40612158 0.01585821
vt 0.57968750 0.01585821
vt 0.34062500 0.49160448
vt 0.38647260 0.19406824
vt 0.57968750 0.01585821
vt 0.57968750 0.01585821
vt 0.57968750 0.21532083
vt 0.51746575 0.21532083
vt 0.57968750 0.01585821
vt 0.51746575 0.21532083
vt 0.39629709 0.41367832
vt 0.57968750 0.01585821
vt 0.39629709 0.41367832
vt 0.38319777 0.41367832
vt 0.57968750 0.01585821
vt 0.38319777 0.41367832
vt 0.34062500 0.49160448
vt 0.34062500 0.49160448
vt 0.57968750 0.49160448
vt 0.57968750 0.01585821
vt 0.34062500 0.01585821
vt 0.34062500 0.49160448
vt 0.57968750 0.49160448
vt 0.57968750 0.01585821
vt 0.34062500 0.01585821
vt 0.34062500 0.49160448
vt 0.57968750 0.49160448
vt 0.57968750 0.01585821
vt 0.34062500 0.01585821
vt 0.34062500 0.49160448
vt 0.57968750 0.49160448
vt 0.57968750 0.01585821
vt 0.34062500 0.01585821
vt 0.34062500 0.49160448
vt 0.57968750 0.49160448
vt 0.57968750 0.01585821
vt 0.34062500 0.01585821
vt 0.34062500 0.49160448
vt 0.57968750 0.49160448
vt 0.57968750 0.01585821
vt 0.34062500 0.01585821
vt 0.34062500 0.49160448
vt 0.57968750 0.49160448
vt 0.57968750 0.01585821
vt 0.34062500 0.01585821
vt 0.34062500 0.49160448
vt 0.57968750 0.49160448
vt 0.57968750 0.01585821
vt 0.34062500 0.01585821
vt 0.34062500 0.49160448
vt 0.57968750 0.49160448
vt 0.57968750 0.01585821
vt 0.34062500 0.01585821
vt 0.34062500 0.02278655
vt 0.34631696 0.01585821
vt 0.57399554 0.01585821
vt 0.34062500 0.02278655
vt 0.57399554 0.01585821
vt 0.57968750 0.02278655
vt 0.34062500 0.02278655
vt 0.57968750 0.02278655
vt 0.57968750 0.48467613
vt 0.34062500 0.02278655
vt 0.57968750 0.48467613
vt 0.57399554 0.49160448
vt 0.34062500 0.02278655
vt 0.57399554 0.49160448
vt 0.34631696 0.49160448
vt 0.34631696 0.49160448
vt 0.34062500 0.48467613
vt 0.34062500 0.02278655
vt 0.34631696 0.01585821
vt 0.34062500 0.02278655
vt 0.34062500 0.48467613
vt 0.34631696 0.01585821
vt 0.34062500 0.48467613
vt 0.34631696 0.49160448
vt 0.34631696 0.01585821
vt 0.34631696 0.49160448
vt 0.57399554 0.49160448
vt 0.34631696 0.01585821
vt 0.57399554 0.49160448
vt 0.57968750 0.48467613
vt 0.34631696 0.01585821
vt 0.57968750 0.48467613
vt 0.57968750 0.02278655
vt 0.57968750 0.02278655
vt 0.57399554 0.01585821
vt 0.34631696 0.01585821
vt 0.34062500 0.49160448
vt 0.57968750 0.49160448
vt 0.57968750 0.01585821
vt 0.34062500 0.01585821
vt 0.34062500 0.49160448
vt 0.57968750 0.49160448
vt 0.57968750 0.01585821
vt 0.34062500 0.01585821
vt 0.34062500 0.49160448
vt 0.57968750 0.49160448
vt 0.57968750 0.01585821
vt 0.34062500 0.01585821
vt 0.34062500 0.49160448
vt 0.57968750 0.49160448
vt 0.57968750 0.01585821
vt 0.34062500 0.01585821
vt 0.34062500 0.49160448
vt 0.57968750 0.49160448
vt 0.57968750 0.01585821
vt 0.34062500 0.01585821
vt 0.34062500 0.49160448
vt 0.57968750 0.49160448
vt 0.57968750 0.01585821
vt 0.34062500 0.01585821
vt 0.34062500 0.49160448
vt 0.57968750 0.49160448
vt 0.57968750 0.01585821
vt 0.34062500 0.01585821
vt 0.34062500 0.49160448
vt 0.57968750 0.49160448
vt 0.57968750 0.01585821
vt 0.34062500 0.01585821
vt 0.60837500 0.02697378
vt 0.61395312 0.02537313
vt 0.64742188 0.02537313
vt 0.60837500 0.02697378
vt 0.64742188 0.02537313
vt 0.65300000 0.02697378
vt 0.60837500 0.02697378
vt 0.65300000 0.02697378
vt 0.65300000 0.19504115
vt 0.60837500 0.02697378
vt 0.65300000 0.19504115
vt 0.64742188 0.19664179
vt 0.60837500 0.02697378
vt 0.64742188 0.19664179
vt 0.61395312 0.19664179
vt 0.61395312 0.19664179
vt 0.60837500 0.19504115
vt 0.60837500 0.02697378
vt 0.61395312 0.02537313
vt 0.60837500 0.02697378
vt 0.60837500 0.19504115
vt 0.61395312 0.02537313
vt 0.60837500 0.19504115
vt 0.61395312 0.19664179
vt 0.61395312 0.02537313
vt 0.61395312 0.19664179
vt 0.64742188 0.19664179
vt 0.61395312 0.02537313
vt 0.64742188 0.19664179
vt 0.65300000 0.19504115
vt 0.61395312 0.02537313
vt 0.65300000 0.19504115
vt 0.65300000 0.02697378
vt 0.65300000 0.02697378
vt 0.64742188 0.02537313
vt 0.61395312 0.02537313
vt 0.60837500 0.19664179
vt 0.65300000 0.19664179
vt 0.65300000 0.02537313
vt 0.60837500 0.02537313
vt 0.60837500 0.19664179
vt 0.65300000 0.19664179
vt 0.65300000 0.02537313
vt 0.60837500 0.02537313
vt 0.60837500 0.19664179
vt 0.65300000 0.19664179
vt 0.65300000 0.02537313
vt 0.60837500 0.02537313
vt 0.60837500 0.19664179
vt 0.65300000 0.19664179
vt 0.65300000 0.02537313
vt 0.60837500 0.02537313
vt 0.60837500 0.19664179
vt 0.65300000 0.19664179
vt 0.65300000 0.02537313
vt 0.60837500 0.02537313
vt 0.60837500 0.19664179
vt 0.65300000 0.19664179
vt 0.65300000 0.02537313
vt 0.60837500 0.02537313
vt 0.60837500 0.19664179
vt 0.65300000 0.19664179
vt 0.65300000 0.02537313
vt 0.60837500 0.02537313
vt 0.60837500 0.19664179
vt 0.65300000 0.19664179
vt 0.65300000 0.02537313
vt 0.60837500 0.02537313
vt 0.34062500 0.49160448
vt 0.34062500 0.35558791
vt 0.38647260 0.19406824
vt 0.38647260 0.19406824
vt 0.40612158 0.01585821
vt 0.57968750 0.01585821
vt 0.34062500 0.49160448
vt 0.38647260 0.19406824
vt 0.57968750 0.01585821
vt 0.57968750 0.01585821
vt 0.57968750 0.21532083
vt 0.51746575 0.21532083
vt 0.57968750 0.01585821
vt 0.51746575 0.21532083
vt 0.39629709 0.41367832
vt 0.57968750 0.01585821
vt 0.39629709 0.41367832
vt 0.38319777 0.41367832
vt 0.57968750 0.01585821
vt 0.38319777 0.41367832
vt 0.34062500 0.49160448
vt 0.34062500 0.35558791
vt 0.34062500 0.49160448
vt 0.38319777 0.41367832
vt 0.34062500 0.35558791
vt 0.38319777 0.41367832
vt 0.39629709 0.41367832
vt 0.34062500 0.35558791
vt 0.39629709 0.41367832
vt 0.51746575 0.21532083
vt 0.51746575 0.21532083
vt 0.57968750 0.21532083
vt 0.57968750 0.01585821
vt 0.34062500 0.35558791
vt 0.51746575 0.21532083
vt 0.57968750 0.01585821
vt 0.57968750 0.01585821
vt 0.40612158 0.01585821
vt 0.38647260 0.19406824
vt 0.57968750 0.01585821
vt 0.38647260 0.19406824
vt 0.34062500 0.35558791
vt 0.34062500 0.01585821
vt 0.57968750 0.01585821
vt 0.57968750 0.49160448
vt 0.34062500 0.49160448
vt 0.34062500 0.01585821
vt 0.57968750 0.01585821
vt 0.57968750 0.49160448
vt 0.34062500 0.49160448
vt 0.34062500 0.01585821
vt 0.57968750 0.01585821
vt 0.57968750 0.49160448
vt 0.34062500 0.49160448
vt 0.34062500 0.01585821
vt 0.57968750 0.01585821
vt 0.57968750 0.49160448
vt 0.34062500 0.49160448
vt 0.34062500 0.01585821
vt 0.57968750 0.01585821
vt 0.57968750 0.49160448
vt 0.34062500 0.49160448
vt 0.34062500 0.01585821
vt 0.57968750 0.01585821
vt 0.57968750 0.49160448
vt 0.34062500 0.49160448
vt 0.34062500 0.01585821
vt 0.57968750 0.01585821
vt 0.57968750 0.49160448
vt 0.34062500 0.49160448
vt 0.34062500 0.01585821
vt 0.57968750 0.01585821
vt 0.57968750 0.49160448
vt 0.34062500 0.49160448
vt 0.34062500 0.01585821
vt 0.57968750 0.01585821
vt 0.57968750 0.49160448
vt 0.34062500 0.49160448
vt 0.01062500 0.50839552
vt 0.01062500 0.53314987
vt 0.32937500 0.53314987
vt 0.32937500 0.50839552
vt 0.01062500 0.53314987
vt 0.01062500 0.54757884
vt 0.32937500 0.54757884
vt 0.32937500 0.53314987
vt 0.01062500 0.54757884
vt 0.01062500 0.57932257
vt 0.32937500 0.57932257
vt 0.32937500 0.54757884
vt 0.01062500 0.57932257
vt 0.01062500 0.60818052
vt 0.32937500 0.60818052
vt 0.32937500 0.57932257
vt 0.01062500 0.60818052
vt 0.01062500 0.63992425
vt 0.32937500 0.63992425
vt 0.32937500 0.60818052
vt 0.01062500 0.63992425
vt 0.01062500 0.81884350
vt 0.32937500 0.81884350
vt 0.32937500 0.63992425
vt 0.01062500 0.81884350
vt 0.01062500 0.85347303
vt 0.32937500 0.85347303
vt 0.32937500 0.81884350
vt 0.01062500 0.85347303
vt 0.01062500 0.87078779
vt 0.32937500 0.87078779
vt 0.32937500 0.85347303
vt 0.01062500 0.87078779
vt 0.01062500 0.88810256
vt 0.32937500 0.88810256
vt 0.32937500 0.87078779
vt 0.01062500 0.88810256
vt 0.01062500 0.91118891
vt 0.32937500 0.91118891
vt 0.32937500 0.88810256
vt 0.01062500 0.91118891
vt 0.01062500 0.95447583
vt 0.32937500 0.95447583
vt 0.32937500 0.91118891
vt 0.01062500 0.95447583
vt 0.01062500 0.97179059
vt 0.32937500 0.97179059
vt 0.32937500 0.95447583
vt 0.34062500 0.97014925
vt 0.34062500 0.92817164
vt 0.65937500 0.92817164
vt 0.65937500 0.97014925
vt 0.34062500 0.92817164
vt 0.34062500 0.56436567
vt 0.65937500 0.56436567
vt 0.65937500 0.92817164
vt 0.34062500 0.56436567
vt 0.34062500 0.52238806
vt 0.65937500 0.52238806
vt 0.65937500 0.56436567
vt 0.01062500 0.97179059
vt 0.01062500 0.95447583
vt 0.32937500 0.95447583
vt 0.32937500 0.97179059
vt 0.01062500 0.95447583
vt 0.01062500 0.91118891
vt 0.32937500 0.91118891
vt 0.32937500 0.95447583
vt 0.01062500 0.91118891
vt 0.01062500 0.88810256
vt 0.32937500 0.88810256
vt 0.32937500 0.91118891
vt 0.01062500 0.88810256
vt 0.01062500 0.87078779
vt 0.32937500 0.87078779
vt 0.32937500 0.88810256
vt 0.01062500 0.87078779
vt 0.01062500 0.85347303
vt 0.32937500 0.85347303
vt 0.32937500 0.87078779
vt 0.01062500 0.85347303
vt 0.01062500 0.81884350
vt 0.32937500 0.81884350
vt 0.32937500 0.85347303
vt 0.01062500 0.81884350
vt 0.01062500 0.63992425
vt 0.32937500 0.63992425
vt 0.32937500 0.81884350
vt 0.01062500 0.63992425
vt 0.01062500 0.60818052
vt 0.32937500 0.60818052
vt 0.32937500 0.63992425
vt 0.01062500 0.60818052
vt 0.01062500 0.57932257
vt 0.32937500 0.57932257
vt 0.32937500 0.60818052
vt 0.01062500 0.57932257
vt 0.01062500 0.54757884
vt 0.32937500 0.54757884
vt 0.32937500 0.57932257
vt 0.01062500 0.54757884
vt 0.01062500 0.53314987
vt 0.32937500 0.53314987
vt 0.32937500 0.54757884
vt 0.01062500 0.53314987
vt 0.01062500 0.50839552
vt 0.32937500 0.50839552
vt 0.32937500 0.53314987
vt 0.01062500 0.50839552
vt 0.01062500 0.57500000
vt 0.32937500 0.57500000
vt 0.32937500 0.50839552
vt 0.98937500 0.50839552
vt 0.67062500 0.50839552
vt 0.67062500 0.53314987
vt 0.98937500 0.50839552
vt 0.67062500 0.53314987
vt 0.68428571 0.54757884
vt 0.98937500 0.50839552
vt 0.68428571 0.54757884
vt 0.77080357 0.57932257
vt 0.98937500 0.50839552
vt 0.77080357 0.57932257
vt 0.80267857 0.60818052
vt 0.80040179 0.85347303
vt 0.76852679 0.87078779
vt 0.75486607 0.88810256
vt 0.80040179 0.85347303
vt 0.75486607 0.88810256
vt 0.75258929 0.91118891
vt 0.80040179 0.85347303
vt 0.75258929 0.91118891
vt 0.75258929 0.95447583
vt 0.80040179 0.85347303
vt 0.75258929 0.95447583
vt 0.75714286 0.97179059
vt 0.80040179 0.85347303
vt 0.75714286 0.97179059
vt 0.77080357 0.98414179
vt 0.80950893 0.81884350
vt 0.80040179 0.85347303
vt 0.77080357 0.98414179
vt 0.80950893 0.81884350
vt 0.77080357 0.98414179
vt 0.88919643 0.98414179
vt 0.80950893 0.81884350
vt 0.88919643 0.98414179
vt 0.90285714 0.97179059
vt 0.80950893 0.81884350
vt 0.90285714 0.97179059
vt 0.90741071 0.95447583
vt 0.80950893 0.81884350
vt 0.90741071 0.95447583
vt 0.90741071 0.91118891
vt 0.80950893 0.81884350
vt 0.90741071 0.91118891
vt 0.90513393 0.88810256
vt 0.90513393 0.88810256
vt 0.89147321 0.87078779
vt 0.85959821 0.85347303
vt 0.80950893 0.81884350
vt 0.90513393 0.88810256
vt 0.85959821 0.85347303
vt 0.80950893 0.81884350
vt 0.85959821 0.85347303
vt 0.85049107 0.81884350
vt 0.80950893 0.63992425
vt 0.80950893 0.81884350
vt 0.85049107 0.81884350
vt 0.80267857 0.60818052
vt 0.80950893 0.63992425
vt 0.85049107 0.81884350
vt 0.80267857 0.60818052
vt 0.85049107 0.81884350
vt 0.85049107 0.63992425
vt 0.80267857 0.60818052
vt 0.85049107 0.63992425
vt 0.85732143 0.60818052
vt 0.80267857 0.60818052
vt 0.85732143 0.60818052
vt 0.88919643 0.57932257
vt 0.98937500 0.50839552
vt 0.80267857 0.60818052
vt 0.88919643 0.57932257
vt 0.98937500 0.50839552
vt 0.88919643 0.57932257
vt 0.97571429 0.54757884
vt 0.97571429 0.54757884
vt 0.98937500 0.53314987
vt 0.98937500 0.50839552
vt 0.67062500 0.50839552
vt 0.98937500 0.50839552
vt 0.98937500 0.53314987
vt 0.67062500 0.50839552
vt 0.98937500 0.53314987
vt 0.97571429 0.54757884
vt 0.67062500 0.50839552
vt 0.97571429 0.54757884
vt 0.88919643 0.57932257
vt 0.67062500 0.50839552
vt 0.88919643 0.57932257
vt 0.85732143 0.60818052
vt 0.85959821 0.85347303
vt 0.89147321 0.87078779
vt 0.90513393 0.88810256
vt 0.85959821 0.85347303
vt 0.90513393 0.88810256
vt 0.90741071 0.91118891
vt 0.85959821 0.85347303
vt 0.90741071 0.91118891
vt 0.90741071 0.95447583
vt 0.85959821 0.85347303
vt 0.90741071 0.95447583
vt 0.90285714 0.97179059
vt 0.85959821 0.85347303
vt 0.90285714 0.97179059
vt 0.88919643 0.98414179
vt 0.85049107 0.81884350
vt 0.85959821 0.85347303
vt 0.88919643 0.98414179
vt 0.85049107 0.81884350
vt 0.88919643 0.98414179
vt 0.77080357 0.98414179
vt 0.85049107 0.81884350
vt 0.77080357 0.98414179
vt 0.75714286 0.97179059
vt 0.85049107 0.81884350
vt 0.75714286 0.97179059
vt 0.75258929 0.95447583
vt 0.85049107 0.81884350
vt 0.75258929 0.95447583
vt 0.75258929 0.91118891
vt 0.85049107 0.81884350
vt 0.75258929 0.91118891
vt 0.75486607 0.88810256
vt 0.75486607 0.88810256
vt 0.76852679 0.87078779
vt 0.80040179 0.85347303
vt 0.85049107 0.81884350
vt 0.75486607 0.88810256
vt 0.80040179 0.85347303
vt 0.85049107 0.81884350
vt 0.80040179 0.85347303
vt 0.80950893 0.81884350
vt 0.85049107 0.63992425
vt 0.85049107 0.81884350
vt 0.80950893 0.81884350
vt 0.85732143 0.60818052
vt 0.85049107 0.63992425
vt 0.80950893 0.81884350
vt 0.85732143 0.60818052
vt 0.80950893 0.81884350
vt 0.80950893 0.63992425
vt 0.85732143 0.60818052
vt 0.80950893 0.63992425
vt 0.80267857 0.60818052
vt 0.85732143 0.60818052
vt 0.80267857 0.60818052
vt 0.77080357 0.57932257
vt 0.67062500 0.50839552
vt 0.85732143 0.60818052
vt 0.77080357 0.57932257
vt 0.67062500 0.50839552
vt 0.77080357 0.57932257
vt 0.68428571 0.54757884
vt 0.68428571 0.54757884
vt 0.67062500 0.53314987
vt 0.67062500 0.50839552
vt 0.60837500 0.03017506
vt 0.61013651 0.02537313
vt 0.65123849 0.02537313
vt 0.60837500 0.03017506
vt 0.65123849 0.02537313
vt 0.65300000 0.03017506
vt 0.60837500 0.03017506
vt 0.65300000 0.03017506
vt 0.65300000 0.19183987
vt 0.60837500 0.03017506
vt 0.65300000 0.19183987
vt 0.65123849 0.19664179
vt 0.60837500 0.03017506
vt 0.65123849 0.19664179
vt 0.61013651 0.19664179
vt 0.61013651 0.19664179
vt 0.60837500 0.19183987
vt 0.60837500 0.03017506
vt 0.61013651 0.02537313
vt 0.60837500 0.03017506
vt 0.60837500 0.19183987
vt 0.61013651 0.02537313
vt 0.60837500 0.19183987
vt 0.61013651 0.19664179
vt 0.61013651 0.02537313
vt 0.61013651 0.19664179
vt 0.65123849 0.19664179
vt 0.61013651 0.02537313
vt 0.65123849 0.19664179
vt 0.65300000 0.19183987
vt 0.61013651 0.02537313
vt 0.65300000 0.19183987
vt 0.65300000 0.03017506
vt 0.65300000 0.03017506
vt 0.65123849 0.02537313
vt 0.61013651 0.02537313
vt 0.60837500 0.19664179
vt 0.65300000 0.19664179
vt 0.65300000 0.02537313
vt 0.60837500 0.02537313
vt 0.60837500 0.19664179
vt 0.65300000 0.19664179
vt 0.65300000 0.02537313
vt 0.60837500 0.02537313
vt 0.60837500 0.19664179
vt 0.65300000 0.19664179
vt 0.65300000 0.02537313
vt 0.60837500 0.02537313
vt 0.60837500 0.19664179
vt 0.65300000 0.19664179
vt 0.65300000 0.02537313
vt 0.60837500 0.02537313
vt 0.60837500 0.19664179
vt 0.65300000 0.19664179
vt 0.65300000 0.02537313
vt 0.60837500 0.02537313
vt 0.60837500 0.19664179
vt 0.65300000 0.19664179
vt 0.65300000 0.02537313
vt 0.60837500 0.02537313
vt 0.60837500 0.19664179
vt 0.65300000 0.19664179
vt 0.65300000 0.02537313
vt 0.60837500 0.02537313
vt 0.60837500 0.19664179
vt 0.65300000 0.19664179
vt 0.65300000 0.02537313
vt 0.60837500 0.02537313
vt 0.60837500 0.31566812
vt 0.61016000 0.31082090
vt 0.65121500 0.31082090
vt 0.60837500 0.31566812
vt 0.65121500 0.31082090
vt 0.65300000 0.31566812
vt 0.60837500 0.31566812
vt 0.65300000 0.31566812
vt 0.65300000 0.47724233
vt 0.60837500 0.31566812
vt 0.65300000 0.47724233
vt 0.65121500 0.48208955
vt 0.60837500 0.31566812
vt 0.65121500 0.48208955
vt 0.61016000 0.48208955
vt 0.61016000 0.48208955
vt 0.60837500 0.47724233
vt 0.60837500 0.31566812
vt 0.61016000 0.31082090
vt 0.60837500 0.31566812
vt 0.60837500 0.47724233
vt 0.61016000 0.31082090
vt 0.60837500 0.47724233
vt 0.61016000 0.48208955
vt 0.61016000 0.31082090
vt 0.61016000 0.48208955
vt 0.65121500 0.48208955
vt 0.61016000 0.31082090
vt 0.65121500 0.48208955
vt 0.65300000 0.47724233
vt 0.61016000 0.31082090
vt 0.65300000 0.47724233
vt 0.65300000 0.31566812
vt 0.65300000 0.31566812
vt 0.65121500 0.31082090
vt 0.61016000 0.31082090
vt 0.60837500 0.48208955
vt 0.65300000 0.48208955
vt 0.65300000 0.31082090
vt 0.60837500 0.31082090
vt 0.60837500 0.48208955
vt 0.65300000 0.48208955
vt 0.65300000 0.31082090
vt 0.60837500 0.31082090
vt 0.60837500 0.48208955
vt 0.65300000 0.48208955
vt 0.65300000 0.31082090
vt 0.60837500 0.31082090
vt 0.60837500 0.48208955
vt 0.65300000 0.48208955
vt 0.65300000 0.31082090
vt 0.60837500 0.31082090
vt 0.60837500 0.48208955
vt 0.65300000 0.48208955
vt 0.65300000 0.31082090
vt 0.60837500 0.31082090
vt 0.60837500 0.48208955
vt 0.65300000 0.48208955
vt 0.65300000 0.31082090
vt 0.60837500 0.31082090
vt 0.60837500 0.48208955
vt 0.65300000 0.48208955
vt 0.65300000 0.31082090
vt 0.60837500 0.31082090
vt 0.60837500 0.48208955
vt 0.65300000 0.48208955
vt 0.65300000 0.31082090
vt 0.60837500 0.31082090
vt 0.34062500 0.02278655
vt 0.34631696 0.01585821
vt 0.57399554 0.01585821
vt 0.34062500 0.02278655
vt 0.57399554 0.01585821
vt 0.57968750 0.02278655
vt 0.34062500 0.02278655
vt 0.57968750 0.02278655
vt 0.57968750 0.48467613
vt 0.34062500 0.02278655
vt 0.57968750 0.48467613
vt 0.57399554 0.49160448
vt 0.34062500 0.02278655
vt 0.57399554 0.49160448
vt 0.34631696 0.49160448
vt 0.34631696 0.49160448
vt 0.34062500 0.48467613
vt 0.34062500 0.02278655
vt 0.34631696 0.01585821
vt 0.34062500 0.02278655
vt 0.34062500 0.48467613
vt 0.34631696 0.01585821
vt 0.34062500 0.48467613
vt 0.34631696 0.49160448
vt 0.34631696 0.01585821
vt 0.34631696 0.49160448
vt 0.57399554 0.49160448
vt 0.34631696 0.01585821
vt 0.57399554 0.49160448
vt 0.57968750 0.48467613
vt 0.34631696 0.01585821
vt 0.57968750 0.48467613
vt 0.57968750 0.02278655
vt 0.57968750 0.02278655
vt 0.57399554 0.01585821
vt 0.34631696 0.01585821
vt 0.34062500 0.49160448
vt 0.57968750 0.49160448
vt 0.57968750 0.01585821
vt 0.34062500 0.01585821
vt 0.34062500 0.49160448
vt 0.57968750 0.49160448
vt 0.57968750 0.01585821
vt 0.34062500 0.01585821
vt 0.34062500 0.49160448
vt 0.57968750 0.49160448
vt 0.57968750 0.01585821
vt 0.34062500 0.01585821
vt 0.34062500 0.49160448
vt 0.57968750 0.49160448
vt 0.57968750 0.01585821
vt 0.34062500 0.01585821
vt 0.34062500 0.49160448
vt 0.57968750 0.49160448
vt 0.57968750 0.01585821
vt 0.34062500 0.01585821
vt 0.34062500 0.49160448
vt 0.57968750 0.49160448
vt 0.57968750 0.01585821
vt 0.34062500 0.01585821
vt 0.34062500 0.49160448
vt 0.57968750 0.49160448
vt 0.57968750 0.01585821
vt 0.34062500 0.01585821
vt 0.34062500 0.49160448
vt 0.57968750 0.49160448
vt 0.57968750 0.01585821
vt 0.34062500 0.01585821
vt 0.60837500 0.02697378
vt 0.61395312 0.02537313
vt 0.64742188 0.02537313
vt 0.60837500 0.02697378
vt 0.64742188 0.02537313
vt 0.65300000 0.02697378
vt 0.60837500 0.02697378
vt 0.65300000 0.02697378
vt 0.65300000 0.19504115
vt 0.60837500 0.02697378
vt 0.65300000 0.19504115
vt 0.64742188 0.19664179
vt 0.60837500 0.02697378
vt 0.64742188 0.19664179
vt 0.61395312 0.19664179
vt 0.61395312 0.19664179
vt 0.60837500 0.19504115
vt 0.60837500 0.02697378
vt 0.61395312 0.02537313
vt 0.60837500 0.02697378
vt 0.60837500 0.19504115
vt 0.61395312 0.02537313
vt 0.60837500 0.19504115
vt 0.61395312 0.19664179
vt 0.61395312 0.02537313
vt 0.61395312 0.19664179
vt 0.64742188 0.19664179
vt 0.61395312 0.02537313
vt 0.64742188 0.19664179
vt 0.65300000 0.19504115
vt 0.61395312 0.02537313
vt 0.65300000 0.19504115
vt 0.65300000 0.02697378
vt 0.65300000 0.02697378
vt 0.64742188 0.02537313
vt 0.61395312 0.02537313
vt 0.60837500 0.19664179
vt 0.65300000 0.19664179
vt 0.65300000 0.02537313
vt 0.60837500 0.02537313
vt 0.60837500 0.19664179
vt 0.65300000 0.19664179
vt 0.65300000 0.02537313
vt 0.60837500 0.02537313
vt 0.60837500 0.19664179
vt 0.65300000 0.19664179
vt 0.65300000 0.02537313
vt 0.60837500 0.02537313
vt 0.60837500 0.19664179
vt 0.65300000 0.19664179
vt 0.65300000 0.02537313
vt 0.60837500 0.02537313
vt 0.60837500 0.19664179
vt 0.65300000 0.19664179
vt 0.65300000 0.02537313
vt 0.60837500 0.02537313
vt 0.60837500 0.19664179
vt 0.65300000 0.19664179
vt 0.65300000 0.02537313
vt 0.60837500 0.02537313
vt 0.60837500 0.19664179
vt 0.65300000 0.19664179
vt 0.65300000 0.02537313
vt 0.60837500 0.02537313
vt 0.60837500 0.19664179
vt 0.65300000 0.19664179
vt 0.65300000 0.02537313
vt 0.60837500 0.02537313
vt 0.34062500 0.35558791
vt 0.34062500 0.49160448
vt 0.38319777 0.41367832
vt 0.34062500 0.35558791
vt 0.38319777 0.41367832
vt 0.39629709 0.41367832
vt 0.34062500 0.35558791
vt 0.39629709 0.41367832
vt 0.51746575 0.21532083
vt 0.51746575 0.21532083
vt 0.57968750 0.21532083
vt 0.57968750 0.01585821
vt 0.34062500 0.35558791
vt 0.51746575 0.21532083
vt 0.57968750 0.01585821
vt 0.57968750 0.01585821
vt 0.40612158 0.01585821
vt 0.38647260 0.19406824
vt 0.57968750 0.01585821
vt 0.38647260 0.19406824
vt 0.34062500 0.35558791
vt 0.34062500 0.49160448
vt 0.34062500 0.35558791
vt 0.38647260 0.19406824
vt 0.38647260 0.19406824
vt 0.40612158 0.01585821
vt 0.57968750 0.01585821
vt 0.34062500 0.49160448
vt 0.38647260 0.19406824
vt 0.57968750 0.01585821
vt 0.57968750 0.01585821
vt 0.57968750 0.21532083
vt 0.51746575 0.21532083
vt 0.57968750 0.01585821
vt 0.51746575 0.21532083
vt 0.39629709 0.41367832
vt 0.57968750 0.01585821
vt 0.39629709 0.41367832
vt 0.38319777 0.41367832
vt 0.57968750 0.01585821
vt 0.38319777 0.41367832
vt 0.34062500 0.49160448
vt 0.34062500 0.49160448
vt 0.57968750 0.49160448
vt 0.57968750 0.01585821
vt 0.34062500 0.01585821
vt 0.34062500 0.49160448
vt 0.57968750 0.49160448
vt 0.57968750 0.01585821
vt 0.34062500 0.01585821
vt 0.34062500 0.49160448
vt 0.57968750 0.49160448
vt 0.57968750 0.01585821
vt 0.34062500 0.01585821
vt 0.34062500 0.49160448
vt 0.57968750 0.49160448
vt 0.57968750 0.01585821
vt 0.34062500 0.01585821
vt 0.34062500 0.49160448
vt 0.57968750 0.49160448
vt 0.57968750 0.01585821
vt 0.34062500 0.01585821
vt 0.34062500 0.49160448
vt 0.57968750 0.49160448
vt 0.57968750 0.01585821
vt 0.34062500 0.01585821
vt 0.34062500 0.49160448
vt 0.57968750 0.49160448
vt 0.57968750 0.01585821
vt 0.34062500 0.01585821
vt 0.34062500 0.49160448
vt 0.57968750 0.49160448
vt 0.57968750 0.01585821
vt 0.34062500 0.01585821
vt 0.34062500 0.49160448
vt 0.57968750 0.49160448
vt 0.57968750 0.01585821
vt 0.34062500 0.01585821
vt 0.34062500 0.02278655
vt 0.34631696 0.01585821
vt 0.57399554 0.01585821
vt 0.34062500 0.02278655
vt 0.57399554 0.01585821
vt 0.57968750 0.02278655
vt 0.34062500 0.02278655
vt 0.57968750 0.02278655
vt 0.57968750 0.48467613
vt 0.34062500 0.02278655
vt 0.57968750 0.48467613
vt 0.57399554 0.49160448
vt 0.34062500 0.02278655
vt 0.57399554 0.49160448
vt 0.34631696 0.49160448
vt 0.34631696 0.49160448
vt 0.34062500 0.48467613
vt 0.34062500 0.02278655
vt 0.34631696 0.01585821
vt 0.34062500 0.02278655
vt 0.34062500 0.48467613
vt 0.34631696 0.01585821
vt 0.34062500 0.48467613
vt 0.34631696 0.49160448
vt 0.34631696 0.01585821
vt 0.34631696 0.49160448
vt 0.57399554 0.49160448
vt 0.34631696 0.01585821
vt 0.57399554 0.49160448
vt 0.57968750 0.48467613
vt 0.34631696 0.01585821
vt 0.57968750 0.48467613
vt 0.57968750 0.02278655
vt 0.57968750 0.02278655
vt 0.57399554 0.01585821
vt 0.34631696 0.01585821
vt 0.34062500 0.49160448
vt 0.57968750 0.49160448
vt 0.57968750 0.01585821
vt 0.34062500 0.01585821
vt 0.34062500 0.49160448
vt 0.57968750 0.49160448
vt 0.57968750 0.01585821
vt 0.34062500 0.01585821
vt 0.34062500 0.49160448
vt 0.57968750 0.49160448
vt 0.57968750 0.01585821
vt 0.34062500 0.01585821
vt 0.34062500 0.49160448
vt 0.57968750 0.49160448
vt 0.57968750 0.01585821
vt 0.34062500 0.01585821
vt 0.34062500 0.49160448
vt 0.57968750 0.49160448
vt 0.57968750 0.01585821
vt 0.34062500 0.01585821
vt 0.34062500 0.49160448
vt 0.57968750 0.49160448
vt 0.57968750 0.01585821
vt 0.34062500 0.01585821
vt 0.34062500 0.49160448
vt 0.57968750 0.49160448
vt 0.57968750 0.01585821
vt 0.34062500 0.01585821
vt 0.34062500 0.49160448
vt 0.57968750 0.49160448
vt 0.57968750 0.01585821
vt 0.34062500 0.01585821
vt 0.60837500 0.02697378
vt 0.61395312 0.02537313
vt 0.64742188 0.02537313
vt 0.60837500 0.02697378
vt 0.64742188 0.02537313
vt 0.65300000 0.02697378
vt 0.60837500 0.02697378
vt 0.65300000 0.02697378
vt 0.65300000 0.19504115
vt 0.60837500 0.02697378
vt 0.65300000 0.19504115
vt 0.64742188 0.19664179
vt 0.60837500 0.02697378
vt 0.64742188 0.19664179
vt 0.61395312 0.19664179
vt 0.61395312 0.19664179
vt 0.60837500 0.19504115
vt 0.60837500 0.02697378
vt 0.61395312 0.02537313
vt 0.60837500 0.02697378
vt 0.60837500 0.19504115
vt 0.61395312 0.02537313
vt 0.60837500 0.19504115
vt 0.61395312 0.19664179
vt 0.61395312 0.02537313
vt 0.61395312 0.19664179
vt 0.64742188 0.19664179
vt 0.61395312 0.02537313
vt 0.64742188 0.19664179
vt 0.65300000 0.19504115
vt 0.61395312 0.02537313
vt 0.65300000 0.19504115
vt 0.65300000 0.02697378
vt 0.65300000 0.02697378
vt 0.64742188 0.02537313
vt 0.61395312 0.02537313
vt 0.60837500 0.19664179
vt 0.65300000 0.19664179
vt 0.65300000 0.02537313
vt 0.60837500 0.02537313
vt 0.60837500 0.19664179
vt 0.65300000 0.19664179
vt 0.65300000 0.02537313
vt 0.60837500 0.02537313
vt 0.60837500 0.19664179
vt 0.65300000 0.19664179
vt 0.65300000 0.02537313
vt 0.60837500 0.02537313
vt 0.60837500 0.19664179
vt 0.65300000 0.19664179
vt 0.65300000 0.02537313
vt 0.60837500 0.02537313
vt 0.60837500 0.19664179
vt 0.65300000 0.19664179
vt 0.65300000 0.02537313
vt 0.60837500 0.02537313
vt 0.60837500 0.19664179
vt 0.65300000 0.19664179
vt 0.65300000 0.02537313
vt 0.60837500 0.02537313
vt 0.60837500 0.19664179
vt 0.65300000 0.19664179
vt 0.65300000 0.02537313
vt 0.60837500 0.02537313
vt 0.60837500 0.19664179
vt 0.65300000 0.19664179
vt 0.65300000 0.02537313
vt 0.60837500 0.02537313
vt 0.34062500 0.49160448
vt 0.34062500 0.35558791
vt 0.38647260 0.19406824
vt 0.38647260 0.19406824
vt 0.40612158 0.01585821
vt 0.57968750 0.01585821
vt 0.34062500 0.49160448
vt 0.38647260 0.19406824
vt 0.57968750 0.01585821
vt 0.57968750 0.01585821
vt 0.57968750 0.21532083
vt 0.51746575 0.21532083
vt 0.57968750 0.01585821
vt 0.51746575 0.21532083
vt 0.39629709 0.41367832
vt 0.57968750 0.01585821
vt 0.39629709 0.41367832
vt 0.38319777 0.41367832
vt 0.57968750 0.01585821
vt 0.38319777 0.41367832
vt 0.34062500 0.49160448
vt 0.34062500 0.35558791
vt 0.34062500 0.49160448
vt 0.38319777 0.41367832
vt 0.34062500 0.35558791
vt 0.38319777 0.41367832
vt 0.39629709 0.41367832
vt 0.34062500 0.35558791
vt 0.39629709 0.41367832
vt 0.51746575 0.21532083
vt 0.51746575 0.21532083
vt 0.57968750 0.21532083
vt 0.57968750 0.01585821
vt 0.34062500 0.35558791
vt 0.51746575 0.21532083
vt 0.57968750 0.01585821
vt 0.57968750 0.01585821
vt 0.40612158 0.01585821
vt 0.38647260 0.19406824
vt 0.57968750 0.01585821
vt 0.38647260 0.19406824
vt 0.34062500 0.35558791
vt 0.34062500 0.01585821
vt 0.57968750 0.01585821
vt 0.57968750 0.49160448
vt 0.34062500 0.49160448
vt 0.34062500 0.01585821
vt 0.57968750 0.01585821
vt 0.57968750 0.49160448
vt 0.34062500 0.49160448
vt 0.34062500 0.01585821
vt 0.57968750 0.01585821
vt 0.57968750 0.49160448
vt 0.34062500 0.49160448
vt 0.34062500 0.01585821
vt 0.57968750 0.01585821
vt 0.57968750 0.49160448
vt 0.34062500 0.49160448
vt 0.34062500 0.01585821
vt 0.57968750 0.01585821
vt 0.57968750 0.49160448
vt 0.34062500 0.49160448
vt 0.34062500 0.01585821
vt 0.57968750 0.01585821
vt 0.57968750 0.49160448
vt 0.34062500 0.49160448
vt 0.34062500 0.01585821
vt 0.57968750 0.01585821
vt 0.57968750 0.49160448
vt 0.34062500 0.49160448
vt 0.34062500 0.01585821
vt 0.57968750 0.01585821
vt 0.57968750 0.49160448
vt 0.34062500 0.49160448
vt 0.34062500 0.01585821
vt 0.57968750 0.01585821
vt 0.57968750 0.49160448
vt 0.34062500 0.49160448
vt 0.01062500 0.50839552
vt 0.01062500 0.53314987
vt 0.32937500 0.53314987
vt 0.32937500 0.50839552
vt 0.01062500 0.53314987
vt 0.01062500 0.54757884
vt 0.32937500 0.54757884
vt 0.32937500 0.53314987
vt 0.01062500 0.54757884
vt 0.01062500 0.57932257
vt 0.32937500 0.57932257
vt 0.32937500 0.54757884
vt 0.01062500 0.57932257
vt 0.01062500 0.60818052
vt 0.32937500 0.60818052
vt 0.32937500 0.57932257
vt 0.01062500 0.60818052
vt 0.01062500 0.63992425
vt 0.32937500 0.63992425
vt 0.32937500 0.60818052
vt 0.01062500 0.63992425
vt 0.01062500 0.81884350
vt 0.32937500 0.81884350
vt 0.32937500 0.63992425
vt 0.01062500 0.81884350
vt 0.01062500 0.85347303
vt 0.32937500 0.85347303
vt 0.32937500 0.81884350
vt 0.01062500 0.85347303
vt 0.01062500 0.87078779
vt 0.32937500 0.87078779
vt 0.32937500 0.85347303
vt 0.01062500 0.87078779
vt 0.01062500 0.88810256
vt 0.32937500 0.88810256
vt 0.32937500 0.87078779
vt 0.01062500 0.88810256
vt 0.01062500 0.91118891
vt 0.32937500 0.91118891
vt 0.32937500 0.88810256
vt 0.01062500 0.91118891
vt 0.01062500 0.95447583
vt 0.32937500 0.95447583
vt 0.32937500 0.91118891
vt 0.01062500 0.95447583
vt 0.01062500 0.97179059
vt 0.32937500 0.97179059
vt 0.32937500 0.95447583
vt 0.34062500 0.97014925
vt 0.34062500 0.92817164
vt 0.65937500 0.92817164
vt 0.65937500 0.97014925
vt 0.34062500 0.92817164
vt 0.34062500 0.56436567
vt 0.65937500 0.56436567
vt 0.65937500 0.92817164
vt 0.34062500 0.56436567
vt 0.34062500 0.52238806
vt 0.65937500 0.52238806
vt 0.65937500 0.56436567
vt 0.01062500 0.97179059
vt 0.01062500 0.95447583
vt 0.32937500 0.95447583
vt 0.32937500 0.97179059
vt 0.01062500 0.95447583
vt 0.01062500 0.91118891
vt 0.32937500 0.91118891
vt 0.32937500 0.95447583
vt 0.01062500 0.91118891
vt 0.01062500 0.88810256
vt 0.32937500 0.88810256
vt 0.32937500 0.91118891
vt 0.01062500 0.88810256
vt 0.01062500 0.87078779
vt 0.32937500 0.87078779
vt 0.32937500 0.88810256
vt 0.01062500 0.87078779
vt 0.01062500 0.85347303
vt 0.32937500 0.85347303
vt 0.32937500 0.87078779
vt 0.01062500 0.85347303
vt 0.01062500 0.81884350
vt 0.32937500 0.81884350
vt 0.32937500 0.85347303
vt 0.01062500 0.81884350
vt 0.01062500 0.63992425
vt 0.32937500 0.63992425
vt 0.32937500 0.81884350
vt 0.01062500 0.63992425
vt 0.01062500 0.60818052
vt 0.32937500 0.60818052
vt 0.32937500 0.63992425
vt 0.01062500 0.60818052
vt 0.01062500 0.57932257
vt 0.32937500 0.57932257
vt 0.32937500 0.60818052
vt 0.01062500 0.57932257
vt 0.01062500 0.54757884
vt 0.32937500 0.54757884
vt 0.32937500 0.57932257
vt 0.01062500 0.54757884
vt 0.01062500 0.53314987
vt 0.32937500 0.53314987
vt 0.32937500 0.54757884
vt 0.01062500 0.53314987
vt 0.01062500 0.50839552
vt 0.32937500 0.50839552
vt 0.32937500 0.53314987
vt 0.01062500 0.50839552
vt 0.01062500 0.57500000
vt 0.32937500 0.57500000
vt 0.32937500 0.50839552
vt 0.98937500 0.50839552
vt 0.67062500 0.50839552
vt 0.67062500 0.53314987
vt 0.98937500 0.50839552
vt 0.67062500 0.53314987
vt 0.68428571 0.54757884
vt 0.98937500 0.50839552
vt 0.68428571 0.54757884
vt 0.77080357 0.57932257
vt 0.98937500 0.50839552
vt 0.77080357 0.57932257
vt 0.80267857 0.60818052
vt 0.80040179 0.85347303
vt 0.76852679 0.87078779
vt 0.75486607 0.88810256
vt 0.80040179 0.85347303
vt 0.75486607 0.88810256
vt 0.75258929 0.91118891
vt 0.80040179 0.85347303
vt 0.75258929 0.91118891
vt 0.75258929 0.95447583
vt 0.80040179 0.85347303
vt 0.75258929 0.95447583
vt 0.75714286 0.97179059
vt 0.80040179 0.85347303
vt 0.75714286 0.97179059
vt 0.77080357 0.98414179
vt 0.80950893 0.81884350
vt 0.80040179 0.85347303
vt 0.77080357 0.98414179
vt 0.80950893 0.81884350
vt 0.77080357 0.98414179
vt 0.88919643 0.98414179
vt 0.80950893 0.81884350
vt 0.88919643 0.98414179
vt 0.90285714 0.97179059
vt 0.80950893 0.81884350
vt 0.90285714 0.97179059
vt 0.90741071 0.95447583
vt 0.80950893 0.81884350
vt 0.90741071 0.95447583
vt 0.90741071 0.91118891
vt 0.80950893 0.81884350
vt 0.90741071 0.91118891
vt 0.90513393 0.88810256
vt 0.90513393 0.88810256
vt 0.89147321 0.87078779
vt 0.85959821 0.85347303
vt 0.80950893 0.81884350
vt 0.90513393 0.88810256
vt 0.85959821 0.85347303
vt 0.80950893 0.81884350
vt 0.85959821 0.85347303
vt 0.85049107 0.81884350
vt 0.80950893 0.63992425
vt 0.80950893 0.81884350
vt 0.85049107 0.81884350
vt 0.80267857 0.60818052
vt 0.80950893 0.63992425
vt 0.85049107 0.81884350
vt 0.80267857 0.60818052
vt 0.85049107 0.81884350
vt 0.85049107 0.63992425
vt 0.80267857 0.60818052
vt 0.85049107 0.63992425
vt 0.85732143 0.60818052
vt 0.80267857 0.60818052
vt 0.85732143 0.60818052
vt 0.88919643 0.57932257
vt 0.98937500 0.50839552
vt 0.80267857 0.60818052
vt 0.88919643 0.57932257
vt 0.98937500 0.50839552
vt 0.88919643 0.57932257
vt 0.97571429 0.54757884
vt 0.97571429 0.54757884
vt 0.98937500 0.53314987
vt 0.98937500 0.50839552
vt 0.67062500 0.50839552
vt 0.98937500 0.50839552
vt 0.98937500 0.53314987
vt 0.67062500 0.50839552
vt 0.98937500 0.53314987
vt 0.97571429 0.54757884
vt 0.67062500 0.50839552
vt 0.97571429 0.54757884
vt 0.88919643 0.57932257
vt 0.67062500 0.50839552
vt 0.88919643 0.57932257
vt 0.85732143 0.60818052
vt 0.85959821 0.85347303
vt 0.89147321 0.87078779
vt 0.90513393 0.88810256
vt 0.85959821 0.85347303
vt 0.90513393 0.88810256
vt 0.90741071 0.91118891
vt 0.85959821 0.85347303
vt 0.90741071 0.91118891
vt 0.90741071 0.95447583
vt 0.85959821 0.85347303
vt 0.90741071 0.95447583
vt 0.90285714 0.97179059
vt 0.85959821 0.85347303
vt 0.90285714 0.97179059
vt 0.88919643 0.98414179
vt 0.85049107 0.81884350
vt 0.85959821 0.85347303
vt 0.88919643 0.98414179
vt 0.85049107 0.81884350
vt 0.88919643 0.98414179
vt 0.77080357 0.98414179
vt 0.85049107 0.81884350
vt 0.77080357 0.98414179
vt 0.75714286 0.97179059
vt 0.85049107 0.81884350
vt 0.75714286 0.97179059
vt 0.75258929 0.95447583
vt 0.85049107 0.81884350
vt 0.75258929 0.95447583
vt 0.75258929 0.91118891
vt 0.85049107 0.81884350
vt 0.75258929 0.91118891
vt 0.75486607 0.88810256
vt 0.75486607 0.88810256
vt 0.76852679 0.87078779
vt 0.80040179 0.85347303
vt 0.85049107 0.81884350
vt 0.75486607 0.88810256
vt 0.80040179 0.85347303
vt 0.85049107 0.81884350
vt 0.80040179 0.85347303
vt 0.80950893 0.81884350
vt 0.85049107 0.63992425
vt 0.85049107 0.81884350
vt 0.80950893 0.81884350
vt 0.85732143 0.60818052
vt 0.85049107 0.63992425
vt 0.80950893 0.81884350
vt 0.85732143 0.60818052
vt 0.80950893 0.81884350
vt 0.80950893 0.63992425
vt 0.85732143 0.60818052
vt 0.80950893 0.63992425
vt 0.80267857 0.60818052
vt 0.85732143 0.60818052
vt 0.80267857 0.60818052
vt 0.77080357 0.57932257
vt 0.67062500 0.50839552
vt 0.85732143 0.60818052
vt 0.77080357 0.57932257
vt 0.67062500 0.50839552
vt 0.77080357 0.57932257
vt 0.68428571 0.54757884
vt 0.68428571 0.54757884
vt 0.67062500 0.53314987
vt 0.67062500 0.50839552
vt 0.34062500 0.02945096
vt 0.34605824 0.01585821
vt 0.57425426 0.01585821
vt 0.34062500 0.02945096
vt 0.57425426 0.01585821
vt 0.57968750 0.02945096
vt 0.34062500 0.02945096
vt 0.57968750 0.02945096
vt 0.57968750 0.47801173
vt 0.34062500 0.02945096
vt 0.57968750 0.47801173
vt 0.57425426 0.49160448
vt 0.34062500 0.02945096
vt 0.57425426 0.49160448
vt 0.34605824 0.49160448
vt 0.34605824 0.49160448
vt 0.34062500 0.47801173
vt 0.34062500 0.02945096
vt 0.34605824 0.01585821
vt 0.34062500 0.02945096
vt 0.34062500 0.47801173
vt 0.34605824 0.01585821
vt 0.34062500 0.47801173
vt 0.34605824 0.49160448
vt 0.34605824 0.01585821
vt 0.34605824 0.49160448
vt 0.57425426 0.49160448
vt 0.34605824 0.01585821
vt 0.57425426 0.49160448
vt 0.57968750 0.47801173
vt 0.34605824 0.01585821
vt 0.57968750 0.47801173
vt 0.57968750 0.02945096
vt 0.57968750 0.02945096
vt 0.57425426 0.01585821
vt 0.34605824 0.01585821
vt 0.34062500 0.49160448
vt 0.57968750 0.49160448
vt 0.57968750 0.01585821
vt 0.34062500 0.01585821
vt 0.34062500 0.49160448
vt 0.57968750 0.49160448
vt 0.57968750 0.01585821
vt 0.34062500 0.01585821
vt 0.34062500 0.49160448
vt 0.57968750 0.49160448
vt 0.57968750 0.01585821
vt 0.34062500 0.01585821
vt 0.34062500 0.49160448
vt 0.57968750 0.49160448
vt 0.57968750 0.01585821
vt 0.34062500 0.01585821
vt 0.34062500 0.49160448
vt 0.57968750 0.49160448
vt 0.57968750 0.01585821
vt 0.34062500 0.01585821
vt 0.34062500 0.49160448
vt 0.57968750 0.49160448
vt 0.57968750 0.01585821
vt 0.34062500 0.01585821
vt 0.34062500 0.49160448
vt 0.57968750 0.49160448
vt 0.57968750 0.01585821
vt 0.34062500 0.01585821
vt 0.34062500 0.49160448
vt 0.57968750 0.49160448
vt 0.57968750 0.01585821
vt 0.34062500 0.01585821
vt 0.60837500 0.31585821
vt 0.61016000 0.31082090
vt 0.65121500 0.31082090
vt 0.60837500 0.31585821
vt 0.65121500 0.31082090
vt 0.65300000 0.31585821
vt 0.60837500 0.31585821
vt 0.65300000 0.31585821
vt 0.65300000 0.47705224
vt 0.60837500 0.31585821
vt 0.65300000 0.47705224
vt 0.65121500 0.48208955
vt 0.60837500 0.31585821
vt 0.65121500 0.48208955
vt 0.61016000 0.48208955
vt 0.61016000 0.48208955
vt 0.60837500 0.47705224
vt 0.60837500 0.31585821
vt 0.61016000 0.31082090
vt 0.60837500 0.31585821
vt 0.60837500 0.47705224
vt 0.61016000 0.31082090
vt 0.60837500 0.47705224
vt 0.61016000 0.48208955
vt 0.61016000 0.31082090
vt 0.61016000 0.48208955
vt 0.65121500 0.48208955
vt 0.61016000 0.31082090
vt 0.65121500 0.48208955
vt 0.65300000 0.47705224
vt 0.61016000 0.31082090
vt 0.65300000 0.47705224
vt 0.65300000 0.31585821
vt 0.65300000 0.31585821
vt 0.65121500 0.31082090
vt 0.61016000 0.31082090
vt 0.60837500 0.48208955
vt 0.65300000 0.48208955
vt 0.65300000 0.31082090
vt 0.60837500 0.31082090
vt 0.60837500 0.48208955
vt 0.65300000 0.48208955
vt 0.65300000 0.31082090
vt 0.60837500 0.31082090
vt 0.60837500 0.48208955
vt 0.65300000 0.48208955
vt 0.65300000 0.31082090
vt 0.60837500 0.31082090
vt 0.60837500 0.48208955
vt 0.65300000 0.48208955
vt 0.65300000 0.31082090
vt 0.60837500 0.31082090
vt 0.60837500 0.48208955
vt 0.65300000 0.48208955
vt 0.65300000 0.31082090
vt 0.60837500 0.31082090
vt 0.60837500 0.48208955
vt 0.65300000 0.48208955
vt 0.65300000 0.31082090
vt 0.60837500 0.31082090
vt 0.60837500 0.48208955
vt 0.65300000 0.48208955
vt 0.65300000 0.31082090
vt 0.60837500 0.31082090
vt 0.60837500 0.48208955
vt 0.65300000 0.48208955
vt 0.65300000 0.31082090
vt 0.60837500 0.31082090
vt 0.34062500 0.02537313
vt 0.34981971 0.01585821
vt 0.57049279 0.01585821
vt 0.34062500 0.02537313
vt 0.57049279 0.01585821
vt 0.57968750 0.02537313
vt 0.34062500 0.02537313
vt 0.57968750 0.02537313
vt 0.57968750 0.48208955
vt 0.34062500 0.02537313
vt 0.57968750 0.48208955
vt 0.57049279 0.49160448
vt 0.34062500 0.02537313
vt 0.57049279 0.49160448
vt 0.34981971 0.49160448
vt 0.34981971 0.49160448
vt 0.34062500 0.48208955
vt 0.34062500 0.02537313
vt 0.34981971 0.01585821
vt 0.34062500 0.02537313
vt 0.34062500 0.48208955
vt 0.34981971 0.01585821
vt 0.34062500 0.48208955
vt 0.34981971 0.49160448
vt 0.34981971 0.01585821
vt 0.34981971 0.49160448
vt 0.57049279 0.49160448
vt 0.34981971 0.01585821
vt 0.57049279 0.49160448
vt 0.57968750 0.48208955
vt 0.34981971 0.01585821
vt 0.57968750 0.48208955
vt 0.57968750 0.02537313
vt 0.57968750 0.02537313
vt 0.57049279 0.01585821
vt 0.34981971 0.01585821
vt 0.34062500 0.49160448
vt 0.57968750 0.49160448
vt 0.57968750 0.01585821
vt 0.34062500 0.01585821
vt 0.34062500 0.49160448
vt 0.57968750 0.49160448
vt 0.57968750 0.01585821
vt 0.34062500 0.01585821
vt 0.34062500 0.49160448
vt 0.57968750 0.49160448
vt 0.57968750 0.01585821
vt 0.34062500 0.01585821
vt 0.34062500 0.49160448
vt 0.57968750 0.49160448
vt 0.57968750 0.01585821
vt 0.34062500 0.01585821
vt 0.34062500 0.49160448
vt 0.57968750 0.49160448
vt 0.57968750 0.01585821
vt 0.34062500 0.01585821
vt 0.34062500 0.49160448
vt 0.57968750 0.49160448
vt 0.57968750 0.01585821
vt 0.34062500 0.01585821
vt 0.34062500 0.49160448
vt 0.57968750 0.49160448
vt 0.57968750 0.01585821
vt 0.34062500 0.01585821
vt 0.34062500 0.49160448
vt 0.57968750 0.49160448
vt 0.57968750 0.01585821
vt 0.34062500 0.01585821
vt 0.34062500 0.02537313
vt 0.34981971 0.01585821
vt 0.57049279 0.01585821
vt 0.34062500 0.02537313
vt 0.57049279 0.01585821
vt 0.57968750 0.02537313
vt 0.34062500 0.02537313
vt 0.57968750 0.02537313
vt 0.57968750 0.48208955
vt 0.34062500 0.02537313
vt 0.57968750 0.48208955
vt 0.57049279 0.49160448
vt 0.34062500 0.02537313
vt 0.57049279 0.49160448
vt 0.34981971 0.49160448
vt 0.34981971 0.49160448
vt 0.34062500 0.48208955
vt 0.34062500 0.02537313
vt 0.34981971 0.01585821
vt 0.34062500 0.02537313
vt 0.34062500 0.48208955
vt 0.34981971 0.01585821
vt 0.34062500 0.48208955
vt 0.34981971 0.49160448
vt 0.34981971 0.01585821
vt 0.34981971 0.49160448
vt 0.57049279 0.49160448
vt 0.34981971 0.01585821
vt 0.57049279 0.49160448
vt 0.57968750 0.48208955
vt 0.34981971 0.01585821
vt 0.57968750 0.48208955
vt 0.57968750 0.02537313
vt 0.57968750 0.02537313
vt 0.57049279 0.01585821
vt 0.34981971 0.01585821
vt 0.34062500 0.49160448
vt 0.57968750 0.49160448
vt 0.57968750 0.01585821
vt 0.34062500 0.01585821
vt 0.34062500 0.49160448
vt 0.57968750 0.49160448
vt 0.57968750 0.01585821
vt 0.34062500 0.01585821
vt 0.34062500 0.49160448
vt 0.57968750 0.49160448
vt 0.57968750 0.01585821
vt 0.34062500 0.01585821
vt 0.34062500 0.49160448
vt 0.57968750 0.49160448
vt 0.57968750 0.01585821
vt 0.34062500 0.01585821
vt 0.34062500 0.49160448
vt 0.57968750 0.49160448
vt 0.57968750 0.01585821
vt 0.34062500 0.01585821
vt 0.34062500 0.49160448
vt 0.57968750 0.49160448
vt 0.57968750 0.01585821
vt 0.34062500 0.01585821
vt 0.34062500 0.49160448
vt 0.57968750 0.49160448
vt 0.57968750 0.01585821
vt 0.34062500 0.01585821
vt 0.34062500 0.49160448
vt 0.57968750 0.49160448
vt 0.57968750 0.01585821
vt 0.34062500 0.01585821
vt 0.01062500 0.50839552
vt 0.01062500 0.53314987
vt 0.32937500 0.53314987
vt 0.32937500 0.50839552
vt 0.01062500 0.53314987
vt 0.01062500 0.54757884
vt 0.32937500 0.54757884
vt 0.32937500 0.53314987
vt 0.01062500 0.54757884
vt 0.01062500 0.57932257
vt 0.32937500 0.57932257
vt 0.32937500 0.54757884
vt 0.01062500 0.57932257
vt 0.01062500 0.60818052
vt 0.32937500 0.60818052
vt 0.32937500 0.57932257
vt 0.01062500 0.60818052
vt 0.01062500 0.63992425
vt 0.32937500 0.63992425
vt 0.32937500 0.60818052
vt 0.01062500 0.63992425
vt 0.01062500 0.81884350
vt 0.32937500 0.81884350
vt 0.32937500 0.63992425
vt 0.01062500 0.81884350
vt 0.01062500 0.85347303
vt 0.32937500 0.85347303
vt 0.32937500 0.81884350
vt 0.01062500 0.85347303
vt 0.01062500 0.87078779
vt 0.32937500 0.87078779
vt 0.32937500 0.85347303
vt 0.01062500 0.87078779
vt 0.01062500 0.88810256
vt 0.32937500 0.88810256
vt 0.32937500 0.87078779
vt 0.01062500 0.88810256
vt 0.01062500 0.91118891
vt 0.32937500 0.91118891
vt 0.32937500 0.88810256
vt 0.01062500 0.91118891
vt 0.01062500 0.95447583
vt 0.32937500 0.95447583
vt 0.32937500 0.91118891
vt 0.01062500 0.95447583
vt 0.01062500 0.97179059
vt 0.32937500 0.97179059
vt 0.32937500 0.95447583
vt 0.01062500 0.97179059
vt 0.01062500 0.98414179
vt 0.32937500 0.98414179
vt 0.32937500 0.97179059
vt 0.01062500 0.50839552
vt 0.01062500 0.57500000
vt 0.32937500 0.57500000
vt 0.32937500 0.50839552
vt 0.01062500 0.98414179
vt 0.01062500 0.97179059
vt 0.32937500 0.97179059
vt 0.32937500 0.98414179
vt 0.01062500 0.97179059
vt 0.01062500 0.95447583
vt 0.32937500 0.95447583
vt 0.32937500 0.97179059
vt 0.01062500 0.95447583
vt 0.01062500 0.91118891
vt 0.32937500 0.91118891
vt 0.32937500 0.95447583
vt 0.01062500 0.91118891
vt 0.01062500 0.88810256
vt 0.32937500 0.88810256
vt 0.32937500 0.91118891
vt 0.01062500 0.88810256
vt 0.01062500 0.87078779
vt 0.32937500 0.87078779
vt 0.32937500 0.88810256
vt 0.01062500 0.87078779
vt 0.01062500 0.85347303
vt 0.32937500 0.85347303
vt 0.32937500 0.87078779
vt 0.01062500 0.85347303
vt 0.01062500 0.81884350
vt 0.32937500 0.81884350
vt 0.32937500 0.85347303
vt 0.01062500 0.81884350
vt 0.01062500 0.63992425
vt 0.32937500 0.63992425
vt 0.32937500 0.81884350
vt 0.01062500 0.63992425
vt 0.01062500 0.60818052
vt 0.32937500 0.60818052
vt 0.32937500 0.63992425
vt 0.01062500 0.60818052
vt 0.01062500 0.57932257
vt 0.32937500 0.57932257
vt 0.32937500 0.60818052
vt 0.01062500 0.57932257
vt 0.01062500 0.54757884
vt 0.32937500 0.54757884
vt 0.32937500 0.57932257
vt 0.01062500 0.54757884
vt 0.01062500 0.53314987
vt 0.32937500 0.53314987
vt 0.32937500 0.54757884
vt 0.01062500 0.53314987
vt 0.01062500 0.50839552
vt 0.32937500 0.50839552
vt 0.32937500 0.53314987
vt 0.01062500 0.50839552
vt 0.01062500 0.57500000
vt 0.32937500 0.57500000
vt 0.32937500 0.50839552
vt 0.34062500 0.02945096
vt 0.34605824 0.01585821
vt 0.57425426 0.01585821
vt 0.34062500 0.02945096
vt 0.57425426 0.01585821
vt 0.57968750 0.02945096
vt 0.34062500 0.02945096
vt 0.57968750 0.02945096
vt 0.57968750 0.47801173
vt 0.34062500 0.02945096
vt 0.57968750 0.47801173
vt 0.57425426 0.49160448
vt 0.34062500 0.02945096
vt 0.57425426 0.49160448
vt 0.34605824 0.49160448
vt 0.34605824 0.49160448
vt 0.34062500 0.47801173
vt 0.34062500 0.02945096
vt 0.34605824 0.01585821
vt 0.34062500 0.02945096
vt 0.34062500 0.47801173
vt 0.34605824 0.01585821
vt 0.34062500 0.47801173
vt 0.34605824 0.49160448
vt 0.34605824 0.01585821
vt 0.34605824 0.49160448
vt 0.57425426 0.49160448
vt 0.34605824 0.01585821
vt 0.57425426 0.49160448
vt 0.57968750 0.47801173
vt 0.34605824 0.01585821
vt 0.57968750 0.47801173
vt 0.57968750 0.02945096
vt 0.57968750 0.02945096
vt 0.57425426 0.01585821
vt 0.34605824 0.01585821
vt 0.34062500 0.49160448
vt 0.57968750 0.49160448
vt 0.57968750 0.01585821
vt 0.34062500 0.01585821
vt 0.34062500 0.49160448
vt 0.57968750 0.49160448
vt 0.57968750 0.01585821
vt 0.34062500 0.01585821
vt 0.34062500 0.49160448
vt 0.57968750 0.49160448
vt 0.57968750 0.01585821
vt 0.34062500 0.01585821
vt 0.34062500 0.49160448
vt 0.57968750 0.49160448
vt 0.57968750 0.01585821
vt 0.34062500 0.01585821
vt 0.34062500 0.49160448
vt 0.57968750 0.49160448
vt 0.57968750 0.01585821
vt 0.34062500 0.01585821
vt 0.34062500 0.49160448
vt 0.57968750 0.49160448
vt 0.57968750 0.01585821
vt 0.34062500 0.01585821
vt 0.34062500 0.49160448
vt 0.57968750 0.49160448
vt 0.57968750 0.01585821
vt 0.34062500 0.01585821
vt 0.34062500 0.49160448
vt 0.57968750 0.49160448
vt 0.57968750 0.01585821
vt 0.34062500 0.01585821
vt 0.60837500 0.31585821
vt 0.61016000 0.31082090
vt 0.65121500 0.31082090
vt 0.60837500 0.31585821
vt 0.65121500 0.31082090
vt 0.65300000 0.31585821
vt 0.60837500 0.31585821
vt 0.65300000 0.31585821
vt 0.65300000 0.47705224
vt 0.60837500 0.31585821
vt 0.65300000 0.47705224
vt 0.65121500 0.48208955
vt 0.60837500 0.31585821
vt 0.65121500 0.48208955
vt 0.61016000 0.48208955
vt 0.61016000 0.48208955
vt 0.60837500 0.47705224
vt 0.60837500 0.31585821
vt 0.61016000 0.31082090
vt 0.60837500 0.31585821
vt 0.60837500 0.47705224
vt 0.61016000 0.31082090
vt 0.60837500 0.47705224
vt 0.61016000 0.48208955
vt 0.61016000 0.31082090
vt 0.61016000 0.48208955
vt 0.65121500 0.48208955
vt 0.61016000 0.31082090
vt 0.65121500 0.48208955
vt 0.65300000 0.47705224
vt 0.61016000 0.31082090
vt 0.65300000 0.47705224
vt 0.65300000 0.31585821
vt 0.65300000 0.31585821
vt 0.65121500 0.31082090
vt 0.61016000 0.31082090
vt 0.60837500 0.48208955
vt 0.65300000 0.48208955
vt 0.65300000 0.31082090
vt 0.60837500 0.31082090
vt 0.60837500 0.48208955
vt 0.65300000 0.48208955
vt 0.65300000 0.31082090
vt 0.60837500 0.31082090
vt 0.60837500 0.48208955
vt 0.65300000 0.48208955
vt 0.65300000 0.31082090
vt 0.60837500 0.31082090
vt 0.60837500 0.48208955
vt 0.65300000 0.48208955
vt 0.65300000 0.31082090
vt 0.60837500 0.31082090
vt 0.60837500 0.48208955
vt 0.65300000 0.48208955
vt 0.65300000 0.31082090
vt 0.60837500 0.31082090
vt 0.60837500 0.48208955
vt 0.65300000 0.48208955
vt 0.65300000 0.31082090
vt 0.60837500 0.31082090
vt 0.60837500 0.48208955
vt 0.65300000 0.48208955
vt 0.65300000 0.31082090
vt 0.60837500 0.31082090
vt 0.60837500 0.48208955
vt 0.65300000 0.48208955
vt 0.65300000 0.31082090
vt 0.60837500 0.31082090
vt 0.34062500 0.02537313
vt 0.34981971 0.01585821
vt 0.57049279 0.01585821
vt 0.34062500 0.02537313
vt 0.57049279 0.01585821
vt 0.57968750 0.02537313
vt 0.34062500 0.02537313
vt 0.57968750 0.02537313
vt 0.57968750 0.48208955
vt 0.34062500 0.02537313
vt 0.57968750 0.48208955
vt 0.57049279 0.49160448
vt 0.34062500 0.02537313
vt 0.57049279 0.49160448
vt 0.34981971 0.49160448
vt 0.34981971 0.49160448
vt 0.34062500 0.48208955
vt 0.34062500 0.02537313
vt 0.34981971 0.01585821
vt 0.34062500 0.02537313
vt 0.34062500 0.48208955
vt 0.34981971 0.01585821
vt 0.34062500 0.48208955
vt 0.34981971 0.49160448
vt 0.34981971 0.01585821
vt 0.34981971 0.49160448
vt 0.57049279 0.49160448
vt 0.34981971 0.01585821
vt 0.57049279 0.49160448
vt 0.57968750 0.48208955
vt 0.34981971 0.01585821
vt 0.57968750 0.48208955
vt 0.57968750 0.02537313
vt 0.57968750 0.02537313
vt 0.57049279 0.01585821
vt 0.34981971 0.01585821
vt 0.34062500 0.49160448
vt 0.57968750 0.49160448
vt 0.57968750 0.01585821
vt 0.34062500 0.01585821
vt 0.34062500 0.49160448
vt 0.57968750 0.49160448
vt 0.57968750 0.01585821
vt 0.34062500 0.01585821
vt 0.34062500 0.49160448
vt 0.57968750 0.49160448
vt 0.57968750 0.01585821
vt 0.34062500 0.01585821
vt 0.34062500 0.49160448
vt 0.57968750 0.49160448
vt 0.57968750 0.01585821
vt 0.34062500 0.01585821
vt 0.34062500 0.49160448
vt 0.57968750 0.49160448
vt 0.57968750 0.01585821
vt 0.34062500 0.01585821
vt 0.34062500 0.49160448
vt 0.57968750 0.49160448
vt 0.57968750 0.01585821
vt 0.34062500 0.01585821
vt 0.34062500 0.49160448
vt 0.57968750 0.49160448
vt 0.57968750 0.01585821
vt 0.34062500 0.01585821
vt 0.34062500 0.49160448
vt 0.57968750 0.49160448
vt 0.57968750 0.01585821
vt 0.34062500 0.01585821
vt 0.34062500 0.02537313
vt 0.34981971 0.01585821
vt 0.57049279 0.01585821
vt 0.34062500 0.02537313
vt 0.57049279 0.01585821
vt 0.57968750 0.02537313
vt 0.34062500 0.02537313
vt 0.57968750 0.02537313
vt 0.57968750 0.48208955
vt 0.34062500 0.02537313
vt 0.57968750 0.48208955
vt 0.57049279 0.49160448
vt 0.34062500 0.02537313
vt 0.57049279 0.49160448
vt 0.34981971 0.49160448
vt 0.34981971 0.49160448
vt 0.34062500 0.48208955
vt 0.34062500 0.02537313
vt 0.34981971 0.01585821
vt 0.34062500 0.02537313
vt 0.34062500 0.48208955
vt 0.34981971 0.01585821
vt 0.34062500 0.48208955
vt 0.34981971 0.49160448
vt 0.34981971 0.01585821
vt 0.34981971 0.49160448
vt 0.57049279 0.49160448
vt 0.34981971 0.01585821
vt 0.57049279 0.49160448
vt 0.57968750 0.48208955
vt 0.34981971 0.01585821
vt 0.57968750 0.48208955
vt 0.57968750 0.02537313
vt 0.57968750 0.02537313
vt 0.57049279 0.01585821
vt 0.34981971 0.01585821
vt 0.34062500 0.49160448
vt 0.57968750 0.49160448
vt 0.57968750 0.01585821
vt 0.34062500 0.01585821
vt 0.34062500 0.49160448
vt 0.57968750 0.49160448
vt 0.57968750 0.01585821
vt 0.34062500 0.01585821
vt 0.34062500 0.49160448
vt 0.57968750 0.49160448
vt 0.57968750 0.01585821
vt 0.34062500 0.01585821
vt 0.34062500 0.49160448
vt 0.57968750 0.49160448
vt 0.57968750 0.01585821
vt 0.34062500 0.01585821
vt 0.34062500 0.49160448
vt 0.57968750 0.49160448
vt 0.57968750 0.01585821
vt 0.34062500 0.01585821
vt 0.34062500 0.49160448
vt 0.57968750 0.49160448
vt 0.57968750 0.01585821
vt 0.34062500 0.01585821
vt 0.34062500 0.49160448
vt 0.57968750 0.49160448
vt 0.57968750 0.01585821
vt 0.34062500 0.01585821
vt 0.34062500 0.49160448
vt 0.57968750 0.49160448
vt 0.57968750 0.01585821
vt 0.34062500 0.01585821
vt 0.01062500 0.50839552
vt 0.01062500 0.53314987
vt 0.32937500 0.53314987
vt 0.32937500 0.50839552
vt 0.01062500 0.53314987
vt 0.01062500 0.54757884
vt 0.32937500 0.54757884
vt 0.32937500 0.53314987
vt 0.01062500 0.54757884
vt 0.01062500 0.57932257
vt 0.32937500 0.57932257
vt 0.32937500 0.54757884
vt 0.01062500 0.57932257
vt 0.01062500 0.60818052
vt 0.32937500 0.60818052
vt 0.32937500 0.57932257
vt 0.01062500 0.60818052
vt 0.01062500 0.63992425
vt 0.32937500 0.63992425
vt 0.32937500 0.60818052
vt 0.01062500 0.63992425
vt 0.01062500 0.81884350
vt 0.32937500 0.81884350
vt 0.32937500 0.63992425
vt 0.01062500 0.81884350
vt 0.01062500 0.85347303
vt 0.32937500 0.85347303
vt 0.32937500 0.81884350
vt 0.01062500 0.85347303
vt 0.01062500 0.87078779
vt 0.32937500 0.87078779
vt 0.32937500 0.85347303
vt 0.01062500 0.87078779
vt 0.01062500 0.88810256
vt 0.32937500 0.88810256
vt 0.32937500 0.87078779
vt 0.01062500 0.88810256
vt 0.01062500 0.91118891
vt 0.32937500 0.91118891
vt 0.32937500 0.88810256
vt 0.01062500 0.91118891
vt 0.01062500 0.95447583
vt 0.32937500 0.95447583
vt 0.32937500 0.91118891
vt 0.01062500 0.95447583
vt 0.01062500 0.97179059
vt 0.32937500 0.97179059
vt 0.32937500 0.95447583
vt 0.01062500 0.97179059
vt 0.01062500 0.98414179
vt 0.32937500 0.98414179
vt 0.32937500 0.97179059
vt 0.01062500 0.50839552
vt 0.01062500 0.57500000
vt 0.32937500 0.57500000
vt 0.32937500 0.50839552
vt 0.01062500 0.98414179
vt 0.01062500 0.97179059
vt 0.32937500 0.97179059
vt 0.32937500 0.98414179
vt 0.01062500 0.97179059
vt 0.01062500 0.95447583
vt 0.32937500 0.95447583
vt 0.32937500 0.97179059
vt 0.01062500 0.95447583
vt 0.01062500 0.91118891
vt 0.32937500 0.91118891
vt 0.32937500 0.95447583
vt 0.01062500 0.91118891
vt 0.01062500 0.88810256
vt 0.32937500 0.88810256
vt 0.32937500 0.91118891
vt 0.01062500 0.88810256
vt 0.01062500 0.87078779
vt 0.32937500 0.87078779
vt 0.32937500 0.88810256
vt 0.01062500 0.87078779
vt 0.01062500 0.85347303
vt 0.32937500 0.85347303
vt 0.32937500 0.87078779
vt 0.01062500 0.85347303
vt 0.01062500 0.81884350
vt 0.32937500 0.81884350
vt 0.32937500 0.85347303
vt 0.01062500 0.81884350
vt 0.01062500 0.63992425
vt 0.32937500 0.63992425
vt 0.32937500 0.81884350
vt 0.01062500 0.63992425
vt 0.01062500 0.60818052
vt 0.32937500 0.60818052
vt 0.32937500 0.63992425
vt 0.01062500 0.60818052
vt 0.01062500 0.57932257
vt 0.32937500 0.57932257
vt 0.32937500 0.60818052
vt 0.01062500 0.57932257
vt 0.01062500 0.54757884
vt 0.32937500 0.54757884
vt 0.32937500 0.57932257
vt 0.01062500 0.54757884
vt 0.01062500 0.53314987
vt 0.32937500 0.53314987
vt 0.32937500 0.54757884
vt 0.01062500 0.53314987
vt 0.01062500 0.50839552
vt 0.32937500 0.50839552
vt 0.32937500 0.53314987
vt 0.01062500 0.50839552
vt 0.01062500 0.57500000
vt 0.32937500 0.57500000
vt 0.32937500 0.50839552
vn -0.67601314 0.73688957 0.00000000
vn -0.67601314 0.73688957 0.00000000
vn -0.67601314 0.73688957 0.00000000
vn -0.66990359 0.74244575 -0.00186779
vn -0.66990359 0.74244575 -0.00186779
vn -0.66990359 0.74244575 -0.00186779
vn -0.66990476 0.74244705 0.00000000
vn -0.66990476 0.74244705 0.00000000
vn -0.66990476 0.74244705 0.00000000
vn -0.67601198 0.73688830 0.00185381
vn -0.67601198 0.73688830 0.00185381
vn -0.67601198 0.73688830 0.00185381
vn 0.00000000 0.00000000 -1.00000000
vn 0.00000000 0.00000000 -1.00000000
vn 0.00000000 0.00000000 -1.00000000
vn 0.00000000 -0.00000000 1.00000000
vn 0.00000000 -0.00000000 1.00000000
vn 0.00000000 -0.00000000 1.00000000
vn 0.00000000 -1.00000000 0.00000000
vn 0.00000000 -1.00000000 0.00000000
vn 0.00000000 -1.00000000 0.00000000
vn 0.00000000 -1.00000000 0.00000000
vn -0.67132147 0.74116396 -0.00186456
vn -0.67132147 0.74116396 -0.00186456
vn -0.67132147 0.74116396 -0.00186456
vn -0.66510533 0.74674541 -0.00248915
vn -0.66510533 0.74674541 -0.00248915
vn -0.66510533 0.74674541 -0.00248915
vn -0.66510621 0.74674641 0.00187861
vn -0.66510621 0.74674641 0.00187861
vn -0.66510621 0.74674641 0.00187861
vn -0.67132058 0.74116299 0.00247054
vn -0.67132058 0.74116299 0.00247054
vn -0.67132058 0.74116299 0.00247054
vn 0.00000000 0.00000000 -1.00000000
vn 0.00000000 0.00000000 -1.00000000
vn 0.00000000 0.00000000 -1.00000000
vn 0.00000000 0.00000000 -1.00000000
vn 0.00000000 0.00000000 1.00000000
vn 0.00000000 0.00000000 1.00000000
vn 0.00000000 0.00000000 1.00000000
vn 0.00000000 0.00000000 1.00000000
vn 0.00000000 -1.00000000 0.00000000
vn 0.00000000 -1.00000000 0.00000000
vn 0.00000000 -1.00000000 0.00000000
vn 0.00000000 -1.00000000 0.00000000
vn -0.65886181 0.75225981 -0.00250753
vn -0.65886181 0.75225981 -0.00250753
vn -0.65886181 0.75225981 -0.00250753
vn -0.65235724 0.75789478 -0.00505263
vn -0.65235724 0.75789478 -0.00505263
vn -0.65235724 0.75789478 -0.00505263
vn -0.65236349 0.75790204 0.00252634
vn -0.65236349 0.75790204 0.00252634
vn -0.65236349 0.75790204 0.00252634
vn -0.65885560 0.75225272 0.00501502
vn -0.65885560 0.75225272 0.00501502
vn -0.65885560 0.75225272 0.00501502
vn 0.00000000 0.00000000 -1.00000000
vn 0.00000000 0.00000000 -1.00000000
vn 0.00000000 0.00000000 -1.00000000
vn 0.00000000 0.00000000 -1.00000000
vn 0.00000000 0.00000000 1.00000000
vn 0.00000000 0.00000000 1.00000000
vn 0.00000000 0.00000000 1.00000000
vn 0.00000000 0.00000000 1.00000000
vn 0.00000000 -1.00000000 0.00000000
vn 0.00000000 -1.00000000 0.00000000
vn 0.00000000 -1.00000000 0.00000000
vn 0.00000000 -1.00000000 0.00000000
vn -0.62674989 0.77920318 -0.00519469
vn -0.62674989 0.77920318 -0.00519469
vn -0.62674989 0.77920318 -0.00519469
vn -0.61951841 0.78494288 -0.00784943
vn -0.61951841 0.78494288 -0.00784943
vn -0.61951841 0.78494288 -0.00784943
vn -0.61952901 0.78495632 0.00523304
vn -0.61952901 0.78495632 0.00523304
vn -0.61952901 0.78495632 0.00523304
vn -0.62673932 0.77919004 0.00779190
vn -0.62673932 0.77919004 0.00779190
vn -0.62673932 0.77919004 0.00779190
vn 0.00000000 0.00000000 -1.00000000
vn 0.00000000 0.00000000 -1.00000000
vn 0.00000000 0.00000000 -1.00000000
vn 0.00000000 0.00000000 -1.00000000
vn 0.00000000 0.00000000 1.00000000
vn 0.00000000 0.00000000 1.00000000
vn 0.00000000 0.00000000 1.00000000
vn 0.00000000 0.00000000 1.00000000
vn 0.00000000 -1.00000000 0.00000000
vn 0.00000000 -1.00000000 0.00000000
vn 0.00000000 -1.00000000 0.00000000
vn 0.00000000 -1.00000000 0.00000000
vn -0.57940804 0.81499687 -0.00814997
vn -0.57940804 0.81499687 -0.00814997
vn -0.57940804 0.81499687 -0.00814997
vn -0.57113334 0.82078434 -0.01094379
vn -0.57113334 0.82078434 -0.01094379
vn -0.57113334 0.82078434 -0.01094379
vn -0.57114831 0.82080585 0.00820806
vn -0.57114831 0.82080585 0.00820806
vn -0.57114831 0.82080585 0.00820806
vn -0.57939307 0.81497582 0.01086634
vn -0.57939307 0.81497582 0.01086634
vn -0.57939307 0.81497582 0.01086634
vn 0.00000000 0.00000000 -1.00000000
vn 0.00000000 0.00000000 -1.00000000
vn 0.00000000 0.00000000 -1.00000000
vn 0.00000000 0.00000000 -1.00000000
vn 0.00000000 0.00000000 1.00000000
vn 0.00000000 0.00000000 1.00000000
vn 0.00000000 0.00000000 1.00000000
vn 0.00000000 0.00000000 1.00000000
vn 0.00000000 -1.00000000 0.00000000
vn 0.00000000 -1.00000000 0.00000000
vn 0.00000000 -1.00000000 0.00000000
vn 0.00000000 -1.00000000 0.00000000
vn -0.52061463 0.85371590 -0.01138288
vn -0.52061463 0.85371590 -0.01138288
vn -0.52061463 0.85371590 -0.01138288
vn -0.51110737 0.85939752 -0.01432329
vn -0.51110737 0.85939752 -0.01432329
vn -0.51110737 0.85939752 -0.01432329
vn -0.51112625 0.85942926 0.01145906
vn -0.51112625 0.85942926 0.01145906
vn -0.51112625 0.85942926 0.01145906
vn -0.52059566 0.85368479 0.01422808
vn -0.52059566 0.85368479 0.01422808
vn -0.52059566 0.85368479 0.01422808
vn 0.00000000 0.00000000 -1.00000000
vn 0.00000000 0.00000000 -1.00000000
vn 0.00000000 0.00000000 -1.00000000
vn 0.00000000 0.00000000 -1.00000000
vn 0.00000000 0.00000000 1.00000000
vn 0.00000000 0.00000000 1.00000000
vn 0.00000000 0.00000000 1.00000000
vn 0.00000000 0.00000000 1.00000000
vn 0.00000000 -1.00000000 0.00000000
vn 0.00000000 -1.00000000 0.00000000
vn 0.00000000 -1.00000000 0.00000000
vn 0.00000000 -1.00000000 0.00000000
vn -0.45878801 0.88842238 -0.01480704
vn -0.45878801 0.88842238 -0.01480704
vn -0.45878801 0.88842238 -0.01480704
vn -0.44808089 0.89381427 -0.01787629
vn -0.44808089 0.89381427 -0.01787629
vn -0.44808089 0.89381427 -0.01787629
vn -0.44810276 0.89385792 0.01489763
vn -0.44810276 0.89385792 0.01489763
vn -0.44810276 0.89385792 0.01489763
vn -0.45876588 0.88837953 0.01776759
vn -0.45876588 0.88837953 0.01776759
vn -0.45876588 0.88837953 0.01776759
vn 0.00000000 0.00000000 -1.00000000
vn 0.00000000 0.00000000 -1.00000000
vn 0.00000000 0.00000000 -1.00000000
vn 0.00000000 0.00000000 -1.00000000
vn 0.00000000 0.00000000 1.00000000
vn 0.00000000 0.00000000 1.00000000
vn 0.00000000 0.00000000 1.00000000
vn 0.00000000 0.00000000 1.00000000
vn 0.00000000 -1.00000000 0.00000000
vn 0.00000000 -1.00000000 0.00000000
vn 0.00000000 -1.00000000 0.00000000
vn 0.00000000 -1.00000000 0.00000000
vn -0.40642676 0.91350068 -0.01827001
vn -0.40642676 0.91350068 -0.01827001
vn -0.40642676 0.91350068 -0.01827001
vn -0.39479511 0.91851918 -0.02143211
vn -0.39479511 0.91851918 -0.02143211
vn -0.39479511 0.91851918 -0.02143211
vn -0.39481917 0.91857515 0.01837150
vn -0.39481917 0.91857515 0.01837150
vn -0.39481917 0.91857515 0.01837150
vn -0.40640227 0.91344563 0.02131373
vn -0.40640227 0.91344563 0.02131373
vn -0.40640227 0.91344563 0.02131373
vn 0.00000000 0.00000000 -1.00000000
vn 0.00000000 0.00000000 -1.00000000
vn 0.00000000 0.00000000 -1.00000000
vn 0.00000000 0.00000000 -1.00000000
vn 0.00000000 0.00000000 -1.00000000
vn 0.00000000 0.00000000 -1.00000000
vn 0.00000000 -0.00000000 -1.00000000
vn 0.00000000 -0.00000000 -1.00000000
vn 0.00000000 -0.00000000 -1.00000000
vn 0.00000000 0.00000000 -1.00000000
vn 0.00000000 0.00000000 -1.00000000
vn 0.00000000 0.00000000 -1.00000000
vn 0.00000000 0.00000000 1.00000000
vn 0.00000000 0.00000000 1.00000000
vn 0.00000000 0.00000000 1.00000000
vn -0.00000000 0.00000000 1.00000000
vn -0.00000000 0.00000000 1.00000000
vn -0.00000000 0.00000000 1.00000000
vn 0.00000000 0.00000000 1.00000000
vn 0.00000000 0.00000000 1.00000000
vn 0.00000000 0.00000000 1.00000000
vn 0.00000000 -0.00000000 1.00000000
vn 0.00000000 -0.00000000 1.00000000
vn 0.00000000 -0.00000000 1.00000000
vn 0.00000000 -1.00000000 0.00000000
vn 0.00000000 -1.00000000 0.00000000
vn 0.00000000 -1.00000000 0.00000000
vn 0.00000000 -1.00000000 0.00000000
vn -0.37626353 0.92626057 -0.02161275
vn -0.37626353 0.92626057 -0.02161275
vn -0.37626353 0.92626057 -0.02161275
vn -0.36414097 0.93101287 -0.02482701
vn -0.36414097 0.93101287 -0.02482701
vn -0.36414097 0.93101287 -0.02482701
vn -0.36416728 0.93108013 0.02172520
vn -0.36416728 0.93108013 0.02172520
vn -0.36416728 0.93108013 0.02172520
vn -0.37623663 0.92619435 0.02469852
vn -0.37623663 0.92619435 0.02469852
vn -0.37623663 0.92619435 0.02469852
vn 0.00000000 0.00000000 -1.00000000
vn 0.00000000 0.00000000 -1.00000000
vn 0.00000000 0.00000000 -1.00000000
vn 0.00000000 0.00000000 -1.00000000
vn 0.00000000 0.00000000 -1.00000000
vn 0.00000000 0.00000000 -1.00000000
vn 0.00000000 0.00000000 -1.00000000
vn 0.00000000 0.00000000 -1.00000000
vn 0.00000000 0.00000000 1.00000000
vn 0.00000000 0.00000000 1.00000000
vn 0.00000000 0.00000000 1.00000000
vn 0.00000000 0.00000000 1.00000000
vn 0.00000000 -0.00000000 1.00000000
vn 0.00000000 -0.00000000 1.00000000
vn 0.00000000 -0.00000000 1.00000000
vn 0.00000000 -0.00000000 1.00000000
vn 0.00000000 -1.00000000 0.00000000
vn 0.00000000 -1.00000000 0.00000000
vn 0.00000000 -1.00000000 0.00000000
vn 0.00000000 -1.00000000 0.00000000
vn 0.09946871 0.99468709 -0.02652499
vn 0.09946871 0.99468709 -0.02652499
vn 0.09946871 0.99468709 -0.02652499
vn 0.09946871 0.99468709 -0.02652499
vn 0.09946871 0.99468709 0.02652499
vn 0.09946871 0.99468709 0.02652499
vn 0.09946871 0.99468709 0.02652499
vn 0.09946871 0.99468709 0.02652499
vn 0.00000000 0.00000000 -1.00000000
vn 0.00000000 0.00000000 -1.00000000
vn 0.00000000 0.00000000 -1.00000000
vn 0.00000000 0.00000000 -1.00000000
vn 0.00000000 0.00000000 -1.00000000
vn 0.00000000 0.00000000 -1.00000000
vn 0.00000000 0.00000000 -1.00000000
vn 0.00000000 0.00000000 -1.00000000
vn 0.00000000 0.00000000 1.00000000
vn 0.00000000 0.00000000 1.00000000
vn 0.00000000 0.00000000 1.00000000
vn 0.00000000 0.00000000 1.00000000
vn 0.00000000 -0.00000000 1.00000000
vn 0.00000000 -0.00000000 1.00000000
vn 0.00000000 -0.00000000 1.00000000
vn 0.00000000 -0.00000000 1.00000000
vn 0.00000000 -1.00000000 0.00000000
vn 0.00000000 -1.00000000 0.00000000
vn 0.00000000 -1.00000000 0.00000000
vn 0.00000000 -1.00000000 0.00000000
vn 0.00000000 0.99964463 -0.02665719
vn 0.00000000 0.99964463 -0.02665719
vn 0.00000000 0.99964463 -0.02665719
vn 0.00000000 0.99964463 -0.02665719
vn -0.00000000 0.99964463 0.02665719
vn -0.00000000 0.99964463 0.02665719
vn -0.00000000 0.99964463 0.02665719
vn -0.00000000 0.99964463 0.02665719
vn 0.00000000 0.00000000 -1.00000000
vn 0.00000000 0.00000000 -1.00000000
vn 0.00000000 0.00000000 -1.00000000
vn 0.00000000 0.00000000 -1.00000000
vn 0.00000000 0.00000000 -1.00000000
vn 0.00000000 0.00000000 -1.00000000
vn 0.00000000 0.00000000 -1.00000000
vn 0.00000000 0.00000000 -1.00000000
vn 0.00000000 0.00000000 1.00000000
vn 0.00000000 0.00000000 1.00000000
vn 0.00000000 0.00000000 1.00000000
vn 0.00000000 0.00000000 1.00000000
vn 0.00000000 -0.00000000 1.00000000
vn 0.00000000 -0.00000000 1.00000000
vn 0.00000000 -0.00000000 1.00000000
vn 0.00000000 -0.00000000 1.00000000
vn 0.00000000 -1.00000000 0.00000000
vn 0.00000000 -1.00000000 0.00000000
vn 0.00000000 -1.00000000 0.00000000
vn 0.00000000 -1.00000000 0.00000000
vn 0.00000000 0.99964463 -0.02665719
vn 0.00000000 0.99964463 -0.02665719
vn 0.00000000 0.99964463 -0.02665719
vn 0.00000000 0.99964463 -0.02665719
vn -0.00000000 0.99964463 0.02665719
vn -0.00000000 0.99964463 0.02665719
vn -0.00000000 0.99964463 0.02665719
vn -0.00000000 0.99964463 0.02665719
vn 0.00000000 0.00000000 -1.00000000
vn 0.00000000 0.00000000 -1.00000000
vn 0.00000000 0.00000000 -1.00000000
vn 0.00000000 0.00000000 -1.00000000
vn 0.00000000 0.00000000 -1.00000000
vn 0.00000000 0.00000000 -1.00000000
vn 0.00000000 0.00000000 -1.00000000
vn 0.00000000 0.00000000 -1.00000000
vn 0.00000000 0.00000000 1.00000000
vn 0.00000000 0.00000000 1.00000000
vn 0.00000000 0.00000000 1.00000000
vn 0.00000000 0.00000000 1.00000000
vn 0.00000000 -0.00000000 1.00000000
vn 0.00000000 -0.00000000 1.00000000
vn 0.00000000 -0.00000000 1.00000000
vn 0.00000000 -0.00000000 1.00000000
vn 0.00000000 -1.00000000 0.00000000
vn 0.00000000 -1.00000000 0.00000000
vn 0.00000000 -1.00000000 0.00000000
vn 0.00000000 -1.00000000 0.00000000
vn 0.00000000 0.99964463 -0.02665719
vn 0.00000000 0.99964463 -0.02665719
vn 0.00000000 0.99964463 -0.02665719
vn 0.00000000 0.99964463 -0.02665719
vn -0.00000000 0.99964463 0.02665719
vn -0.00000000 0.99964463 0.02665719
vn -0.00000000 0.99964463 0.02665719
vn -0.00000000 0.99964463 0.02665719
vn 0.00000000 0.00000000 -1.00000000
vn 0.00000000 0.00000000 -1.00000000
vn 0.00000000 0.00000000 -1.00000000
vn 0.00000000 0.00000000 -1.00000000
vn 0.00000000 0.00000000 -1.00000000
vn 0.00000000 0.00000000 -1.00000000
vn 0.00000000 0.00000000 -1.00000000
vn 0.00000000 0.00000000 -1.00000000
vn 0.00000000 0.00000000 1.00000000
vn 0.00000000 0.00000000 1.00000000
vn 0.00000000 0.00000000 1.00000000
vn 0.00000000 0.00000000 1.00000000
vn 0.00000000 -0.00000000 1.00000000
vn 0.00000000 -0.00000000 1.00000000
vn 0.00000000 -0.00000000 1.00000000
vn 0.00000000 -0.00000000 1.00000000
vn 0.00000000 -1.00000000 0.00000000
vn 0.00000000 -1.00000000 0.00000000
vn 0.00000000 -1.00000000 0.00000000
vn 0.00000000 -1.00000000 0.00000000
vn 0.00000000 0.99964463 -0.02665719
vn 0.00000000 0.99964463 -0.02665719
vn 0.00000000 0.99964463 -0.02665719
vn 0.00000000 0.99964463 -0.02665719
vn -0.00000000 0.99964463 0.02665719
vn -0.00000000 0.99964463 0.02665719
vn -0.00000000 0.99964463 0.02665719
vn -0.00000000 0.99964463 0.02665719
vn 0.00000000 0.00000000 -1.00000000
vn 0.00000000 0.00000000 -1.00000000
vn 0.00000000 0.00000000 -1.00000000
vn 0.00000000 0.00000000 -1.00000000
vn 0.00000000 0.00000000 -1.00000000
vn 0.00000000 0.00000000 -1.00000000
vn 0.00000000 0.00000000 -1.00000000
vn 0.00000000 0.00000000 -1.00000000
vn 0.00000000 0.00000000 1.00000000
vn 0.00000000 0.00000000 1.00000000
vn 0.00000000 0.00000000 1.00000000
vn 0.00000000 0.00000000 1.00000000
vn 0.00000000 -0.00000000 1.00000000
vn 0.00000000 -0.00000000 1.00000000
vn 0.00000000 -0.00000000 1.00000000
vn 0.00000000 -0.00000000 1.00000000
vn 0.00000000 -1.00000000 0.00000000
vn 0.00000000 -1.00000000 0.00000000
vn 0.00000000 -1.00000000 0.00000000
vn 0.00000000 -1.00000000 0.00000000
vn -0.09946871 0.99468709 -0.02652499
vn -0.09946871 0.99468709 -0.02652499
vn -0.09946871 0.99468709 -0.02652499
vn -0.09946871 0.99468709 -0.02652499
vn -0.09946871 0.99468709 0.02652499
vn -0.09946871 0.99468709 0.02652499
vn -0.09946871 0.99468709 0.02652499
vn -0.09946871 0.99468709 0.02652499
vn 0.00000000 0.00000000 -1.00000000
vn 0.00000000 0.00000000 -1.00000000
vn 0.00000000 0.00000000 -1.00000000
vn 0.00000000 0.00000000 -1.00000000
vn 0.00000000 0.00000000 -1.00000000
vn 0.00000000 0.00000000 -1.00000000
vn 0.00000000 0.00000000 -1.00000000
vn 0.00000000 0.00000000 -1.00000000
vn 0.00000000 0.00000000 1.00000000
vn 0.00000000 0.00000000 1.00000000
vn 0.00000000 0.00000000 1.00000000
vn 0.00000000 0.00000000 1.00000000
vn 0.00000000 -0.00000000 1.00000000
vn 0.00000000 -0.00000000 1.00000000
vn 0.00000000 -0.00000000 1.00000000
vn 0.00000000 -0.00000000 1.00000000
vn 0.00000000 -1.00000000 0.00000000
vn 0.00000000 -1.00000000 0.00000000
vn 0.00000000 -1.00000000 0.00000000
vn 0.00000000 -1.00000000 0.00000000
vn 0.37623663 0.92619435 -0.02469852
vn 0.37623663 0.92619435 -0.02469852
vn 0.37623663 0.92619435 -0.02469852
vn 0.36416728 0.93108013 -0.02172520
vn 0.36416728 0.93108013 -0.02172520
vn 0.36416728 0.93108013 -0.02172520
vn 0.36414097 0.93101287 0.02482701
vn 0.36414097 0.93101287 0.02482701
vn 0.36414097 0.93101287 0.02482701
vn 0.37626353 0.92626057 0.02161275
vn 0.37626353 0.92626057 0.02161275
vn 0.37626353 0.92626057 0.02161275
vn 0.00000000 0.00000000 -1.00000000
vn 0.00000000 0.00000000 -1.00000000
vn 0.00000000 0.00000000 -1.00000000
vn 0.00000000 0.00000000 -1.00000000
vn 0.00000000 0.00000000 -1.00000000
vn 0.00000000 0.00000000 -1.00000000
vn 0.00000000 0.00000000 -1.00000000
vn 0.00000000 0.00000000 -1.00000000
vn 0.00000000 0.00000000 1.00000000
vn 0.00000000 0.00000000 1.00000000
vn 0.00000000 0.00000000 1.00000000
vn 0.00000000 0.00000000 1.00000000
vn 0.00000000 -0.00000000 1.00000000
vn 0.00000000 -0.00000000 1.00000000
vn 0.00000000 -0.00000000 1.00000000
vn 0.00000000 -0.00000000 1.00000000
vn 0.00000000 -1.00000000 0.00000000
vn 0.00000000 -1.00000000 0.00000000
vn 0.00000000 -1.00000000 0.00000000
vn 0.00000000 -1.00000000 0.00000000
vn 0.40640227 0.91344563 -0.02131373
vn 0.40640227 0.91344563 -0.02131373
vn 0.40640227 0.91344563 -0.02131373
vn 0.39481917 0.91857515 -0.01837150
vn 0.39481917 0.91857515 -0.01837150
vn 0.39481917 0.91857515 -0.01837150
vn 0.39479511 0.91851918 0.02143211
vn 0.39479511 0.91851918 0.02143211
vn 0.39479511 0.91851918 0.02143211
vn 0.40642676 0.91350068 0.01827001
vn 0.40642676 0.91350068 0.01827001
vn 0.40642676 0.91350068 0.01827001
vn 0.00000000 0.00000000 -1.00000000
vn 0.00000000 0.00000000 -1.00000000
vn 0.00000000 0.00000000 -1.00000000
vn 0.00000000 0.00000000 -1.00000000
vn 0.00000000 0.00000000 -1.00000000
vn 0.00000000 0.00000000 -1.00000000
vn 0.00000000 -0.00000000 -1.00000000
vn 0.00000000 -0.00000000 -1.00000000
vn 0.00000000 -0.00000000 -1.00000000
vn 0.00000000 0.00000000 -1.00000000
vn 0.00000000 0.00000000 -1.00000000
vn 0.00000000 0.00000000 -1.00000000
vn 0.00000000 0.00000000 1.00000000
vn 0.00000000 0.00000000 1.00000000
vn 0.00000000 0.00000000 1.00000000
vn 0.00000000 0.00000000 1.00000000
vn 0.00000000 0.00000000 1.00000000
vn 0.00000000 0.00000000 1.00000000
vn 0.00000000 0.00000000 1.00000000
vn 0.00000000 0.00000000 1.00000000
vn 0.00000000 0.00000000 1.00000000
vn 0.00000000 0.00000000 1.00000000
vn 0.00000000 0.00000000 1.00000000
vn 0.00000000 0.00000000 1.00000000
vn 0.00000000 -1.00000000 0.00000000
vn 0.00000000 -1.00000000 0.00000000
vn 0.00000000 -1.00000000 0.00000000
vn 0.00000000 -1.00000000 0.00000000
vn 0.45876588 0.88837953 -0.01776759
vn 0.45876588 0.88837953 -0.01776759
vn 0.45876588 0.88837953 -0.01776759
vn 0.44810276 0.89385792 -0.01489763
vn 0.44810276 0.89385792 -0.01489763
vn 0.44810276 0.89385792 -0.01489763
vn 0.44808089 0.89381427 0.01787629
vn 0.44808089 0.89381427 0.01787629
vn 0.44808089 0.89381427 0.01787629
vn 0.45878801 0.88842238 0.01480704
vn 0.45878801 0.88842238 0.01480704
vn 0.45878801 0.88842238 0.01480704
vn 0.00000000 0.00000000 -1.00000000
vn 0.00000000 0.00000000 -1.00000000
vn 0.00000000 0.00000000 -1.00000000
vn 0.00000000 0.00000000 -1.00000000
vn 0.00000000 0.00000000 1.00000000
vn 0.00000000 0.00000000 1.00000000
vn 0.00000000 0.00000000 1.00000000
vn 0.00000000 0.00000000 1.00000000
vn 0.00000000 -1.00000000 0.00000000
vn 0.00000000 -1.00000000 0.00000000
vn 0.00000000 -1.00000000 0.00000000
vn 0.00000000 -1.00000000 0.00000000
vn 0.52059566 0.85368479 -0.01422808
vn 0.52059566 0.85368479 -0.01422808
vn 0.52059566 0.85368479 -0.01422808
vn 0.51112625 0.85942926 -0.01145906
vn 0.51112625 0.85942926 -0.01145906
vn 0.51112625 0.85942926 -0.01145906
vn 0.51110737 0.85939752 0.01432329
vn 0.51110737 0.85939752 0.01432329
vn 0.51110737 0.85939752 0.01432329
vn 0.52061463 0.85371590 0.01138288
vn 0.52061463 0.85371590 0.01138288
vn 0.52061463 0.85371590 0.01138288
vn 0.00000000 0.00000000 -1.00000000
vn 0.00000000 0.00000000 -1.00000000
vn 0.00000000 0.00000000 -1.00000000
vn 0.00000000 0.00000000 -1.00000000
vn 0.00000000 0.00000000 1.00000000
vn 0.00000000 0.00000000 1.00000000
vn 0.00000000 0.00000000 1.00000000
vn 0.00000000 0.00000000 1.00000000
vn 0.00000000 -1.00000000 0.00000000
vn 0.00000000 -1.00000000 0.00000000
vn 0.00000000 -1.00000000 0.00000000
vn 0.00000000 -1.00000000 0.00000000
vn 0.57939307 0.81497582 -0.01086634
vn 0.57939307 0.81497582 -0.01086634
vn 0.57939307 0.81497582 -0.01086634
vn 0.57114831 0.82080585 -0.00820806
vn 0.57114831 0.82080585 -0.00820806
vn 0.57114831 0.82080585 -0.00820806
vn 0.57113334 0.82078434 0.01094379
vn 0.57113334 0.82078434 0.01094379
vn 0.57113334 0.82078434 0.01094379
vn 0.57940804 0.81499687 0.00814997
vn 0.57940804 0.81499687 0.00814997
vn 0.57940804 0.81499687 0.00814997
vn 0.00000000 0.00000000 -1.00000000
vn 0.00000000 0.00000000 -1.00000000
vn 0.00000000 0.00000000 -1.00000000
vn 0.00000000 0.00000000 -1.00000000
vn 0.00000000 0.00000000 1.00000000
vn 0.00000000 0.00000000 1.00000000
vn 0.00000000 0.00000000 1.00000000
vn 0.00000000 0.00000000 1.00000000
vn 0.00000000 -1.00000000 0.00000000
vn 0.00000000 -1.00000000 0.00000000
vn 0.00000000 -1.00000000 0.00000000
vn 0.00000000 -1.00000000 0.00000000
vn 0.62673932 0.77919004 -0.00779190
vn 0.62673932 0.77919004 -0.00779190
vn 0.62673932 0.77919004 -0.00779190
vn 0.61952901 0.78495632 -0.00523304
vn 0.61952901 0.78495632 -0.00523304
vn 0.61952901 0.78495632 -0.00523304
vn 0.61951841 0.78494288 0.00784943
vn 0.61951841 0.78494288 0.00784943
vn 0.61951841 0.78494288 0.00784943
vn 0.62674989 0.77920318 0.00519469
vn 0.62674989 0.77920318 0.00519469
vn 0.62674989 0.77920318 0.00519469
vn 0.00000000 0.00000000 -1.00000000
vn 0.00000000 0.00000000 -1.00000000
vn 0.00000000 0.00000000 -1.00000000
vn 0.00000000 0.00000000 -1.00000000
vn 0.00000000 0.00000000 1.00000000
vn 0.00000000 0.00000000 1.00000000
vn 0.00000000 0.00000000 1.00000000
vn 0.00000000 0.00000000 1.00000000
vn 0.00000000 -1.00000000 0.00000000
vn 0.00000000 -1.00000000 0.00000000
vn 0.00000000 -1.00000000 0.00000000
vn 0.00000000 -1.00000000 0.00000000
vn 0.65885560 0.75225272 -0.00501502
vn 0.65885560 0.75225272 -0.00501502
vn 0.65885560 0.75225272 -0.00501502
vn 0.65236349 0.75790204 -0.00252634
vn 0.65236349 0.75790204 -0.00252634
vn 0.65236349 0.75790204 -0.00252634
vn 0.65235724 0.75789478 0.00505263
vn 0.65235724 0.75789478 0.00505263
vn 0.65235724 0.75789478 0.00505263
vn 0.65886181 0.75225981 0.00250753
vn 0.65886181 0.75225981 0.00250753
vn 0.65886181 0.75225981 0.00250753
vn 0.00000000 0.00000000 -1.00000000
vn 0.00000000 0.00000000 -1.00000000
vn 0.00000000 0.00000000 -1.00000000
vn 0.00000000 0.00000000 -1.00000000
vn 0.00000000 0.00000000 1.00000000
vn 0.00000000 0.00000000 1.00000000
vn 0.00000000 0.00000000 1.00000000
vn 0.00000000 0.00000000 1.00000000
vn 0.00000000 -1.00000000 0.00000000
vn 0.00000000 -1.00000000 0.00000000
vn 0.00000000 -1.00000000 0.00000000
vn 0.00000000 -1.00000000 0.00000000
vn 0.67132058 0.74116299 -0.00247054
vn 0.67132058 0.74116299 -0.00247054
vn 0.67132058 0.74116299 -0.00247054
vn 0.66510621 0.74674641 -0.00187861
vn 0.66510621 0.74674641 -0.00187861
vn 0.66510621 0.74674641 -0.00187861
vn 0.66510533 0.74674541 0.00248915
vn 0.66510533 0.74674541 0.00248915
vn 0.66510533 0.74674541 0.00248915
vn 0.67132147 0.74116396 0.00186456
vn 0.67132147 0.74116396 0.00186456
vn 0.67132147 0.74116396 0.00186456
vn 0.00000000 0.00000000 -1.00000000
vn 0.00000000 0.00000000 -1.00000000
vn 0.00000000 0.00000000 -1.00000000
vn 0.00000000 0.00000000 -1.00000000
vn 0.00000000 0.00000000 1.00000000
vn 0.00000000 0.00000000 1.00000000
vn 0.00000000 0.00000000 1.00000000
vn 0.00000000 0.00000000 1.00000000
vn 0.00000000 -1.00000000 0.00000000
vn 0.00000000 -1.00000000 0.00000000
vn 0.00000000 -1.00000000 0.00000000
vn 0.00000000 -1.00000000 0.00000000
vn 0.67601198 0.73688830 -0.00185381
vn 0.67601198 0.73688830 -0.00185381
vn 0.67601198 0.73688830 -0.00185381
vn 0.66990476 0.74244705 0.00000000
vn 0.66990476 0.74244705 0.00000000
vn 0.66990476 0.74244705 0.00000000
vn 0.66990359 0.74244575 0.00186779
vn 0.66990359 0.74244575 0.00186779
vn 0.66990359 0.74244575 0.00186779
vn 0.67601314 0.73688957 0.00000000
vn 0.67601314 0.73688957 0.00000000
vn 0.67601314 0.73688957 0.00000000
vn 0.00000000 0.00000000 -1.00000000
vn 0.00000000 0.00000000 -1.00000000
vn 0.00000000 0.00000000 -1.00000000
vn 0.00000000 0.00000000 1.00000000
vn 0.00000000 0.00000000 1.00000000
vn 0.00000000 0.00000000 1.00000000
vn 0.00000000 -1.00000000 0.00000000
vn 0.00000000 -1.00000000 0.00000000
vn 0.00000000 -1.00000000 0.00000000
vn 0.00000000 -1.00000000 0.00000000
vn 0.00000000 -1.00000000 0.00000000
vn 0.00000000 -1.00000000 0.00000000
vn 0.00000000 -1.00000000 0.00000000
vn 0.00000000 -1.00000000 0.00000000
vn -0.28650051 0.07674121 0.95500170
vn -0.28650051 0.07674121 0.95500170
vn -0.28650051 0.07674121 0.95500170
vn -0.28650051 0.07674121 0.95500170
vn -0.18420167 0.76750695 0.61400556
vn -0.18420167 0.76750695 0.61400556
vn -0.18420167 0.76750695 0.61400556
vn -0.18420167 0.76750695 0.61400556
vn -0.00000000 1.00000000 0.00000000
vn -0.00000000 1.00000000 0.00000000
vn -0.00000000 1.00000000 0.00000000
vn -0.00000000 1.00000000 0.00000000
vn -0.18420167 0.76750695 -0.61400556
vn -0.18420167 0.76750695 -0.61400556
vn -0.18420167 0.76750695 -0.61400556
vn -0.18420167 0.76750695 -0.61400556
vn -0.28650051 0.07674121 -0.95500170
vn -0.28650051 0.07674121 -0.95500170
vn -0.28650051 0.07674121 -0.95500170
vn -0.28650051 0.07674121 -0.95500170
vn 0.00000000 -1.00000000 0.00000000
vn 0.00000000 -1.00000000 0.00000000
vn 0.00000000 -1.00000000 0.00000000
vn 0.00000000 -1.00000000 0.00000000
vn -0.00000000 0.08009895 0.99678692
vn -0.00000000 0.08009895 0.99678692
vn -0.00000000 0.08009895 0.99678692
vn -0.00000000 0.08009895 0.99678692
vn -0.00000000 0.78086881 0.62469505
vn -0.00000000 0.78086881 0.62469505
vn -0.00000000 0.78086881 0.62469505
vn -0.00000000 0.78086881 0.62469505
vn -0.00000000 1.00000000 0.00000000
vn -0.00000000 1.00000000 0.00000000
vn -0.00000000 1.00000000 0.00000000
vn -0.00000000 1.00000000 0.00000000
vn 0.00000000 0.78086881 -0.62469505
vn 0.00000000 0.78086881 -0.62469505
vn 0.00000000 0.78086881 -0.62469505
vn 0.00000000 0.78086881 -0.62469505
vn 0.00000000 0.08009895 -0.99678692
vn 0.00000000 0.08009895 -0.99678692
vn 0.00000000 0.08009895 -0.99678692
vn 0.00000000 0.08009895 -0.99678692
vn 0.00000000 -1.00000000 0.00000000
vn 0.00000000 -1.00000000 0.00000000
vn 0.00000000 -1.00000000 0.00000000
vn 0.00000000 -1.00000000 0.00000000
vn -0.00000000 0.08009895 0.99678692
vn -0.00000000 0.08009895 0.99678692
vn -0.00000000 0.08009895 0.99678692
vn -0.00000000 0.08009895 0.99678692
vn -0.00000000 0.78086881 0.62469505
vn -0.00000000 0.78086881 0.62469505
vn -0.00000000 0.78086881 0.62469505
vn -0.00000000 0.78086881 0.62469505
vn -0.00000000 1.00000000 0.00000000
vn -0.00000000 1.00000000 0.00000000
vn -0.00000000 1.00000000 0.00000000
vn -0.00000000 1.00000000 0.00000000
vn 0.00000000 0.78086881 -0.62469505
vn 0.00000000 0.78086881 -0.62469505
vn 0.00000000 0.78086881 -0.62469505
vn 0.00000000 0.78086881 -0.62469505
vn 0.00000000 0.08009895 -0.99678692
vn 0.00000000 0.08009895 -0.99678692
vn 0.00000000 0.08009895 -0.99678692
vn 0.00000000 0.08009895 -0.99678692
vn 0.00000000 -1.00000000 0.00000000
vn 0.00000000 -1.00000000 0.00000000
vn 0.00000000 -1.00000000 0.00000000
vn 0.00000000 -1.00000000 0.00000000
vn -0.00000000 0.08009895 0.99678692
vn -0.00000000 0.08009895 0.99678692
vn -0.00000000 0.08009895 0.99678692
vn -0.00000000 0.08009895 0.99678692
vn -0.00000000 0.78086881 0.62469505
vn -0.00000000 0.78086881 0.62469505
vn -0.00000000 0.78086881 0.62469505
vn -0.00000000 0.78086881 0.62469505
vn -0.00000000 1.00000000 0.00000000
vn -0.00000000 1.00000000 0.00000000
vn -0.00000000 1.00000000 0.00000000
vn -0.00000000 1.00000000 0.00000000
vn 0.00000000 0.78086881 -0.62469505
vn 0.00000000 0.78086881 -0.62469505
vn 0.00000000 0.78086881 -0.62469505
vn 0.00000000 0.78086881 -0.62469505
vn 0.00000000 0.08009895 -0.99678692
vn 0.00000000 0.08009895 -0.99678692
vn 0.00000000 0.08009895 -0.99678692
vn 0.00000000 0.08009895 -0.99678692
vn 0.00000000 -1.00000000 0.00000000
vn 0.00000000 -1.00000000 0.00000000
vn 0.00000000 -1.00000000 0.00000000
vn 0.00000000 -1.00000000 0.00000000
vn -0.00000000 0.08009895 0.99678692
vn -0.00000000 0.08009895 0.99678692
vn -0.00000000 0.08009895 0.99678692
vn -0.00000000 0.08009895 0.99678692
vn -0.00000000 0.78086881 0.62469505
vn -0.00000000 0.78086881 0.62469505
vn -0.00000000 0.78086881 0.62469505
vn -0.00000000 0.78086881 0.62469505
vn -0.00000000 1.00000000 0.00000000
vn -0.00000000 1.00000000 0.00000000
vn -0.00000000 1.00000000 0.00000000
vn -0.00000000 1.00000000 0.00000000
vn 0.00000000 0.78086881 -0.62469505
vn 0.00000000 0.78086881 -0.62469505
vn 0.00000000 0.78086881 -0.62469505
vn 0.00000000 0.78086881 -0.62469505
vn 0.00000000 0.08009895 -0.99678692
vn 0.00000000 0.08009895 -0.99678692
vn 0.00000000 0.08009895 -0.99678692
vn 0.00000000 0.08009895 -0.99678692
vn 0.00000000 -1.00000000 0.00000000
vn 0.00000000 -1.00000000 0.00000000
vn 0.00000000 -1.00000000 0.00000000
vn 0.00000000 -1.00000000 0.00000000
vn -0.00000000 0.08009895 0.99678692
vn -0.00000000 0.08009895 0.99678692
vn -0.00000000 0.08009895 0.99678692
vn -0.00000000 0.08009895 0.99678692
vn -0.00000000 0.78086881 0.62469505
vn -0.00000000 0.78086881 0.62469505
vn -0.00000000 0.78086881 0.62469505
vn -0.00000000 0.78086881 0.62469505
vn -0.00000000 1.00000000 0.00000000
vn -0.00000000 1.00000000 0.00000000
vn -0.00000000 1.00000000 0.00000000
vn -0.00000000 1.00000000 0.00000000
vn 0.00000000 0.78086881 -0.62469505
vn 0.00000000 0.78086881 -0.62469505
vn 0.00000000 0.78086881 -0.62469505
vn 0.00000000 0.78086881 -0.62469505
vn 0.00000000 0.08009895 -0.99678692
vn 0.00000000 0.08009895 -0.99678692
vn 0.00000000 0.08009895 -0.99678692
vn 0.00000000 0.08009895 -0.99678692
vn 0.00000000 -1.00000000 0.00000000
vn 0.00000000 -1.00000000 0.00000000
vn 0.00000000 -1.00000000 0.00000000
vn 0.00000000 -1.00000000 0.00000000
vn -0.00000000 0.08009895 0.99678692
vn -0.00000000 0.08009895 0.99678692
vn -0.00000000 0.08009895 0.99678692
vn -0.00000000 0.08009895 0.99678692
vn -0.00000000 0.78086881 0.62469505
vn -0.00000000 0.78086881 0.62469505
vn -0.00000000 0.78086881 0.62469505
vn -0.00000000 0.78086881 0.62469505
vn -0.00000000 1.00000000 0.00000000
vn -0.00000000 1.00000000 0.00000000
vn -0.00000000 1.00000000 0.00000000
vn -0.00000000 1.00000000 0.00000000
vn 0.00000000 0.78086881 -0.62469505
vn 0.00000000 0.78086881 -0.62469505
vn 0.00000000 0.78086881 -0.62469505
vn 0.00000000 0.78086881 -0.62469505
vn 0.00000000 0.08009895 -0.99678692
vn 0.00000000 0.08009895 -0.99678692
vn 0.00000000 0.08009895 -0.99678692
vn 0.00000000 0.08009895 -0.99678692
vn 0.00000000 -1.00000000 0.00000000
vn 0.00000000 -1.00000000 0.00000000
vn 0.00000000 -1.00000000 0.00000000
vn 0.00000000 -1.00000000 0.00000000
vn -0.00000000 0.08009895 0.99678692
vn -0.00000000 0.08009895 0.99678692
vn -0.00000000 0.08009895 0.99678692
vn -0.00000000 0.08009895 0.99678692
vn -0.00000000 0.78086881 0.62469505
vn -0.00000000 0.78086881 0.62469505
vn -0.00000000 0.78086881 0.62469505
vn -0.00000000 0.78086881 0.62469505
vn -0.00000000 1.00000000 0.00000000
vn -0.00000000 1.00000000 0.00000000
vn -0.00000000 1.00000000 0.00000000
vn -0.00000000 1.00000000 0.00000000
vn 0.00000000 0.78086881 -0.62469505
vn 0.00000000 0.78086881 -0.62469505
vn 0.00000000 0.78086881 -0.62469505
vn 0.00000000 0.78086881 -0.62469505
vn 0.00000000 0.08009895 -0.99678692
vn 0.00000000 0.08009895 -0.99678692
vn 0.00000000 0.08009895 -0.99678692
vn 0.00000000 0.08009895 -0.99678692
vn 0.00000000 -1.00000000 0.00000000
vn 0.00000000 -1.00000000 0.00000000
vn 0.00000000 -1.00000000 0.00000000
vn 0.00000000 -1.00000000 0.00000000
vn -0.00000000 0.08009895 0.99678692
vn -0.00000000 0.08009895 0.99678692
vn -0.00000000 0.08009895 0.99678692
vn -0.00000000 0.08009895 0.99678692
vn -0.00000000 0.78086881 0.62469505
vn -0.00000000 0.78086881 0.62469505
vn -0.00000000 0.78086881 0.62469505
vn -0.00000000 0.78086881 0.62469505
vn -0.00000000 1.00000000 0.00000000
vn -0.00000000 1.00000000 0.00000000
vn -0.00000000 1.00000000 0.00000000
vn -0.00000000 1.00000000 0.00000000
vn 0.00000000 0.78086881 -0.62469505
vn 0.00000000 0.78086881 -0.62469505
vn 0.00000000 0.78086881 -0.62469505
vn 0.00000000 0.78086881 -0.62469505
vn 0.00000000 0.08009895 -0.99678692
vn 0.00000000 0.08009895 -0.99678692
vn 0.00000000 0.08009895 -0.99678692
vn 0.00000000 0.08009895 -0.99678692
vn 0.00000000 -1.00000000 0.00000000
vn 0.00000000 -1.00000000 0.00000000
vn 0.00000000 -1.00000000 0.00000000
vn 0.00000000 -1.00000000 0.00000000
vn 0.28650051 0.07674121 0.95500170
vn 0.28650051 0.07674121 0.95500170
vn 0.28650051 0.07674121 0.95500170
vn 0.28650051 0.07674121 0.95500170
vn 0.18420167 0.76750695 0.61400556
vn 0.18420167 0.76750695 0.61400556
vn 0.18420167 0.76750695 0.61400556
vn 0.18420167 0.76750695 0.61400556
vn 0.00000000 1.00000000 0.00000000
vn 0.00000000 1.00000000 0.00000000
vn 0.00000000 1.00000000 0.00000000
vn 0.00000000 1.00000000 0.00000000
vn 0.18420167 0.76750695 -0.61400556
vn 0.18420167 0.76750695 -0.61400556
vn 0.18420167 0.76750695 -0.61400556
vn 0.18420167 0.76750695 -0.61400556
vn 0.28650051 0.07674121 -0.95500170
vn 0.28650051 0.07674121 -0.95500170
vn 0.28650051 0.07674121 -0.95500170
vn 0.28650051 0.07674121 -0.95500170
vn -1.00000000 -0.00000000 0.00000000
vn -1.00000000 -0.00000000 0.00000000
vn -1.00000000 -0.00000000 0.00000000
vn -1.00000000 0.00000000 0.00000000
vn -1.00000000 0.00000000 0.00000000
vn -1.00000000 0.00000000 0.00000000
vn -1.00000000 0.00000000 0.00000000
vn -1.00000000 0.00000000 0.00000000
vn -1.00000000 0.00000000 0.00000000
vn -1.00000000 0.00000000 -0.00000000
vn -1.00000000 0.00000000 -0.00000000
vn -1.00000000 0.00000000 -0.00000000
vn 1.00000000 0.00000000 0.00000000
vn 1.00000000 0.00000000 0.00000000
vn 1.00000000 0.00000000 0.00000000
vn 1.00000000 0.00000000 0.00000000
vn 1.00000000 0.00000000 0.00000000
vn 1.00000000 0.00000000 0.00000000
vn 1.00000000 0.00000000 0.00000000
vn 1.00000000 0.00000000 0.00000000
vn 1.00000000 0.00000000 0.00000000
vn 1.00000000 0.00000000 0.00000000
vn 1.00000000 0.00000000 0.00000000
vn 1.00000000 0.00000000 0.00000000
vn 0.00000000 -1.00000000 0.00000000
vn 0.00000000 -1.00000000 0.00000000
vn 0.00000000 -1.00000000 0.00000000
vn 0.00000000 -1.00000000 0.00000000
vn 0.00000000 -1.00000000 0.00000000
vn 0.00000000 -1.00000000 0.00000000
vn 0.00000000 -1.00000000 0.00000000
vn 0.00000000 -1.00000000 0.00000000
vn 0.00000000 -1.00000000 0.00000000
vn 0.00000000 -1.00000000 0.00000000
vn 0.00000000 -1.00000000 0.00000000
vn 0.00000000 -1.00000000 0.00000000
vn 0.00000000 -1.00000000 0.00000000
vn 0.00000000 -1.00000000 0.00000000
vn 0.00000000 -1.00000000 0.00000000
vn 0.00000000 -1.00000000 0.00000000
vn 0.00000000 -1.00000000 0.00000000
vn 0.00000000 -1.00000000 0.00000000
vn 0.00000000 1.00000000 0.00000000
vn 0.00000000 1.00000000 0.00000000
vn 0.00000000 1.00000000 0.00000000
vn 0.00000000 1.00000000 -0.00000000
vn 0.00000000 1.00000000 -0.00000000
vn 0.00000000 1.00000000 -0.00000000
vn 0.00000000 1.00000000 0.00000000
vn 0.00000000 1.00000000 0.00000000
vn 0.00000000 1.00000000 0.00000000
vn 0.00000000 1.00000000 0.00000000
vn 0.00000000 1.00000000 0.00000000
vn 0.00000000 1.00000000 0.00000000
vn 0.00000000 1.00000000 0.00000000
vn 0.00000000 1.00000000 0.00000000
vn 0.00000000 1.00000000 0.00000000
vn 0.00000000 1.00000000 0.00000000
vn 0.00000000 1.00000000 0.00000000
vn 0.00000000 1.00000000 0.00000000
vn 0.00000000 0.00000000 -1.00000000
vn 0.00000000 0.00000000 -1.00000000
vn 0.00000000 0.00000000 -1.00000000
vn 0.00000000 0.00000000 -1.00000000
vn 0.70710678 0.00000000 -0.70710678
vn 0.70710678 0.00000000 -0.70710678
vn 0.70710678 0.00000000 -0.70710678
vn 0.70710678 0.00000000 -0.70710678
vn 1.00000000 0.00000000 -0.00000000
vn 1.00000000 0.00000000 -0.00000000
vn 1.00000000 0.00000000 -0.00000000
vn 1.00000000 0.00000000 -0.00000000
vn 0.70710678 0.00000000 0.70710678
vn 0.70710678 0.00000000 0.70710678
vn 0.70710678 0.00000000 0.70710678
vn 0.70710678 0.00000000 0.70710678
vn 0.00000000 0.00000000 1.00000000
vn 0.00000000 0.00000000 1.00000000
vn 0.00000000 0.00000000 1.00000000
vn 0.00000000 0.00000000 1.00000000
vn -0.70710678 0.00000000 0.70710678
vn -0.70710678 0.00000000 0.70710678
vn -0.70710678 0.00000000 0.70710678
vn -0.70710678 0.00000000 0.70710678
vn -1.00000000 0.00000000 -0.00000000
vn -1.00000000 0.00000000 -0.00000000
vn -1.00000000 0.00000000 -0.00000000
vn -1.00000000 0.00000000 -0.00000000
vn -0.70710678 0.00000000 -0.70710678
vn -0.70710678 0.00000000 -0.70710678
vn -0.70710678 0.00000000 -0.70710678
vn -0.70710678 0.00000000 -0.70710678
vn 0.00000000 -1.00000000 0.00000000
vn 0.00000000 -1.00000000 0.00000000
vn 0.00000000 -1.00000000 0.00000000
vn 0.00000000 -1.00000000 0.00000000
vn 0.00000000 -1.00000000 0.00000000
vn 0.00000000 -1.00000000 0.00000000
vn 0.00000000 -1.00000000 0.00000000
vn 0.00000000 -1.00000000 0.00000000
vn 0.00000000 -1.00000000 0.00000000
vn 0.00000000 -1.00000000 0.00000000
vn 0.00000000 -1.00000000 0.00000000
vn 0.00000000 -1.00000000 0.00000000
vn 0.00000000 -1.00000000 0.00000000
vn 0.00000000 -1.00000000 0.00000000
vn 0.00000000 -1.00000000 0.00000000
vn 0.00000000 -1.00000000 0.00000000
vn 0.00000000 -1.00000000 0.00000000
vn 0.00000000 -1.00000000 0.00000000
vn 0.00000000 1.00000000 0.00000000
vn 0.00000000 1.00000000 0.00000000
vn 0.00000000 1.00000000 0.00000000
vn 0.00000000 1.00000000 -0.00000000
vn 0.00000000 1.00000000 -0.00000000
vn 0.00000000 1.00000000 -0.00000000
vn 0.00000000 1.00000000 0.00000000
vn 0.00000000 1.00000000 0.00000000
vn 0.00000000 1.00000000 0.00000000
vn 0.00000000 1.00000000 0.00000000
vn 0.00000000 1.00000000 0.00000000
vn 0.00000000 1.00000000 0.00000000
vn 0.00000000 1.00000000 0.00000000
vn 0.00000000 1.00000000 0.00000000
vn 0.00000000 1.00000000 0.00000000
vn 0.00000000 1.00000000 0.00000000
vn 0.00000000 1.00000000 0.00000000
vn 0.00000000 1.00000000 0.00000000
vn 0.00000000 0.00000000 -1.00000000
vn 0.00000000 0.00000000 -1.00000000
vn 0.00000000 0.00000000 -1.00000000
vn 0.00000000 0.00000000 -1.00000000
vn 0.70710678 0.00000000 -0.70710678
vn 0.70710678 0.00000000 -0.70710678
vn 0.70710678 0.00000000 -0.70710678
vn 0.70710678 0.00000000 -0.70710678
vn 1.00000000 0.00000000 -0.00000000
vn 1.00000000 0.00000000 -0.00000000
vn 1.00000000 0.00000000 -0.00000000
vn 1.00000000 0.00000000 -0.00000000
vn 0.70710678 0.00000000 0.70710678
vn 0.70710678 0.00000000 0.70710678
vn 0.70710678 0.00000000 0.70710678
vn 0.70710678 0.00000000 0.70710678
vn 0.00000000 0.00000000 1.00000000
vn 0.00000000 0.00000000 1.00000000
vn 0.00000000 0.00000000 1.00000000
vn 0.00000000 0.00000000 1.00000000
vn -0.70710678 0.00000000 0.70710678
vn -0.70710678 0.00000000 0.70710678
vn -0.70710678 0.00000000 0.70710678
vn -0.70710678 0.00000000 0.70710678
vn -1.00000000 0.00000000 -0.00000000
vn -1.00000000 0.00000000 -0.00000000
vn -1.00000000 0.00000000 -0.00000000
vn -1.00000000 0.00000000 -0.00000000
vn -0.70710678 0.00000000 -0.70710678
vn -0.70710678 0.00000000 -0.70710678
vn -0.70710678 0.00000000 -0.70710678
vn -0.70710678 0.00000000 -0.70710678
vn 0.00000000 -1.00000000 0.00000000
vn 0.00000000 -1.00000000 0.00000000
vn 0.00000000 -1.00000000 0.00000000
vn 0.00000000 -1.00000000 0.00000000
vn 0.00000000 -1.00000000 0.00000000
vn 0.00000000 -1.00000000 0.00000000
vn 0.00000000 -1.00000000 0.00000000
vn 0.00000000 -1.00000000 0.00000000
vn 0.00000000 -1.00000000 0.00000000
vn 0.00000000 -1.00000000 0.00000000
vn 0.00000000 -1.00000000 0.00000000
vn 0.00000000 -1.00000000 0.00000000
vn 0.00000000 -1.00000000 0.00000000
vn 0.00000000 -1.00000000 0.00000000
vn 0.00000000 -1.00000000 0.00000000
vn 0.00000000 -1.00000000 0.00000000
vn 0.00000000 -1.00000000 0.00000000
vn 0.00000000 -1.00000000 0.00000000
vn 0.00000000 1.00000000 0.00000000
vn 0.00000000 1.00000000 0.00000000
vn 0.00000000 1.00000000 0.00000000
vn 0.00000000 1.00000000 -0.00000000
vn 0.00000000 1.00000000 -0.00000000
vn 0.00000000 1.00000000 -0.00000000
vn 0.00000000 1.00000000 0.00000000
vn 0.00000000 1.00000000 0.00000000
vn 0.00000000 1.00000000 0.00000000
vn 0.00000000 1.00000000 0.00000000
vn 0.00000000 1.00000000 0.00000000
vn 0.00000000 1.00000000 0.00000000
vn 0.00000000 1.00000000 0.00000000
vn 0.00000000 1.00000000 0.00000000
vn 0.00000000 1.00000000 0.00000000
vn 0.00000000 1.00000000 0.00000000
vn 0.00000000 1.00000000 0.00000000
vn 0.00000000 1.00000000 0.00000000
vn 0.00000000 0.00000000 -1.00000000
vn 0.00000000 0.00000000 -1.00000000
vn 0.00000000 0.00000000 -1.00000000
vn 0.00000000 0.00000000 -1.00000000
vn 0.70710678 0.00000000 -0.70710678
vn 0.70710678 0.00000000 -0.70710678
vn 0.70710678 0.00000000 -0.70710678
vn 0.70710678 0.00000000 -0.70710678
vn 1.00000000 0.00000000 -0.00000000
vn 1.00000000 0.00000000 -0.00000000
vn 1.00000000 0.00000000 -0.00000000
vn 1.00000000 0.00000000 -0.00000000
vn 0.70710678 0.00000000 0.70710678
vn 0.70710678 0.00000000 0.70710678
vn 0.70710678 0.00000000 0.70710678
vn 0.70710678 0.00000000 0.70710678
vn 0.00000000 0.00000000 1.00000000
vn 0.00000000 0.00000000 1.00000000
vn 0.00000000 0.00000000 1.00000000
vn 0.00000000 0.00000000 1.00000000
vn -0.70710678 0.00000000 0.70710678
vn -0.70710678 0.00000000 0.70710678
vn -0.70710678 0.00000000 0.70710678
vn -0.70710678 0.00000000 0.70710678
vn -1.00000000 0.00000000 -0.00000000
vn -1.00000000 0.00000000 -0.00000000
vn -1.00000000 0.00000000 -0.00000000
vn -1.00000000 0.00000000 -0.00000000
vn -0.70710678 0.00000000 -0.70710678
vn -0.70710678 0.00000000 -0.70710678
vn -0.70710678 0.00000000 -0.70710678
vn -0.70710678 0.00000000 -0.70710678
vn 0.00000000 -1.00000000 0.00000000
vn 0.00000000 -1.00000000 0.00000000
vn 0.00000000 -1.00000000 0.00000000
vn 0.00000000 -1.00000000 0.00000000
vn 0.00000000 -1.00000000 0.00000000
vn 0.00000000 -1.00000000 0.00000000
vn 0.00000000 -1.00000000 0.00000000
vn 0.00000000 -1.00000000 0.00000000
vn 0.00000000 -1.00000000 0.00000000
vn 0.00000000 -1.00000000 0.00000000
vn 0.00000000 -1.00000000 0.00000000
vn 0.00000000 -1.00000000 0.00000000
vn 0.00000000 -1.00000000 0.00000000
vn 0.00000000 -1.00000000 0.00000000
vn 0.00000000 -1.00000000 0.00000000
vn 0.00000000 -1.00000000 0.00000000
vn 0.00000000 -1.00000000 0.00000000
vn 0.00000000 -1.00000000 0.00000000
vn 0.00000000 1.00000000 0.00000000
vn 0.00000000 1.00000000 0.00000000
vn 0.00000000 1.00000000 0.00000000
vn 0.00000000 1.00000000 -0.00000000
vn 0.00000000 1.00000000 -0.00000000
vn 0.00000000 1.00000000 -0.00000000
vn 0.00000000 1.00000000 0.00000000
vn 0.00000000 1.00000000 0.00000000
vn 0.00000000 1.00000000 0.00000000
vn 0.00000000 1.00000000 0.00000000
vn 0.00000000 1.00000000 0.00000000
vn 0.00000000 1.00000000 0.00000000
vn 0.00000000 1.00000000 0.00000000
vn 0.00000000 1.00000000 0.00000000
vn 0.00000000 1.00000000 0.00000000
vn 0.00000000 1.00000000 0.00000000
vn 0.00000000 1.00000000 0.00000000
vn 0.00000000 1.00000000 0.00000000
vn 0.00000000 0.00000000 -1.00000000
vn 0.00000000 0.00000000 -1.00000000
vn 0.00000000 0.00000000 -1.00000000
vn 0.00000000 0.00000000 -1.00000000
vn 0.70710678 0.00000000 -0.70710678
vn 0.70710678 0.00000000 -0.70710678
vn 0.70710678 0.00000000 -0.70710678
vn 0.70710678 0.00000000 -0.70710678
vn 1.00000000 0.00000000 -0.00000000
vn 1.00000000 0.00000000 -0.00000000
vn 1.00000000 0.00000000 -0.00000000
vn 1.00000000 0.00000000 -0.00000000
vn 0.70710678 0.00000000 0.70710678
vn 0.70710678 0.00000000 0.70710678
vn 0.70710678 0.00000000 0.70710678
vn 0.70710678 0.00000000 0.70710678
vn 0.00000000 0.00000000 1.00000000
vn 0.00000000 0.00000000 1.00000000
vn 0.00000000 0.00000000 1.00000000
vn 0.00000000 0.00000000 1.00000000
vn -0.70710678 0.00000000 0.70710678
vn -0.70710678 0.00000000 0.70710678
vn -0.70710678 0.00000000 0.70710678
vn -0.70710678 0.00000000 0.70710678
vn -1.00000000 0.00000000 -0.00000000
vn -1.00000000 0.00000000 -0.00000000
vn -1.00000000 0.00000000 -0.00000000
vn -1.00000000 0.00000000 -0.00000000
vn -0.70710678 0.00000000 -0.70710678
vn -0.70710678 0.00000000 -0.70710678
vn -0.70710678 0.00000000 -0.70710678
vn -0.70710678 0.00000000 -0.70710678
vn 0.00000000 -0.00000000 1.00000000
vn 0.00000000 -0.00000000 1.00000000
vn 0.00000000 -0.00000000 1.00000000
vn 0.00000000 0.00000000 1.00000000
vn 0.00000000 0.00000000 1.00000000
vn 0.00000000 0.00000000 1.00000000
vn 0.00000000 0.00000000 1.00000000
vn 0.00000000 0.00000000 1.00000000
vn 0.00000000 0.00000000 1.00000000
vn 0.00000000 0.00000000 1.00000000
vn 0.00000000 0.00000000 1.00000000
vn 0.00000000 0.00000000 1.00000000
vn 0.00000000 0.00000000 1.00000000
vn 0.00000000 0.00000000 1.00000000
vn 0.00000000 0.00000000 1.00000000
vn 0.00000000 0.00000000 1.00000000
vn 0.00000000 0.00000000 1.00000000
vn 0.00000000 0.00000000 1.00000000
vn 0.00000000 0.00000000 1.00000000
vn 0.00000000 0.00000000 1.00000000
vn 0.00000000 0.00000000 1.00000000
vn 0.00000000 -0.00000000 -1.00000000
vn 0.00000000 -0.00000000 -1.00000000
vn 0.00000000 -0.00000000 -1.00000000
vn 0.00000000 0.00000000 -1.00000000
vn 0.00000000 0.00000000 -1.00000000
vn 0.00000000 0.00000000 -1.00000000
vn 0.00000000 0.00000000 -1.00000000
vn 0.00000000 0.00000000 -1.00000000
vn 0.00000000 0.00000000 -1.00000000
vn 0.00000000 0.00000000 -1.00000000
vn 0.00000000 0.00000000 -1.00000000
vn 0.00000000 0.00000000 -1.00000000
vn 0.00000000 0.00000000 -1.00000000
vn 0.00000000 0.00000000 -1.00000000
vn 0.00000000 0.00000000 -1.00000000
vn 0.00000000 0.00000000 -1.00000000
vn 0.00000000 0.00000000 -1.00000000
vn 0.00000000 0.00000000 -1.00000000
vn 0.00000000 0.00000000 -1.00000000
vn 0.00000000 0.00000000 -1.00000000
vn 0.00000000 0.00000000 -1.00000000
vn 0.37708674 -0.92617795 0.00000000
vn 0.37708674 -0.92617795 0.00000000
vn 0.37708674 -0.92617795 0.00000000
vn 0.37708674 -0.92617795 0.00000000
vn 0.72353574 -0.69028692 0.00000000
vn 0.72353574 -0.69028692 0.00000000
vn 0.72353574 -0.69028692 0.00000000
vn 0.72353574 -0.69028692 0.00000000
vn -0.00000000 -1.00000000 0.00000000
vn -0.00000000 -1.00000000 0.00000000
vn -0.00000000 -1.00000000 0.00000000
vn -0.00000000 -1.00000000 0.00000000
vn -1.00000000 0.00000000 0.00000000
vn -1.00000000 0.00000000 0.00000000
vn -1.00000000 0.00000000 0.00000000
vn -1.00000000 0.00000000 0.00000000
vn -0.00000000 1.00000000 0.00000000
vn -0.00000000 1.00000000 0.00000000
vn -0.00000000 1.00000000 0.00000000
vn -0.00000000 1.00000000 0.00000000
vn -0.18589167 0.98257025 0.00000000
vn -0.18589167 0.98257025 0.00000000
vn -0.18589167 0.98257025 0.00000000
vn -0.18589167 0.98257025 0.00000000
vn -0.00000000 1.00000000 0.00000000
vn -0.00000000 1.00000000 0.00000000
vn -0.00000000 1.00000000 0.00000000
vn -0.00000000 1.00000000 0.00000000
vn -0.20695859 0.97834970 0.00000000
vn -0.20695859 0.97834970 0.00000000
vn -0.20695859 0.97834970 0.00000000
vn -0.20695859 0.97834970 0.00000000
vn 1.00000000 0.00000000 0.00000000
vn 1.00000000 0.00000000 0.00000000
vn 1.00000000 0.00000000 0.00000000
vn 1.00000000 0.00000000 0.00000000
vn 0.00000000 -1.00000000 0.00000000
vn 0.00000000 -1.00000000 0.00000000
vn 0.00000000 -1.00000000 0.00000000
vn 0.00000000 -1.00000000 0.00000000
vn 0.00000000 -1.00000000 0.00000000
vn 0.00000000 -1.00000000 0.00000000
vn 0.00000000 -1.00000000 0.00000000
vn 0.00000000 -1.00000000 0.00000000
vn 0.00000000 -1.00000000 0.00000000
vn 0.00000000 -1.00000000 0.00000000
vn 0.00000000 -1.00000000 0.00000000
vn 0.00000000 -1.00000000 0.00000000
vn 0.00000000 -1.00000000 0.00000000
vn 0.00000000 -1.00000000 0.00000000
vn 0.00000000 -1.00000000 0.00000000
vn 0.00000000 -1.00000000 0.00000000
vn 0.00000000 -1.00000000 0.00000000
vn 0.00000000 -1.00000000 0.00000000
vn 0.00000000 1.00000000 0.00000000
vn 0.00000000 1.00000000 0.00000000
vn 0.00000000 1.00000000 0.00000000
vn 0.00000000 1.00000000 -0.00000000
vn 0.00000000 1.00000000 -0.00000000
vn 0.00000000 1.00000000 -0.00000000
vn 0.00000000 1.00000000 0.00000000
vn 0.00000000 1.00000000 0.00000000
vn 0.00000000 1.00000000 0.00000000
vn 0.00000000 1.00000000 0.00000000
vn 0.00000000 1.00000000 0.00000000
vn 0.00000000 1.00000000 0.00000000
vn 0.00000000 1.00000000 0.00000000
vn 0.00000000 1.00000000 0.00000000
vn 0.00000000 1.00000000 0.00000000
vn 0.00000000 1.00000000 0.00000000
vn 0.00000000 1.00000000 0.00000000
vn 0.00000000 1.00000000 0.00000000
vn 0.00000000 0.00000000 -1.00000000
vn 0.00000000 0.00000000 -1.00000000
vn 0.00000000 0.00000000 -1.00000000
vn 0.00000000 0.00000000 -1.00000000
vn 0.70710678 0.00000000 -0.70710678
vn 0.70710678 0.00000000 -0.70710678
vn 0.70710678 0.00000000 -0.70710678
vn 0.70710678 0.00000000 -0.70710678
vn 1.00000000 0.00000000 -0.00000000
vn 1.00000000 0.00000000 -0.00000000
vn 1.00000000 0.00000000 -0.00000000
vn 1.00000000 0.00000000 -0.00000000
vn 0.70710678 0.00000000 0.70710678
vn 0.70710678 0.00000000 0.70710678
vn 0.70710678 0.00000000 0.70710678
vn 0.70710678 0.00000000 0.70710678
vn 0.00000000 0.00000000 1.00000000
vn 0.00000000 0.00000000 1.00000000
vn 0.00000000 0.00000000 1.00000000
vn 0.00000000 0.00000000 1.00000000
vn -0.70710678 0.00000000 0.70710678
vn -0.70710678 0.00000000 0.70710678
vn -0.70710678 0.00000000 0.70710678
vn -0.70710678 0.00000000 0.70710678
vn -1.00000000 0.00000000 -0.00000000
vn -1.00000000 0.00000000 -0.00000000
vn -1.00000000 0.00000000 -0.00000000
vn -1.00000000 0.00000000 -0.00000000
vn -0.70710678 0.00000000 -0.70710678
vn -0.70710678 0.00000000 -0.70710678
vn -0.70710678 0.00000000 -0.70710678
vn -0.70710678 0.00000000 -0.70710678
vn 0.00000000 -1.00000000 0.00000000
vn 0.00000000 -1.00000000 0.00000000
vn 0.00000000 -1.00000000 0.00000000
vn 0.00000000 -1.00000000 0.00000000
vn 0.00000000 -1.00000000 0.00000000
vn 0.00000000 -1.00000000 0.00000000
vn 0.00000000 -1.00000000 0.00000000
vn 0.00000000 -1.00000000 0.00000000
vn 0.00000000 -1.00000000 0.00000000
vn 0.00000000 -1.00000000 0.00000000
vn 0.00000000 -1.00000000 0.00000000
vn 0.00000000 -1.00000000 0.00000000
vn 0.00000000 -1.00000000 0.00000000
vn 0.00000000 -1.00000000 0.00000000
vn 0.00000000 -1.00000000 0.00000000
vn 0.00000000 -1.00000000 0.00000000
vn 0.00000000 -1.00000000 0.00000000
vn 0.00000000 -1.00000000 0.00000000
vn 0.00000000 1.00000000 0.00000000
vn 0.00000000 1.00000000 0.00000000
vn 0.00000000 1.00000000 0.00000000
vn 0.00000000 1.00000000 -0.00000000
vn 0.00000000 1.00000000 -0.00000000
vn 0.00000000 1.00000000 -0.00000000
vn 0.00000000 1.00000000 0.00000000
vn 0.00000000 1.00000000 0.00000000
vn 0.00000000 1.00000000 0.00000000
vn 0.00000000 1.00000000 0.00000000
vn 0.00000000 1.00000000 0.00000000
vn 0.00000000 1.00000000 0.00000000
vn 0.00000000 1.00000000 0.00000000
vn 0.00000000 1.00000000 0.00000000
vn 0.00000000 1.00000000 0.00000000
vn 0.00000000 1.00000000 0.00000000
vn 0.00000000 1.00000000 0.00000000
vn 0.00000000 1.00000000 0.00000000
vn 0.00000000 0.00000000 -1.00000000
vn 0.00000000 0.00000000 -1.00000000
vn 0.00000000 0.00000000 -1.00000000
vn 0.00000000 0.00000000 -1.00000000
vn 0.70710678 0.00000000 -0.70710678
vn 0.70710678 0.00000000 -0.70710678
vn 0.70710678 0.00000000 -0.70710678
vn 0.70710678 0.00000000 -0.70710678
vn 1.00000000 0.00000000 -0.00000000
vn 1.00000000 0.00000000 -0.00000000
vn 1.00000000 0.00000000 -0.00000000
vn 1.00000000 0.00000000 -0.00000000
vn 0.70710678 0.00000000 0.70710678
vn 0.70710678 0.00000000 0.70710678
vn 0.70710678 0.00000000 0.70710678
vn 0.70710678 0.00000000 0.70710678
vn 0.00000000 0.00000000 1.00000000
vn 0.00000000 0.00000000 1.00000000
vn 0.00000000 0.00000000 1.00000000
vn 0.00000000 0.00000000 1.00000000
vn -0.70710678 0.00000000 0.70710678
vn -0.70710678 0.00000000 0.70710678
vn -0.70710678 0.00000000 0.70710678
vn -0.70710678 0.00000000 0.70710678
vn -1.00000000 0.00000000 -0.00000000
vn -1.00000000 0.00000000 -0.00000000
vn -1.00000000 0.00000000 -0.00000000
vn -1.00000000 0.00000000 -0.00000000
vn -0.70710678 0.00000000 -0.70710678
vn -0.70710678 0.00000000 -0.70710678
vn -0.70710678 0.00000000 -0.70710678
vn -0.70710678 0.00000000 -0.70710678
vn 0.00000000 0.00000000 1.00000000
vn 0.00000000 0.00000000 1.00000000
vn 0.00000000 0.00000000 1.00000000
vn 0.00000000 0.00000000 1.00000000
vn 0.00000000 0.00000000 1.00000000
vn 0.00000000 0.00000000 1.00000000
vn 0.00000000 0.00000000 1.00000000
vn 0.00000000 0.00000000 1.00000000
vn 0.00000000 0.00000000 1.00000000
vn 0.00000000 -0.00000000 1.00000000
vn 0.00000000 -0.00000000 1.00000000
vn 0.00000000 -0.00000000 1.00000000
vn 0.00000000 0.00000000 1.00000000
vn 0.00000000 0.00000000 1.00000000
vn 0.00000000 0.00000000 1.00000000
vn 0.00000000 0.00000000 1.00000000
vn 0.00000000 0.00000000 1.00000000
vn 0.00000000 0.00000000 1.00000000
vn 0.00000000 0.00000000 1.00000000
vn 0.00000000 0.00000000 1.00000000
vn 0.00000000 0.00000000 1.00000000
vn 0.00000000 0.00000000 -1.00000000
vn 0.00000000 0.00000000 -1.00000000
vn 0.00000000 0.00000000 -1.00000000
vn 0.00000000 0.00000000 -1.00000000
vn 0.00000000 0.00000000 -1.00000000
vn 0.00000000 0.00000000 -1.00000000
vn 0.00000000 0.00000000 -1.00000000
vn 0.00000000 0.00000000 -1.00000000
vn 0.00000000 0.00000000 -1.00000000
vn 0.00000000 0.00000000 -1.00000000
vn 0.00000000 0.00000000 -1.00000000
vn 0.00000000 0.00000000 -1.00000000
vn 0.00000000 0.00000000 -1.00000000
vn 0.00000000 0.00000000 -1.00000000
vn 0.00000000 0.00000000 -1.00000000
vn 0.00000000 0.00000000 -1.00000000
vn 0.00000000 0.00000000 -1.00000000
vn 0.00000000 0.00000000 -1.00000000
vn 0.00000000 0.00000000 -1.00000000
vn 0.00000000 0.00000000 -1.00000000
vn 0.00000000 0.00000000 -1.00000000
vn -0.37708674 -0.92617795 0.00000000
vn -0.37708674 -0.92617795 0.00000000
vn -0.37708674 -0.92617795 0.00000000
vn -0.37708674 -0.92617795 0.00000000
vn -0.72353574 -0.69028692 0.00000000
vn -0.72353574 -0.69028692 0.00000000
vn -0.72353574 -0.69028692 0.00000000
vn -0.72353574 -0.69028692 0.00000000
vn 0.00000000 -1.00000000 0.00000000
vn 0.00000000 -1.00000000 0.00000000
vn 0.00000000 -1.00000000 0.00000000
vn 0.00000000 -1.00000000 0.00000000
vn 1.00000000 0.00000000 0.00000000
vn 1.00000000 0.00000000 0.00000000
vn 1.00000000 0.00000000 0.00000000
vn 1.00000000 0.00000000 0.00000000
vn 0.00000000 1.00000000 0.00000000
vn 0.00000000 1.00000000 0.00000000
vn 0.00000000 1.00000000 0.00000000
vn 0.00000000 1.00000000 0.00000000
vn 0.18589167 0.98257025 0.00000000
vn 0.18589167 0.98257025 0.00000000
vn 0.18589167 0.98257025 0.00000000
vn 0.18589167 0.98257025 0.00000000
vn 0.00000000 1.00000000 0.00000000
vn 0.00000000 1.00000000 0.00000000
vn 0.00000000 1.00000000 0.00000000
vn 0.00000000 1.00000000 0.00000000
vn 0.20695859 0.97834970 0.00000000
vn 0.20695859 0.97834970 0.00000000
vn 0.20695859 0.97834970 0.00000000
vn 0.20695859 0.97834970 0.00000000
vn -1.00000000 0.00000000 0.00000000
vn -1.00000000 0.00000000 0.00000000
vn -1.00000000 0.00000000 0.00000000
vn -1.00000000 0.00000000 0.00000000
vn 1.00000000 0.00000000 0.00000000
vn 1.00000000 0.00000000 0.00000000
vn 1.00000000 0.00000000 0.00000000
vn 1.00000000 0.00000000 0.00000000
vn 0.64018440 0.76822128 0.00000000
vn 0.64018440 0.76822128 0.00000000
vn 0.64018440 0.76822128 0.00000000
vn 0.64018440 0.76822128 0.00000000
vn 0.27805808 0.96056426 0.00000000
vn 0.27805808 0.96056426 0.00000000
vn 0.27805808 0.96056426 0.00000000
vn 0.27805808 0.96056426 0.00000000
vn 0.58123819 0.81373347 0.00000000
vn 0.58123819 0.81373347 0.00000000
vn 0.58123819 0.81373347 0.00000000
vn 0.58123819 0.81373347 0.00000000
vn 0.96476382 0.26311741 0.00000000
vn 0.96476382 0.26311741 0.00000000
vn 0.96476382 0.26311741 0.00000000
vn 0.96476382 0.26311741 0.00000000
vn 1.00000000 0.00000000 0.00000000
vn 1.00000000 0.00000000 0.00000000
vn 1.00000000 0.00000000 0.00000000
vn 1.00000000 0.00000000 0.00000000
vn 0.94868330 -0.31622777 0.00000000
vn 0.94868330 -0.31622777 0.00000000
vn 0.94868330 -0.31622777 0.00000000
vn 0.94868330 -0.31622777 0.00000000
vn 0.39391930 -0.91914503 0.00000000
vn 0.39391930 -0.91914503 0.00000000
vn 0.39391930 -0.91914503 0.00000000
vn 0.39391930 -0.91914503 0.00000000
vn 0.70710678 -0.70710678 0.00000000
vn 0.70710678 -0.70710678 0.00000000
vn 0.70710678 -0.70710678 0.00000000
vn 0.70710678 -0.70710678 0.00000000
vn 0.99227788 -0.12403473 0.00000000
vn 0.99227788 -0.12403473 0.00000000
vn 0.99227788 -0.12403473 0.00000000
vn 0.99227788 -0.12403473 0.00000000
vn 1.00000000 0.00000000 0.00000000
vn 1.00000000 0.00000000 0.00000000
vn 1.00000000 0.00000000 0.00000000
vn 1.00000000 0.00000000 0.00000000
vn 0.94868330 0.31622777 0.00000000
vn 0.94868330 0.31622777 0.00000000
vn 0.94868330 0.31622777 0.00000000
vn 0.94868330 0.31622777 0.00000000
vn 0.58072468 0.81410002 0.00000000
vn 0.58072468 0.81410002 0.00000000
vn 0.58072468 0.81410002 0.00000000
vn 0.58072468 0.81410002 0.00000000
vn 0.00000000 1.00000000 0.00000000
vn 0.00000000 1.00000000 0.00000000
vn 0.00000000 1.00000000 0.00000000
vn 0.00000000 1.00000000 0.00000000
vn -0.58072468 0.81410002 0.00000000
vn -0.58072468 0.81410002 0.00000000
vn -0.58072468 0.81410002 0.00000000
vn -0.58072468 0.81410002 0.00000000
vn -0.94868330 0.31622777 0.00000000
vn -0.94868330 0.31622777 0.00000000
vn -0.94868330 0.31622777 0.00000000
vn -0.94868330 0.31622777 0.00000000
vn -1.00000000 0.00000000 0.00000000
vn -1.00000000 0.00000000 0.00000000
vn -1.00000000 0.00000000 0.00000000
vn -1.00000000 0.00000000 0.00000000
vn -0.99227788 -0.12403473 0.00000000
vn -0.99227788 -0.12403473 0.00000000
vn -0.99227788 -0.12403473 0.00000000
vn -0.99227788 -0.12403473 0.00000000
vn -0.70710678 -0.70710678 0.00000000
vn -0.70710678 -0.70710678 0.00000000
vn -0.70710678 -0.70710678 0.00000000
vn -0.70710678 -0.70710678 0.00000000
vn -0.39391930 -0.91914503 0.00000000
vn -0.39391930 -0.91914503 0.00000000
vn -0.39391930 -0.91914503 0.00000000
vn -0.39391930 -0.91914503 0.00000000
vn -0.94868330 -0.31622777 0.00000000
vn -0.94868330 -0.31622777 0.00000000
vn -0.94868330 -0.31622777 0.00000000
vn -0.94868330 -0.31622777 0.00000000
vn -1.00000000 0.00000000 0.00000000
vn -1.00000000 0.00000000 0.00000000
vn -1.00000000 0.00000000 0.00000000
vn -1.00000000 0.00000000 0.00000000
vn -0.96476382 0.26311741 0.00000000
vn -0.96476382 0.26311741 0.00000000
vn -0.96476382 0.26311741 0.00000000
vn -0.96476382 0.26311741 0.00000000
vn -0.58123819 0.81373347 0.00000000
vn -0.58123819 0.81373347 0.00000000
vn -0.58123819 0.81373347 0.00000000
vn -0.58123819 0.81373347 0.00000000
vn -0.27805808 0.96056426 0.00000000
vn -0.27805808 0.96056426 0.00000000
vn -0.27805808 0.96056426 0.00000000
vn -0.27805808 0.96056426 0.00000000
vn -0.64018440 0.76822128 0.00000000
vn -0.64018440 0.76822128 0.00000000
vn -0.64018440 0.76822128 0.00000000
vn -0.64018440 0.76822128 0.00000000
vn -1.00000000 0.00000000 0.00000000
vn -1.00000000 0.00000000 0.00000000
vn -1.00000000 0.00000000 0.00000000
vn -1.00000000 0.00000000 0.00000000
vn 0.00000000 -1.00000000 0.00000000
vn 0.00000000 -1.00000000 0.00000000
vn 0.00000000 -1.00000000 0.00000000
vn 0.00000000 -1.00000000 0.00000000
vn 0.00000000 0.00000000 -1.00000000
vn 0.00000000 0.00000000 -1.00000000
vn 0.00000000 0.00000000 -1.00000000
vn 0.00000000 0.00000000 -1.00000000
vn 0.00000000 0.00000000 -1.00000000
vn 0.00000000 0.00000000 -1.00000000
vn 0.00000000 0.00000000 -1.00000000
vn 0.00000000 0.00000000 -1.00000000
vn 0.00000000 0.00000000 -1.00000000
vn 0.00000000 0.00000000 -1.00000000
vn 0.00000000 0.00000000 -1.00000000
vn 0.00000000 0.00000000 -1.00000000
vn 0.00000000 0.00000000 -1.00000000
vn 0.00000000 0.00000000 -1.00000000
vn 0.00000000 0.00000000 -1.00000000
vn 0.00000000 0.00000000 -1.00000000
vn 0.00000000 0.00000000 -1.00000000
vn 0.00000000 0.00000000 -1.00000000
vn 0.00000000 0.00000000 -1.00000000
vn 0.00000000 0.00000000 -1.00000000
vn 0.00000000 0.00000000 -1.00000000
vn 0.00000000 0.00000000 -1.00000000
vn 0.00000000 0.00000000 -1.00000000
vn 0.00000000 0.00000000 -1.00000000
vn 0.00000000 0.00000000 -1.00000000
vn 0.00000000 0.00000000 -1.00000000
vn 0.00000000 0.00000000 -1.00000000
vn 0.00000000 0.00000000 -1.00000000
vn 0.00000000 0.00000000 -1.00000000
vn 0.00000000 0.00000000 -1.00000000
vn 0.00000000 0.00000000 -1.00000000
vn 0.00000000 0.00000000 -1.00000000
vn 0.00000000 0.00000000 -1.00000000
vn 0.00000000 0.00000000 -1.00000000
vn 0.00000000 0.00000000 -1.00000000
vn 0.00000000 0.00000000 -1.00000000
vn 0.00000000 0.00000000 -1.00000000
vn 0.00000000 0.00000000 -1.00000000
vn 0.00000000 0.00000000 -1.00000000
vn 0.00000000 0.00000000 -1.00000000
vn 0.00000000 0.00000000 -1.00000000
vn 0.00000000 0.00000000 -1.00000000
vn 0.00000000 0.00000000 -1.00000000
vn 0.00000000 0.00000000 -1.00000000
vn 0.00000000 0.00000000 -1.00000000
vn 0.00000000 0.00000000 -1.00000000
vn 0.00000000 0.00000000 -1.00000000
vn 0.00000000 0.00000000 -1.00000000
vn 0.00000000 0.00000000 -1.00000000
vn 0.00000000 0.00000000 -1.00000000
vn 0.00000000 0.00000000 -1.00000000
vn 0.00000000 0.00000000 -1.00000000
vn 0.00000000 0.00000000 -1.00000000
vn 0.00000000 0.00000000 -1.00000000
vn 0.00000000 0.00000000 -1.00000000
vn 0.00000000 0.00000000 -1.00000000
vn 0.00000000 0.00000000 -1.00000000
vn 0.00000000 0.00000000 -1.00000000
vn 0.00000000 0.00000000 -1.00000000
vn 0.00000000 0.00000000 -1.00000000
vn 0.00000000 0.00000000 -1.00000000
vn 0.00000000 0.00000000 -1.00000000
vn 0.00000000 0.00000000 -1.00000000
vn 0.00000000 0.00000000 -1.00000000
vn 0.00000000 0.00000000 -1.00000000
vn 0.00000000 0.00000000 -1.00000000
vn 0.00000000 0.00000000 -1.00000000
vn 0.00000000 0.00000000 -1.00000000
vn 0.00000000 0.00000000 -1.00000000
vn 0.00000000 0.00000000 -1.00000000
vn 0.00000000 0.00000000 -1.00000000
vn 0.00000000 0.00000000 -1.00000000
vn 0.00000000 0.00000000 -1.00000000
vn 0.00000000 0.00000000 -1.00000000
vn 0.00000000 0.00000000 -1.00000000
vn 0.00000000 0.00000000 -1.00000000
vn 0.00000000 0.00000000 -1.00000000
vn 0.00000000 0.00000000 -1.00000000
vn 0.00000000 0.00000000 1.00000000
vn 0.00000000 0.00000000 1.00000000
vn 0.00000000 0.00000000 1.00000000
vn 0.00000000 0.00000000 1.00000000
vn 0.00000000 0.00000000 1.00000000
vn 0.00000000 0.00000000 1.00000000
vn 0.00000000 0.00000000 1.00000000
vn 0.00000000 0.00000000 1.00000000
vn 0.00000000 0.00000000 1.00000000
vn 0.00000000 0.00000000 1.00000000
vn 0.00000000 0.00000000 1.00000000
vn 0.00000000 0.00000000 1.00000000
vn 0.00000000 0.00000000 1.00000000
vn 0.00000000 0.00000000 1.00000000
vn 0.00000000 0.00000000 1.00000000
vn 0.00000000 0.00000000 1.00000000
vn 0.00000000 0.00000000 1.00000000
vn 0.00000000 0.00000000 1.00000000
vn 0.00000000 0.00000000 1.00000000
vn 0.00000000 0.00000000 1.00000000
vn 0.00000000 0.00000000 1.00000000
vn 0.00000000 0.00000000 1.00000000
vn 0.00000000 0.00000000 1.00000000
vn 0.00000000 0.00000000 1.00000000
vn 0.00000000 0.00000000 1.00000000
vn 0.00000000 0.00000000 1.00000000
vn 0.00000000 0.00000000 1.00000000
vn 0.00000000 0.00000000 1.00000000
vn 0.00000000 0.00000000 1.00000000
vn 0.00000000 0.00000000 1.00000000
vn 0.00000000 -0.00000000 1.00000000
vn 0.00000000 -0.00000000 1.00000000
vn 0.00000000 -0.00000000 1.00000000
vn 0.00000000 0.00000000 1.00000000
vn 0.00000000 0.00000000 1.00000000
vn 0.00000000 0.00000000 1.00000000
vn 0.00000000 0.00000000 1.00000000
vn 0.00000000 0.00000000 1.00000000
vn 0.00000000 0.00000000 1.00000000
vn 0.00000000 0.00000000 1.00000000
vn 0.00000000 0.00000000 1.00000000
vn 0.00000000 0.00000000 1.00000000
vn 0.00000000 0.00000000 1.00000000
vn 0.00000000 0.00000000 1.00000000
vn 0.00000000 0.00000000 1.00000000
vn 0.00000000 0.00000000 1.00000000
vn 0.00000000 0.00000000 1.00000000
vn 0.00000000 0.00000000 1.00000000
vn 0.00000000 0.00000000 1.00000000
vn 0.00000000 0.00000000 1.00000000
vn 0.00000000 0.00000000 1.00000000
vn 0.00000000 0.00000000 1.00000000
vn 0.00000000 0.00000000 1.00000000
vn 0.00000000 0.00000000 1.00000000
vn 0.00000000 -0.00000000 1.00000000
vn 0.00000000 -0.00000000 1.00000000
vn 0.00000000 -0.00000000 1.00000000
vn 0.00000000 0.00000000 1.00000000
vn 0.00000000 0.00000000 1.00000000
vn 0.00000000 0.00000000 1.00000000
vn 0.00000000 0.00000000 1.00000000
vn 0.00000000 0.00000000 1.00000000
vn 0.00000000 0.00000000 1.00000000
vn 0.00000000 0.00000000 1.00000000
vn 0.00000000 0.00000000 1.00000000
vn 0.00000000 0.00000000 1.00000000
vn 0.00000000 0.00000000 1.00000000
vn 0.00000000 0.00000000 1.00000000
vn 0.00000000 0.00000000 1.00000000
vn 0.00000000 0.00000000 1.00000000
vn 0.00000000 0.00000000 1.00000000
vn 0.00000000 0.00000000 1.00000000
vn 0.00000000 0.00000000 1.00000000
vn 0.00000000 0.00000000 1.00000000
vn 0.00000000 0.00000000 1.00000000
vn 0.00000000 0.00000000 1.00000000
vn 0.00000000 0.00000000 1.00000000
vn 0.00000000 0.00000000 1.00000000
vn 0.00000000 -1.00000000 0.00000000
vn 0.00000000 -1.00000000 0.00000000
vn 0.00000000 -1.00000000 0.00000000
vn 0.00000000 -1.00000000 0.00000000
vn 0.00000000 -1.00000000 0.00000000
vn 0.00000000 -1.00000000 0.00000000
vn 0.00000000 -1.00000000 0.00000000
vn 0.00000000 -1.00000000 0.00000000
vn 0.00000000 -1.00000000 0.00000000
vn 0.00000000 -1.00000000 0.00000000
vn 0.00000000 -1.00000000 0.00000000
vn 0.00000000 -1.00000000 0.00000000
vn 0.00000000 -1.00000000 0.00000000
vn 0.00000000 -1.00000000 0.00000000
vn 0.00000000 -1.00000000 0.00000000
vn 0.00000000 -1.00000000 0.00000000
vn 0.00000000 -1.00000000 0.00000000
vn 0.00000000 -1.00000000 0.00000000
vn 0.00000000 1.00000000 0.00000000
vn 0.00000000 1.00000000 0.00000000
vn 0.00000000 1.00000000 0.00000000
vn 0.00000000 1.00000000 -0.00000000
vn 0.00000000 1.00000000 -0.00000000
vn 0.00000000 1.00000000 -0.00000000
vn 0.00000000 1.00000000 0.00000000
vn 0.00000000 1.00000000 0.00000000
vn 0.00000000 1.00000000 0.00000000
vn 0.00000000 1.00000000 0.00000000
vn 0.00000000 1.00000000 0.00000000
vn 0.00000000 1.00000000 0.00000000
vn 0.00000000 1.00000000 0.00000000
vn 0.00000000 1.00000000 0.00000000
vn 0.00000000 1.00000000 0.00000000
vn 0.00000000 1.00000000 0.00000000
vn 0.00000000 1.00000000 0.00000000
vn 0.00000000 1.00000000 0.00000000
vn 0.00000000 0.00000000 -1.00000000
vn 0.00000000 0.00000000 -1.00000000
vn 0.00000000 0.00000000 -1.00000000
vn 0.00000000 0.00000000 -1.00000000
vn 0.70710678 0.00000000 -0.70710678
vn 0.70710678 0.00000000 -0.70710678
vn 0.70710678 0.00000000 -0.70710678
vn 0.70710678 0.00000000 -0.70710678
vn 1.00000000 0.00000000 -0.00000000
vn 1.00000000 0.00000000 -0.00000000
vn 1.00000000 0.00000000 -0.00000000
vn 1.00000000 0.00000000 -0.00000000
vn 0.70710678 0.00000000 0.70710678
vn 0.70710678 0.00000000 0.70710678
vn 0.70710678 0.00000000 0.70710678
vn 0.70710678 0.00000000 0.70710678
vn 0.00000000 0.00000000 1.00000000
vn 0.00000000 0.00000000 1.00000000
vn 0.00000000 0.00000000 1.00000000
vn 0.00000000 0.00000000 1.00000000
vn -0.70710678 0.00000000 0.70710678
vn -0.70710678 0.00000000 0.70710678
vn -0.70710678 0.00000000 0.70710678
vn -0.70710678 0.00000000 0.70710678
vn -1.00000000 0.00000000 -0.00000000
vn -1.00000000 0.00000000 -0.00000000
vn -1.00000000 0.00000000 -0.00000000
vn -1.00000000 0.00000000 -0.00000000
vn -0.70710678 0.00000000 -0.70710678
vn -0.70710678 0.00000000 -0.70710678
vn -0.70710678 0.00000000 -0.70710678
vn -0.70710678 0.00000000 -0.70710678
vn 0.00000000 -1.00000000 0.00000000
vn 0.00000000 -1.00000000 0.00000000
vn 0.00000000 -1.00000000 0.00000000
vn 0.00000000 -1.00000000 0.00000000
vn 0.00000000 -1.00000000 0.00000000
vn 0.00000000 -1.00000000 0.00000000
vn 0.00000000 -1.00000000 0.00000000
vn 0.00000000 -1.00000000 0.00000000
vn 0.00000000 -1.00000000 0.00000000
vn 0.00000000 -1.00000000 0.00000000
vn 0.00000000 -1.00000000 0.00000000
vn 0.00000000 -1.00000000 0.00000000
vn 0.00000000 -1.00000000 0.00000000
vn 0.00000000 -1.00000000 0.00000000
vn 0.00000000 -1.00000000 0.00000000
vn 0.00000000 -1.00000000 0.00000000
vn 0.00000000 -1.00000000 0.00000000
vn 0.00000000 -1.00000000 0.00000000
vn 0.00000000 1.00000000 0.00000000
vn 0.00000000 1.00000000 0.00000000
vn 0.00000000 1.00000000 0.00000000
vn 0.00000000 1.00000000 -0.00000000
vn 0.00000000 1.00000000 -0.00000000
vn 0.00000000 1.00000000 -0.00000000
vn 0.00000000 1.00000000 0.00000000
vn 0.00000000 1.00000000 0.00000000
vn 0.00000000 1.00000000 0.00000000
vn 0.00000000 1.00000000 0.00000000
vn 0.00000000 1.00000000 0.00000000
vn 0.00000000 1.00000000 0.00000000
vn 0.00000000 1.00000000 0.00000000
vn 0.00000000 1.00000000 0.00000000
vn 0.00000000 1.00000000 0.00000000
vn 0.00000000 1.00000000 0.00000000
vn 0.00000000 1.00000000 0.00000000
vn 0.00000000 1.00000000 0.00000000
vn 0.00000000 0.00000000 -1.00000000
vn 0.00000000 0.00000000 -1.00000000
vn 0.00000000 0.00000000 -1.00000000
vn 0.00000000 0.00000000 -1.00000000
vn 0.70710678 0.00000000 -0.70710678
vn 0.70710678 0.00000000 -0.70710678
vn 0.70710678 0.00000000 -0.70710678
vn 0.70710678 0.00000000 -0.70710678
vn 1.00000000 0.00000000 -0.00000000
vn 1.00000000 0.00000000 -0.00000000
vn 1.00000000 0.00000000 -0.00000000
vn 1.00000000 0.00000000 -0.00000000
vn 0.70710678 0.00000000 0.70710678
vn 0.70710678 0.00000000 0.70710678
vn 0.70710678 0.00000000 0.70710678
vn 0.70710678 0.00000000 0.70710678
vn 0.00000000 0.00000000 1.00000000
vn 0.00000000 0.00000000 1.00000000
vn 0.00000000 0.00000000 1.00000000
vn 0.00000000 0.00000000 1.00000000
vn -0.70710678 0.00000000 0.70710678
vn -0.70710678 0.00000000 0.70710678
vn -0.70710678 0.00000000 0.70710678
vn -0.70710678 0.00000000 0.70710678
vn -1.00000000 0.00000000 -0.00000000
vn -1.00000000 0.00000000 -0.00000000
vn -1.00000000 0.00000000 -0.00000000
vn -1.00000000 0.00000000 -0.00000000
vn -0.70710678 0.00000000 -0.70710678
vn -0.70710678 0.00000000 -0.70710678
vn -0.70710678 0.00000000 -0.70710678
vn -0.70710678 0.00000000 -0.70710678
vn 0.00000000 -1.00000000 0.00000000
vn 0.00000000 -1.00000000 0.00000000
vn 0.00000000 -1.00000000 0.00000000
vn 0.00000000 -1.00000000 0.00000000
vn 0.00000000 -1.00000000 0.00000000
vn 0.00000000 -1.00000000 0.00000000
vn 0.00000000 -1.00000000 0.00000000
vn 0.00000000 -1.00000000 0.00000000
vn 0.00000000 -1.00000000 0.00000000
vn 0.00000000 -1.00000000 0.00000000
vn 0.00000000 -1.00000000 0.00000000
vn 0.00000000 -1.00000000 0.00000000
vn 0.00000000 -1.00000000 0.00000000
vn 0.00000000 -1.00000000 0.00000000
vn 0.00000000 -1.00000000 0.00000000
vn 0.00000000 -1.00000000 0.00000000
vn 0.00000000 -1.00000000 0.00000000
vn 0.00000000 -1.00000000 0.00000000
vn 0.00000000 1.00000000 0.00000000
vn 0.00000000 1.00000000 0.00000000
vn 0.00000000 1.00000000 0.00000000
vn 0.00000000 1.00000000 -0.00000000
vn 0.00000000 1.00000000 -0.00000000
vn 0.00000000 1.00000000 -0.00000000
vn 0.00000000 1.00000000 0.00000000
vn 0.00000000 1.00000000 0.00000000
vn 0.00000000 1.00000000 0.00000000
vn 0.00000000 1.00000000 0.00000000
vn 0.00000000 1.00000000 0.00000000
vn 0.00000000 1.00000000 0.00000000
vn 0.00000000 1.00000000 0.00000000
vn 0.00000000 1.00000000 0.00000000
vn 0.00000000 1.00000000 0.00000000
vn 0.00000000 1.00000000 0.00000000
vn 0.00000000 1.00000000 0.00000000
vn 0.00000000 1.00000000 0.00000000
vn 0.00000000 0.00000000 -1.00000000
vn 0.00000000 0.00000000 -1.00000000
vn 0.00000000 0.00000000 -1.00000000
vn 0.00000000 0.00000000 -1.00000000
vn 0.70710678 0.00000000 -0.70710678
vn 0.70710678 0.00000000 -0.70710678
vn 0.70710678 0.00000000 -0.70710678
vn 0.70710678 0.00000000 -0.70710678
vn 1.00000000 0.00000000 -0.00000000
vn 1.00000000 0.00000000 -0.00000000
vn 1.00000000 0.00000000 -0.00000000
vn 1.00000000 0.00000000 -0.00000000
vn 0.70710678 0.00000000 0.70710678
vn 0.70710678 0.00000000 0.70710678
vn 0.70710678 0.00000000 0.70710678
vn 0.70710678 0.00000000 0.70710678
vn 0.00000000 0.00000000 1.00000000
vn 0.00000000 0.00000000 1.00000000
vn 0.00000000 0.00000000 1.00000000
vn 0.00000000 0.00000000 1.00000000
vn -0.70710678 0.00000000 0.70710678
vn -0.70710678 0.00000000 0.70710678
vn -0.70710678 0.00000000 0.70710678
vn -0.70710678 0.00000000 0.70710678
vn -1.00000000 0.00000000 -0.00000000
vn -1.00000000 0.00000000 -0.00000000
vn -1.00000000 0.00000000 -0.00000000
vn -1.00000000 0.00000000 -0.00000000
vn -0.70710678 0.00000000 -0.70710678
vn -0.70710678 0.00000000 -0.70710678
vn -0.70710678 0.00000000 -0.70710678
vn -0.70710678 0.00000000 -0.70710678
vn 0.00000000 -1.00000000 0.00000000
vn 0.00000000 -1.00000000 0.00000000
vn 0.00000000 -1.00000000 0.00000000
vn 0.00000000 -1.00000000 0.00000000
vn 0.00000000 -1.00000000 0.00000000
vn 0.00000000 -1.00000000 0.00000000
vn 0.00000000 -1.00000000 0.00000000
vn 0.00000000 -1.00000000 0.00000000
vn 0.00000000 -1.00000000 0.00000000
vn 0.00000000 -1.00000000 0.00000000
vn 0.00000000 -1.00000000 0.00000000
vn 0.00000000 -1.00000000 0.00000000
vn 0.00000000 -1.00000000 0.00000000
vn 0.00000000 -1.00000000 0.00000000
vn 0.00000000 -1.00000000 0.00000000
vn 0.00000000 -1.00000000 0.00000000
vn 0.00000000 -1.00000000 0.00000000
vn 0.00000000 -1.00000000 0.00000000
vn 0.00000000 1.00000000 0.00000000
vn 0.00000000 1.00000000 0.00000000
vn 0.00000000 1.00000000 0.00000000
vn 0.00000000 1.00000000 -0.00000000
vn 0.00000000 1.00000000 -0.00000000
vn 0.00000000 1.00000000 -0.00000000
vn 0.00000000 1.00000000 0.00000000
vn 0.00000000 1.00000000 0.00000000
vn 0.00000000 1.00000000 0.00000000
vn 0.00000000 1.00000000 0.00000000
vn 0.00000000 1.00000000 0.00000000
vn 0.00000000 1.00000000 0.00000000
vn 0.00000000 1.00000000 0.00000000
vn 0.00000000 1.00000000 0.00000000
vn 0.00000000 1.00000000 0.00000000
vn 0.00000000 1.00000000 0.00000000
vn 0.00000000 1.00000000 0.00000000
vn 0.00000000 1.00000000 0.00000000
vn 0.00000000 0.00000000 -1.00000000
vn 0.00000000 0.00000000 -1.00000000
vn 0.00000000 0.00000000 -1.00000000
vn 0.00000000 0.00000000 -1.00000000
vn 0.70710678 0.00000000 -0.70710678
vn 0.70710678 0.00000000 -0.70710678
vn 0.70710678 0.00000000 -0.70710678
vn 0.70710678 0.00000000 -0.70710678
vn 1.00000000 0.00000000 -0.00000000
vn 1.00000000 0.00000000 -0.00000000
vn 1.00000000 0.00000000 -0.00000000
vn 1.00000000 0.00000000 -0.00000000
vn 0.70710678 0.00000000 0.70710678
vn 0.70710678 0.00000000 0.70710678
vn 0.70710678 0.00000000 0.70710678
vn 0.70710678 0.00000000 0.70710678
vn 0.00000000 0.00000000 1.00000000
vn 0.00000000 0.00000000 1.00000000
vn 0.00000000 0.00000000 1.00000000
vn 0.00000000 0.00000000 1.00000000
vn -0.70710678 0.00000000 0.70710678
vn -0.70710678 0.00000000 0.70710678
vn -0.70710678 0.00000000 0.70710678
vn -0.70710678 0.00000000 0.70710678
vn -1.00000000 0.00000000 -0.00000000
vn -1.00000000 0.00000000 -0.00000000
vn -1.00000000 0.00000000 -0.00000000
vn -1.00000000 0.00000000 -0.00000000
vn -0.70710678 0.00000000 -0.70710678
vn -0.70710678 0.00000000 -0.70710678
vn -0.70710678 0.00000000 -0.70710678
vn -0.70710678 0.00000000 -0.70710678
vn 0.00000000 -0.00000000 1.00000000
vn 0.00000000 -0.00000000 1.00000000
vn 0.00000000 -0.00000000 1.00000000
vn 0.00000000 0.00000000 1.00000000
vn 0.00000000 0.00000000 1.00000000
vn 0.00000000 0.00000000 1.00000000
vn 0.00000000 0.00000000 1.00000000
vn 0.00000000 0.00000000 1.00000000
vn 0.00000000 0.00000000 1.00000000
vn 0.00000000 0.00000000 1.00000000
vn 0.00000000 0.00000000 1.00000000
vn 0.00000000 0.00000000 1.00000000
vn 0.00000000 0.00000000 1.00000000
vn 0.00000000 0.00000000 1.00000000
vn 0.00000000 0.00000000 1.00000000
vn 0.00000000 0.00000000 1.00000000
vn 0.00000000 0.00000000 1.00000000
vn 0.00000000 0.00000000 1.00000000
vn 0.00000000 0.00000000 1.00000000
vn 0.00000000 0.00000000 1.00000000
vn 0.00000000 0.00000000 1.00000000
vn 0.00000000 -0.00000000 -1.00000000
vn 0.00000000 -0.00000000 -1.00000000
vn 0.00000000 -0.00000000 -1.00000000
vn 0.00000000 0.00000000 -1.00000000
vn 0.00000000 0.00000000 -1.00000000
vn 0.00000000 0.00000000 -1.00000000
vn 0.00000000 0.00000000 -1.00000000
vn 0.00000000 0.00000000 -1.00000000
vn 0.00000000 0.00000000 -1.00000000
vn 0.00000000 0.00000000 -1.00000000
vn 0.00000000 0.00000000 -1.00000000
vn 0.00000000 0.00000000 -1.00000000
vn 0.00000000 0.00000000 -1.00000000
vn 0.00000000 0.00000000 -1.00000000
vn 0.00000000 0.00000000 -1.00000000
vn 0.00000000 0.00000000 -1.00000000
vn 0.00000000 0.00000000 -1.00000000
vn 0.00000000 0.00000000 -1.00000000
vn 0.00000000 0.00000000 -1.00000000
vn 0.00000000 0.00000000 -1.00000000
vn 0.00000000 0.00000000 -1.00000000
vn 0.37708674 -0.92617795 0.00000000
vn 0.37708674 -0.92617795 0.00000000
vn 0.37708674 -0.92617795 0.00000000
vn 0.37708674 -0.92617795 0.00000000
vn 0.72353574 -0.69028692 0.00000000
vn 0.72353574 -0.69028692 0.00000000
vn 0.72353574 -0.69028692 0.00000000
vn 0.72353574 -0.69028692 0.00000000
vn -0.00000000 -1.00000000 0.00000000
vn -0.00000000 -1.00000000 0.00000000
vn -0.00000000 -1.00000000 0.00000000
vn -0.00000000 -1.00000000 0.00000000
vn -1.00000000 0.00000000 0.00000000
vn -1.00000000 0.00000000 0.00000000
vn -1.00000000 0.00000000 0.00000000
vn -1.00000000 0.00000000 0.00000000
vn -0.00000000 1.00000000 0.00000000
vn -0.00000000 1.00000000 0.00000000
vn -0.00000000 1.00000000 0.00000000
vn -0.00000000 1.00000000 0.00000000
vn -0.18589167 0.98257025 0.00000000
vn -0.18589167 0.98257025 0.00000000
vn -0.18589167 0.98257025 0.00000000
vn -0.18589167 0.98257025 0.00000000
vn -0.00000000 1.00000000 0.00000000
vn -0.00000000 1.00000000 0.00000000
vn -0.00000000 1.00000000 0.00000000
vn -0.00000000 1.00000000 0.00000000
vn -0.20695859 0.97834970 0.00000000
vn -0.20695859 0.97834970 0.00000000
vn -0.20695859 0.97834970 0.00000000
vn -0.20695859 0.97834970 0.00000000
vn 1.00000000 0.00000000 0.00000000
vn 1.00000000 0.00000000 0.00000000
vn 1.00000000 0.00000000 0.00000000
vn 1.00000000 0.00000000 0.00000000
vn 0.00000000 -1.00000000 0.00000000
vn 0.00000000 -1.00000000 0.00000000
vn 0.00000000 -1.00000000 0.00000000
vn 0.00000000 -1.00000000 0.00000000
vn 0.00000000 -1.00000000 0.00000000
vn 0.00000000 -1.00000000 0.00000000
vn 0.00000000 -1.00000000 0.00000000
vn 0.00000000 -1.00000000 0.00000000
vn 0.00000000 -1.00000000 0.00000000
vn 0.00000000 -1.00000000 0.00000000
vn 0.00000000 -1.00000000 0.00000000
vn 0.00000000 -1.00000000 0.00000000
vn 0.00000000 -1.00000000 0.00000000
vn 0.00000000 -1.00000000 0.00000000
vn 0.00000000 -1.00000000 0.00000000
vn 0.00000000 -1.00000000 0.00000000
vn 0.00000000 -1.00000000 0.00000000
vn 0.00000000 -1.00000000 0.00000000
vn 0.00000000 1.00000000 0.00000000
vn 0.00000000 1.00000000 0.00000000
vn 0.00000000 1.00000000 0.00000000
vn 0.00000000 1.00000000 -0.00000000
vn 0.00000000 1.00000000 -0.00000000
vn 0.00000000 1.00000000 -0.00000000
vn 0.00000000 1.00000000 0.00000000
vn 0.00000000 1.00000000 0.00000000
vn 0.00000000 1.00000000 0.00000000
vn 0.00000000 1.00000000 0.00000000
vn 0.00000000 1.00000000 0.00000000
vn 0.00000000 1.00000000 0.00000000
vn 0.00000000 1.00000000 0.00000000
vn 0.00000000 1.00000000 0.00000000
vn 0.00000000 1.00000000 0.00000000
vn 0.00000000 1.00000000 0.00000000
vn 0.00000000 1.00000000 0.00000000
vn 0.00000000 1.00000000 0.00000000
vn 0.00000000 0.00000000 -1.00000000
vn 0.00000000 0.00000000 -1.00000000
vn 0.00000000 0.00000000 -1.00000000
vn 0.00000000 0.00000000 -1.00000000
vn 0.70710678 0.00000000 -0.70710678
vn 0.70710678 0.00000000 -0.70710678
vn 0.70710678 0.00000000 -0.70710678
vn 0.70710678 0.00000000 -0.70710678
vn 1.00000000 0.00000000 -0.00000000
vn 1.00000000 0.00000000 -0.00000000
vn 1.00000000 0.00000000 -0.00000000
vn 1.00000000 0.00000000 -0.00000000
vn 0.70710678 0.00000000 0.70710678
vn 0.70710678 0.00000000 0.70710678
vn 0.70710678 0.00000000 0.70710678
vn 0.70710678 0.00000000 0.70710678
vn 0.00000000 0.00000000 1.00000000
vn 0.00000000 0.00000000 1.00000000
vn 0.00000000 0.00000000 1.00000000
vn 0.00000000 0.00000000 1.00000000
vn -0.70710678 0.00000000 0.70710678
vn -0.70710678 0.00000000 0.70710678
vn -0.70710678 0.00000000 0.70710678
vn -0.70710678 0.00000000 0.70710678
vn -1.00000000 0.00000000 -0.00000000
vn -1.00000000 0.00000000 -0.00000000
vn -1.00000000 0.00000000 -0.00000000
vn -1.00000000 0.00000000 -0.00000000
vn -0.70710678 0.00000000 -0.70710678
vn -0.70710678 0.00000000 -0.70710678
vn -0.70710678 0.00000000 -0.70710678
vn -0.70710678 0.00000000 -0.70710678
vn 0.00000000 -1.00000000 0.00000000
vn 0.00000000 -1.00000000 0.00000000
vn 0.00000000 -1.00000000 0.00000000
vn 0.00000000 -1.00000000 0.00000000
vn 0.00000000 -1.00000000 0.00000000
vn 0.00000000 -1.00000000 0.00000000
vn 0.00000000 -1.00000000 0.00000000
vn 0.00000000 -1.00000000 0.00000000
vn 0.00000000 -1.00000000 0.00000000
vn 0.00000000 -1.00000000 0.00000000
vn 0.00000000 -1.00000000 0.00000000
vn 0.00000000 -1.00000000 0.00000000
vn 0.00000000 -1.00000000 0.00000000
vn 0.00000000 -1.00000000 0.00000000
vn 0.00000000 -1.00000000 0.00000000
vn 0.00000000 -1.00000000 0.00000000
vn 0.00000000 -1.00000000 0.00000000
vn 0.00000000 -1.00000000 0.00000000
vn 0.00000000 1.00000000 0.00000000
vn 0.00000000 1.00000000 0.00000000
vn 0.00000000 1.00000000 0.00000000
vn 0.00000000 1.00000000 -0.00000000
vn 0.00000000 1.00000000 -0.00000000
vn 0.00000000 1.00000000 -0.00000000
vn 0.00000000 1.00000000 0.00000000
vn 0.00000000 1.00000000 0.00000000
vn 0.00000000 1.00000000 0.00000000
vn 0.00000000 1.00000000 0.00000000
vn 0.00000000 1.00000000 0.00000000
vn 0.00000000 1.00000000 0.00000000
vn 0.00000000 1.00000000 0.00000000
vn 0.00000000 1.00000000 0.00000000
vn 0.00000000 1.00000000 0.00000000
vn 0.00000000 1.00000000 0.00000000
vn 0.00000000 1.00000000 0.00000000
vn 0.00000000 1.00000000 0.00000000
vn 0.00000000 0.00000000 -1.00000000
vn 0.00000000 0.00000000 -1.00000000
vn 0.00000000 0.00000000 -1.00000000
vn 0.00000000 0.00000000 -1.00000000
vn 0.70710678 0.00000000 -0.70710678
vn 0.70710678 0.00000000 -0.70710678
vn 0.70710678 0.00000000 -0.70710678
vn 0.70710678 0.00000000 -0.70710678
vn 1.00000000 0.00000000 -0.00000000
vn 1.00000000 0.00000000 -0.00000000
vn 1.00000000 0.00000000 -0.00000000
vn 1.00000000 0.00000000 -0.00000000
vn 0.70710678 0.00000000 0.70710678
vn 0.70710678 0.00000000 0.70710678
vn 0.70710678 0.00000000 0.70710678
vn 0.70710678 0.00000000 0.70710678
vn 0.00000000 0.00000000 1.00000000
vn 0.00000000 0.00000000 1.00000000
vn 0.00000000 0.00000000 1.00000000
vn 0.00000000 0.00000000 1.00000000
vn -0.70710678 0.00000000 0.70710678
vn -0.70710678 0.00000000 0.70710678
vn -0.70710678 0.00000000 0.70710678
vn -0.70710678 0.00000000 0.70710678
vn -1.00000000 0.00000000 -0.00000000
vn -1.00000000 0.00000000 -0.00000000
vn -1.00000000 0.00000000 -0.00000000
vn -1.00000000 0.00000000 -0.00000000
vn -0.70710678 0.00000000 -0.70710678
vn -0.70710678 0.00000000 -0.70710678
vn -0.70710678 0.00000000 -0.70710678
vn -0.70710678 0.00000000 -0.70710678
vn 0.00000000 0.00000000 1.00000000
vn 0.00000000 0.00000000 1.00000000
vn 0.00000000 0.00000000 1.00000000
vn 0.00000000 0.00000000 1.00000000
vn 0.00000000 0.00000000 1.00000000
vn 0.00000000 0.00000000 1.00000000
vn 0.00000000 0.00000000 1.00000000
vn 0.00000000 0.00000000 1.00000000
vn 0.00000000 0.00000000 1.00000000
vn 0.00000000 -0.00000000 1.00000000
vn 0.00000000 -0.00000000 1.00000000
vn 0.00000000 -0.00000000 1.00000000
vn 0.00000000 0.00000000 1.00000000
vn 0.00000000 0.00000000 1.00000000
vn 0.00000000 0.00000000 1.00000000
vn 0.00000000 0.00000000 1.00000000
vn 0.00000000 0.00000000 1.00000000
vn 0.00000000 0.00000000 1.00000000
vn 0.00000000 0.00000000 1.00000000
vn 0.00000000 0.00000000 1.00000000
vn 0.00000000 0.00000000 1.00000000
vn 0.00000000 0.00000000 -1.00000000
vn 0.00000000 0.00000000 -1.00000000
vn 0.00000000 0.00000000 -1.00000000
vn 0.00000000 0.00000000 -1.00000000
vn 0.00000000 0.00000000 -1.00000000
vn 0.00000000 0.00000000 -1.00000000
vn 0.00000000 0.00000000 -1.00000000
vn 0.00000000 0.00000000 -1.00000000
vn 0.00000000 0.00000000 -1.00000000
vn 0.00000000 0.00000000 -1.00000000
vn 0.00000000 0.00000000 -1.00000000
vn 0.00000000 0.00000000 -1.00000000
vn 0.00000000 0.00000000 -1.00000000
vn 0.00000000 0.00000000 -1.00000000
vn 0.00000000 0.00000000 -1.00000000
vn 0.00000000 0.00000000 -1.00000000
vn 0.00000000 0.00000000 -1.00000000
vn 0.00000000 0.00000000 -1.00000000
vn 0.00000000 0.00000000 -1.00000000
vn 0.00000000 0.00000000 -1.00000000
vn 0.00000000 0.00000000 -1.00000000
vn -0.37708674 -0.92617795 0.00000000
vn -0.37708674 -0.92617795 0.00000000
vn -0.37708674 -0.92617795 0.00000000
vn -0.37708674 -0.92617795 0.00000000
vn -0.72353574 -0.69028692 0.00000000
vn -0.72353574 -0.69028692 0.00000000
vn -0.72353574 -0.69028692 0.00000000
vn -0.72353574 -0.69028692 0.00000000
vn 0.00000000 -1.00000000 0.00000000
vn 0.00000000 -1.00000000 0.00000000
vn 0.00000000 -1.00000000 0.00000000
vn 0.00000000 -1.00000000 0.00000000
vn 1.00000000 0.00000000 0.00000000
vn 1.00000000 0.00000000 0.00000000
vn 1.00000000 0.00000000 0.00000000
vn 1.00000000 0.00000000 0.00000000
vn 0.00000000 1.00000000 0.00000000
vn 0.00000000 1.00000000 0.00000000
vn 0.00000000 1.00000000 0.00000000
vn 0.00000000 1.00000000 0.00000000
vn 0.18589167 0.98257025 0.00000000
vn 0.18589167 0.98257025 0.00000000
vn 0.18589167 0.98257025 0.00000000
vn 0.18589167 0.98257025 0.00000000
vn 0.00000000 1.00000000 0.00000000
vn 0.00000000 1.00000000 0.00000000
vn 0.00000000 1.00000000 0.00000000
vn 0.00000000 1.00000000 0.00000000
vn 0.20695859 0.97834970 0.00000000
vn 0.20695859 0.97834970 0.00000000
vn 0.20695859 0.97834970 0.00000000
vn 0.20695859 0.97834970 0.00000000
vn -1.00000000 0.00000000 0.00000000
vn -1.00000000 0.00000000 0.00000000
vn -1.00000000 0.00000000 0.00000000
vn -1.00000000 0.00000000 0.00000000
vn 1.00000000 0.00000000 0.00000000
vn 1.00000000 0.00000000 0.00000000
vn 1.00000000 0.00000000 0.00000000
vn 1.00000000 0.00000000 0.00000000
vn 0.64018440 0.76822128 0.00000000
vn 0.64018440 0.76822128 0.00000000
vn 0.64018440 0.76822128 0.00000000
vn 0.64018440 0.76822128 0.00000000
vn 0.27805808 0.96056426 0.00000000
vn 0.27805808 0.96056426 0.00000000
vn 0.27805808 0.96056426 0.00000000
vn 0.27805808 0.96056426 0.00000000
vn 0.58123819 0.81373347 0.00000000
vn 0.58123819 0.81373347 0.00000000
vn 0.58123819 0.81373347 0.00000000
vn 0.58123819 0.81373347 0.00000000
vn 0.96476382 0.26311741 0.00000000
vn 0.96476382 0.26311741 0.00000000
vn 0.96476382 0.26311741 0.00000000
vn 0.96476382 0.26311741 0.00000000
vn 1.00000000 0.00000000 0.00000000
vn 1.00000000 0.00000000 0.00000000
vn 1.00000000 0.00000000 0.00000000
vn 1.00000000 0.00000000 0.00000000
vn 0.94868330 -0.31622777 0.00000000
vn 0.94868330 -0.31622777 0.00000000
vn 0.94868330 -0.31622777 0.00000000
vn 0.94868330 -0.31622777 0.00000000
vn 0.39391930 -0.91914503 0.00000000
vn 0.39391930 -0.91914503 0.00000000
vn 0.39391930 -0.91914503 0.00000000
vn 0.39391930 -0.91914503 0.00000000
vn 0.70710678 -0.70710678 0.00000000
vn 0.70710678 -0.70710678 0.00000000
vn 0.70710678 -0.70710678 0.00000000
vn 0.70710678 -0.70710678 0.00000000
vn 0.99227788 -0.12403473 0.00000000
vn 0.99227788 -0.12403473 0.00000000
vn 0.99227788 -0.12403473 0.00000000
vn 0.99227788 -0.12403473 0.00000000
vn 1.00000000 0.00000000 0.00000000
vn 1.00000000 0.00000000 0.00000000
vn 1.00000000 0.00000000 0.00000000
vn 1.00000000 0.00000000 0.00000000
vn 0.94868330 0.31622777 0.00000000
vn 0.94868330 0.31622777 0.00000000
vn 0.94868330 0.31622777 0.00000000
vn 0.94868330 0.31622777 0.00000000
vn 0.58072468 0.81410002 0.00000000
vn 0.58072468 0.81410002 0.00000000
vn 0.58072468 0.81410002 0.00000000
vn 0.58072468 0.81410002 0.00000000
vn 0.00000000 1.00000000 0.00000000
vn 0.00000000 1.00000000 0.00000000
vn 0.00000000 1.00000000 0.00000000
vn 0.00000000 1.00000000 0.00000000
vn -0.58072468 0.81410002 0.00000000
vn -0.58072468 0.81410002 0.00000000
vn -0.58072468 0.81410002 0.00000000
vn -0.58072468 0.81410002 0.00000000
vn -0.94868330 0.31622777 0.00000000
vn -0.94868330 0.31622777 0.00000000
vn -0.94868330 0.31622777 0.00000000
vn -0.94868330 0.31622777 0.00000000
vn -1.00000000 0.00000000 0.00000000
vn -1.00000000 0.00000000 0.00000000
vn -1.00000000 0.00000000 0.00000000
vn -1.00000000 0.00000000 0.00000000
vn -0.99227788 -0.12403473 0.00000000
vn -0.99227788 -0.12403473 0.00000000
vn -0.99227788 -0.12403473 0.00000000
vn -0.99227788 -0.12403473 0.00000000
vn -0.70710678 -0.70710678 0.00000000
vn -0.70710678 -0.70710678 0.00000000
vn -0.70710678 -0.70710678 0.00000000
vn -0.70710678 -0.70710678 0.00000000
vn -0.39391930 -0.91914503 0.00000000
vn -0.39391930 -0.91914503 0.00000000
vn -0.39391930 -0.91914503 0.00000000
vn -0.39391930 -0.91914503 0.00000000
vn -0.94868330 -0.31622777 0.00000000
vn -0.94868330 -0.31622777 0.00000000
vn -0.94868330 -0.31622777 0.00000000
vn -0.94868330 -0.31622777 0.00000000
vn -1.00000000 0.00000000 0.00000000
vn -1.00000000 0.00000000 0.00000000
vn -1.00000000 0.00000000 0.00000000
vn -1.00000000 0.00000000 0.00000000
vn -0.96476382 0.26311741 0.00000000
vn -0.96476382 0.26311741 0.00000000
vn -0.96476382 0.26311741 0.00000000
vn -0.96476382 0.26311741 0.00000000
vn -0.58123819 0.81373347 0.00000000
vn -0.58123819 0.81373347 0.00000000
vn -0.58123819 0.81373347 0.00000000
vn -0.58123819 0.81373347 0.00000000
vn -0.27805808 0.96056426 0.00000000
vn -0.27805808 0.96056426 0.00000000
vn -0.27805808 0.96056426 0.00000000
vn -0.27805808 0.96056426 0.00000000
vn -0.64018440 0.76822128 0.00000000
vn -0.64018440 0.76822128 0.00000000
vn -0.64018440 0.76822128 0.00000000
vn -0.64018440 0.76822128 0.00000000
vn -1.00000000 0.00000000 0.00000000
vn -1.00000000 0.00000000 0.00000000
vn -1.00000000 0.00000000 0.00000000
vn -1.00000000 0.00000000 0.00000000
vn 0.00000000 -1.00000000 0.00000000
vn 0.00000000 -1.00000000 0.00000000
vn 0.00000000 -1.00000000 0.00000000
vn 0.00000000 -1.00000000 0.00000000
vn 0.00000000 0.00000000 -1.00000000
vn 0.00000000 0.00000000 -1.00000000
vn 0.00000000 0.00000000 -1.00000000
vn 0.00000000 0.00000000 -1.00000000
vn 0.00000000 0.00000000 -1.00000000
vn 0.00000000 0.00000000 -1.00000000
vn 0.00000000 0.00000000 -1.00000000
vn 0.00000000 0.00000000 -1.00000000
vn 0.00000000 0.00000000 -1.00000000
vn 0.00000000 0.00000000 -1.00000000
vn 0.00000000 0.00000000 -1.00000000
vn 0.00000000 0.00000000 -1.00000000
vn 0.00000000 0.00000000 -1.00000000
vn 0.00000000 0.00000000 -1.00000000
vn 0.00000000 0.00000000 -1.00000000
vn 0.00000000 0.00000000 -1.00000000
vn 0.00000000 0.00000000 -1.00000000
vn 0.00000000 0.00000000 -1.00000000
vn 0.00000000 0.00000000 -1.00000000
vn 0.00000000 0.00000000 -1.00000000
vn 0.00000000 0.00000000 -1.00000000
vn 0.00000000 0.00000000 -1.00000000
vn 0.00000000 0.00000000 -1.00000000
vn 0.00000000 0.00000000 -1.00000000
vn 0.00000000 0.00000000 -1.00000000
vn 0.00000000 0.00000000 -1.00000000
vn 0.00000000 0.00000000 -1.00000000
vn 0.00000000 0.00000000 -1.00000000
vn 0.00000000 0.00000000 -1.00000000
vn 0.00000000 0.00000000 -1.00000000
vn 0.00000000 0.00000000 -1.00000000
vn 0.00000000 0.00000000 -1.00000000
vn 0.00000000 0.00000000 -1.00000000
vn 0.00000000 0.00000000 -1.00000000
vn 0.00000000 0.00000000 -1.00000000
vn 0.00000000 0.00000000 -1.00000000
vn 0.00000000 0.00000000 -1.00000000
vn 0.00000000 0.00000000 -1.00000000
vn 0.00000000 0.00000000 -1.00000000
vn 0.00000000 0.00000000 -1.00000000
vn 0.00000000 0.00000000 -1.00000000
vn 0.00000000 0.00000000 -1.00000000
vn 0.00000000 0.00000000 -1.00000000
vn 0.00000000 0.00000000 -1.00000000
vn 0.00000000 0.00000000 -1.00000000
vn 0.00000000 0.00000000 -1.00000000
vn 0.00000000 0.00000000 -1.00000000
vn 0.00000000 0.00000000 -1.00000000
vn 0.00000000 0.00000000 -1.00000000
vn 0.00000000 0.00000000 -1.00000000
vn 0.00000000 0.00000000 -1.00000000
vn 0.00000000 0.00000000 -1.00000000
vn 0.00000000 0.00000000 -1.00000000
vn 0.00000000 0.00000000 -1.00000000
vn 0.00000000 0.00000000 -1.00000000
vn 0.00000000 0.00000000 -1.00000000
vn 0.00000000 0.00000000 -1.00000000
vn 0.00000000 0.00000000 -1.00000000
vn 0.00000000 0.00000000 -1.00000000
vn 0.00000000 0.00000000 -1.00000000
vn 0.00000000 0.00000000 -1.00000000
vn 0.00000000 0.00000000 -1.00000000
vn 0.00000000 0.00000000 -1.00000000
vn 0.00000000 0.00000000 -1.00000000
vn 0.00000000 0.00000000 -1.00000000
vn 0.00000000 0.00000000 -1.00000000
vn 0.00000000 0.00000000 -1.00000000
vn 0.00000000 0.00000000 -1.00000000
vn 0.00000000 0.00000000 -1.00000000
vn 0.00000000 0.00000000 -1.00000000
vn 0.00000000 0.00000000 -1.00000000
vn 0.00000000 0.00000000 -1.00000000
vn 0.00000000 0.00000000 -1.00000000
vn 0.00000000 0.00000000 -1.00000000
vn 0.00000000 0.00000000 -1.00000000
vn 0.00000000 0.00000000 -1.00000000
vn 0.00000000 0.00000000 -1.00000000
vn 0.00000000 0.00000000 -1.00000000
vn 0.00000000 0.00000000 1.00000000
vn 0.00000000 0.00000000 1.00000000
vn 0.00000000 0.00000000 1.00000000
vn 0.00000000 0.00000000 1.00000000
vn 0.00000000 0.00000000 1.00000000
vn 0.00000000 0.00000000 1.00000000
vn 0.00000000 0.00000000 1.00000000
vn 0.00000000 0.00000000 1.00000000
vn 0.00000000 0.00000000 1.00000000
vn 0.00000000 0.00000000 1.00000000
vn 0.00000000 0.00000000 1.00000000
vn 0.00000000 0.00000000 1.00000000
vn 0.00000000 0.00000000 1.00000000
vn 0.00000000 0.00000000 1.00000000
vn 0.00000000 0.00000000 1.00000000
vn 0.00000000 0.00000000 1.00000000
vn 0.00000000 0.00000000 1.00000000
vn 0.00000000 0.00000000 1.00000000
vn 0.00000000 0.00000000 1.00000000
vn 0.00000000 0.00000000 1.00000000
vn 0.00000000 0.00000000 1.00000000
vn 0.00000000 0.00000000 1.00000000
vn 0.00000000 0.00000000 1.00000000
vn 0.00000000 0.00000000 1.00000000
vn 0.00000000 0.00000000 1.00000000
vn 0.00000000 0.00000000 1.00000000
vn 0.00000000 0.00000000 1.00000000
vn 0.00000000 0.00000000 1.00000000
vn 0.00000000 0.00000000 1.00000000
vn 0.00000000 0.00000000 1.00000000
vn 0.00000000 -0.00000000 1.00000000
vn 0.00000000 -0.00000000 1.00000000
vn 0.00000000 -0.00000000 1.00000000
vn 0.00000000 0.00000000 1.00000000
vn 0.00000000 0.00000000 1.00000000
vn 0.00000000 0.00000000 1.00000000
vn 0.00000000 0.00000000 1.00000000
vn 0.00000000 0.00000000 1.00000000
vn 0.00000000 0.00000000 1.00000000
vn 0.00000000 0.00000000 1.00000000
vn 0.00000000 0.00000000 1.00000000
vn 0.00000000 0.00000000 1.00000000
vn 0.00000000 0.00000000 1.00000000
vn 0.00000000 0.00000000 1.00000000
vn 0.00000000 0.00000000 1.00000000
vn 0.00000000 0.00000000 1.00000000
vn 0.00000000 0.00000000 1.00000000
vn 0.00000000 0.00000000 1.00000000
vn 0.00000000 0.00000000 1.00000000
vn 0.00000000 0.00000000 1.00000000
vn 0.00000000 0.00000000 1.00000000
vn 0.00000000 0.00000000 1.00000000
vn 0.00000000 0.00000000 1.00000000
vn 0.00000000 0.00000000 1.00000000
vn 0.00000000 -0.00000000 1.00000000
vn 0.00000000 -0.00000000 1.00000000
vn 0.00000000 -0.00000000 1.00000000
vn 0.00000000 0.00000000 1.00000000
vn 0.00000000 0.00000000 1.00000000
vn 0.00000000 0.00000000 1.00000000
vn 0.00000000 0.00000000 1.00000000
vn 0.00000000 0.00000000 1.00000000
vn 0.00000000 0.00000000 1.00000000
vn 0.00000000 0.00000000 1.00000000
vn 0.00000000 0.00000000 1.00000000
vn 0.00000000 0.00000000 1.00000000
vn 0.00000000 0.00000000 1.00000000
vn 0.00000000 0.00000000 1.00000000
vn 0.00000000 0.00000000 1.00000000
vn 0.00000000 0.00000000 1.00000000
vn 0.00000000 0.00000000 1.00000000
vn 0.00000000 0.00000000 1.00000000
vn 0.00000000 0.00000000 1.00000000
vn 0.00000000 0.00000000 1.00000000
vn 0.00000000 0.00000000 1.00000000
vn 0.00000000 0.00000000 1.00000000
vn 0.00000000 0.00000000 1.00000000
vn 0.00000000 0.00000000 1.00000000
vn 0.00000000 -1.00000000 0.00000000
vn 0.00000000 -1.00000000 0.00000000
vn 0.00000000 -1.00000000 0.00000000
vn 0.00000000 -1.00000000 0.00000000
vn 0.00000000 -1.00000000 0.00000000
vn 0.00000000 -1.00000000 0.00000000
vn 0.00000000 -1.00000000 0.00000000
vn 0.00000000 -1.00000000 0.00000000
vn 0.00000000 -1.00000000 0.00000000
vn 0.00000000 -1.00000000 0.00000000
vn 0.00000000 -1.00000000 0.00000000
vn 0.00000000 -1.00000000 0.00000000
vn 0.00000000 -1.00000000 0.00000000
vn 0.00000000 -1.00000000 0.00000000
vn 0.00000000 -1.00000000 0.00000000
vn 0.00000000 -1.00000000 0.00000000
vn 0.00000000 -1.00000000 0.00000000
vn 0.00000000 -1.00000000 0.00000000
vn 0.00000000 1.00000000 0.00000000
vn 0.00000000 1.00000000 0.00000000
vn 0.00000000 1.00000000 0.00000000
vn 0.00000000 1.00000000 -0.00000000
vn 0.00000000 1.00000000 -0.00000000
vn 0.00000000 1.00000000 -0.00000000
vn 0.00000000 1.00000000 0.00000000
vn 0.00000000 1.00000000 0.00000000
vn 0.00000000 1.00000000 0.00000000
vn 0.00000000 1.00000000 0.00000000
vn 0.00000000 1.00000000 0.00000000
vn 0.00000000 1.00000000 0.00000000
vn 0.00000000 1.00000000 0.00000000
vn 0.00000000 1.00000000 0.00000000
vn 0.00000000 1.00000000 0.00000000
vn 0.00000000 1.00000000 0.00000000
vn 0.00000000 1.00000000 0.00000000
vn 0.00000000 1.00000000 0.00000000
vn 0.00000000 0.00000000 -1.00000000
vn 0.00000000 0.00000000 -1.00000000
vn 0.00000000 0.00000000 -1.00000000
vn 0.00000000 0.00000000 -1.00000000
vn 0.70710678 0.00000000 -0.70710678
vn 0.70710678 0.00000000 -0.70710678
vn 0.70710678 0.00000000 -0.70710678
vn 0.70710678 0.00000000 -0.70710678
vn 1.00000000 0.00000000 -0.00000000
vn 1.00000000 0.00000000 -0.00000000
vn 1.00000000 0.00000000 -0.00000000
vn 1.00000000 0.00000000 -0.00000000
vn 0.70710678 0.00000000 0.70710678
vn 0.70710678 0.00000000 0.70710678
vn 0.70710678 0.00000000 0.70710678
vn 0.70710678 0.00000000 0.70710678
vn 0.00000000 0.00000000 1.00000000
vn 0.00000000 0.00000000 1.00000000
vn 0.00000000 0.00000000 1.00000000
vn 0.00000000 0.00000000 1.00000000
vn -0.70710678 0.00000000 0.70710678
vn -0.70710678 0.00000000 0.70710678
vn -0.70710678 0.00000000 0.70710678
vn -0.70710678 0.00000000 0.70710678
vn -1.00000000 0.00000000 -0.00000000
vn -1.00000000 0.00000000 -0.00000000
vn -1.00000000 0.00000000 -0.00000000
vn -1.00000000 0.00000000 -0.00000000
vn -0.70710678 0.00000000 -0.70710678
vn -0.70710678 0.00000000 -0.70710678
vn -0.70710678 0.00000000 -0.70710678
vn -0.70710678 0.00000000 -0.70710678
vn 0.00000000 -1.00000000 0.00000000
vn 0.00000000 -1.00000000 0.00000000
vn 0.00000000 -1.00000000 0.00000000
vn 0.00000000 -1.00000000 0.00000000
vn 0.00000000 -1.00000000 0.00000000
vn 0.00000000 -1.00000000 0.00000000
vn 0.00000000 -1.00000000 0.00000000
vn 0.00000000 -1.00000000 0.00000000
vn 0.00000000 -1.00000000 0.00000000
vn 0.00000000 -1.00000000 0.00000000
vn 0.00000000 -1.00000000 0.00000000
vn 0.00000000 -1.00000000 0.00000000
vn 0.00000000 -1.00000000 0.00000000
vn 0.00000000 -1.00000000 0.00000000
vn 0.00000000 -1.00000000 0.00000000
vn 0.00000000 -1.00000000 0.00000000
vn 0.00000000 -1.00000000 0.00000000
vn 0.00000000 -1.00000000 0.00000000
vn 0.00000000 1.00000000 0.00000000
vn 0.00000000 1.00000000 0.00000000
vn 0.00000000 1.00000000 0.00000000
vn 0.00000000 1.00000000 -0.00000000
vn 0.00000000 1.00000000 -0.00000000
vn 0.00000000 1.00000000 -0.00000000
vn 0.00000000 1.00000000 0.00000000
vn 0.00000000 1.00000000 0.00000000
vn 0.00000000 1.00000000 0.00000000
vn 0.00000000 1.00000000 0.00000000
vn 0.00000000 1.00000000 0.00000000
vn 0.00000000 1.00000000 0.00000000
vn 0.00000000 1.00000000 0.00000000
vn 0.00000000 1.00000000 0.00000000
vn 0.00000000 1.00000000 0.00000000
vn 0.00000000 1.00000000 0.00000000
vn 0.00000000 1.00000000 0.00000000
vn 0.00000000 1.00000000 0.00000000
vn 0.00000000 0.00000000 -1.00000000
vn 0.00000000 0.00000000 -1.00000000
vn 0.00000000 0.00000000 -1.00000000
vn 0.00000000 0.00000000 -1.00000000
vn 0.70710678 0.00000000 -0.70710678
vn 0.70710678 0.00000000 -0.70710678
vn 0.70710678 0.00000000 -0.70710678
vn 0.70710678 0.00000000 -0.70710678
vn 1.00000000 0.00000000 -0.00000000
vn 1.00000000 0.00000000 -0.00000000
vn 1.00000000 0.00000000 -0.00000000
vn 1.00000000 0.00000000 -0.00000000
vn 0.70710678 0.00000000 0.70710678
vn 0.70710678 0.00000000 0.70710678
vn 0.70710678 0.00000000 0.70710678
vn 0.70710678 0.00000000 0.70710678
vn 0.00000000 0.00000000 1.00000000
vn 0.00000000 0.00000000 1.00000000
vn 0.00000000 0.00000000 1.00000000
vn 0.00000000 0.00000000 1.00000000
vn -0.70710678 0.00000000 0.70710678
vn -0.70710678 0.00000000 0.70710678
vn -0.70710678 0.00000000 0.70710678
vn -0.70710678 0.00000000 0.70710678
vn -1.00000000 0.00000000 -0.00000000
vn -1.00000000 0.00000000 -0.00000000
vn -1.00000000 0.00000000 -0.00000000
vn -1.00000000 0.00000000 -0.00000000
vn -0.70710678 0.00000000 -0.70710678
vn -0.70710678 0.00000000 -0.70710678
vn -0.70710678 0.00000000 -0.70710678
vn -0.70710678 0.00000000 -0.70710678
vn 0.00000000 -1.00000000 0.00000000
vn 0.00000000 -1.00000000 0.00000000
vn 0.00000000 -1.00000000 0.00000000
vn 0.00000000 -1.00000000 0.00000000
vn 0.00000000 -1.00000000 0.00000000
vn 0.00000000 -1.00000000 0.00000000
vn 0.00000000 -1.00000000 0.00000000
vn 0.00000000 -1.00000000 0.00000000
vn 0.00000000 -1.00000000 0.00000000
vn 0.00000000 -1.00000000 0.00000000
vn 0.00000000 -1.00000000 0.00000000
vn 0.00000000 -1.00000000 0.00000000
vn 0.00000000 -1.00000000 0.00000000
vn 0.00000000 -1.00000000 0.00000000
vn 0.00000000 -1.00000000 0.00000000
vn 0.00000000 -1.00000000 0.00000000
vn 0.00000000 -1.00000000 0.00000000
vn 0.00000000 -1.00000000 0.00000000
vn 0.00000000 1.00000000 0.00000000
vn 0.00000000 1.00000000 0.00000000
vn 0.00000000 1.00000000 0.00000000
vn 0.00000000 1.00000000 -0.00000000
vn 0.00000000 1.00000000 -0.00000000
vn 0.00000000 1.00000000 -0.00000000
vn 0.00000000 1.00000000 0.00000000
vn 0.00000000 1.00000000 0.00000000
vn 0.00000000 1.00000000 0.00000000
vn 0.00000000 1.00000000 0.00000000
vn 0.00000000 1.00000000 0.00000000
vn 0.00000000 1.00000000 0.00000000
vn 0.00000000 1.00000000 0.00000000
vn 0.00000000 1.00000000 0.00000000
vn 0.00000000 1.00000000 0.00000000
vn 0.00000000 1.00000000 0.00000000
vn 0.00000000 1.00000000 0.00000000
vn 0.00000000 1.00000000 0.00000000
vn 0.00000000 0.00000000 -1.00000000
vn 0.00000000 0.00000000 -1.00000000
vn 0.00000000 0.00000000 -1.00000000
vn 0.00000000 0.00000000 -1.00000000
vn 0.70710678 0.00000000 -0.70710678
vn 0.70710678 0.00000000 -0.70710678
vn 0.70710678 0.00000000 -0.70710678
vn 0.70710678 0.00000000 -0.70710678
vn 1.00000000 0.00000000 -0.00000000
vn 1.00000000 0.00000000 -0.00000000
vn 1.00000000 0.00000000 -0.00000000
vn 1.00000000 0.00000000 -0.00000000
vn 0.70710678 0.00000000 0.70710678
vn 0.70710678 0.00000000 0.70710678
vn 0.70710678 0.00000000 0.70710678
vn 0.70710678 0.00000000 0.70710678
vn 0.00000000 0.00000000 1.00000000
vn 0.00000000 0.00000000 1.00000000
vn 0.00000000 0.00000000 1.00000000
vn 0.00000000 0.00000000 1.00000000
vn -0.70710678 0.00000000 0.70710678
vn -0.70710678 0.00000000 0.70710678
vn -0.70710678 0.00000000 0.70710678
vn -0.70710678 0.00000000 0.70710678
vn -1.00000000 0.00000000 -0.00000000
vn -1.00000000 0.00000000 -0.00000000
vn -1.00000000 0.00000000 -0.00000000
vn -1.00000000 0.00000000 -0.00000000
vn -0.70710678 0.00000000 -0.70710678
vn -0.70710678 0.00000000 -0.70710678
vn -0.70710678 0.00000000 -0.70710678
vn -0.70710678 0.00000000 -0.70710678
vn 0.00000000 -1.00000000 0.00000000
vn 0.00000000 -1.00000000 0.00000000
vn 0.00000000 -1.00000000 0.00000000
vn 0.00000000 -1.00000000 0.00000000
vn 0.00000000 -1.00000000 0.00000000
vn 0.00000000 -1.00000000 0.00000000
vn 0.00000000 -1.00000000 0.00000000
vn 0.00000000 -1.00000000 0.00000000
vn 0.00000000 -1.00000000 0.00000000
vn 0.00000000 -1.00000000 0.00000000
vn 0.00000000 -1.00000000 0.00000000
vn 0.00000000 -1.00000000 0.00000000
vn 0.00000000 -1.00000000 0.00000000
vn 0.00000000 -1.00000000 0.00000000
vn 0.00000000 -1.00000000 0.00000000
vn 0.00000000 -1.00000000 0.00000000
vn 0.00000000 -1.00000000 0.00000000
vn 0.00000000 -1.00000000 0.00000000
vn 0.00000000 1.00000000 0.00000000
vn 0.00000000 1.00000000 0.00000000
vn 0.00000000 1.00000000 0.00000000
vn 0.00000000 1.00000000 -0.00000000
vn 0.00000000 1.00000000 -0.00000000
vn 0.00000000 1.00000000 -0.00000000
vn 0.00000000 1.00000000 0.00000000
vn 0.00000000 1.00000000 0.00000000
vn 0.00000000 1.00000000 0.00000000
vn 0.00000000 1.00000000 0.00000000
vn 0.00000000 1.00000000 0.00000000
vn 0.00000000 1.00000000 0.00000000
vn 0.00000000 1.00000000 0.00000000
vn 0.00000000 1.00000000 0.00000000
vn 0.00000000 1.00000000 0.00000000
vn 0.00000000 1.00000000 0.00000000
vn 0.00000000 1.00000000 0.00000000
vn 0.00000000 1.00000000 0.00000000
vn 0.00000000 0.00000000 -1.00000000
vn 0.00000000 0.00000000 -1.00000000
vn 0.00000000 0.00000000 -1.00000000
vn 0.00000000 0.00000000 -1.00000000
vn 0.70710678 0.00000000 -0.70710678
vn 0.70710678 0.00000000 -0.70710678
vn 0.70710678 0.00000000 -0.70710678
vn 0.70710678 0.00000000 -0.70710678
vn 1.00000000 0.00000000 -0.00000000
vn 1.00000000 0.00000000 -0.00000000
vn 1.00000000 0.00000000 -0.00000000
vn 1.00000000 0.00000000 -0.00000000
vn 0.70710678 0.00000000 0.70710678
vn 0.70710678 0.00000000 0.70710678
vn 0.70710678 0.00000000 0.70710678
vn 0.70710678 0.00000000 0.70710678
vn 0.00000000 0.00000000 1.00000000
vn 0.00000000 0.00000000 1.00000000
vn 0.00000000 0.00000000 1.00000000
vn 0.00000000 0.00000000 1.00000000
vn -0.70710678 0.00000000 0.70710678
vn -0.70710678 0.00000000 0.70710678
vn -0.70710678 0.00000000 0.70710678
vn -0.70710678 0.00000000 0.70710678
vn -1.00000000 0.00000000 -0.00000000
vn -1.00000000 0.00000000 -0.00000000
vn -1.00000000 0.00000000 -0.00000000
vn -1.00000000 0.00000000 -0.00000000
vn -0.70710678 0.00000000 -0.70710678
vn -0.70710678 0.00000000 -0.70710678
vn -0.70710678 0.00000000 -0.70710678
vn -0.70710678 0.00000000 -0.70710678
vn 1.00000000 0.00000000 0.00000000
vn 1.00000000 0.00000000 0.00000000
vn 1.00000000 0.00000000 0.00000000
vn 1.00000000 0.00000000 0.00000000
vn 0.64018440 0.76822128 0.00000000
vn 0.64018440 0.76822128 0.00000000
vn 0.64018440 0.76822128 0.00000000
vn 0.64018440 0.76822128 0.00000000
vn 0.27805808 0.96056426 0.00000000
vn 0.27805808 0.96056426 0.00000000
vn 0.27805808 0.96056426 0.00000000
vn 0.27805808 0.96056426 0.00000000
vn 0.58123819 0.81373347 0.00000000
vn 0.58123819 0.81373347 0.00000000
vn 0.58123819 0.81373347 0.00000000
vn 0.58123819 0.81373347 0.00000000
vn 0.96476382 0.26311741 0.00000000
vn 0.96476382 0.26311741 0.00000000
vn 0.96476382 0.26311741 0.00000000
vn 0.96476382 0.26311741 0.00000000
vn 1.00000000 0.00000000 0.00000000
vn 1.00000000 0.00000000 0.00000000
vn 1.00000000 0.00000000 0.00000000
vn 1.00000000 0.00000000 0.00000000
vn 0.94868330 -0.31622777 0.00000000
vn 0.94868330 -0.31622777 0.00000000
vn 0.94868330 -0.31622777 0.00000000
vn 0.94868330 -0.31622777 0.00000000
vn 0.39391930 -0.91914503 0.00000000
vn 0.39391930 -0.91914503 0.00000000
vn 0.39391930 -0.91914503 0.00000000
vn 0.39391930 -0.91914503 0.00000000
vn 0.70710678 -0.70710678 0.00000000
vn 0.70710678 -0.70710678 0.00000000
vn 0.70710678 -0.70710678 0.00000000
vn 0.70710678 -0.70710678 0.00000000
vn 0.99227788 -0.12403473 0.00000000
vn 0.99227788 -0.12403473 0.00000000
vn 0.99227788 -0.12403473 0.00000000
vn 0.99227788 -0.12403473 0.00000000
vn 1.00000000 0.00000000 0.00000000
vn 1.00000000 0.00000000 0.00000000
vn 1.00000000 0.00000000 0.00000000
vn 1.00000000 0.00000000 0.00000000
vn 0.94868330 0.31622777 0.00000000
vn 0.94868330 0.31622777 0.00000000
vn 0.94868330 0.31622777 0.00000000
vn 0.94868330 0.31622777 0.00000000
vn 0.58072468 0.81410002 0.00000000
vn 0.58072468 0.81410002 0.00000000
vn 0.58072468 0.81410002 0.00000000
vn 0.58072468 0.81410002 0.00000000
vn 0.00000000 1.00000000 0.00000000
vn 0.00000000 1.00000000 0.00000000
vn 0.00000000 1.00000000 0.00000000
vn 0.00000000 1.00000000 0.00000000
vn -0.58072468 0.81410002 0.00000000
vn -0.58072468 0.81410002 0.00000000
vn -0.58072468 0.81410002 0.00000000
vn -0.58072468 0.81410002 0.00000000
vn -0.94868330 0.31622777 0.00000000
vn -0.94868330 0.31622777 0.00000000
vn -0.94868330 0.31622777 0.00000000
vn -0.94868330 0.31622777 0.00000000
vn -1.00000000 0.00000000 0.00000000
vn -1.00000000 0.00000000 0.00000000
vn -1.00000000 0.00000000 0.00000000
vn -1.00000000 0.00000000 0.00000000
vn -0.99227788 -0.12403473 0.00000000
vn -0.99227788 -0.12403473 0.00000000
vn -0.99227788 -0.12403473 0.00000000
vn -0.99227788 -0.12403473 0.00000000
vn -0.70710678 -0.70710678 0.00000000
vn -0.70710678 -0.70710678 0.00000000
vn -0.70710678 -0.70710678 0.00000000
vn -0.70710678 -0.70710678 0.00000000
vn -0.39391930 -0.91914503 0.00000000
vn -0.39391930 -0.91914503 0.00000000
vn -0.39391930 -0.91914503 0.00000000
vn -0.39391930 -0.91914503 0.00000000
vn -0.94868330 -0.31622777 0.00000000
vn -0.94868330 -0.31622777 0.00000000
vn -0.94868330 -0.31622777 0.00000000
vn -0.94868330 -0.31622777 0.00000000
vn -1.00000000 0.00000000 0.00000000
vn -1.00000000 0.00000000 0.00000000
vn -1.00000000 0.00000000 0.00000000
vn -1.00000000 0.00000000 0.00000000
vn -0.96476382 0.26311741 0.00000000
vn -0.96476382 0.26311741 0.00000000
vn -0.96476382 0.26311741 0.00000000
vn -0.96476382 0.26311741 0.00000000
vn -0.58123819 0.81373347 0.00000000
vn -0.58123819 0.81373347 0.00000000
vn -0.58123819 0.81373347 0.00000000
vn -0.58123819 0.81373347 0.00000000
vn -0.27805808 0.96056426 0.00000000
vn -0.27805808 0.96056426 0.00000000
vn -0.27805808 0.96056426 0.00000000
vn -0.27805808 0.96056426 0.00000000
vn -0.64018440 0.76822128 0.00000000
vn -0.64018440 0.76822128 0.00000000
vn -0.64018440 0.76822128 0.00000000
vn -0.64018440 0.76822128 0.00000000
vn -1.00000000 0.00000000 0.00000000
vn -1.00000000 0.00000000 0.00000000
vn -1.00000000 0.00000000 0.00000000
vn -1.00000000 0.00000000 0.00000000
vn 0.00000000 -1.00000000 0.00000000
vn 0.00000000 -1.00000000 0.00000000
vn 0.00000000 -1.00000000 0.00000000
vn 0.00000000 -1.00000000 0.00000000
vn 0.00000000 -1.00000000 0.00000000
vn 0.00000000 -1.00000000 0.00000000
vn 0.00000000 -1.00000000 0.00000000
vn 0.00000000 -1.00000000 0.00000000
vn 0.00000000 -1.00000000 0.00000000
vn 0.00000000 -1.00000000 0.00000000
vn 0.00000000 -1.00000000 0.00000000
vn 0.00000000 -1.00000000 0.00000000
vn 0.00000000 -1.00000000 0.00000000
vn 0.00000000 -1.00000000 0.00000000
vn 0.00000000 -1.00000000 0.00000000
vn 0.00000000 -1.00000000 0.00000000
vn 0.00000000 -1.00000000 0.00000000
vn 0.00000000 -1.00000000 0.00000000
vn 0.00000000 -1.00000000 0.00000000
vn 0.00000000 -1.00000000 0.00000000
vn 0.00000000 -1.00000000 0.00000000
vn 0.00000000 -1.00000000 0.00000000
vn 0.00000000 1.00000000 0.00000000
vn 0.00000000 1.00000000 0.00000000
vn 0.00000000 1.00000000 0.00000000
vn 0.00000000 1.00000000 -0.00000000
vn 0.00000000 1.00000000 -0.00000000
vn 0.00000000 1.00000000 -0.00000000
vn 0.00000000 1.00000000 0.00000000
vn 0.00000000 1.00000000 0.00000000
vn 0.00000000 1.00000000 0.00000000
vn 0.00000000 1.00000000 0.00000000
vn 0.00000000 1.00000000 0.00000000
vn 0.00000000 1.00000000 0.00000000
vn 0.00000000 1.00000000 0.00000000
vn 0.00000000 1.00000000 0.00000000
vn 0.00000000 1.00000000 0.00000000
vn 0.00000000 1.00000000 0.00000000
vn 0.00000000 1.00000000 0.00000000
vn 0.00000000 1.00000000 0.00000000
vn 0.00000000 0.00000000 -1.00000000
vn 0.00000000 0.00000000 -1.00000000
vn 0.00000000 0.00000000 -1.00000000
vn 0.00000000 0.00000000 -1.00000000
vn 0.70710678 0.00000000 -0.70710678
vn 0.70710678 0.00000000 -0.70710678
vn 0.70710678 0.00000000 -0.70710678
vn 0.70710678 0.00000000 -0.70710678
vn 1.00000000 0.00000000 -0.00000000
vn 1.00000000 0.00000000 -0.00000000
vn 1.00000000 0.00000000 -0.00000000
vn 1.00000000 0.00000000 -0.00000000
vn 0.70710678 0.00000000 0.70710678
vn 0.70710678 0.00000000 0.70710678
vn 0.70710678 0.00000000 0.70710678
vn 0.70710678 0.00000000 0.70710678
vn 0.00000000 0.00000000 1.00000000
vn 0.00000000 0.00000000 1.00000000
vn 0.00000000 0.00000000 1.00000000
vn 0.00000000 0.00000000 1.00000000
vn -0.70710678 0.00000000 0.70710678
vn -0.70710678 0.00000000 0.70710678
vn -0.70710678 0.00000000 0.70710678
vn -0.70710678 0.00000000 0.70710678
vn -1.00000000 0.00000000 -0.00000000
vn -1.00000000 0.00000000 -0.00000000
vn -1.00000000 0.00000000 -0.00000000
vn -1.00000000 0.00000000 -0.00000000
vn -0.70710678 0.00000000 -0.70710678
vn -0.70710678 0.00000000 -0.70710678
vn -0.70710678 0.00000000 -0.70710678
vn -0.70710678 0.00000000 -0.70710678
vn 0.00000000 -1.00000000 0.00000000
vn 0.00000000 -1.00000000 0.00000000
vn 0.00000000 -1.00000000 0.00000000
vn 0.00000000 -1.00000000 0.00000000
vn 0.00000000 -1.00000000 0.00000000
vn 0.00000000 -1.00000000 0.00000000
vn 0.00000000 -1.00000000 0.00000000
vn 0.00000000 -1.00000000 0.00000000
vn 0.00000000 -1.00000000 0.00000000
vn 0.00000000 -1.00000000 0.00000000
vn 0.00000000 -1.00000000 0.00000000
vn 0.00000000 -1.00000000 0.00000000
vn 0.00000000 -1.00000000 0.00000000
vn 0.00000000 -1.00000000 0.00000000
vn 0.00000000 -1.00000000 0.00000000
vn 0.00000000 -1.00000000 0.00000000
vn 0.00000000 -1.00000000 0.00000000
vn 0.00000000 -1.00000000 0.00000000
vn 0.00000000 1.00000000 0.00000000
vn 0.00000000 1.00000000 0.00000000
vn 0.00000000 1.00000000 0.00000000
vn 0.00000000 1.00000000 -0.00000000
vn 0.00000000 1.00000000 -0.00000000
vn 0.00000000 1.00000000 -0.00000000
vn 0.00000000 1.00000000 0.00000000
vn 0.00000000 1.00000000 0.00000000
vn 0.00000000 1.00000000 0.00000000
vn 0.00000000 1.00000000 0.00000000
vn 0.00000000 1.00000000 0.00000000
vn 0.00000000 1.00000000 0.00000000
vn 0.00000000 1.00000000 0.00000000
vn 0.00000000 1.00000000 0.00000000
vn 0.00000000 1.00000000 0.00000000
vn 0.00000000 1.00000000 0.00000000
vn 0.00000000 1.00000000 0.00000000
vn 0.00000000 1.00000000 0.00000000
vn 0.00000000 0.00000000 -1.00000000
vn 0.00000000 0.00000000 -1.00000000
vn 0.00000000 0.00000000 -1.00000000
vn 0.00000000 0.00000000 -1.00000000
vn 0.70710678 0.00000000 -0.70710678
vn 0.70710678 0.00000000 -0.70710678
vn 0.70710678 0.00000000 -0.70710678
vn 0.70710678 0.00000000 -0.70710678
vn 1.00000000 0.00000000 -0.00000000
vn 1.00000000 0.00000000 -0.00000000
vn 1.00000000 0.00000000 -0.00000000
vn 1.00000000 0.00000000 -0.00000000
vn 0.70710678 0.00000000 0.70710678
vn 0.70710678 0.00000000 0.70710678
vn 0.70710678 0.00000000 0.70710678
vn 0.70710678 0.00000000 0.70710678
vn 0.00000000 0.00000000 1.00000000
vn 0.00000000 0.00000000 1.00000000
vn 0.00000000 0.00000000 1.00000000
vn 0.00000000 0.00000000 1.00000000
vn -0.70710678 0.00000000 0.70710678
vn -0.70710678 0.00000000 0.70710678
vn -0.70710678 0.00000000 0.70710678
vn -0.70710678 0.00000000 0.70710678
vn -1.00000000 0.00000000 -0.00000000
vn -1.00000000 0.00000000 -0.00000000
vn -1.00000000 0.00000000 -0.00000000
vn -1.00000000 0.00000000 -0.00000000
vn -0.70710678 0.00000000 -0.70710678
vn -0.70710678 0.00000000 -0.70710678
vn -0.70710678 0.00000000 -0.70710678
vn -0.70710678 0.00000000 -0.70710678
vn 0.00000000 -1.00000000 0.00000000
vn 0.00000000 -1.00000000 0.00000000
vn 0.00000000 -1.00000000 0.00000000
vn 0.00000000 -1.00000000 0.00000000
vn 0.00000000 -1.00000000 0.00000000
vn 0.00000000 -1.00000000 0.00000000
vn 0.00000000 -1.00000000 0.00000000
vn 0.00000000 -1.00000000 0.00000000
vn 0.00000000 -1.00000000 0.00000000
vn 0.00000000 -1.00000000 0.00000000
vn 0.00000000 -1.00000000 0.00000000
vn 0.00000000 -1.00000000 0.00000000
vn 0.00000000 -1.00000000 0.00000000
vn 0.00000000 -1.00000000 0.00000000
vn 0.00000000 -1.00000000 0.00000000
vn 0.00000000 -1.00000000 0.00000000
vn 0.00000000 -1.00000000 0.00000000
vn 0.00000000 -1.00000000 0.00000000
vn 0.00000000 1.00000000 0.00000000
vn 0.00000000 1.00000000 0.00000000
vn 0.00000000 1.00000000 0.00000000
vn 0.00000000 1.00000000 -0.00000000
vn 0.00000000 1.00000000 -0.00000000
vn 0.00000000 1.00000000 -0.00000000
vn 0.00000000 1.00000000 0.00000000
vn 0.00000000 1.00000000 0.00000000
vn 0.00000000 1.00000000 0.00000000
vn 0.00000000 1.00000000 0.00000000
vn 0.00000000 1.00000000 0.00000000
vn 0.00000000 1.00000000 0.00000000
vn 0.00000000 1.00000000 0.00000000
vn 0.00000000 1.00000000 0.00000000
vn 0.00000000 1.00000000 0.00000000
vn 0.00000000 1.00000000 0.00000000
vn 0.00000000 1.00000000 0.00000000
vn 0.00000000 1.00000000 0.00000000
vn 0.00000000 0.00000000 -1.00000000
vn 0.00000000 0.00000000 -1.00000000
vn 0.00000000 0.00000000 -1.00000000
vn 0.00000000 0.00000000 -1.00000000
vn 0.70710678 0.00000000 -0.70710678
vn 0.70710678 0.00000000 -0.70710678
vn 0.70710678 0.00000000 -0.70710678
vn 0.70710678 0.00000000 -0.70710678
vn 1.00000000 0.00000000 -0.00000000
vn 1.00000000 0.00000000 -0.00000000
vn 1.00000000 0.00000000 -0.00000000
vn 1.00000000 0.00000000 -0.00000000
vn 0.70710678 0.00000000 0.70710678
vn 0.70710678 0.00000000 0.70710678
vn 0.70710678 0.00000000 0.70710678
vn 0.70710678 0.00000000 0.70710678
vn 0.00000000 0.00000000 1.00000000
vn 0.00000000 0.00000000 1.00000000
vn 0.00000000 0.00000000 1.00000000
vn 0.00000000 0.00000000 1.00000000
vn -0.70710678 0.00000000 0.70710678
vn -0.70710678 0.00000000 0.70710678
vn -0.70710678 0.00000000 0.70710678
vn -0.70710678 0.00000000 0.70710678
vn -1.00000000 0.00000000 -0.00000000
vn -1.00000000 0.00000000 -0.00000000
vn -1.00000000 0.00000000 -0.00000000
vn -1.00000000 0.00000000 -0.00000000
vn -0.70710678 0.00000000 -0.70710678
vn -0.70710678 0.00000000 -0.70710678
vn -0.70710678 0.00000000 -0.70710678
vn -0.70710678 0.00000000 -0.70710678
vn 0.00000000 -1.00000000 0.00000000
vn 0.00000000 -1.00000000 0.00000000
vn 0.00000000 -1.00000000 0.00000000
vn 0.00000000 -1.00000000 0.00000000
vn 0.00000000 -1.00000000 0.00000000
vn 0.00000000 -1.00000000 0.00000000
vn 0.00000000 -1.00000000 0.00000000
vn 0.00000000 -1.00000000 0.00000000
vn 0.00000000 -1.00000000 0.00000000
vn 0.00000000 -1.00000000 0.00000000
vn 0.00000000 -1.00000000 0.00000000
vn 0.00000000 -1.00000000 0.00000000
vn 0.00000000 -1.00000000 0.00000000
vn 0.00000000 -1.00000000 0.00000000
vn 0.00000000 -1.00000000 0.00000000
vn 0.00000000 -1.00000000 0.00000000
vn 0.00000000 -1.00000000 0.00000000
vn 0.00000000 -1.00000000 0.00000000
vn 0.00000000 1.00000000 0.00000000
vn 0.00000000 1.00000000 0.00000000
vn 0.00000000 1.00000000 0.00000000
vn 0.00000000 1.00000000 -0.00000000
vn 0.00000000 1.00000000 -0.00000000
vn 0.00000000 1.00000000 -0.00000000
vn 0.00000000 1.00000000 0.00000000
vn 0.00000000 1.00000000 0.00000000
vn 0.00000000 1.00000000 0.00000000
vn 0.00000000 1.00000000 0.00000000
vn 0.00000000 1.00000000 0.00000000
vn 0.00000000 1.00000000 0.00000000
vn 0.00000000 1.00000000 0.00000000
vn 0.00000000 1.00000000 0.00000000
vn 0.00000000 1.00000000 0.00000000
vn 0.00000000 1.00000000 0.00000000
vn 0.00000000 1.00000000 0.00000000
vn 0.00000000 1.00000000 0.00000000
vn 0.00000000 0.00000000 -1.00000000
vn 0.00000000 0.00000000 -1.00000000
vn 0.00000000 0.00000000 -1.00000000
vn 0.00000000 0.00000000 -1.00000000
vn 0.70710678 0.00000000 -0.70710678
vn 0.70710678 0.00000000 -0.70710678
vn 0.70710678 0.00000000 -0.70710678
vn 0.70710678 0.00000000 -0.70710678
vn 1.00000000 0.00000000 -0.00000000
vn 1.00000000 0.00000000 -0.00000000
vn 1.00000000 0.00000000 -0.00000000
vn 1.00000000 0.00000000 -0.00000000
vn 0.70710678 0.00000000 0.70710678
vn 0.70710678 0.00000000 0.70710678
vn 0.70710678 0.00000000 0.70710678
vn 0.70710678 0.00000000 0.70710678
vn 0.00000000 0.00000000 1.00000000
vn 0.00000000 0.00000000 1.00000000
vn 0.00000000 0.00000000 1.00000000
vn 0.00000000 0.00000000 1.00000000
vn -0.70710678 0.00000000 0.70710678
vn -0.70710678 0.00000000 0.70710678
vn -0.70710678 0.00000000 0.70710678
vn -0.70710678 0.00000000 0.70710678
vn -1.00000000 0.00000000 -0.00000000
vn -1.00000000 0.00000000 -0.00000000
vn -1.00000000 0.00000000 -0.00000000
vn -1.00000000 0.00000000 -0.00000000
vn -0.70710678 0.00000000 -0.70710678
vn -0.70710678 0.00000000 -0.70710678
vn -0.70710678 0.00000000 -0.70710678
vn -0.70710678 0.00000000 -0.70710678
vn 1.00000000 0.00000000 0.00000000
vn 1.00000000 0.00000000 0.00000000
vn 1.00000000 0.00000000 0.00000000
vn 1.00000000 0.00000000 0.00000000
vn 0.64018440 0.76822128 0.00000000
vn 0.64018440 0.76822128 0.00000000
vn 0.64018440 0.76822128 0.00000000
vn 0.64018440 0.76822128 0.00000000
vn 0.27805808 0.96056426 0.00000000
vn 0.27805808 0.96056426 0.00000000
vn 0.27805808 0.96056426 0.00000000
vn 0.27805808 0.96056426 0.00000000
vn 0.58123819 0.81373347 0.00000000
vn 0.58123819 0.81373347 0.00000000
vn 0.58123819 0.81373347 0.00000000
vn 0.58123819 0.81373347 0.00000000
vn 0.96476382 0.26311741 0.00000000
vn 0.96476382 0.26311741 0.00000000
vn 0.96476382 0.26311741 0.00000000
vn 0.96476382 0.26311741 0.00000000
vn 1.00000000 0.00000000 0.00000000
vn 1.00000000 0.00000000 0.00000000
vn 1.00000000 0.00000000 0.00000000
vn 1.00000000 0.00000000 0.00000000
vn 0.94868330 -0.31622777 0.00000000
vn 0.94868330 -0.31622777 0.00000000
vn 0.94868330 -0.31622777 0.00000000
vn 0.94868330 -0.31622777 0.00000000
vn 0.39391930 -0.91914503 0.00000000
vn 0.39391930 -0.91914503 0.00000000
vn 0.39391930 -0.91914503 0.00000000
vn 0.39391930 -0.91914503 0.00000000
vn 0.70710678 -0.70710678 0.00000000
vn 0.70710678 -0.70710678 0.00000000
vn 0.70710678 -0.70710678 0.00000000
vn 0.70710678 -0.70710678 0.00000000
vn 0.99227788 -0.12403473 0.00000000
vn 0.99227788 -0.12403473 0.00000000
vn 0.99227788 -0.12403473 0.00000000
vn 0.99227788 -0.12403473 0.00000000
vn 1.00000000 0.00000000 0.00000000
vn 1.00000000 0.00000000 0.00000000
vn 1.00000000 0.00000000 0.00000000
vn 1.00000000 0.00000000 0.00000000
vn 0.94868330 0.31622777 0.00000000
vn 0.94868330 0.31622777 0.00000000
vn 0.94868330 0.31622777 0.00000000
vn 0.94868330 0.31622777 0.00000000
vn 0.58072468 0.81410002 0.00000000
vn 0.58072468 0.81410002 0.00000000
vn 0.58072468 0.81410002 0.00000000
vn 0.58072468 0.81410002 0.00000000
vn 0.00000000 1.00000000 0.00000000
vn 0.00000000 1.00000000 0.00000000
vn 0.00000000 1.00000000 0.00000000
vn 0.00000000 1.00000000 0.00000000
vn -0.58072468 0.81410002 0.00000000
vn -0.58072468 0.81410002 0.00000000
vn -0.58072468 0.81410002 0.00000000
vn -0.58072468 0.81410002 0.00000000
vn -0.94868330 0.31622777 0.00000000
vn -0.94868330 0.31622777 0.00000000
vn -0.94868330 0.31622777 0.00000000
vn -0.94868330 0.31622777 0.00000000
vn -1.00000000 0.00000000 0.00000000
vn -1.00000000 0.00000000 0.00000000
vn -1.00000000 0.00000000 0.00000000
vn -1.00000000 0.00000000 0.00000000
vn -0.99227788 -0.12403473 0.00000000
vn -0.99227788 -0.12403473 0.00000000
vn -0.99227788 -0.12403473 0.00000000
vn -0.99227788 -0.12403473 0.00000000
vn -0.70710678 -0.70710678 0.00000000
vn -0.70710678 -0.70710678 0.00000000
vn -0.70710678 -0.70710678 0.00000000
vn -0.70710678 -0.70710678 0.00000000
vn -0.39391930 -0.91914503 0.00000000
vn -0.39391930 -0.91914503 0.00000000
vn -0.39391930 -0.91914503 0.00000000
vn -0.39391930 -0.91914503 0.00000000
vn -0.94868330 -0.31622777 0.00000000
vn -0.94868330 -0.31622777 0.00000000
vn -0.94868330 -0.31622777 0.00000000
vn -0.94868330 -0.31622777 0.00000000
vn -1.00000000 0.00000000 0.00000000
vn -1.00000000 0.00000000 0.00000000
vn -1.00000000 0.00000000 0.00000000
vn -1.00000000 0.00000000 0.00000000
vn -0.96476382 0.26311741 0.00000000
vn -0.96476382 0.26311741 0.00000000
vn -0.96476382 0.26311741 0.00000000
vn -0.96476382 0.26311741 0.00000000
vn -0.58123819 0.81373347 0.00000000
vn -0.58123819 0.81373347 0.00000000
vn -0.58123819 0.81373347 0.00000000
vn -0.58123819 0.81373347 0.00000000
vn -0.27805808 0.96056426 0.00000000
vn -0.27805808 0.96056426 0.00000000
vn -0.27805808 0.96056426 0.00000000
vn -0.27805808 0.96056426 0.00000000
vn -0.64018440 0.76822128 0.00000000
vn -0.64018440 0.76822128 0.00000000
vn -0.64018440 0.76822128 0.00000000
vn -0.64018440 0.76822128 0.00000000
vn -1.00000000 0.00000000 0.00000000
vn -1.00000000 0.00000000 0.00000000
vn -1.00000000 0.00000000 0.00000000
vn -1.00000000 0.00000000 0.00000000
vn 0.00000000 -1.00000000 0.00000000
vn 0.00000000 -1.00000000 0.00000000
vn 0.00000000 -1.00000000 0.00000000
vn 0.00000000 -1.00000000 0.00000000
g ballast
usemtl mat
f 1/1/1 2/2/2 3/3/3
f 4/4/4 5/5/5 6/6/6
f 7/7/7 8/8/8 9/9/9
f 10/10/10 11/11/11 12/12/12
f 13/13/13 14/14/14 15/15/15
f 16/16/16 17/17/17 18/18/18
f 19/19/19 20/20/20 21/21/21 22/22/22
f 23/23/23 24/24/24 25/25/25
f 26/26/26 27/27/27 28/28/28
f 29/29/29 30/30/30 31/31/31
f 32/32/32 33/33/33 34/34/34
f 35/35/35 36/36/36 37/37/37 38/38/38
f 39/39/39 40/40/40 41/41/41 42/42/42
f 43/43/43 44/44/44 45/45/45 46/46/46
f 47/47/47 48/48/48 49/49/49
f 50/50/50 51/51/51 52/52/52
f 53/53/53 54/54/54 55/55/55
f 56/56/56 57/57/57 58/58/58
f 59/59/59 60/60/60 61/61/61 62/62/62
f 63/63/63 64/64/64 65/65/65 66/66/66
f 67/67/67 68/68/68 69/69/69 70/70/70
f 71/71/71 72/72/72 73/73/73
f 74/74/74 75/75/75 76/76/76
f 77/77/77 78/78/78 79/79/79
f 80/80/80 81/81/81 82/82/82
f 83/83/83 84/84/84 85/85/85 86/86/86
f 87/87/87 88/88/88 89/89/89 90/90/90
f 91/91/91 92/92/92 93/93/93 94/94/94
f 95/95/95 96/96/96 97/97/97
f 98/98/98 99/99/99 100/100/100
f 101/101/101 102/102/102 103/103/103
f 104/104/104 105/105/105 106/106/106
f 107/107/107 108/108/108 109/109/109 110/110/110
f 111/111/111 112/112/112 113/113/113 114/114/114
f 115/115/115 116/116/116 117/117/117 118/118/118
f 119/119/119 120/120/120 121/121/121
f 122/122/122 123/123/123 124/124/124
f 125/125/125 126/126/126 127/127/127
f 128/128/128 129/129/129 130/130/130
f 131/131/131 132/132/132 133/133/133 134/134/134
f 135/135/135 136/136/136 137/137/137 138/138/138
f 139/139/139 140/140/140 141/141/141 142/142/142
f 143/143/143 144/144/144 145/145/145
f 146/146/146 147/147/147 148/148/148
f 149/149/149 150/150/150 151/151/151
f 152/152/152 153/153/153 154/154/154
f 155/155/155 156/156/156 157/157/157 158/158/158
f 159/159/159 160/160/160 161/161/161 162/162/162
f 163/163/163 164/164/164 165/165/165 166/166/166
f 167/167/167 168/168/168 169/169/169
f 170/170/170 171/171/171 172/172/172
f 173/173/173 174/174/174 175/175/175
f 176/176/176 177/177/177 178/178/178
f 179/179/179 180/180/180 181/181/181
f 182/182/182 183/183/183 184/184/184
f 185/185/185 186/186/186 187/187/187
f 188/188/188 189/189/189 190/190/190
f 191/191/191 192/192/192 193/193/193
f 194/194/194 195/195/195 196/196/196
f 197/197/197 198/198/198 199/199/199
f 200/200/200 201/201/201 202/202/202
f 203/203/203 204/204/204 205/205/205 206/206/206
f 207/207/207 208/208/208 209/209/209
f 210/210/210 211/211/211 212/212/212
f 213/213/213 214/214/214 215/215/215
f 216/216/216 217/217/217 218/218/218
f 219/219/219 220/220/220 221/221/221 222/222/222
f 223/223/223 224/224/224 225/225/225 226/226/226
f 227/227/227 228/228/228 229/229/229 230/230/230
f 231/231/231 232/232/232 233/233/233 234/234/234
f 235/235/235 236/236/236 237/237/237 238/238/238
f 239/239/239 240/240/240 241/241/241 242/242/242
f 243/243/243 244/244/244 245/245/245 246/246/246
f 247/247/247 248/248/248 249/249/249 250/250/250
f 251/251/251 252/252/252 253/253/253 254/254/254
f 255/255/255 256/256/256 257/257/257 258/258/258
f 259/259/259 260/260/260 261/261/261 262/262/262
f 263/263/263 264/264/264 265/265/265 266/266/266
f 267/267/267 268/268/268 269/269/269 270/270/270
f 271/271/271 272/272/272 273/273/273 274/274/274
f 275/275/275 276/276/276 277/277/277 278/278/278
f 279/279/279 280/280/280 281/281/281 282/282/282
f 283/283/283 284/284/284 285/285/285 286/286/286
f 287/287/287 288/288/288 289/289/289 290/290/290
f 291/291/291 292/292/292 293/293/293 294/294/294
f 295/295/295 296/296/296 297/297/297 298/298/298
f 299/299/299 300/300/300 301/301/301 302/302/302
f 303/303/303 304/304/304 305/305/305 306/306/306
f 307/307/307 308/308/308 309/309/309 310/310/310
f 311/311/311 312/312/312 313/313/313 314/314/314
f 315/315/315 316/316/316 317/317/317 318/318/318
f 319/319/319 320/320/320 321/321/321 322/322/322
f 323/323/323 324/324/324 325/325/325 326/326/326
f 327/327/327 328/328/328 329/329/329 330/330/330
f 331/331/331 332/332/332 333/333/333 334/334/334
f 335/335/335 336/336/336 337/337/337 338/338/338
f 339/339/339 340/340/340 341/341/341 342/342/342
f 343/343/343 344/344/344 345/345/345 346/346/346
f 347/347/347 348/348/348 349/349/349 350/350/350
f 351/351/351 352/352/352 353/353/353 354/354/354
f 355/355/355 356/356/356 357/357/357 358/358/358
f 359/359/359 360/360/360 361/361/361 362/362/362
f 363/363/363 364/364/364 365/365/365 366/366/366
f 367/367/367 368/368/368 369/369/369 370/370/370
f 371/371/371 372/372/372 373/373/373 374/374/374
f 375/375/375 376/376/376 377/377/377 378/378/378
f 379/379/379 380/380/380 381/381/381 382/382/382
f 383/383/383 384/384/384 385/385/385 386/386/386
f 387/387/387 388/388/388 389/389/389 390/390/390
f 391/391/391 392/392/392 393/393/393 394/394/394
f 395/395/395 396/396/396 397/397/397 398/398/398
f 399/399/399 400/400/400 401/401/401 402/402/402
f 403/403/403 404/404/404 405/405/405 406/406/406
f 407/407/407 408/408/408 409/409/409
f 410/410/410 411/411/411 412/412/412
f 413/413/413 414/414/414 415/415/415
f 416/416/416 417/417/417 418/418/418
f 419/419/419 420/420/420 421/421/421 422/422/422
f 423/423/423 424/424/424 425/425/425 426/426/426
f 427/427/427 428/428/428 429/429/429 430/430/430
f 431/431/431 432/432/432 433/433/433 434/434/434
f 435/435/435 436/436/436 437/437/437 438/438/438
f 439/439/439 440/440/440 441/441/441
f 442/442/442 443/443/443 444/444/444
f 445/445/445 446/446/446 447/447/447
f 448/448/448 449/449/449 450/450/450
f 451/451/451 452/452/452 453/453/453
f 454/454/454 455/455/455 456/456/456
f 457/457/457 458/458/458 459/459/459
f 460/460/460 461/461/461 462/462/462
f 463/463/463 464/464/464 465/465/465
f 466/466/466 467/467/467 468/468/468
f 469/469/469 470/470/470 471/471/471
f 472/472/472 473/473/473 474/474/474
f 475/475/475 476/476/476 477/477/477 478/478/478
f 479/479/479 480/480/480 481/481/481
f 482/482/482 483/483/483 484/484/484
f 485/485/485 486/486/486 487/487/487
f 488/488/488 489/489/489 490/490/490
f 491/491/491 492/492/492 493/493/493 494/494/494
f 495/495/495 496/496/496 497/497/497 498/498/498
f 499/499/499 500/500/500 501/501/501 502/502/502
f 503/503/503 504/504/504 505/505/505
f 506/506/506 507/507/507 508/508/508
f 509/509/509 510/510/510 511/511/511
f 512/512/512 513/513/513 514/514/514
f 515/515/515 516/516/516 517/517/517 518/518/518
f 519/519/519 520/520/520 521/521/521 522/522/522
f 523/523/523 524/524/524 525/525/525 526/526/526
f 527/527/527 528/528/528 529/529/529
f 530/530/530 531/531/531 532/532/532
f 533/533/533 534/534/534 535/535/535
f 536/536/536 537/537/537 538/538/538
f 539/539/539 540/540/540 541/541/541 542/542/542
f 543/543/543 544/544/544 545/545/545 546/546/546
f 547/547/547 548/548/548 549/549/549 550/550/550
f 551/551/551 552/552/552 553/553/553
f 554/554/554 555/555/555 556/556/556
f 557/557/557 558/558/558 559/559/559
f 560/560/560 561/561/561 562/562/562
f 563/563/563 564/564/564 565/565/565 566/566/566
f 567/567/567 568/568/568 569/569/569 570/570/570
f 571/571/571 572/572/572 573/573/573 574/574/574
f 575/575/575 576/576/576 577/577/577
f 578/578/578 579/579/579 580/580/580
f 581/581/581 582/582/582 583/583/583
f 584/584/584 585/585/585 586/586/586
f 587/587/587 588/588/588 589/589/589 590/590/590
f 591/591/591 592/592/592 593/593/593 594/594/594
f 595/595/595 596/596/596 597/597/597 598/598/598
f 599/599/599 600/600/600 601/601/601
f 602/602/602 603/603/603 604/604/604
f 605/605/605 606/606/606 607/607/607
f 608/608/608 609/609/609 610/610/610
f 611/611/611 612/612/612 613/613/613 614/614/614
f 615/615/615 616/616/616 617/617/617 618/618/618
f 619/619/619 620/620/620 621/621/621 622/622/622
f 623/623/623 624/624/624 625/625/625
f 626/626/626 627/627/627 628/628/628
f 629/629/629 630/630/630 631/631/631
f 632/632/632 633/633/633 634/634/634
f 635/635/635 636/636/636 637/637/637
f 638/638/638 639/639/639 640/640/640
f 641/641/641 642/642/642 643/643/643 644/644/644
g sleeper
usemtl mat
f 645/645/645 646/646/646 647/647/647 648/648/648
f 649/649/649 650/650/650 651/651/651 652/652/652
f 653/653/653 654/654/654 655/655/655 656/656/656
f 657/657/657 658/658/658 659/659/659 660/660/660
f 661/661/661 662/662/662 663/663/663 664/664/664
f 665/665/665 666/666/666 667/667/667 668/668/668
f 669/669/669 670/670/670 671/671/671 672/672/672
f 673/673/673 674/674/674 675/675/675 676/676/676
f 677/677/677 678/678/678 679/679/679 680/680/680
f 681/681/681 682/682/682 683/683/683 684/684/684
f 685/685/685 686/686/686 687/687/687 688/688/688
f 689/689/689 690/690/690 691/691/691 692/692/692
f 693/693/693 694/694/694 695/695/695 696/696/696
f 697/697/697 698/698/698 699/699/699 700/700/700
f 701/701/701 702/702/702 703/703/703 704/704/704
f 705/705/705 706/706/706 707/707/707 708/708/708
f 709/709/709 710/710/710 711/711/711 712/712/712
f 713/713/713 714/714/714 715/715/715 716/716/716
f 717/717/717 718/718/718 719/719/719 720/720/720
f 721/721/721 722/722/722 723/723/723 724/724/724
f 725/725/725 726/726/726 727/727/727 728/728/728
f 729/729/729 730/730/730 731/731/731 732/732/732
f 733/733/733 734/734/734 735/735/735 736/736/736
f 737/737/737 738/738/738 739/739/739 740/740/740
f 741/741/741 742/742/742 743/743/743 744/744/744
f 745/745/745 746/746/746 747/747/747 748/748/748
f 749/749/749 750/750/750 751/751/751 752/752/752
f 753/753/753 754/754/754 755/755/755 756/756/756
f 757/757/757 758/758/758 759/759/759 760/760/760
f 761/761/761 762/762/762 763/763/763 764/764/764
f 765/765/765 766/766/766 767/767/767 768/768/768
f 769/769/769 770/770/770 771/771/771 772/772/772
f 773/773/773 774/774/774 775/775/775 776/776/776
f 777/777/777 778/778/778 779/779/779 780/780/780
f 781/781/781 782/782/782 783/783/783 784/784/784
f 785/785/785 786/786/786 787/787/787 788/788/788
f 789/789/789 790/790/790 791/791/791 792/792/792
f 793/793/793 794/794/794 795/795/795 796/796/796
f 797/797/797 798/798/798 799/799/799 800/800/800
f 801/801/801 802/802/802 803/803/803 804/804/804
f 805/805/805 806/806/806 807/807/807 808/808/808
f 809/809/809 810/810/810 811/811/811 812/812/812
f 813/813/813 814/814/814 815/815/815 816/816/816
f 817/817/817 818/818/818 819/819/819 820/820/820
f 821/821/821 822/822/822 823/823/823 824/824/824
f 825/825/825 826/826/826 827/827/827 828/828/828
f 829/829/829 830/830/830 831/831/831 832/832/832
f 833/833/833 834/834/834 835/835/835 836/836/836
f 837/837/837 838/838/838 839/839/839 840/840/840
f 841/841/841 842/842/842 843/843/843 844/844/844
f 845/845/845 846/846/846 847/847/847 848/848/848
f 849/849/849 850/850/850 851/851/851 852/852/852
f 853/853/853 854/854/854 855/855/855 856/856/856
f 857/857/857 858/858/858 859/859/859 860/860/860
f 861/861/861 862/862/862 863/863/863 864/864/864
f 865/865/865 866/866/866 867/867/867 868/868/868
f 869/869/869 870/870/870 871/871/871 872/872/872
f 873/873/873 874/874/874 875/875/875 876/876/876
f 877/877/877 878/878/878 879/879/879 880/880/880
f 881/881/881 882/882/882 883/883/883 884/884/884
f 885/885/885 886/886/886 887/887/887
f 888/888/888 889/889/889 890/890/890
f 891/891/891 892/892/892 893/893/893
f 894/894/894 895/895/895 896/896/896
f 897/897/897 898/898/898 899/899/899
f 900/900/900 901/901/901 902/902/902
f 903/903/903 904/904/904 905/905/905
f 906/906/906 907/907/907 908/908/908
g fastener_left
usemtl mat
f 909/909/909 910/910/910 911/911/911
f 912/912/912 913/913/913 914/914/914
f 915/915/915 916/916/916 917/917/917
f 918/918/918 919/919/919 920/920/920
f 921/921/921 922/922/922 923/923/923
f 924/924/924 925/925/925 926/926/926
f 927/927/927 928/928/928 929/929/929
f 930/930/930 931/931/931 932/932/932
f 933/933/933 934/934/934 935/935/935
f 936/936/936 937/937/937 938/938/938
f 939/939/939 940/940/940 941/941/941
f 942/942/942 943/943/943 944/944/944
f 945/945/945 946/946/946 947/947/947 948/948/948
f 949/949/949 950/950/950 951/951/951 952/952/952
f 953/953/953 954/954/954 955/955/955 956/956/956
f 957/957/957 958/958/958 959/959/959 960/960/960
f 961/961/961 962/962/962 963/963/963 964/964/964
f 965/965/965 966/966/966 967/967/967 968/968/968
f 969/969/969 970/970/970 971/971/971 972/972/972
f 973/973/973 974/974/974 975/975/975 976/976/976
f 977/977/977 978/978/978 979/979/979
f 980/980/980 981/981/981 982/982/982
f 983/983/983 984/984/984 985/985/985
f 986/986/986 987/987/987 988/988/988
f 989/989/989 990/990/990 991/991/991
f 992/992/992 993/993/993 994/994/994
f 995/995/995 996/996/996 997/997/997
f 998/998/998 999/999/999 1000/1000/1000
f 1001/1001/1001 1002/1002/1002 1003/1003/1003
f 1004/1004/1004 1005/1005/1005 1006/1006/1006
f 1007/1007/1007 1008/1008/1008 1009/1009/1009
f 1010/1010/1010 1011/1011/1011 1012/1012/1012
f 1013/1013/1013 1014/1014/1014 1015/1015/1015 1016/1016/1016
f 1017/1017/1017 1018/1018/1018 1019/1019/1019 1020/1020/1020
f 1021/1021/1021 1022/1022/1022 1023/1023/1023 1024/1024/1024
f 1025/1025/1025 1026/1026/1026 1027/1027/1027 1028/1028/1028
f 1029/1029/1029 1030/1030/1030 1031/1031/1031 1032/1032/1032
f 1033/1033/1033 1034/1034/1034 1035/1035/1035 1036/1036/1036
f 1037/1037/1037 1038/1038/1038 1039/1039/1039 1040/1040/1040
f 1041/1041/1041 1042/1042/1042 1043/1043/1043 1044/1044/1044
f 1045/1045/1045 1046/1046/1046 1047/1047/1047
f 1048/1048/1048 1049/1049/1049 1050/1050/1050
f 1051/1051/1051 1052/1052/1052 1053/1053/1053
f 1054/1054/1054 1055/1055/1055 1056/1056/1056
f 1057/1057/1057 1058/1058/1058 1059/1059/1059
f 1060/1060/1060 1061/1061/1061 1062/1062/1062
f 1063/1063/1063 1064/1064/1064 1065/1065/1065
f 1066/1066/1066 1067/1067/1067 1068/1068/1068
f 1069/1069/1069 1070/1070/1070 1071/1071/1071
f 1072/1072/1072 1073/1073/1073 1074/1074/1074
f 1075/1075/1075 1076/1076/1076 1077/1077/1077
f 1078/1078/1078 1079/1079/1079 1080/1080/1080
f 1081/1081/1081 1082/1082/1082 1083/1083/1083 1084/1084/1084
f 1085/1085/1085 1086/1086/1086 1087/1087/1087 1088/1088/1088
f 1089/1089/1089 1090/1090/1090 1091/1091/1091 1092/1092/1092
f 1093/1093/1093 1094/1094/1094 1095/1095/1095 1096/1096/1096
f 1097/1097/1097 1098/1098/1098 1099/1099/1099 1100/1100/1100
f 1101/1101/1101 1102/1102/1102 1103/1103/1103 1104/1104/1104
f 1105/1105/1105 1106/1106/1106 1107/1107/1107 1108/1108/1108
f 1109/1109/1109 1110/1110/1110 1111/1111/1111 1112/1112/1112
f 1113/1113/1113 1114/1114/1114 1115/1115/1115
f 1116/1116/1116 1117/1117/1117 1118/1118/1118
f 1119/1119/1119 1120/1120/1120 1121/1121/1121
f 1122/1122/1122 1123/1123/1123 1124/1124/1124
f 1125/1125/1125 1126/1126/1126 1127/1127/1127
f 1128/1128/1128 1129/1129/1129 1130/1130/1130
f 1131/1131/1131 1132/1132/1132 1133/1133/1133
f 1134/1134/1134 1135/1135/1135 1136/1136/1136
f 1137/1137/1137 1138/1138/1138 1139/1139/1139
f 1140/1140/1140 1141/1141/1141 1142/1142/1142
f 1143/1143/1143 1144/1144/1144 1145/1145/1145
f 1146/1146/1146 1147/1147/1147 1148/1148/1148
f 1149/1149/1149 1150/1150/1150 1151/1151/1151 1152/1152/1152
f 1153/1153/1153 1154/1154/1154 1155/1155/1155 1156/1156/1156
f 1157/1157/1157 1158/1158/1158 1159/1159/1159 1160/1160/1160
f 1161/1161/1161 1162/1162/1162 1163/1163/1163 1164/1164/1164
f 1165/1165/1165 1166/1166/1166 1167/1167/1167 1168/1168/1168
f 1169/1169/1169 1170/1170/1170 1171/1171/1171 1172/1172/1172
f 1173/1173/1173 1174/1174/1174 1175/1175/1175 1176/1176/1176
f 1177/1177/1177 1178/1178/1178 1179/1179/1179 1180/1180/1180
f 1181/1181/1181 1182/1182/1182 1183/1183/1183
f 1184/1184/1184 1185/1185/1185 1186/1186/1186
f 1187/1187/1187 1188/1188/1188 1189/1189/1189
f 1190/1190/1190 1191/1191/1191 1192/1192/1192
f 1193/1193/1193 1194/1194/1194 1195/1195/1195
f 1196/1196/1196 1197/1197/1197 1198/1198/1198
f 1199/1199/1199 1200/1200/1200 1201/1201/1201
f 1202/1202/1202 1203/1203/1203 1204/1204/1204
f 1205/1205/1205 1206/1206/1206 1207/1207/1207
f 1208/1208/1208 1209/1209/1209 1210/1210/1210
f 1211/1211/1211 1212/1212/1212 1213/1213/1213
f 1214/1214/1214 1215/1215/1215 1216/1216/1216
f 1217/1217/1217 1218/1218/1218 1219/1219/1219
f 1220/1220/1220 1221/1221/1221 1222/1222/1222
f 1223/1223/1223 1224/1224/1224 1225/1225/1225 1226/1226/1226
f 1227/1227/1227 1228/1228/1228 1229/1229/1229 1230/1230/1230
f 1231/1231/1231 1232/1232/1232 1233/1233/1233 1234/1234/1234
f 1235/1235/1235 1236/1236/1236 1237/1237/1237 1238/1238/1238
f 1239/1239/1239 1240/1240/1240 1241/1241/1241 1242/1242/1242
f 1243/1243/1243 1244/1244/1244 1245/1245/1245 1246/1246/1246
f 1247/1247/1247 1248/1248/1248 1249/1249/1249 1250/1250/1250
f 1251/1251/1251 1252/1252/1252 1253/1253/1253 1254/1254/1254
f 1255/1255/1255 1256/1256/1256 1257/1257/1257 1258/1258/1258
f 1259/1259/1259 1260/1260/1260 1261/1261/1261
f 1262/1262/1262 1263/1263/1263 1264/1264/1264
f 1265/1265/1265 1266/1266/1266 1267/1267/1267
f 1268/1268/1268 1269/1269/1269 1270/1270/1270
f 1271/1271/1271 1272/1272/1272 1273/1273/1273
f 1274/1274/1274 1275/1275/1275 1276/1276/1276
f 1277/1277/1277 1278/1278/1278 1279/1279/1279
f 1280/1280/1280 1281/1281/1281 1282/1282/1282
f 1283/1283/1283 1284/1284/1284 1285/1285/1285
f 1286/1286/1286 1287/1287/1287 1288/1288/1288
f 1289/1289/1289 1290/1290/1290 1291/1291/1291
f 1292/1292/1292 1293/1293/1293 1294/1294/1294
f 1295/1295/1295 1296/1296/1296 1297/1297/1297 1298/1298/1298
f 1299/1299/1299 1300/1300/1300 1301/1301/1301 1302/1302/1302
f 1303/1303/1303 1304/1304/1304 1305/1305/1305 1306/1306/1306
f 1307/1307/1307 1308/1308/1308 1309/1309/1309 1310/1310/1310
f 1311/1311/1311 1312/1312/1312 1313/1313/1313 1314/1314/1314
f 1315/1315/1315 1316/1316/1316 1317/1317/1317 1318/1318/1318
f 1319/1319/1319 1320/1320/1320 1321/1321/1321 1322/1322/1322
f 1323/1323/1323 1324/1324/1324 1325/1325/1325 1326/1326/1326
f 1327/1327/1327 1328/1328/1328 1329/1329/1329
f 1330/1330/1330 1331/1331/1331 1332/1332/1332
f 1333/1333/1333 1334/1334/1334 1335/1335/1335
f 1336/1336/1336 1337/1337/1337 1338/1338/1338
f 1339/1339/1339 1340/1340/1340 1341/1341/1341
f 1342/1342/1342 1343/1343/1343 1344/1344/1344
f 1345/1345/1345 1346/1346/1346 1347/1347/1347
f 1348/1348/1348 1349/1349/1349 1350/1350/1350
f 1351/1351/1351 1352/1352/1352 1353/1353/1353
f 1354/1354/1354 1355/1355/1355 1356/1356/1356
f 1357/1357/1357 1358/1358/1358 1359/1359/1359
f 1360/1360/1360 1361/1361/1361 1362/1362/1362
f 1363/1363/1363 1364/1364/1364 1365/1365/1365 1366/1366/1366
f 1367/1367/1367 1368/1368/1368 1369/1369/1369 1370/1370/1370
f 1371/1371/1371 1372/1372/1372 1373/1373/1373 1374/1374/1374
f 1375/1375/1375 1376/1376/1376 1377/1377/1377 1378/1378/1378
f 1379/1379/1379 1380/1380/1380 1381/1381/1381 1382/1382/1382
f 1383/1383/1383 1384/1384/1384 1385/1385/1385 1386/1386/1386
f 1387/1387/1387 1388/1388/1388 1389/1389/1389 1390/1390/1390
f 1391/1391/1391 1392/1392/1392 1393/1393/1393 1394/1394/1394
f 1395/1395/1395 1396/1396/1396 1397/1397/1397
f 1398/1398/1398 1399/1399/1399 1400/1400/1400
f 1401/1401/1401 1402/1402/1402 1403/1403/1403
f 1404/1404/1404 1405/1405/1405 1406/1406/1406
f 1407/1407/1407 1408/1408/1408 1409/1409/1409
f 1410/1410/1410 1411/1411/1411 1412/1412/1412
f 1413/1413/1413 1414/1414/1414 1415/1415/1415
f 1416/1416/1416 1417/1417/1417 1418/1418/1418
f 1419/1419/1419 1420/1420/1420 1421/1421/1421
f 1422/1422/1422 1423/1423/1423 1424/1424/1424
f 1425/1425/1425 1426/1426/1426 1427/1427/1427
f 1428/1428/1428 1429/1429/1429 1430/1430/1430
f 1431/1431/1431 1432/1432/1432 1433/1433/1433
f 1434/1434/1434 1435/1435/1435 1436/1436/1436
f 1437/1437/1437 1438/1438/1438 1439/1439/1439 1440/1440/1440
f 1441/1441/1441 1442/1442/1442 1443/1443/1443 1444/1444/1444
f 1445/1445/1445 1446/1446/1446 1447/1447/1447 1448/1448/1448
f 1449/1449/1449 1450/1450/1450 1451/1451/1451 1452/1452/1452
f 1453/1453/1453 1454/1454/1454 1455/1455/1455 1456/1456/1456
f 1457/1457/1457 1458/1458/1458 1459/1459/1459 1460/1460/1460
f 1461/1461/1461 1462/1462/1462 1463/1463/1463 1464/1464/1464
f 1465/1465/1465 1466/1466/1466 1467/1467/1467 1468/1468/1468
f 1469/1469/1469 1470/1470/1470 1471/1471/1471 1472/1472/1472
g rail_left
usemtl mat
f 1473/1473/1473 1474/1474/1474 1475/1475/1475 1476/1476/1476
f 1477/1477/1477 1478/1478/1478 1479/1479/1479 1480/1480/1480
f 1481/1481/1481 1482/1482/1482 1483/1483/1483 1484/1484/1484
f 1485/1485/1485 1486/1486/1486 1487/1487/1487 1488/1488/1488
f 1489/1489/1489 1490/1490/1490 1491/1491/1491 1492/1492/1492
f 1493/1493/1493 1494/1494/1494 1495/1495/1495 1496/1496/1496
f 1497/1497/1497 1498/1498/1498 1499/1499/1499 1500/1500/1500
f 1501/1501/1501 1502/1502/1502 1503/1503/1503 1504/1504/1504
f 1505/1505/1505 1506/1506/1506 1507/1507/1507 1508/1508/1508
f 1509/1509/1509 1510/1510/1510 1511/1511/1511 1512/1512/1512
f 1513/1513/1513 1514/1514/1514 1515/1515/1515 1516/1516/1516
f 1517/1517/1517 1518/1518/1518 1519/1519/1519 1520/1520/1520
f 1521/1521/1521 1522/1522/1522 1523/1523/1523 1524/1524/1524
f 1525/1525/1525 1526/1526/1526 1527/1527/1527 1528/1528/1528
f 1529/1529/1529 1530/1530/1530 1531/1531/1531 1532/1532/1532
f 1533/1533/1533 1534/1534/1534 1535/1535/1535 1536/1536/1536
f 1537/1537/1537 1538/1538/1538 1539/1539/1539 1540/1540/1540
f 1541/1541/1541 1542/1542/1542 1543/1543/1543 1544/1544/1544
f 1545/1545/1545 1546/1546/1546 1547/1547/1547 1548/1548/1548
f 1549/1549/1549 1550/1550/1550 1551/1551/1551 1552/1552/1552
f 1553/1553/1553 1554/1554/1554 1555/1555/1555 1556/1556/1556
f 1557/1557/1557 1558/1558/1558 1559/1559/1559 1560/1560/1560
f 1561/1561/1561 1562/1562/1562 1563/1563/1563 1564/1564/1564
f 1565/1565/1565 1566/1566/1566 1567/1567/1567 1568/1568/1568
f 1569/1569/1569 1570/1570/1570 1571/1571/1571 1572/1572/1572
f 1573/1573/1573 1574/1574/1574 1575/1575/1575 1576/1576/1576
f 1577/1577/1577 1578/1578/1578 1579/1579/1579 1580/1580/1580
f 1581/1581/1581 1582/1582/1582 1583/1583/1583 1584/1584/1584
g rail_left_end
usemtl mat
f 1585/1585/1585 1586/1586/1586 1587/1587/1587
f 1588/1588/1588 1589/1589/1589 1590/1590/1590
f 1591/1591/1591 1592/1592/1592 1593/1593/1593
f 1594/1594/1594 1595/1595/1595 1596/1596/1596
f 1597/1597/1597 1598/1598/1598 1599/1599/1599
f 1600/1600/1600 1601/1601/1601 1602/1602/1602
f 1603/1603/1603 1604/1604/1604 1605/1605/1605
f 1606/1606/1606 1607/1607/1607 1608/1608/1608
f 1609/1609/1609 1610/1610/1610 1611/1611/1611
f 1612/1612/1612 1613/1613/1613 1614/1614/1614
f 1615/1615/1615 1616/1616/1616 1617/1617/1617
f 1618/1618/1618 1619/1619/1619 1620/1620/1620
f 1621/1621/1621 1622/1622/1622 1623/1623/1623
f 1624/1624/1624 1625/1625/1625 1626/1626/1626
f 1627/1627/1627 1628/1628/1628 1629/1629/1629
f 1630/1630/1630 1631/1631/1631 1632/1632/1632
f 1633/1633/1633 1634/1634/1634 1635/1635/1635
f 1636/1636/1636 1637/1637/1637 1638/1638/1638
f 1639/1639/1639 1640/1640/1640 1641/1641/1641
f 1642/1642/1642 1643/1643/1643 1644/1644/1644
f 1645/1645/1645 1646/1646/1646 1647/1647/1647
f 1648/1648/1648 1649/1649/1649 1650/1650/1650
f 1651/1651/1651 1652/1652/1652 1653/1653/1653
f 1654/1654/1654 1655/1655/1655 1656/1656/1656
f 1657/1657/1657 1658/1658/1658 1659/1659/1659
f 1660/1660/1660 1661/1661/1661 1662/1662/1662
f 1663/1663/1663 1664/1664/1664 1665/1665/1665
f 1666/1666/1666 1667/1667/1667 1668/1668/1668
f 1669/1669/1669 1670/1670/1670 1671/1671/1671
f 1672/1672/1672 1673/1673/1673 1674/1674/1674
f 1675/1675/1675 1676/1676/1676 1677/1677/1677
f 1678/1678/1678 1679/1679/1679 1680/1680/1680
f 1681/1681/1681 1682/1682/1682 1683/1683/1683
f 1684/1684/1684 1685/1685/1685 1686/1686/1686
f 1687/1687/1687 1688/1688/1688 1689/1689/1689
f 1690/1690/1690 1691/1691/1691 1692/1692/1692
f 1693/1693/1693 1694/1694/1694 1695/1695/1695
f 1696/1696/1696 1697/1697/1697 1698/1698/1698
f 1699/1699/1699 1700/1700/1700 1701/1701/1701
f 1702/1702/1702 1703/1703/1703 1704/1704/1704
f 1705/1705/1705 1706/1706/1706 1707/1707/1707
f 1708/1708/1708 1709/1709/1709 1710/1710/1710
f 1711/1711/1711 1712/1712/1712 1713/1713/1713
f 1714/1714/1714 1715/1715/1715 1716/1716/1716
f 1717/1717/1717 1718/1718/1718 1719/1719/1719
f 1720/1720/1720 1721/1721/1721 1722/1722/1722
f 1723/1723/1723 1724/1724/1724 1725/1725/1725
f 1726/1726/1726 1727/1727/1727 1728/1728/1728
f 1729/1729/1729 1730/1730/1730 1731/1731/1731
f 1732/1732/1732 1733/1733/1733 1734/1734/1734
f 1735/1735/1735 1736/1736/1736 1737/1737/1737
f 1738/1738/1738 1739/1739/1739 1740/1740/1740
g fastener_right
usemtl mat
f 1741/1741/1741 1742/1742/1742 1743/1743/1743
f 1744/1744/1744 1745/1745/1745 1746/1746/1746
f 1747/1747/1747 1748/1748/1748 1749/1749/1749
f 1750/1750/1750 1751/1751/1751 1752/1752/1752
f 1753/1753/1753 1754/1754/1754 1755/1755/1755
f 1756/1756/1756 1757/1757/1757 1758/1758/1758
f 1759/1759/1759 1760/1760/1760 1761/1761/1761
f 1762/1762/1762 1763/1763/1763 1764/1764/1764
f 1765/1765/1765 1766/1766/1766 1767/1767/1767
f 1768/1768/1768 1769/1769/1769 1770/1770/1770
f 1771/1771/1771 1772/1772/1772 1773/1773/1773
f 1774/1774/1774 1775/1775/1775 1776/1776/1776
f 1777/1777/1777 1778/1778/1778 1779/1779/1779 1780/1780/1780
f 1781/1781/1781 1782/1782/1782 1783/1783/1783 1784/1784/1784
f 1785/1785/1785 1786/1786/1786 1787/1787/1787 1788/1788/1788
f 1789/1789/1789 1790/1790/1790 1791/1791/1791 1792/1792/1792
f 1793/1793/1793 1794/1794/1794 1795/1795/1795 1796/1796/1796
f 1797/1797/1797 1798/1798/1798 1799/1799/1799 1800/1800/1800
f 1801/1801/1801 1802/1802/1802 1803/1803/1803 1804/1804/1804
f 1805/1805/1805 1806/1806/1806 1807/1807/1807 1808/1808/1808
f 1809/1809/1809 1810/1810/1810 1811/1811/1811
f 1812/1812/1812 1813/1813/1813 1814/1814/1814
f 1815/1815/1815 1816/1816/1816 1817/1817/1817
f 1818/1818/1818 1819/1819/1819 1820/1820/1820
f 1821/1821/1821 1822/1822/1822 1823/1823/1823
f 1824/1824/1824 1825/1825/1825 1826/1826/1826
f 1827/1827/1827 1828/1828/1828 1829/1829/1829
f 1830/1830/1830 1831/1831/1831 1832/1832/1832
f 1833/1833/1833 1834/1834/1834 1835/1835/1835
f 1836/1836/1836 1837/1837/1837 1838/1838/1838
f 1839/1839/1839 1840/1840/1840 1841/1841/1841
f 1842/1842/1842 1843/1843/1843 1844/1844/1844
f 1845/1845/1845 1846/1846/1846 1847/1847/1847 1848/1848/1848
f 1849/1849/1849 1850/1850/1850 1851/1851/1851 1852/1852/1852
f 1853/1853/1853 1854/1854/1854 1855/1855/1855 1856/1856/1856
f 1857/1857/1857 1858/1858/1858 1859/1859/1859 1860/1860/1860
f 1861/1861/1861 1862/1862/1862 1863/1863/1863 1864/1864/1864
f 1865/1865/1865 1866/1866/1866 1867/1867/1867 1868/1868/1868
f 1869/1869/1869 1870/1870/1870 1871/1871/1871 1872/1872/1872
f 1873/1873/1873 1874/1874/1874 1875/1875/1875 1876/1876/1876
f 1877/1877/1877 1878/1878/1878 1879/1879/1879
f 1880/1880/1880 1881/1881/1881 1882/1882/1882
f 1883/1883/1883 1884/1884/1884 1885/1885/1885
f 1886/1886/1886 1887/1887/1887 1888/1888/1888
f 1889/1889/1889 1890/1890/1890 1891/1891/1891
f 1892/1892/1892 1893/1893/1893 1894/1894/1894
f 1895/1895/1895 1896/1896/1896 1897/1897/1897
f 1898/1898/1898 1899/1899/1899 1900/1900/1900
f 1901/1901/1901 1902/1902/1902 1903/1903/1903
f 1904/1904/1904 1905/1905/1905 1906/1906/1906
f 1907/1907/1907 1908/1908/1908 1909/1909/1909
f 1910/1910/1910 1911/1911/1911 1912/1912/1912
f 1913/1913/1913 1914/1914/1914 1915/1915/1915 1916/1916/1916
f 1917/1917/1917 1918/1918/1918 1919/1919/1919 1920/1920/1920
f 1921/1921/1921 1922/1922/1922 1923/1923/1923 1924/1924/1924
f 1925/1925/1925 1926/1926/1926 1927/1927/1927 1928/1928/1928
f 1929/1929/1929 1930/1930/1930 1931/1931/1931 1932/1932/1932
f 1933/1933/1933 1934/1934/1934 1935/1935/1935 1936/1936/1936
f 1937/1937/1937 1938/1938/1938 1939/1939/1939 1940/1940/1940
f 1941/1941/1941 1942/1942/1942 1943/1943/1943 1944/1944/1944
f 1945/1945/1945 1946/1946/1946 1947/1947/1947
f 1948/1948/1948 1949/1949/1949 1950/1950/1950
f 1951/1951/1951 1952/1952/1952 1953/1953/1953
f 1954/1954/1954 1955/1955/1955 1956/1956/1956
f 1957/1957/1957 1958/1958/1958 1959/1959/1959
f 1960/1960/1960 1961/1961/1961 1962/1962/1962
f 1963/1963/1963 1964/1964/1964 1965/1965/1965
f 1966/1966/1966 1967/1967/1967 1968/1968/1968
f 1969/1969/1969 1970/1970/1970 1971/1971/1971
f 1972/1972/1972 1973/1973/1973 1974/1974/1974
f 1975/1975/1975 1976/1976/1976 1977/1977/1977
f 1978/1978/1978 1979/1979/1979 1980/1980/1980
f 1981/1981/1981 1982/1982/1982 1983/1983/1983 1984/1984/1984
f 1985/1985/1985 1986/1986/1986 1987/1987/1987 1988/1988/1988
f 1989/1989/1989 1990/1990/1990 1991/1991/1991 1992/1992/1992
f 1993/1993/1993 1994/1994/1994 1995/1995/1995 1996/1996/1996
f 1997/1997/1997 1998/1998/1998 1999/1999/1999 2000/2000/2000
f 2001/2001/2001 2002/2002/2002 2003/2003/2003 2004/2004/2004
f 2005/2005/2005 2006/2006/2006 2007/2007/2007 2008/2008/2008
f 2009/2009/2009 2010/2010/2010 2011/2011/2011 2012/2012/2012
f 2013/2013/2013 2014/2014/2014 2015/2015/2015
f 2016/2016/2016 2017/2017/2017 2018/2018/2018
f 2019/2019/2019 2020/2020/2020 2021/2021/2021
f 2022/2022/2022 2023/2023/2023 2024/2024/2024
f 2025/2025/2025 2026/2026/2026 2027/2027/2027
f 2028/2028/2028 2029/2029/2029 2030/2030/2030
f 2031/2031/2031 2032/2032/2032 2033/2033/2033
f 2034/2034/2034 2035/2035/2035 2036/2036/2036
f 2037/2037/2037 2038/2038/2038 2039/2039/2039
f 2040/2040/2040 2041/2041/2041 2042/2042/2042
f 2043/2043/2043 2044/2044/2044 2045/2045/2045
f 2046/2046/2046 2047/2047/2047 2048/2048/2048
f 2049/2049/2049 2050/2050/2050 2051/2051/2051
f 2052/2052/2052 2053/2053/2053 2054/2054/2054
f 2055/2055/2055 2056/2056/2056 2057/2057/2057 2058/2058/2058
f 2059/2059/2059 2060/2060/2060 2061/2061/2061 2062/2062/2062
f 2063/2063/2063 2064/2064/2064 2065/2065/2065 2066/2066/2066
f 2067/2067/2067 2068/2068/2068 2069/2069/2069 2070/2070/2070
f 2071/2071/2071 2072/2072/2072 2073/2073/2073 2074/2074/2074
f 2075/2075/2075 2076/2076/2076 2077/2077/2077 2078/2078/2078
f 2079/2079/2079 2080/2080/2080 2081/2081/2081 2082/2082/2082
f 2083/2083/2083 2084/2084/2084 2085/2085/2085 2086/2086/2086
f 2087/2087/2087 2088/2088/2088 2089/2089/2089 2090/2090/2090
f 2091/2091/2091 2092/2092/2092 2093/2093/2093
f 2094/2094/2094 2095/2095/2095 2096/2096/2096
f 2097/2097/2097 2098/2098/2098 2099/2099/2099
f 2100/2100/2100 2101/2101/2101 2102/2102/2102
f 2103/2103/2103 2104/2104/2104 2105/2105/2105
f 2106/2106/2106 2107/2107/2107 2108/2108/2108
f 2109/2109/2109 2110/2110/2110 2111/2111/2111
f 2112/2112/2112 2113/2113/2113 2114/2114/2114
f 2115/2115/2115 2116/2116/2116 2117/2117/2117
f 2118/2118/2118 2119/2119/2119 2120/2120/2120
f 2121/2121/2121 2122/2122/2122 2123/2123/2123
f 2124/2124/2124 2125/2125/2125 2126/2126/2126
f 2127/2127/2127 2128/2128/2128 2129/2129/2129 2130/2130/2130
f 2131/2131/2131 2132/2132/2132 2133/2133/2133 2134/2134/2134
f 2135/2135/2135 2136/2136/2136 2137/2137/2137 2138/2138/2138
f 2139/2139/2139 2140/2140/2140 2141/2141/2141 2142/2142/2142
f 2143/2143/2143 2144/2144/2144 2145/2145/2145 2146/2146/2146
f 2147/2147/2147 2148/2148/2148 2149/2149/2149 2150/2150/2150
f 2151/2151/2151 2152/2152/2152 2153/2153/2153 2154/2154/2154
f 2155/2155/2155 2156/2156/2156 2157/2157/2157 2158/2158/2158
f 2159/2159/2159 2160/2160/2160 2161/2161/2161
f 2162/2162/2162 2163/2163/2163 2164/2164/2164
f 2165/2165/2165 2166/2166/2166 2167/2167/2167
f 2168/2168/2168 2169/2169/2169 2170/2170/2170
f 2171/2171/2171 2172/2172/2172 2173/2173/2173
f 2174/2174/2174 2175/2175/2175 2176/2176/2176
f 2177/2177/2177 2178/2178/2178 2179/2179/2179
f 2180/2180/2180 2181/2181/2181 2182/2182/2182
f 2183/2183/2183 2184/2184/2184 2185/2185/2185
f 2186/2186/2186 2187/2187/2187 2188/2188/2188
f 2189/2189/2189 2190/2190/2190 2191/2191/2191
f 2192/2192/2192 2193/2193/2193 2194/2194/2194
f 2195/2195/2195 2196/2196/2196 2197/2197/2197 2198/2198/2198
f 2199/2199/2199 2200/2200/2200 2201/2201/2201 2202/2202/2202
f 2203/2203/2203 2204/2204/2204 2205/2205/2205 2206/2206/2206
f 2207/2207/2207 2208/2208/2208 2209/2209/2209 2210/2210/2210
f 2211/2211/2211 2212/2212/2212 2213/2213/2213 2214/2214/2214
f 2215/2215/2215 2216/2216/2216 2217/2217/2217 2218/2218/2218
f 2219/2219/2219 2220/2220/2220 2221/2221/2221 2222/2222/2222
f 2223/2223/2223 2224/2224/2224 2225/2225/2225 2226/2226/2226
f 2227/2227/2227 2228/2228/2228 2229/2229/2229
f 2230/2230/2230 2231/2231/2231 2232/2232/2232
f 2233/2233/2233 2234/2234/2234 2235/2235/2235
f 2236/2236/2236 2237/2237/2237 2238/2238/2238
f 2239/2239/2239 2240/2240/2240 2241/2241/2241
f 2242/2242/2242 2243/2243/2243 2244/2244/2244
f 2245/2245/2245 2246/2246/2246 2247/2247/2247
f 2248/2248/2248 2249/2249/2249 2250/2250/2250
f 2251/2251/2251 2252/2252/2252 2253/2253/2253
f 2254/2254/2254 2255/2255/2255 2256/2256/2256
f 2257/2257/2257 2258/2258/2258 2259/2259/2259
f 2260/2260/2260 2261/2261/2261 2262/2262/2262
f 2263/2263/2263 2264/2264/2264 2265/2265/2265
f 2266/2266/2266 2267/2267/2267 2268/2268/2268
f 2269/2269/2269 2270/2270/2270 2271/2271/2271 2272/2272/2272
f 2273/2273/2273 2274/2274/2274 2275/2275/2275 2276/2276/2276
f 2277/2277/2277 2278/2278/2278 2279/2279/2279 2280/2280/2280
f 2281/2281/2281 2282/2282/2282 2283/2283/2283 2284/2284/2284
f 2285/2285/2285 2286/2286/2286 2287/2287/2287 2288/2288/2288
f 2289/2289/2289 2290/2290/2290 2291/2291/2291 2292/2292/2292
f 2293/2293/2293 2294/2294/2294 2295/2295/2295 2296/2296/2296
f 2297/2297/2297 2298/2298/2298 2299/2299/2299 2300/2300/2300
f 2301/2301/2301 2302/2302/2302 2303/2303/2303 2304/2304/2304
g rail_right
usemtl mat
f 2305/2305/2305 2306/2306/2306 2307/2307/2307 2308/2308/2308
f 2309/2309/2309 2310/2310/2310 2311/2311/2311 2312/2312/2312
f 2313/2313/2313 2314/2314/2314 2315/2315/2315 2316/2316/2316
f 2317/2317/2317 2318/2318/2318 2319/2319/2319 2320/2320/2320
f 2321/2321/2321 2322/2322/2322 2323/2323/2323 2324/2324/2324
f 2325/2325/2325 2326/2326/2326 2327/2327/2327 2328/2328/2328
f 2329/2329/2329 2330/2330/2330 2331/2331/2331 2332/2332/2332
f 2333/2333/2333 2334/2334/2334 2335/2335/2335 2336/2336/2336
f 2337/2337/2337 2338/2338/2338 2339/2339/2339 2340/2340/2340
f 2341/2341/2341 2342/2342/2342 2343/2343/2343 2344/2344/2344
f 2345/2345/2345 2346/2346/2346 2347/2347/2347 2348/2348/2348
f 2349/2349/2349 2350/2350/2350 2351/2351/2351 2352/2352/2352
f 2353/2353/2353 2354/2354/2354 2355/2355/2355 2356/2356/2356
f 2357/2357/2357 2358/2358/2358 2359/2359/2359 2360/2360/2360
f 2361/2361/2361 2362/2362/2362 2363/2363/2363 2364/2364/2364
f 2365/2365/2365 2366/2366/2366 2367/2367/2367 2368/2368/2368
f 2369/2369/2369 2370/2370/2370 2371/2371/2371 2372/2372/2372
f 2373/2373/2373 2374/2374/2374 2375/2375/2375 2376/2376/2376
f 2377/2377/2377 2378/2378/2378 2379/2379/2379 2380/2380/2380
f 2381/2381/2381 2382/2382/2382 2383/2383/2383 2384/2384/2384
f 2385/2385/2385 2386/2386/2386 2387/2387/2387 2388/2388/2388
f 2389/2389/2389 2390/2390/2390 2391/2391/2391 2392/2392/2392
f 2393/2393/2393 2394/2394/2394 2395/2395/2395 2396/2396/2396
f 2397/2397/2397 2398/2398/2398 2399/2399/2399 2400/2400/2400
f 2401/2401/2401 2402/2402/2402 2403/2403/2403 2404/2404/2404
f 2405/2405/2405 2406/2406/2406 2407/2407/2407 2408/2408/2408
f 2409/2409/2409 2410/2410/2410 2411/2411/2411 2412/2412/2412
f 2413/2413/2413 2414/2414/2414 2415/2415/2415 2416/2416/2416
g rail_right_end
usemtl mat
f 2417/2417/2417 2418/2418/2418 2419/2419/2419
f 2420/2420/2420 2421/2421/2421 2422/2422/2422
f 2423/2423/2423 2424/2424/2424 2425/2425/2425
f 2426/2426/2426 2427/2427/2427 2428/2428/2428
f 2429/2429/2429 2430/2430/2430 2431/2431/2431
f 2432/2432/2432 2433/2433/2433 2434/2434/2434
f 2435/2435/2435 2436/2436/2436 2437/2437/2437
f 2438/2438/2438 2439/2439/2439 2440/2440/2440
f 2441/2441/2441 2442/2442/2442 2443/2443/2443
f 2444/2444/2444 2445/2445/2445 2446/2446/2446
f 2447/2447/2447 2448/2448/2448 2449/2449/2449
f 2450/2450/2450 2451/2451/2451 2452/2452/2452
f 2453/2453/2453 2454/2454/2454 2455/2455/2455
f 2456/2456/2456 2457/2457/2457 2458/2458/2458
f 2459/2459/2459 2460/2460/2460 2461/2461/2461
f 2462/2462/2462 2463/2463/2463 2464/2464/2464
f 2465/2465/2465 2466/2466/2466 2467/2467/2467
f 2468/2468/2468 2469/2469/2469 2470/2470/2470
f 2471/2471/2471 2472/2472/2472 2473/2473/2473
f 2474/2474/2474 2475/2475/2475 2476/2476/2476
f 2477/2477/2477 2478/2478/2478 2479/2479/2479
f 2480/2480/2480 2481/2481/2481 2482/2482/2482
f 2483/2483/2483 2484/2484/2484 2485/2485/2485
f 2486/2486/2486 2487/2487/2487 2488/2488/2488
f 2489/2489/2489 2490/2490/2490 2491/2491/2491
f 2492/2492/2492 2493/2493/2493 2494/2494/2494
f 2495/2495/2495 2496/2496/2496 2497/2497/2497
f 2498/2498/2498 2499/2499/2499 2500/2500/2500
f 2501/2501/2501 2502/2502/2502 2503/2503/2503
f 2504/2504/2504 2505/2505/2505 2506/2506/2506
f 2507/2507/2507 2508/2508/2508 2509/2509/2509
f 2510/2510/2510 2511/2511/2511 2512/2512/2512
f 2513/2513/2513 2514/2514/2514 2515/2515/2515
f 2516/2516/2516 2517/2517/2517 2518/2518/2518
f 2519/2519/2519 2520/2520/2520 2521/2521/2521
f 2522/2522/2522 2523/2523/2523 2524/2524/2524
f 2525/2525/2525 2526/2526/2526 2527/2527/2527
f 2528/2528/2528 2529/2529/2529 2530/2530/2530
f 2531/2531/2531 2532/2532/2532 2533/2533/2533
f 2534/2534/2534 2535/2535/2535 2536/2536/2536
f 2537/2537/2537 2538/2538/2538 2539/2539/2539
f 2540/2540/2540 2541/2541/2541 2542/2542/2542
f 2543/2543/2543 2544/2544/2544 2545/2545/2545
f 2546/2546/2546 2547/2547/2547 2548/2548/2548
f 2549/2549/2549 2550/2550/2550 2551/2551/2551
f 2552/2552/2552 2553/2553/2553 2554/2554/2554
f 2555/2555/2555 2556/2556/2556 2557/2557/2557
f 2558/2558/2558 2559/2559/2559 2560/2560/2560
f 2561/2561/2561 2562/2562/2562 2563/2563/2563
f 2564/2564/2564 2565/2565/2565 2566/2566/2566
f 2567/2567/2567 2568/2568/2568 2569/2569/2569
f 2570/2570/2570 2571/2571/2571 2572/2572/2572
g center_fastener_left
usemtl mat
f 2573/2573/2573 2574/2574/2574 2575/2575/2575
f 2576/2576/2576 2577/2577/2577 2578/2578/2578
f 2579/2579/2579 2580/2580/2580 2581/2581/2581
f 2582/2582/2582 2583/2583/2583 2584/2584/2584
f 2585/2585/2585 2586/2586/2586 2587/2587/2587
f 2588/2588/2588 2589/2589/2589 2590/2590/2590
f 2591/2591/2591 2592/2592/2592 2593/2593/2593
f 2594/2594/2594 2595/2595/2595 2596/2596/2596
f 2597/2597/2597 2598/2598/2598 2599/2599/2599
f 2600/2600/2600 2601/2601/2601 2602/2602/2602
f 2603/2603/2603 2604/2604/2604 2605/2605/2605
f 2606/2606/2606 2607/2607/2607 2608/2608/2608
f 2609/2609/2609 2610/2610/2610 2611/2611/2611 2612/2612/2612
f 2613/2613/2613 2614/2614/2614 2615/2615/2615 2616/2616/2616
f 2617/2617/2617 2618/2618/2618 2619/2619/2619 2620/2620/2620
f 2621/2621/2621 2622/2622/2622 2623/2623/2623 2624/2624/2624
f 2625/2625/2625 2626/2626/2626 2627/2627/2627 2628/2628/2628
f 2629/2629/2629 2630/2630/2630 2631/2631/2631 2632/2632/2632
f 2633/2633/2633 2634/2634/2634 2635/2635/2635 2636/2636/2636
f 2637/2637/2637 2638/2638/2638 2639/2639/2639 2640/2640/2640
f 2641/2641/2641 2642/2642/2642 2643/2643/2643
f 2644/2644/2644 2645/2645/2645 2646/2646/2646
f 2647/2647/2647 2648/2648/2648 2649/2649/2649
f 2650/2650/2650 2651/2651/2651 2652/2652/2652
f 2653/2653/2653 2654/2654/2654 2655/2655/2655
f 2656/2656/2656 2657/2657/2657 2658/2658/2658
f 2659/2659/2659 2660/2660/2660 2661/2661/2661
f 2662/2662/2662 2663/2663/2663 2664/2664/2664
f 2665/2665/2665 2666/2666/2666 2667/2667/2667
f 2668/2668/2668 2669/2669/2669 2670/2670/2670
f 2671/2671/2671 2672/2672/2672 2673/2673/2673
f 2674/2674/2674 2675/2675/2675 2676/2676/2676
f 2677/2677/2677 2678/2678/2678 2679/2679/2679 2680/2680/2680
f 2681/2681/2681 2682/2682/2682 2683/2683/2683 2684/2684/2684
f 2685/2685/2685 2686/2686/2686 2687/2687/2687 2688/2688/2688
f 2689/2689/2689 2690/2690/2690 2691/2691/2691 2692/2692/2692
f 2693/2693/2693 2694/2694/2694 2695/2695/2695 2696/2696/2696
f 2697/2697/2697 2698/2698/2698 2699/2699/2699 2700/2700/2700
f 2701/2701/2701 2702/2702/2702 2703/2703/2703 2704/2704/2704
f 2705/2705/2705 2706/2706/2706 2707/2707/2707 2708/2708/2708
f 2709/2709/2709 2710/2710/2710 2711/2711/2711
f 2712/2712/2712 2713/2713/2713 2714/2714/2714
f 2715/2715/2715 2716/2716/2716 2717/2717/2717
f 2718/2718/2718 2719/2719/2719 2720/2720/2720
f 2721/2721/2721 2722/2722/2722 2723/2723/2723
f 2724/2724/2724 2725/2725/2725 2726/2726/2726
f 2727/2727/2727 2728/2728/2728 2729/2729/2729
f 2730/2730/2730 2731/2731/2731 2732/2732/2732
f 2733/2733/2733 2734/2734/2734 2735/2735/2735
f 2736/2736/2736 2737/2737/2737 2738/2738/2738
f 2739/2739/2739 2740/2740/2740 2741/2741/2741
f 2742/2742/2742 2743/2743/2743 2744/2744/2744
f 2745/2745/2745 2746/2746/2746 2747/2747/2747 2748/2748/2748
f 2749/2749/2749 2750/2750/2750 2751/2751/2751 2752/2752/2752
f 2753/2753/2753 2754/2754/2754 2755/2755/2755 2756/2756/2756
f 2757/2757/2757 2758/2758/2758 2759/2759/2759 2760/2760/2760
f 2761/2761/2761 2762/2762/2762 2763/2763/2763 2764/2764/2764
f 2765/2765/2765 2766/2766/2766 2767/2767/2767 2768/2768/2768
f 2769/2769/2769 2770/2770/2770 2771/2771/2771 2772/2772/2772
f 2773/2773/2773 2774/2774/2774 2775/2775/2775 2776/2776/2776
f 2777/2777/2777 2778/2778/2778 2779/2779/2779
f 2780/2780/2780 2781/2781/2781 2782/2782/2782
f 2783/2783/2783 2784/2784/2784 2785/2785/2785
f 2786/2786/2786 2787/2787/2787 2788/2788/2788
f 2789/2789/2789 2790/2790/2790 2791/2791/2791
f 2792/2792/2792 2793/2793/2793 2794/2794/2794
f 2795/2795/2795 2796/2796/2796 2797/2797/2797
f 2798/2798/2798 2799/2799/2799 2800/2800/2800
f 2801/2801/2801 2802/2802/2802 2803/2803/2803
f 2804/2804/2804 2805/2805/2805 2806/2806/2806
f 2807/2807/2807 2808/2808/2808 2809/2809/2809
f 2810/2810/2810 2811/2811/2811 2812/2812/2812
f 2813/2813/2813 2814/2814/2814 2815/2815/2815 2816/2816/2816
f 2817/2817/2817 2818/2818/2818 2819/2819/2819 2820/2820/2820
f 2821/2821/2821 2822/2822/2822 2823/2823/2823 2824/2824/2824
f 2825/2825/2825 2826/2826/2826 2827/2827/2827 2828/2828/2828
f 2829/2829/2829 2830/2830/2830 2831/2831/2831 2832/2832/2832
f 2833/2833/2833 2834/2834/2834 2835/2835/2835 2836/2836/2836
f 2837/2837/2837 2838/2838/2838 2839/2839/2839 2840/2840/2840
f 2841/2841/2841 2842/2842/2842 2843/2843/2843 2844/2844/2844
g center_guard_left
usemtl mat
f 2845/2845/2845 2846/2846/2846 2847/2847/2847 2848/2848/2848
f 2849/2849/2849 2850/2850/2850 2851/2851/2851 2852/2852/2852
f 2853/2853/2853 2854/2854/2854 2855/2855/2855 2856/2856/2856
f 2857/2857/2857 2858/2858/2858 2859/2859/2859 2860/2860/2860
f 2861/2861/2861 2862/2862/2862 2863/2863/2863 2864/2864/2864
f 2865/2865/2865 2866/2866/2866 2867/2867/2867 2868/2868/2868
f 2869/2869/2869 2870/2870/2870 2871/2871/2871 2872/2872/2872
f 2873/2873/2873 2874/2874/2874 2875/2875/2875 2876/2876/2876
f 2877/2877/2877 2878/2878/2878 2879/2879/2879 2880/2880/2880
f 2881/2881/2881 2882/2882/2882 2883/2883/2883 2884/2884/2884
f 2885/2885/2885 2886/2886/2886 2887/2887/2887 2888/2888/2888
f 2889/2889/2889 2890/2890/2890 2891/2891/2891 2892/2892/2892
f 2893/2893/2893 2894/2894/2894 2895/2895/2895 2896/2896/2896
f 2897/2897/2897 2898/2898/2898 2899/2899/2899 2900/2900/2900
f 2901/2901/2901 2902/2902/2902 2903/2903/2903 2904/2904/2904
f 2905/2905/2905 2906/2906/2906 2907/2907/2907 2908/2908/2908
f 2909/2909/2909 2910/2910/2910 2911/2911/2911 2912/2912/2912
f 2913/2913/2913 2914/2914/2914 2915/2915/2915 2916/2916/2916
f 2917/2917/2917 2918/2918/2918 2919/2919/2919 2920/2920/2920
f 2921/2921/2921 2922/2922/2922 2923/2923/2923 2924/2924/2924
f 2925/2925/2925 2926/2926/2926 2927/2927/2927 2928/2928/2928
f 2929/2929/2929 2930/2930/2930 2931/2931/2931 2932/2932/2932
f 2933/2933/2933 2934/2934/2934 2935/2935/2935 2936/2936/2936
f 2937/2937/2937 2938/2938/2938 2939/2939/2939 2940/2940/2940
f 2941/2941/2941 2942/2942/2942 2943/2943/2943 2944/2944/2944
f 2945/2945/2945 2946/2946/2946 2947/2947/2947 2948/2948/2948
f 2949/2949/2949 2950/2950/2950 2951/2951/2951 2952/2952/2952
f 2953/2953/2953 2954/2954/2954 2955/2955/2955 2956/2956/2956
g center_fastener_right
usemtl mat
f 2957/2957/2957 2958/2958/2958 2959/2959/2959
f 2960/2960/2960 2961/2961/2961 2962/2962/2962
f 2963/2963/2963 2964/2964/2964 2965/2965/2965
f 2966/2966/2966 2967/2967/2967 2968/2968/2968
f 2969/2969/2969 2970/2970/2970 2971/2971/2971
f 2972/2972/2972 2973/2973/2973 2974/2974/2974
f 2975/2975/2975 2976/2976/2976 2977/2977/2977
f 2978/2978/2978 2979/2979/2979 2980/2980/2980
f 2981/2981/2981 2982/2982/2982 2983/2983/2983
f 2984/2984/2984 2985/2985/2985 2986/2986/2986
f 2987/2987/2987 2988/2988/2988 2989/2989/2989
f 2990/2990/2990 2991/2991/2991 2992/2992/2992
f 2993/2993/2993 2994/2994/2994 2995/2995/2995 2996/2996/2996
f 2997/2997/2997 2998/2998/2998 2999/2999/2999 3000/3000/3000
f 3001/3001/3001 3002/3002/3002 3003/3003/3003 3004/3004/3004
f 3005/3005/3005 3006/3006/3006 3007/3007/3007 3008/3008/3008
f 3009/3009/3009 3010/3010/3010 3011/3011/3011 3012/3012/3012
f 3013/3013/3013 3014/3014/3014 3015/3015/3015 3016/3016/3016
f 3017/3017/3017 3018/3018/3018 3019/3019/3019 3020/3020/3020
f 3021/3021/3021 3022/3022/3022 3023/3023/3023 3024/3024/3024
f 3025/3025/3025 3026/3026/3026 3027/3027/3027
f 3028/3028/3028 3029/3029/3029 3030/3030/3030
f 3031/3031/3031 3032/3032/3032 3033/3033/3033
f 3034/3034/3034 3035/3035/3035 3036/3036/3036
f 3037/3037/3037 3038/3038/3038 3039/3039/3039
f 3040/3040/3040 3041/3041/3041 3042/3042/3042
f 3043/3043/3043 3044/3044/3044 3045/3045/3045
f 3046/3046/3046 3047/3047/3047 3048/3048/3048
f 3049/3049/3049 3050/3050/3050 3051/3051/3051
f 3052/3052/3052 3053/3053/3053 3054/3054/3054
f 3055/3055/3055 3056/3056/3056 3057/3057/3057
f 3058/3058/3058 3059/3059/3059 3060/3060/3060
f 3061/3061/3061 3062/3062/3062 3063/3063/3063 3064/3064/3064
f 3065/3065/3065 3066/3066/3066 3067/3067/3067 3068/3068/3068
f 3069/3069/3069 3070/3070/3070 3071/3071/3071 3072/3072/3072
f 3073/3073/3073 3074/3074/3074 3075/3075/3075 3076/3076/3076
f 3077/3077/3077 3078/3078/3078 3079/3079/3079 3080/3080/3080
f 3081/3081/3081 3082/3082/3082 3083/3083/3083 3084/3084/3084
f 3085/3085/3085 3086/3086/3086 3087/3087/3087 3088/3088/3088
f 3089/3089/3089 3090/3090/3090 3091/3091/3091 3092/3092/3092
f 3093/3093/3093 3094/3094/3094 3095/3095/3095
f 3096/3096/3096 3097/3097/3097 3098/3098/3098
f 3099/3099/3099 3100/3100/3100 3101/3101/3101
f 3102/3102/3102 3103/3103/3103 3104/3104/3104
f 3105/3105/3105 3106/3106/3106 3107/3107/3107
f 3108/3108/3108 3109/3109/3109 3110/3110/3110
f 3111/3111/3111 3112/3112/3112 3113/3113/3113
f 3114/3114/3114 3115/3115/3115 3116/3116/3116
f 3117/3117/3117 3118/3118/3118 3119/3119/3119
f 3120/3120/3120 3121/3121/3121 3122/3122/3122
f 3123/3123/3123 3124/3124/3124 3125/3125/3125
f 3126/3126/3126 3127/3127/3127 3128/3128/3128
f 3129/3129/3129 3130/3130/3130 3131/3131/3131 3132/3132/3132
f 3133/3133/3133 3134/3134/3134 3135/3135/3135 3136/3136/3136
f 3137/3137/3137 3138/3138/3138 3139/3139/3139 3140/3140/3140
f 3141/3141/3141 3142/3142/3142 3143/3143/3143 3144/3144/3144
f 3145/3145/3145 3146/3146/3146 3147/3147/3147 3148/3148/3148
f 3149/3149/3149 3150/3150/3150 3151/3151/3151 3152/3152/3152
f 3153/3153/3153 3154/3154/3154 3155/3155/3155 3156/3156/3156
f 3157/3157/3157 3158/3158/3158 3159/3159/3159 3160/3160/3160
f 3161/3161/3161 3162/3162/3162 3163/3163/3163
f 3164/3164/3164 3165/3165/3165 3166/3166/3166
f 3167/3167/3167 3168/3168/3168 3169/3169/3169
f 3170/3170/3170 3171/3171/3171 3172/3172/3172
f 3173/3173/3173 3174/3174/3174 3175/3175/3175
f 3176/3176/3176 3177/3177/3177 3178/3178/3178
f 3179/3179/3179 3180/3180/3180 3181/3181/3181
f 3182/3182/3182 3183/3183/3183 3184/3184/3184
f 3185/3185/3185 3186/3186/3186 3187/3187/3187
f 3188/3188/3188 3189/3189/3189 3190/3190/3190
f 3191/3191/3191 3192/3192/3192 3193/3193/3193
f 3194/3194/3194 3195/3195/3195 3196/3196/3196
f 3197/3197/3197 3198/3198/3198 3199/3199/3199 3200/3200/3200
f 3201/3201/3201 3202/3202/3202 3203/3203/3203 3204/3204/3204
f 3205/3205/3205 3206/3206/3206 3207/3207/3207 3208/3208/3208
f 3209/3209/3209 3210/3210/3210 3211/3211/3211 3212/3212/3212
f 3213/3213/3213 3214/3214/3214 3215/3215/3215 3216/3216/3216
f 3217/3217/3217 3218/3218/3218 3219/3219/3219 3220/3220/3220
f 3221/3221/3221 3222/3222/3222 3223/3223/3223 3224/3224/3224
f 3225/3225/3225 3226/3226/3226 3227/3227/3227 3228/3228/3228
g center_guard_right
usemtl mat
f 3229/3229/3229 3230/3230/3230 3231/3231/3231 3232/3232/3232
f 3233/3233/3233 3234/3234/3234 3235/3235/3235 3236/3236/3236
f 3237/3237/3237 3238/3238/3238 3239/3239/3239 3240/3240/3240
f 3241/3241/3241 3242/3242/3242 3243/3243/3243 3244/3244/3244
f 3245/3245/3245 3246/3246/3246 3247/3247/3247 3248/3248/3248
f 3249/3249/3249 3250/3250/3250 3251/3251/3251 3252/3252/3252
f 3253/3253/3253 3254/3254/3254 3255/3255/3255 3256/3256/3256
f 3257/3257/3257 3258/3258/3258 3259/3259/3259 3260/3260/3260
f 3261/3261/3261 3262/3262/3262 3263/3263/3263 3264/3264/3264
f 3265/3265/3265 3266/3266/3266 3267/3267/3267 3268/3268/3268
f 3269/3269/3269 3270/3270/3270 3271/3271/3271 3272/3272/3272
f 3273/3273/3273 3274/3274/3274 3275/3275/3275 3276/3276/3276
f 3277/3277/3277 3278/3278/3278 3279/3279/3279 3280/3280/3280
f 3281/3281/3281 3282/3282/3282 3283/3283/3283 3284/3284/3284
f 3285/3285/3285 3286/3286/3286 3287/3287/3287 3288/3288/3288
f 3289/3289/3289 3290/3290/3290 3291/3291/3291 3292/3292/3292
f 3293/3293/3293 3294/3294/3294 3295/3295/3295 3296/3296/3296
f 3297/3297/3297 3298/3298/3298 3299/3299/3299 3300/3300/3300
f 3301/3301/3301 3302/3302/3302 3303/3303/3303 3304/3304/3304
f 3305/3305/3305 3306/3306/3306 3307/3307/3307 3308/3308/3308
f 3309/3309/3309 3310/3310/3310 3311/3311/3311 3312/3312/3312
f 3313/3313/3313 3314/3314/3314 3315/3315/3315 3316/3316/3316
f 3317/3317/3317 3318/3318/3318 3319/3319/3319 3320/3320/3320
f 3321/3321/3321 3322/3322/3322 3323/3323/3323 3324/3324/3324
f 3325/3325/3325 3326/3326/3326 3327/3327/3327 3328/3328/3328
f 3329/3329/3329 3330/3330/3330 3331/3331/3331 3332/3332/3332
f 3333/3333/3333 3334/3334/3334 3335/3335/3335 3336/3336/3336
f 3337/3337/3337 3338/3338/3338 3339/3339/3339 3340/3340/3340
