# metres; Y up; CCW outward; repeat 0.6 m
mtllib slab_low.mtl
v -1.550000 0.081922 0.300000
v -1.510000 0.081922 0.300000
v -1.510000 0.081922 -0.300000
v -1.550000 0.081922 -0.300000
v -1.550000 -0.268078 -0.300000
v -1.510000 -0.268078 -0.300000
v -1.510000 -0.268078 0.300000
v -1.550000 -0.268078 0.300000
v -1.550000 0.081922 -0.300000
v -1.510000 0.081922 -0.300000
v -1.510000 -0.268078 -0.300000
v -1.550000 -0.268078 -0.300000
v -1.550000 -0.268078 0.300000
v -1.510000 -0.268078 0.300000
v -1.510000 0.081922 0.300000
v -1.550000 0.081922 0.300000
v -1.510000 0.081922 0.300000
v -1.080000 0.081922 0.300000
v -1.080000 0.081922 -0.300000
v -1.510000 0.081922 -0.300000
v -1.510000 -0.268078 -0.300000
v -1.080000 -0.268078 -0.300000
v -1.080000 -0.268078 0.300000
v -1.510000 -0.268078 0.300000
v -1.510000 0.081922 -0.300000
v -1.080000 0.081922 -0.300000
v -1.080000 -0.268078 -0.300000
v -1.510000 -0.268078 -0.300000
v -1.510000 -0.268078 0.300000
v -1.080000 -0.268078 0.300000
v -1.080000 0.081922 0.300000
v -1.510000 0.081922 0.300000
v -1.080000 0.081922 0.300000
v -1.040000 0.081922 0.300000
v -1.040000 0.081922 -0.300000
v -1.080000 0.081922 -0.300000
v -1.080000 -0.268078 -0.300000
v -1.040000 -0.268078 -0.300000
v -1.040000 -0.268078 0.300000
v -1.080000 -0.268078 0.300000
v -1.080000 0.081922 -0.300000
v -1.040000 0.081922 -0.300000
v -1.040000 -0.268078 -0.300000
v -1.080000 -0.268078 -0.300000
v -1.080000 -0.268078 0.300000
v -1.040000 -0.268078 0.300000
v -1.040000 0.081922 0.300000
v -1.080000 0.081922 0.300000
v -1.040000 0.081922 0.300000
v -0.480000 0.081922 0.300000
v -0.480000 0.081922 -0.300000
v -1.040000 0.081922 -0.300000
v -1.040000 -0.268078 -0.300000
v -0.480000 -0.268078 -0.300000
v -0.480000 -0.268078 0.300000
v -1.040000 -0.268078 0.300000
v -1.040000 0.081922 -0.300000
v -0.480000 0.081922 -0.300000
v -0.480000 -0.268078 -0.300000
v -1.040000 -0.268078 -0.300000
v -1.040000 -0.268078 0.300000
v -0.480000 -0.268078 0.300000
v -0.480000 0.081922 0.300000
v -1.040000 0.081922 0.300000
v -0.480000 0.081922 0.300000
v -0.440000 0.081922 0.300000
v -0.440000 0.081922 -0.300000
v -0.480000 0.081922 -0.300000
v -0.480000 -0.268078 -0.300000
v -0.440000 -0.268078 -0.300000
v -0.440000 -0.268078 0.300000
v -0.480000 -0.268078 0.300000
v -0.480000 0.081922 -0.300000
v -0.440000 0.081922 -0.300000
v -0.440000 -0.268078 -0.300000
v -0.480000 -0.268078 -0.300000
v -0.480000 -0.268078 0.300000
v -0.440000 -0.268078 0.300000
v -0.440000 0.081922 0.300000
v -0.480000 0.081922 0.300000
v -0.440000 0.081922 0.300000
v 0.440000 0.081922 0.300000
v 0.440000 0.081922 -0.300000
v -0.440000 0.081922 -0.300000
v -0.440000 -0.268078 -0.300000
v 0.440000 -0.268078 -0.300000
v 0.440000 -0.268078 0.300000
v -0.440000 -0.268078 0.300000
v -0.440000 0.081922 -0.300000
v 0.440000 0.081922 -0.300000
v 0.440000 -0.268078 -0.300000
v -0.440000 -0.268078 -0.300000
v -0.440000 -0.268078 0.300000
v 0.440000 -0.268078 0.300000
v 0.440000 0.081922 0.300000
v -0.440000 0.081922 0.300000
v 0.440000 0.081922 0.300000
v 0.480000 0.081922 0.300000
v 0.480000 0.081922 -0.300000
v 0.440000 0.081922 -0.300000
v 0.440000 -0.268078 -0.300000
v 0.480000 -0.268078 -0.300000
v 0.480000 -0.268078 0.300000
v 0.440000 -0.268078 0.300000
v 0.440000 0.081922 -0.300000
v 0.480000 0.081922 -0.300000
v 0.480000 -0.268078 -0.300000
v 0.440000 -0.268078 -0.300000
v 0.440000 -0.268078 0.300000
v 0.480000 -0.268078 0.300000
v 0.480000 0.081922 0.300000
v 0.440000 0.081922 0.300000
v 0.480000 0.081922 0.300000
v 1.040000 0.081922 0.300000
v 1.040000 0.081922 -0.300000
v 0.480000 0.081922 -0.300000
v 0.480000 -0.268078 -0.300000
v 1.040000 -0.268078 -0.300000
v 1.040000 -0.268078 0.300000
v 0.480000 -0.268078 0.300000
v 0.480000 0.081922 -0.300000
v 1.040000 0.081922 -0.300000
v 1.040000 -0.268078 -0.300000
v 0.480000 -0.268078 -0.300000
v 0.480000 -0.268078 0.300000
v 1.040000 -0.268078 0.300000
v 1.040000 0.081922 0.300000
v 0.480000 0.081922 0.300000
v 1.040000 0.081922 0.300000
v 1.080000 0.081922 0.300000
v 1.080000 0.081922 -0.300000
v 1.040000 0.081922 -0.300000
v 1.040000 -0.268078 -0.300000
v 1.080000 -0.268078 -0.300000
v 1.080000 -0.268078 0.300000
v 1.040000 -0.268078 0.300000
v 1.040000 0.081922 -0.300000
v 1.080000 0.081922 -0.300000
v 1.080000 -0.268078 -0.300000
v 1.040000 -0.268078 -0.300000
v 1.040000 -0.268078 0.300000
v 1.080000 -0.268078 0.300000
v 1.080000 0.081922 0.300000
v 1.040000 0.081922 0.300000
v 1.080000 0.081922 0.300000
v 1.510000 0.081922 0.300000
v 1.510000 0.081922 -0.300000
v 1.080000 0.081922 -0.300000
v 1.080000 -0.268078 -0.300000
v 1.510000 -0.268078 -0.300000
v 1.510000 -0.268078 0.300000
v 1.080000 -0.268078 0.300000
v 1.080000 0.081922 -0.300000
v 1.510000 0.081922 -0.300000
v 1.510000 -0.268078 -0.300000
v 1.080000 -0.268078 -0.300000
v 1.080000 -0.268078 0.300000
v 1.510000 -0.268078 0.300000
v 1.510000 0.081922 0.300000
v 1.080000 0.081922 0.300000
v 1.510000 0.081922 0.300000
v 1.550000 0.081922 0.300000
v 1.550000 0.081922 -0.300000
v 1.510000 0.081922 -0.300000
v 1.510000 -0.268078 -0.300000
v 1.550000 -0.268078 -0.300000
v 1.550000 -0.268078 0.300000
v 1.510000 -0.268078 0.300000
v 1.510000 0.081922 -0.300000
v 1.550000 0.081922 -0.300000
v 1.550000 -0.268078 -0.300000
v 1.510000 -0.268078 -0.300000
v 1.510000 -0.268078 0.300000
v 1.550000 -0.268078 0.300000
v 1.550000 0.081922 0.300000
v 1.510000 0.081922 0.300000
v -1.550000 -0.268078 0.300000
v -1.550000 0.081922 0.300000
v -1.550000 0.081922 -0.300000
v -1.550000 -0.268078 -0.300000
v 1.550000 -0.268078 -0.300000
v 1.550000 0.081922 -0.300000
v 1.550000 0.081922 0.300000
v 1.550000 -0.268078 0.300000
v -1.091500 0.081922 -0.107000
v -1.076500 0.097422 -0.107000
v -1.036500 0.127422 -0.107000
v -1.091500 0.081922 -0.107000
v -1.036500 0.127422 -0.107000
v -0.996500 0.127422 -0.107000
v -1.091500 0.081922 -0.107000
v -0.996500 0.127422 -0.107000
v -0.956500 0.085422 -0.107000
v -1.091500 0.081922 -0.107000
v -0.956500 0.085422 -0.107000
v -0.546500 0.085422 -0.107000
v -0.546500 0.085422 -0.107000
v -0.506500 0.127422 -0.107000
v -0.466500 0.127422 -0.107000
v -0.546500 0.085422 -0.107000
v -0.466500 0.127422 -0.107000
v -0.426500 0.097422 -0.107000
v -0.546500 0.085422 -0.107000
v -0.426500 0.097422 -0.107000
v -0.411500 0.081922 -0.107000
v -0.546500 0.085422 -0.107000
v -0.411500 0.081922 -0.107000
v -1.091500 0.081922 -0.107000
v -0.411500 0.081922 0.107000
v -0.426500 0.097422 0.107000
v -0.466500 0.127422 0.107000
v -0.411500 0.081922 0.107000
v -0.466500 0.127422 0.107000
v -0.506500 0.127422 0.107000
v -0.411500 0.081922 0.107000
v -0.506500 0.127422 0.107000
v -0.546500 0.085422 0.107000
v -1.091500 0.081922 0.107000
v -0.411500 0.081922 0.107000
v -0.546500 0.085422 0.107000
v -1.091500 0.081922 0.107000
v -0.546500 0.085422 0.107000
v -0.956500 0.085422 0.107000
v -1.076500 0.097422 0.107000
v -1.091500 0.081922 0.107000
v -0.956500 0.085422 0.107000
v -1.076500 0.097422 0.107000
v -0.956500 0.085422 0.107000
v -0.996500 0.127422 0.107000
v -0.996500 0.127422 0.107000
v -1.036500 0.127422 0.107000
v -1.076500 0.097422 0.107000
v -1.091500 0.081922 -0.107000
v -0.411500 0.081922 -0.107000
v -0.411500 0.081922 0.107000
v -1.091500 0.081922 0.107000
v -0.411500 0.081922 -0.107000
v -0.426500 0.097422 -0.107000
v -0.426500 0.097422 0.107000
v -0.411500 0.081922 0.107000
v -0.426500 0.097422 -0.107000
v -0.466500 0.127422 -0.107000
v -0.466500 0.127422 0.107000
v -0.426500 0.097422 0.107000
v -0.466500 0.127422 -0.107000
v -0.506500 0.127422 -0.107000
v -0.506500 0.127422 0.107000
v -0.466500 0.127422 0.107000
v -0.506500 0.127422 -0.107000
v -0.546500 0.085422 -0.107000
v -0.546500 0.085422 0.107000
v -0.506500 0.127422 0.107000
v -0.546500 0.085422 -0.107000
v -0.956500 0.085422 -0.107000
v -0.956500 0.085422 0.107000
v -0.546500 0.085422 0.107000
v -0.956500 0.085422 -0.107000
v -0.996500 0.127422 -0.107000
v -0.996500 0.127422 0.107000
v -0.956500 0.085422 0.107000
v -0.996500 0.127422 -0.107000
v -1.036500 0.127422 -0.107000
v -1.036500 0.127422 0.107000
v -0.996500 0.127422 0.107000
v -1.036500 0.127422 -0.107000
v -1.076500 0.097422 -0.107000
v -1.076500 0.097422 0.107000
v -1.036500 0.127422 0.107000
v -1.076500 0.097422 -0.107000
v -1.091500 0.081922 -0.107000
v -1.091500 0.081922 0.107000
v -1.076500 0.097422 0.107000
v 0.411500 0.081922 -0.107000
v 0.426500 0.097422 -0.107000
v 0.466500 0.127422 -0.107000
v 0.411500 0.081922 -0.107000
v 0.466500 0.127422 -0.107000
v 0.506500 0.127422 -0.107000
v 0.411500 0.081922 -0.107000
v 0.506500 0.127422 -0.107000
v 0.546500 0.085422 -0.107000
v 0.411500 0.081922 -0.107000
v 0.546500 0.085422 -0.107000
v 0.956500 0.085422 -0.107000
v 0.956500 0.085422 -0.107000
v 0.996500 0.127422 -0.107000
v 1.036500 0.127422 -0.107000
v 0.956500 0.085422 -0.107000
v 1.036500 0.127422 -0.107000
v 1.076500 0.097422 -0.107000
v 0.956500 0.085422 -0.107000
v 1.076500 0.097422 -0.107000
v 1.091500 0.081922 -0.107000
v 0.956500 0.085422 -0.107000
v 1.091500 0.081922 -0.107000
v 0.411500 0.081922 -0.107000
v 1.091500 0.081922 0.107000
v 1.076500 0.097422 0.107000
v 1.036500 0.127422 0.107000
v 1.091500 0.081922 0.107000
v 1.036500 0.127422 0.107000
v 0.996500 0.127422 0.107000
v 1.091500 0.081922 0.107000
v 0.996500 0.127422 0.107000
v 0.956500 0.085422 0.107000
v 0.411500 0.081922 0.107000
v 1.091500 0.081922 0.107000
v 0.956500 0.085422 0.107000
v 0.411500 0.081922 0.107000
v 0.956500 0.085422 0.107000
v 0.546500 0.085422 0.107000
v 0.426500 0.097422 0.107000
v 0.411500 0.081922 0.107000
v 0.546500 0.085422 0.107000
v 0.426500 0.097422 0.107000
v 0.546500 0.085422 0.107000
v 0.506500 0.127422 0.107000
v 0.506500 0.127422 0.107000
v 0.466500 0.127422 0.107000
v 0.426500 0.097422 0.107000
v 0.411500 0.081922 -0.107000
v 1.091500 0.081922 -0.107000
v 1.091500 0.081922 0.107000
v 0.411500 0.081922 0.107000
v 1.091500 0.081922 -0.107000
v 1.076500 0.097422 -0.107000
v 1.076500 0.097422 0.107000
v 1.091500 0.081922 0.107000
v 1.076500 0.097422 -0.107000
v 1.036500 0.127422 -0.107000
v 1.036500 0.127422 0.107000
v 1.076500 0.097422 0.107000
v 1.036500 0.127422 -0.107000
v 0.996500 0.127422 -0.107000
v 0.996500 0.127422 0.107000
v 1.036500 0.127422 0.107000
v 0.996500 0.127422 -0.107000
v 0.956500 0.085422 -0.107000
v 0.956500 0.085422 0.107000
v 0.996500 0.127422 0.107000
v 0.956500 0.085422 -0.107000
v 0.546500 0.085422 -0.107000
v 0.546500 0.085422 0.107000
v 0.956500 0.085422 0.107000
v 0.546500 0.085422 -0.107000
v 0.506500 0.127422 -0.107000
v 0.506500 0.127422 0.107000
v 0.546500 0.085422 0.107000
v 0.506500 0.127422 -0.107000
v 0.466500 0.127422 -0.107000
v 0.466500 0.127422 0.107000
v 0.506500 0.127422 0.107000
v 0.466500 0.127422 -0.107000
v 0.426500 0.097422 -0.107000
v 0.426500 0.097422 0.107000
v 0.466500 0.127422 0.107000
v 0.426500 0.097422 -0.107000
v 0.411500 0.081922 -0.107000
v 0.411500 0.081922 0.107000
v 0.426500 0.097422 0.107000
v -0.827500 0.085422 -0.101000
v -0.821500 0.085422 -0.107000
v -0.681500 0.085422 -0.107000
v -0.827500 0.085422 -0.101000
v -0.681500 0.085422 -0.107000
v -0.675500 0.085422 -0.101000
v -0.827500 0.085422 -0.101000
v -0.675500 0.085422 -0.101000
v -0.675500 0.085422 0.101000
v -0.827500 0.085422 -0.101000
v -0.675500 0.085422 0.101000
v -0.681500 0.085422 0.107000
v -0.827500 0.085422 -0.101000
v -0.681500 0.085422 0.107000
v -0.821500 0.085422 0.107000
v -0.821500 0.085422 0.107000
v -0.827500 0.085422 0.101000
v -0.827500 0.085422 -0.101000
v -0.821500 0.095422 -0.107000
v -0.827500 0.095422 -0.101000
v -0.827500 0.095422 0.101000
v -0.821500 0.095422 -0.107000
v -0.827500 0.095422 0.101000
v -0.821500 0.095422 0.107000
v -0.821500 0.095422 -0.107000
v -0.821500 0.095422 0.107000
v -0.681500 0.095422 0.107000
v -0.821500 0.095422 -0.107000
v -0.681500 0.095422 0.107000
v -0.675500 0.095422 0.101000
v -0.821500 0.095422 -0.107000
v -0.675500 0.095422 0.101000
v -0.675500 0.095422 -0.101000
v -0.675500 0.095422 -0.101000
v -0.681500 0.095422 -0.107000
v -0.821500 0.095422 -0.107000
v -0.821500 0.095422 -0.107000
v -0.681500 0.095422 -0.107000
v -0.681500 0.085422 -0.107000
v -0.821500 0.085422 -0.107000
v -0.681500 0.095422 -0.107000
v -0.675500 0.095422 -0.101000
v -0.675500 0.085422 -0.101000
v -0.681500 0.085422 -0.107000
v -0.675500 0.095422 -0.101000
v -0.675500 0.095422 0.101000
v -0.675500 0.085422 0.101000
v -0.675500 0.085422 -0.101000
v -0.675500 0.095422 0.101000
v -0.681500 0.095422 0.107000
v -0.681500 0.085422 0.107000
v -0.675500 0.085422 0.101000
v -0.681500 0.095422 0.107000
v -0.821500 0.095422 0.107000
v -0.821500 0.085422 0.107000
v -0.681500 0.085422 0.107000
v -0.821500 0.095422 0.107000
v -0.827500 0.095422 0.101000
v -0.827500 0.085422 0.101000
v -0.821500 0.085422 0.107000
v -0.827500 0.095422 0.101000
v -0.827500 0.095422 -0.101000
v -0.827500 0.085422 -0.101000
v -0.827500 0.085422 0.101000
v -0.827500 0.095422 -0.101000
v -0.821500 0.095422 -0.107000
v -0.821500 0.085422 -0.107000
v -0.827500 0.085422 -0.101000
v -0.826500 0.095422 -0.100000
v -0.820500 0.095422 -0.106000
v -0.682500 0.095422 -0.106000
v -0.826500 0.095422 -0.100000
v -0.682500 0.095422 -0.106000
v -0.676500 0.095422 -0.100000
v -0.826500 0.095422 -0.100000
v -0.676500 0.095422 -0.100000
v -0.676500 0.095422 0.100000
v -0.826500 0.095422 -0.100000
v -0.676500 0.095422 0.100000
v -0.682500 0.095422 0.106000
v -0.826500 0.095422 -0.100000
v -0.682500 0.095422 0.106000
v -0.820500 0.095422 0.106000
v -0.820500 0.095422 0.106000
v -0.826500 0.095422 0.100000
v -0.826500 0.095422 -0.100000
v -0.820500 0.099422 -0.106000
v -0.826500 0.099422 -0.100000
v -0.826500 0.099422 0.100000
v -0.820500 0.099422 -0.106000
v -0.826500 0.099422 0.100000
v -0.820500 0.099422 0.106000
v -0.820500 0.099422 -0.106000
v -0.820500 0.099422 0.106000
v -0.682500 0.099422 0.106000
v -0.820500 0.099422 -0.106000
v -0.682500 0.099422 0.106000
v -0.676500 0.099422 0.100000
v -0.820500 0.099422 -0.106000
v -0.676500 0.099422 0.100000
v -0.676500 0.099422 -0.100000
v -0.676500 0.099422 -0.100000
v -0.682500 0.099422 -0.106000
v -0.820500 0.099422 -0.106000
v -0.820500 0.099422 -0.106000
v -0.682500 0.099422 -0.106000
v -0.682500 0.095422 -0.106000
v -0.820500 0.095422 -0.106000
v -0.682500 0.099422 -0.106000
v -0.676500 0.099422 -0.100000
v -0.676500 0.095422 -0.100000
v -0.682500 0.095422 -0.106000
v -0.676500 0.099422 -0.100000
v -0.676500 0.099422 0.100000
v -0.676500 0.095422 0.100000
v -0.676500 0.095422 -0.100000
v -0.676500 0.099422 0.100000
v -0.682500 0.099422 0.106000
v -0.682500 0.095422 0.106000
v -0.676500 0.095422 0.100000
v -0.682500 0.099422 0.106000
v -0.820500 0.099422 0.106000
v -0.820500 0.095422 0.106000
v -0.682500 0.095422 0.106000
v -0.820500 0.099422 0.106000
v -0.826500 0.099422 0.100000
v -0.826500 0.095422 0.100000
v -0.820500 0.095422 0.106000
v -0.826500 0.099422 0.100000
v -0.826500 0.099422 -0.100000
v -0.826500 0.095422 -0.100000
v -0.826500 0.095422 0.100000
v -0.826500 0.099422 -0.100000
v -0.820500 0.099422 -0.106000
v -0.820500 0.095422 -0.106000
v -0.826500 0.095422 -0.100000
v -0.946500 0.085422 -0.100000
v -0.943500 0.085422 -0.103000
v -0.823500 0.085422 -0.103000
v -0.946500 0.085422 -0.100000
v -0.823500 0.085422 -0.103000
v -0.820500 0.085422 -0.100000
v -0.946500 0.085422 -0.100000
v -0.820500 0.085422 -0.100000
v -0.820500 0.085422 0.100000
v -0.946500 0.085422 -0.100000
v -0.820500 0.085422 0.100000
v -0.823500 0.085422 0.103000
v -0.946500 0.085422 -0.100000
v -0.823500 0.085422 0.103000
v -0.943500 0.085422 0.103000
v -0.943500 0.085422 0.103000
v -0.946500 0.085422 0.100000
v -0.946500 0.085422 -0.100000
v -0.943500 0.095422 -0.103000
v -0.946500 0.095422 -0.100000
v -0.946500 0.095422 0.100000
v -0.943500 0.095422 -0.103000
v -0.946500 0.095422 0.100000
v -0.943500 0.095422 0.103000
v -0.943500 0.095422 -0.103000
v -0.943500 0.095422 0.103000
v -0.823500 0.095422 0.103000
v -0.943500 0.095422 -0.103000
v -0.823500 0.095422 0.103000
v -0.820500 0.095422 0.100000
v -0.943500 0.095422 -0.103000
v -0.820500 0.095422 0.100000
v -0.820500 0.095422 -0.100000
v -0.820500 0.095422 -0.100000
v -0.823500 0.095422 -0.103000
v -0.943500 0.095422 -0.103000
v -0.943500 0.095422 -0.103000
v -0.823500 0.095422 -0.103000
v -0.823500 0.085422 -0.103000
v -0.943500 0.085422 -0.103000
v -0.823500 0.095422 -0.103000
v -0.820500 0.095422 -0.100000
v -0.820500 0.085422 -0.100000
v -0.823500 0.085422 -0.103000
v -0.820500 0.095422 -0.100000
v -0.820500 0.095422 0.100000
v -0.820500 0.085422 0.100000
v -0.820500 0.085422 -0.100000
v -0.820500 0.095422 0.100000
v -0.823500 0.095422 0.103000
v -0.823500 0.085422 0.103000
v -0.820500 0.085422 0.100000
v -0.823500 0.095422 0.103000
v -0.943500 0.095422 0.103000
v -0.943500 0.085422 0.103000
v -0.823500 0.085422 0.103000
v -0.943500 0.095422 0.103000
v -0.946500 0.095422 0.100000
v -0.946500 0.085422 0.100000
v -0.943500 0.085422 0.103000
v -0.946500 0.095422 0.100000
v -0.946500 0.095422 -0.100000
v -0.946500 0.085422 -0.100000
v -0.946500 0.085422 0.100000
v -0.946500 0.095422 -0.100000
v -0.943500 0.095422 -0.103000
v -0.943500 0.085422 -0.103000
v -0.946500 0.085422 -0.100000
v -0.950500 0.095422 -0.105000
v -0.948500 0.095422 -0.107000
v -0.936500 0.095422 -0.107000
v -0.950500 0.095422 -0.105000
v -0.936500 0.095422 -0.107000
v -0.934500 0.095422 -0.105000
v -0.950500 0.095422 -0.105000
v -0.934500 0.095422 -0.105000
v -0.934500 0.095422 0.105000
v -0.950500 0.095422 -0.105000
v -0.934500 0.095422 0.105000
v -0.936500 0.095422 0.107000
v -0.950500 0.095422 -0.105000
v -0.936500 0.095422 0.107000
v -0.948500 0.095422 0.107000
v -0.948500 0.095422 0.107000
v -0.950500 0.095422 0.105000
v -0.950500 0.095422 -0.105000
v -0.948500 0.126422 -0.107000
v -0.950500 0.126422 -0.105000
v -0.950500 0.126422 0.105000
v -0.948500 0.126422 -0.107000
v -0.950500 0.126422 0.105000
v -0.948500 0.126422 0.107000
v -0.948500 0.126422 -0.107000
v -0.948500 0.126422 0.107000
v -0.936500 0.126422 0.107000
v -0.948500 0.126422 -0.107000
v -0.936500 0.126422 0.107000
v -0.934500 0.126422 0.105000
v -0.948500 0.126422 -0.107000
v -0.934500 0.126422 0.105000
v -0.934500 0.126422 -0.105000
v -0.934500 0.126422 -0.105000
v -0.936500 0.126422 -0.107000
v -0.948500 0.126422 -0.107000
v -0.948500 0.126422 -0.107000
v -0.936500 0.126422 -0.107000
v -0.936500 0.095422 -0.107000
v -0.948500 0.095422 -0.107000
v -0.936500 0.126422 -0.107000
v -0.934500 0.126422 -0.105000
v -0.934500 0.095422 -0.105000
v -0.936500 0.095422 -0.107000
v -0.934500 0.126422 -0.105000
v -0.934500 0.126422 0.105000
v -0.934500 0.095422 0.105000
v -0.934500 0.095422 -0.105000
v -0.934500 0.126422 0.105000
v -0.936500 0.126422 0.107000
v -0.936500 0.095422 0.107000
v -0.934500 0.095422 0.105000
v -0.936500 0.126422 0.107000
v -0.948500 0.126422 0.107000
v -0.948500 0.095422 0.107000
v -0.936500 0.095422 0.107000
v -0.948500 0.126422 0.107000
v -0.950500 0.126422 0.105000
v -0.950500 0.095422 0.105000
v -0.948500 0.095422 0.107000
v -0.950500 0.126422 0.105000
v -0.950500 0.126422 -0.105000
v -0.950500 0.095422 -0.105000
v -0.950500 0.095422 0.105000
v -0.950500 0.126422 -0.105000
v -0.948500 0.126422 -0.107000
v -0.948500 0.095422 -0.107000
v -0.950500 0.095422 -0.105000
v -0.793500 0.119400 -0.105000
v -0.793500 0.129000 -0.105000
v -0.819500 0.123500 -0.105000
v -0.793500 0.119400 -0.105000
v -0.819500 0.123500 -0.105000
v -0.827500 0.123500 -0.105000
v -0.793500 0.119400 -0.105000
v -0.827500 0.123500 -0.105000
v -0.901500 0.109500 -0.105000
v -0.901500 0.109500 -0.105000
v -0.939500 0.109500 -0.105000
v -0.939500 0.095422 -0.105000
v -0.793500 0.119400 -0.105000
v -0.901500 0.109500 -0.105000
v -0.939500 0.095422 -0.105000
v -0.939500 0.095422 -0.105000
v -0.833500 0.095422 -0.105000
v -0.821500 0.108000 -0.105000
v -0.939500 0.095422 -0.105000
v -0.821500 0.108000 -0.105000
v -0.793500 0.119400 -0.105000
v -0.793500 0.129000 0.105000
v -0.793500 0.119400 0.105000
v -0.821500 0.108000 0.105000
v -0.821500 0.108000 0.105000
v -0.833500 0.095422 0.105000
v -0.939500 0.095422 0.105000
v -0.793500 0.129000 0.105000
v -0.821500 0.108000 0.105000
v -0.939500 0.095422 0.105000
v -0.939500 0.095422 0.105000
v -0.939500 0.109500 0.105000
v -0.901500 0.109500 0.105000
v -0.939500 0.095422 0.105000
v -0.901500 0.109500 0.105000
v -0.827500 0.123500 0.105000
v -0.939500 0.095422 0.105000
v -0.827500 0.123500 0.105000
v -0.819500 0.123500 0.105000
v -0.939500 0.095422 0.105000
v -0.819500 0.123500 0.105000
v -0.793500 0.129000 0.105000
v -0.793500 0.119400 0.105000
v -0.821500 0.108000 0.105000
v -0.821500 0.108000 -0.105000
v -0.793500 0.119400 -0.105000
v -0.821500 0.108000 0.105000
v -0.833500 0.095422 0.105000
v -0.833500 0.095422 -0.105000
v -0.821500 0.108000 -0.105000
v -0.833500 0.095422 0.105000
v -0.939500 0.095422 0.105000
v -0.939500 0.095422 -0.105000
v -0.833500 0.095422 -0.105000
v -0.939500 0.095422 0.105000
v -0.939500 0.109500 0.105000
v -0.939500 0.109500 -0.105000
v -0.939500 0.095422 -0.105000
v -0.939500 0.109500 0.105000
v -0.901500 0.109500 0.105000
v -0.901500 0.109500 -0.105000
v -0.939500 0.109500 -0.105000
v -0.901500 0.109500 0.105000
v -0.827500 0.123500 0.105000
v -0.827500 0.123500 -0.105000
v -0.901500 0.109500 -0.105000
v -0.827500 0.123500 0.105000
v -0.819500 0.123500 0.105000
v -0.819500 0.123500 -0.105000
v -0.827500 0.123500 -0.105000
v -0.819500 0.123500 0.105000
v -0.793500 0.129000 0.105000
v -0.793500 0.129000 -0.105000
v -0.819500 0.123500 -0.105000
v -0.793500 0.129000 0.105000
v -0.793500 0.119400 0.105000
v -0.793500 0.119400 -0.105000
v -0.793500 0.129000 -0.105000
v -0.682500 0.085422 -0.100000
v -0.679500 0.085422 -0.103000
v -0.559500 0.085422 -0.103000
v -0.682500 0.085422 -0.100000
v -0.559500 0.085422 -0.103000
v -0.556500 0.085422 -0.100000
v -0.682500 0.085422 -0.100000
v -0.556500 0.085422 -0.100000
v -0.556500 0.085422 0.100000
v -0.682500 0.085422 -0.100000
v -0.556500 0.085422 0.100000
v -0.559500 0.085422 0.103000
v -0.682500 0.085422 -0.100000
v -0.559500 0.085422 0.103000
v -0.679500 0.085422 0.103000
v -0.679500 0.085422 0.103000
v -0.682500 0.085422 0.100000
v -0.682500 0.085422 -0.100000
v -0.679500 0.095422 -0.103000
v -0.682500 0.095422 -0.100000
v -0.682500 0.095422 0.100000
v -0.679500 0.095422 -0.103000
v -0.682500 0.095422 0.100000
v -0.679500 0.095422 0.103000
v -0.679500 0.095422 -0.103000
v -0.679500 0.095422 0.103000
v -0.559500 0.095422 0.103000
v -0.679500 0.095422 -0.103000
v -0.559500 0.095422 0.103000
v -0.556500 0.095422 0.100000
v -0.679500 0.095422 -0.103000
v -0.556500 0.095422 0.100000
v -0.556500 0.095422 -0.100000
v -0.556500 0.095422 -0.100000
v -0.559500 0.095422 -0.103000
v -0.679500 0.095422 -0.103000
v -0.679500 0.095422 -0.103000
v -0.559500 0.095422 -0.103000
v -0.559500 0.085422 -0.103000
v -0.679500 0.085422 -0.103000
v -0.559500 0.095422 -0.103000
v -0.556500 0.095422 -0.100000
v -0.556500 0.085422 -0.100000
v -0.559500 0.085422 -0.103000
v -0.556500 0.095422 -0.100000
v -0.556500 0.095422 0.100000
v -0.556500 0.085422 0.100000
v -0.556500 0.085422 -0.100000
v -0.556500 0.095422 0.100000
v -0.559500 0.095422 0.103000
v -0.559500 0.085422 0.103000
v -0.556500 0.085422 0.100000
v -0.559500 0.095422 0.103000
v -0.679500 0.095422 0.103000
v -0.679500 0.085422 0.103000
v -0.559500 0.085422 0.103000
v -0.679500 0.095422 0.103000
v -0.682500 0.095422 0.100000
v -0.682500 0.085422 0.100000
v -0.679500 0.085422 0.103000
v -0.682500 0.095422 0.100000
v -0.682500 0.095422 -0.100000
v -0.682500 0.085422 -0.100000
v -0.682500 0.085422 0.100000
v -0.682500 0.095422 -0.100000
v -0.679500 0.095422 -0.103000
v -0.679500 0.085422 -0.103000
v -0.682500 0.085422 -0.100000
v -0.568500 0.095422 -0.105000
v -0.566500 0.095422 -0.107000
v -0.554500 0.095422 -0.107000
v -0.568500 0.095422 -0.105000
v -0.554500 0.095422 -0.107000
v -0.552500 0.095422 -0.105000
v -0.568500 0.095422 -0.105000
v -0.552500 0.095422 -0.105000
v -0.552500 0.095422 0.105000
v -0.568500 0.095422 -0.105000
v -0.552500 0.095422 0.105000
v -0.554500 0.095422 0.107000
v -0.568500 0.095422 -0.105000
v -0.554500 0.095422 0.107000
v -0.566500 0.095422 0.107000
v -0.566500 0.095422 0.107000
v -0.568500 0.095422 0.105000
v -0.568500 0.095422 -0.105000
v -0.566500 0.126422 -0.107000
v -0.568500 0.126422 -0.105000
v -0.568500 0.126422 0.105000
v -0.566500 0.126422 -0.107000
v -0.568500 0.126422 0.105000
v -0.566500 0.126422 0.107000
v -0.566500 0.126422 -0.107000
v -0.566500 0.126422 0.107000
v -0.554500 0.126422 0.107000
v -0.566500 0.126422 -0.107000
v -0.554500 0.126422 0.107000
v -0.552500 0.126422 0.105000
v -0.566500 0.126422 -0.107000
v -0.552500 0.126422 0.105000
v -0.552500 0.126422 -0.105000
v -0.552500 0.126422 -0.105000
v -0.554500 0.126422 -0.107000
v -0.566500 0.126422 -0.107000
v -0.566500 0.126422 -0.107000
v -0.554500 0.126422 -0.107000
v -0.554500 0.095422 -0.107000
v -0.566500 0.095422 -0.107000
v -0.554500 0.126422 -0.107000
v -0.552500 0.126422 -0.105000
v -0.552500 0.095422 -0.105000
v -0.554500 0.095422 -0.107000
v -0.552500 0.126422 -0.105000
v -0.552500 0.126422 0.105000
v -0.552500 0.095422 0.105000
v -0.552500 0.095422 -0.105000
v -0.552500 0.126422 0.105000
v -0.554500 0.126422 0.107000
v -0.554500 0.095422 0.107000
v -0.552500 0.095422 0.105000
v -0.554500 0.126422 0.107000
v -0.566500 0.126422 0.107000
v -0.566500 0.095422 0.107000
v -0.554500 0.095422 0.107000
v -0.566500 0.126422 0.107000
v -0.568500 0.126422 0.105000
v -0.568500 0.095422 0.105000
v -0.566500 0.095422 0.107000
v -0.568500 0.126422 0.105000
v -0.568500 0.126422 -0.105000
v -0.568500 0.095422 -0.105000
v -0.568500 0.095422 0.105000
v -0.568500 0.126422 -0.105000
v -0.566500 0.126422 -0.107000
v -0.566500 0.095422 -0.107000
v -0.568500 0.095422 -0.105000
v -0.709500 0.129000 -0.105000
v -0.709500 0.119400 -0.105000
v -0.681500 0.108000 -0.105000
v -0.681500 0.108000 -0.105000
v -0.669500 0.095422 -0.105000
v -0.563500 0.095422 -0.105000
v -0.709500 0.129000 -0.105000
v -0.681500 0.108000 -0.105000
v -0.563500 0.095422 -0.105000
v -0.563500 0.095422 -0.105000
v -0.563500 0.109500 -0.105000
v -0.601500 0.109500 -0.105000
v -0.563500 0.095422 -0.105000
v -0.601500 0.109500 -0.105000
v -0.675500 0.123500 -0.105000
v -0.563500 0.095422 -0.105000
v -0.675500 0.123500 -0.105000
v -0.683500 0.123500 -0.105000
v -0.563500 0.095422 -0.105000
v -0.683500 0.123500 -0.105000
v -0.709500 0.129000 -0.105000
v -0.709500 0.119400 0.105000
v -0.709500 0.129000 0.105000
v -0.683500 0.123500 0.105000
v -0.709500 0.119400 0.105000
v -0.683500 0.123500 0.105000
v -0.675500 0.123500 0.105000
v -0.709500 0.119400 0.105000
v -0.675500 0.123500 0.105000
v -0.601500 0.109500 0.105000
v -0.601500 0.109500 0.105000
v -0.563500 0.109500 0.105000
v -0.563500 0.095422 0.105000
v -0.709500 0.119400 0.105000
v -0.601500 0.109500 0.105000
v -0.563500 0.095422 0.105000
v -0.563500 0.095422 0.105000
v -0.669500 0.095422 0.105000
v -0.681500 0.108000 0.105000
v -0.563500 0.095422 0.105000
v -0.681500 0.108000 0.105000
v -0.709500 0.119400 0.105000
v -0.709500 0.119400 -0.105000
v -0.681500 0.108000 -0.105000
v -0.681500 0.108000 0.105000
v -0.709500 0.119400 0.105000
v -0.681500 0.108000 -0.105000
v -0.669500 0.095422 -0.105000
v -0.669500 0.095422 0.105000
v -0.681500 0.108000 0.105000
v -0.669500 0.095422 -0.105000
v -0.563500 0.095422 -0.105000
v -0.563500 0.095422 0.105000
v -0.669500 0.095422 0.105000
v -0.563500 0.095422 -0.105000
v -0.563500 0.109500 -0.105000
v -0.563500 0.109500 0.105000
v -0.563500 0.095422 0.105000
v -0.563500 0.109500 -0.105000
v -0.601500 0.109500 -0.105000
v -0.601500 0.109500 0.105000
v -0.563500 0.109500 0.105000
v -0.601500 0.109500 -0.105000
v -0.675500 0.123500 -0.105000
v -0.675500 0.123500 0.105000
v -0.601500 0.109500 0.105000
v -0.675500 0.123500 -0.105000
v -0.683500 0.123500 -0.105000
v -0.683500 0.123500 0.105000
v -0.675500 0.123500 0.105000
v -0.683500 0.123500 -0.105000
v -0.709500 0.129000 -0.105000
v -0.709500 0.129000 0.105000
v -0.683500 0.123500 0.105000
v -0.709500 0.129000 -0.105000
v -0.709500 0.119400 -0.105000
v -0.709500 0.119400 0.105000
v -0.709500 0.129000 0.105000
v -0.681500 0.099422 -0.300000
v -0.681500 0.108000 -0.300000
v -0.681500 0.108000 0.300000
v -0.681500 0.099422 0.300000
v -0.681500 0.108000 -0.300000
v -0.687500 0.113000 -0.300000
v -0.687500 0.113000 0.300000
v -0.681500 0.108000 0.300000
v -0.687500 0.113000 -0.300000
v -0.725500 0.124000 -0.300000
v -0.725500 0.124000 0.300000
v -0.687500 0.113000 0.300000
v -0.725500 0.124000 -0.300000
v -0.739500 0.134000 -0.300000
v -0.739500 0.134000 0.300000
v -0.725500 0.124000 0.300000
v -0.739500 0.134000 -0.300000
v -0.742500 0.145000 -0.300000
v -0.742500 0.145000 0.300000
v -0.739500 0.134000 0.300000
v -0.742500 0.145000 -0.300000
v -0.742500 0.207000 -0.300000
v -0.742500 0.207000 0.300000
v -0.742500 0.145000 0.300000
v -0.742500 0.207000 -0.300000
v -0.738500 0.219000 -0.300000
v -0.738500 0.219000 0.300000
v -0.742500 0.207000 0.300000
v -0.738500 0.219000 -0.300000
v -0.724500 0.225000 -0.300000
v -0.724500 0.225000 0.300000
v -0.738500 0.219000 0.300000
v -0.724500 0.225000 -0.300000
v -0.718500 0.231000 -0.300000
v -0.718500 0.231000 0.300000
v -0.724500 0.225000 0.300000
v -0.718500 0.231000 -0.300000
v -0.717500 0.239000 -0.300000
v -0.717500 0.239000 0.300000
v -0.718500 0.231000 0.300000
v -0.717500 0.239000 -0.300000
v -0.717500 0.254000 -0.300000
v -0.717500 0.254000 0.300000
v -0.717500 0.239000 0.300000
v -0.717500 0.254000 -0.300000
v -0.719500 0.260000 -0.300000
v -0.719500 0.260000 0.300000
v -0.717500 0.254000 0.300000
v -0.719500 0.260000 -0.300000
v -0.725500 0.264280 -0.300000
v -0.725500 0.264280 0.300000
v -0.719500 0.260000 0.300000
v -0.725500 0.264280 -0.300000
v -0.777500 0.264280 -0.300000
v -0.777500 0.264280 0.300000
v -0.725500 0.264280 0.300000
v -0.777500 0.264280 -0.300000
v -0.783500 0.260000 -0.300000
v -0.783500 0.260000 0.300000
v -0.777500 0.264280 0.300000
v -0.783500 0.260000 -0.300000
v -0.785500 0.254000 -0.300000
v -0.785500 0.254000 0.300000
v -0.783500 0.260000 0.300000
v -0.785500 0.254000 -0.300000
v -0.785500 0.239000 -0.300000
v -0.785500 0.239000 0.300000
v -0.785500 0.254000 0.300000
v -0.785500 0.239000 -0.300000
v -0.784500 0.231000 -0.300000
v -0.784500 0.231000 0.300000
v -0.785500 0.239000 0.300000
v -0.784500 0.231000 -0.300000
v -0.778500 0.225000 -0.300000
v -0.778500 0.225000 0.300000
v -0.784500 0.231000 0.300000
v -0.778500 0.225000 -0.300000
v -0.764500 0.219000 -0.300000
v -0.764500 0.219000 0.300000
v -0.778500 0.225000 0.300000
v -0.764500 0.219000 -0.300000
v -0.760500 0.207000 -0.300000
v -0.760500 0.207000 0.300000
v -0.764500 0.219000 0.300000
v -0.760500 0.207000 -0.300000
v -0.760500 0.145000 -0.300000
v -0.760500 0.145000 0.300000
v -0.760500 0.207000 0.300000
v -0.760500 0.145000 -0.300000
v -0.763500 0.134000 -0.300000
v -0.763500 0.134000 0.300000
v -0.760500 0.145000 0.300000
v -0.763500 0.134000 -0.300000
v -0.777500 0.124000 -0.300000
v -0.777500 0.124000 0.300000
v -0.763500 0.134000 0.300000
v -0.777500 0.124000 -0.300000
v -0.815500 0.113000 -0.300000
v -0.815500 0.113000 0.300000
v -0.777500 0.124000 0.300000
v -0.815500 0.113000 -0.300000
v -0.821500 0.108000 -0.300000
v -0.821500 0.108000 0.300000
v -0.815500 0.113000 0.300000
v -0.821500 0.108000 -0.300000
v -0.821500 0.099422 -0.300000
v -0.821500 0.099422 0.300000
v -0.821500 0.108000 0.300000
v -0.821500 0.099422 -0.300000
v -0.681500 0.099422 -0.300000
v -0.681500 0.099422 0.300000
v -0.821500 0.099422 0.300000
v -0.681500 0.099422 -0.300000
v -0.821500 0.099422 -0.300000
v -0.821500 0.108000 -0.300000
v -0.681500 0.099422 -0.300000
v -0.821500 0.108000 -0.300000
v -0.815500 0.113000 -0.300000
v -0.681500 0.099422 -0.300000
v -0.815500 0.113000 -0.300000
v -0.777500 0.124000 -0.300000
v -0.681500 0.099422 -0.300000
v -0.777500 0.124000 -0.300000
v -0.763500 0.134000 -0.300000
v -0.764500 0.219000 -0.300000
v -0.778500 0.225000 -0.300000
v -0.784500 0.231000 -0.300000
v -0.764500 0.219000 -0.300000
v -0.784500 0.231000 -0.300000
v -0.785500 0.239000 -0.300000
v -0.764500 0.219000 -0.300000
v -0.785500 0.239000 -0.300000
v -0.785500 0.254000 -0.300000
v -0.764500 0.219000 -0.300000
v -0.785500 0.254000 -0.300000
v -0.783500 0.260000 -0.300000
v -0.764500 0.219000 -0.300000
v -0.783500 0.260000 -0.300000
v -0.777500 0.264280 -0.300000
v -0.760500 0.207000 -0.300000
v -0.764500 0.219000 -0.300000
v -0.777500 0.264280 -0.300000
v -0.760500 0.207000 -0.300000
v -0.777500 0.264280 -0.300000
v -0.725500 0.264280 -0.300000
v -0.760500 0.207000 -0.300000
v -0.725500 0.264280 -0.300000
v -0.719500 0.260000 -0.300000
v -0.760500 0.207000 -0.300000
v -0.719500 0.260000 -0.300000
v -0.717500 0.254000 -0.300000
v -0.760500 0.207000 -0.300000
v -0.717500 0.254000 -0.300000
v -0.717500 0.239000 -0.300000
v -0.760500 0.207000 -0.300000
v -0.717500 0.239000 -0.300000
v -0.718500 0.231000 -0.300000
v -0.718500 0.231000 -0.300000
v -0.724500 0.225000 -0.300000
v -0.738500 0.219000 -0.300000
v -0.760500 0.207000 -0.300000
v -0.718500 0.231000 -0.300000
v -0.738500 0.219000 -0.300000
v -0.760500 0.207000 -0.300000
v -0.738500 0.219000 -0.300000
v -0.742500 0.207000 -0.300000
v -0.760500 0.145000 -0.300000
v -0.760500 0.207000 -0.300000
v -0.742500 0.207000 -0.300000
v -0.763500 0.134000 -0.300000
v -0.760500 0.145000 -0.300000
v -0.742500 0.207000 -0.300000
v -0.763500 0.134000 -0.300000
v -0.742500 0.207000 -0.300000
v -0.742500 0.145000 -0.300000
v -0.763500 0.134000 -0.300000
v -0.742500 0.145000 -0.300000
v -0.739500 0.134000 -0.300000
v -0.763500 0.134000 -0.300000
v -0.739500 0.134000 -0.300000
v -0.725500 0.124000 -0.300000
v -0.681500 0.099422 -0.300000
v -0.763500 0.134000 -0.300000
v -0.725500 0.124000 -0.300000
v -0.681500 0.099422 -0.300000
v -0.725500 0.124000 -0.300000
v -0.687500 0.113000 -0.300000
v -0.687500 0.113000 -0.300000
v -0.681500 0.108000 -0.300000
v -0.681500 0.099422 -0.300000
v -0.821500 0.099422 0.300000
v -0.681500 0.099422 0.300000
v -0.681500 0.108000 0.300000
v -0.821500 0.099422 0.300000
v -0.681500 0.108000 0.300000
v -0.687500 0.113000 0.300000
v -0.821500 0.099422 0.300000
v -0.687500 0.113000 0.300000
v -0.725500 0.124000 0.300000
v -0.821500 0.099422 0.300000
v -0.725500 0.124000 0.300000
v -0.739500 0.134000 0.300000
v -0.738500 0.219000 0.300000
v -0.724500 0.225000 0.300000
v -0.718500 0.231000 0.300000
v -0.738500 0.219000 0.300000
v -0.718500 0.231000 0.300000
v -0.717500 0.239000 0.300000
v -0.738500 0.219000 0.300000
v -0.717500 0.239000 0.300000
v -0.717500 0.254000 0.300000
v -0.738500 0.219000 0.300000
v -0.717500 0.254000 0.300000
v -0.719500 0.260000 0.300000
v -0.738500 0.219000 0.300000
v -0.719500 0.260000 0.300000
v -0.725500 0.264280 0.300000
v -0.742500 0.207000 0.300000
v -0.738500 0.219000 0.300000
v -0.725500 0.264280 0.300000
v -0.742500 0.207000 0.300000
v -0.725500 0.264280 0.300000
v -0.777500 0.264280 0.300000
v -0.742500 0.207000 0.300000
v -0.777500 0.264280 0.300000
v -0.783500 0.260000 0.300000
v -0.742500 0.207000 0.300000
v -0.783500 0.260000 0.300000
v -0.785500 0.254000 0.300000
v -0.742500 0.207000 0.300000
v -0.785500 0.254000 0.300000
v -0.785500 0.239000 0.300000
v -0.742500 0.207000 0.300000
v -0.785500 0.239000 0.300000
v -0.784500 0.231000 0.300000
v -0.784500 0.231000 0.300000
v -0.778500 0.225000 0.300000
v -0.764500 0.219000 0.300000
v -0.742500 0.207000 0.300000
v -0.784500 0.231000 0.300000
v -0.764500 0.219000 0.300000
v -0.742500 0.207000 0.300000
v -0.764500 0.219000 0.300000
v -0.760500 0.207000 0.300000
v -0.742500 0.145000 0.300000
v -0.742500 0.207000 0.300000
v -0.760500 0.207000 0.300000
v -0.739500 0.134000 0.300000
v -0.742500 0.145000 0.300000
v -0.760500 0.207000 0.300000
v -0.739500 0.134000 0.300000
v -0.760500 0.207000 0.300000
v -0.760500 0.145000 0.300000
v -0.739500 0.134000 0.300000
v -0.760500 0.145000 0.300000
v -0.763500 0.134000 0.300000
v -0.739500 0.134000 0.300000
v -0.763500 0.134000 0.300000
v -0.777500 0.124000 0.300000
v -0.821500 0.099422 0.300000
v -0.739500 0.134000 0.300000
v -0.777500 0.124000 0.300000
v -0.821500 0.099422 0.300000
v -0.777500 0.124000 0.300000
v -0.815500 0.113000 0.300000
v -0.815500 0.113000 0.300000
v -0.821500 0.108000 0.300000
v -0.821500 0.099422 0.300000
v 0.675500 0.085422 -0.101000
v 0.681500 0.085422 -0.107000
v 0.821500 0.085422 -0.107000
v 0.675500 0.085422 -0.101000
v 0.821500 0.085422 -0.107000
v 0.827500 0.085422 -0.101000
v 0.675500 0.085422 -0.101000
v 0.827500 0.085422 -0.101000
v 0.827500 0.085422 0.101000
v 0.675500 0.085422 -0.101000
v 0.827500 0.085422 0.101000
v 0.821500 0.085422 0.107000
v 0.675500 0.085422 -0.101000
v 0.821500 0.085422 0.107000
v 0.681500 0.085422 0.107000
v 0.681500 0.085422 0.107000
v 0.675500 0.085422 0.101000
v 0.675500 0.085422 -0.101000
v 0.681500 0.095422 -0.107000
v 0.675500 0.095422 -0.101000
v 0.675500 0.095422 0.101000
v 0.681500 0.095422 -0.107000
v 0.675500 0.095422 0.101000
v 0.681500 0.095422 0.107000
v 0.681500 0.095422 -0.107000
v 0.681500 0.095422 0.107000
v 0.821500 0.095422 0.107000
v 0.681500 0.095422 -0.107000
v 0.821500 0.095422 0.107000
v 0.827500 0.095422 0.101000
v 0.681500 0.095422 -0.107000
v 0.827500 0.095422 0.101000
v 0.827500 0.095422 -0.101000
v 0.827500 0.095422 -0.101000
v 0.821500 0.095422 -0.107000
v 0.681500 0.095422 -0.107000
v 0.681500 0.095422 -0.107000
v 0.821500 0.095422 -0.107000
v 0.821500 0.085422 -0.107000
v 0.681500 0.085422 -0.107000
v 0.821500 0.095422 -0.107000
v 0.827500 0.095422 -0.101000
v 0.827500 0.085422 -0.101000
v 0.821500 0.085422 -0.107000
v 0.827500 0.095422 -0.101000
v 0.827500 0.095422 0.101000
v 0.827500 0.085422 0.101000
v 0.827500 0.085422 -0.101000
v 0.827500 0.095422 0.101000
v 0.821500 0.095422 0.107000
v 0.821500 0.085422 0.107000
v 0.827500 0.085422 0.101000
v 0.821500 0.095422 0.107000
v 0.681500 0.095422 0.107000
v 0.681500 0.085422 0.107000
v 0.821500 0.085422 0.107000
v 0.681500 0.095422 0.107000
v 0.675500 0.095422 0.101000
v 0.675500 0.085422 0.101000
v 0.681500 0.085422 0.107000
v 0.675500 0.095422 0.101000
v 0.675500 0.095422 -0.101000
v 0.675500 0.085422 -0.101000
v 0.675500 0.085422 0.101000
v 0.675500 0.095422 -0.101000
v 0.681500 0.095422 -0.107000
v 0.681500 0.085422 -0.107000
v 0.675500 0.085422 -0.101000
v 0.676500 0.095422 -0.100000
v 0.682500 0.095422 -0.106000
v 0.820500 0.095422 -0.106000
v 0.676500 0.095422 -0.100000
v 0.820500 0.095422 -0.106000
v 0.826500 0.095422 -0.100000
v 0.676500 0.095422 -0.100000
v 0.826500 0.095422 -0.100000
v 0.826500 0.095422 0.100000
v 0.676500 0.095422 -0.100000
v 0.826500 0.095422 0.100000
v 0.820500 0.095422 0.106000
v 0.676500 0.095422 -0.100000
v 0.820500 0.095422 0.106000
v 0.682500 0.095422 0.106000
v 0.682500 0.095422 0.106000
v 0.676500 0.095422 0.100000
v 0.676500 0.095422 -0.100000
v 0.682500 0.099422 -0.106000
v 0.676500 0.099422 -0.100000
v 0.676500 0.099422 0.100000
v 0.682500 0.099422 -0.106000
v 0.676500 0.099422 0.100000
v 0.682500 0.099422 0.106000
v 0.682500 0.099422 -0.106000
v 0.682500 0.099422 0.106000
v 0.820500 0.099422 0.106000
v 0.682500 0.099422 -0.106000
v 0.820500 0.099422 0.106000
v 0.826500 0.099422 0.100000
v 0.682500 0.099422 -0.106000
v 0.826500 0.099422 0.100000
v 0.826500 0.099422 -0.100000
v 0.826500 0.099422 -0.100000
v 0.820500 0.099422 -0.106000
v 0.682500 0.099422 -0.106000
v 0.682500 0.099422 -0.106000
v 0.820500 0.099422 -0.106000
v 0.820500 0.095422 -0.106000
v 0.682500 0.095422 -0.106000
v 0.820500 0.099422 -0.106000
v 0.826500 0.099422 -0.100000
v 0.826500 0.095422 -0.100000
v 0.820500 0.095422 -0.106000
v 0.826500 0.099422 -0.100000
v 0.826500 0.099422 0.100000
v 0.826500 0.095422 0.100000
v 0.826500 0.095422 -0.100000
v 0.826500 0.099422 0.100000
v 0.820500 0.099422 0.106000
v 0.820500 0.095422 0.106000
v 0.826500 0.095422 0.100000
v 0.820500 0.099422 0.106000
v 0.682500 0.099422 0.106000
v 0.682500 0.095422 0.106000
v 0.820500 0.095422 0.106000
v 0.682500 0.099422 0.106000
v 0.676500 0.099422 0.100000
v 0.676500 0.095422 0.100000
v 0.682500 0.095422 0.106000
v 0.676500 0.099422 0.100000
v 0.676500 0.099422 -0.100000
v 0.676500 0.095422 -0.100000
v 0.676500 0.095422 0.100000
v 0.676500 0.099422 -0.100000
v 0.682500 0.099422 -0.106000
v 0.682500 0.095422 -0.106000
v 0.676500 0.095422 -0.100000
v 0.556500 0.085422 -0.100000
v 0.559500 0.085422 -0.103000
v 0.679500 0.085422 -0.103000
v 0.556500 0.085422 -0.100000
v 0.679500 0.085422 -0.103000
v 0.682500 0.085422 -0.100000
v 0.556500 0.085422 -0.100000
v 0.682500 0.085422 -0.100000
v 0.682500 0.085422 0.100000
v 0.556500 0.085422 -0.100000
v 0.682500 0.085422 0.100000
v 0.679500 0.085422 0.103000
v 0.556500 0.085422 -0.100000
v 0.679500 0.085422 0.103000
v 0.559500 0.085422 0.103000
v 0.559500 0.085422 0.103000
v 0.556500 0.085422 0.100000
v 0.556500 0.085422 -0.100000
v 0.559500 0.095422 -0.103000
v 0.556500 0.095422 -0.100000
v 0.556500 0.095422 0.100000
v 0.559500 0.095422 -0.103000
v 0.556500 0.095422 0.100000
v 0.559500 0.095422 0.103000
v 0.559500 0.095422 -0.103000
v 0.559500 0.095422 0.103000
v 0.679500 0.095422 0.103000
v 0.559500 0.095422 -0.103000
v 0.679500 0.095422 0.103000
v 0.682500 0.095422 0.100000
v 0.559500 0.095422 -0.103000
v 0.682500 0.095422 0.100000
v 0.682500 0.095422 -0.100000
v 0.682500 0.095422 -0.100000
v 0.679500 0.095422 -0.103000
v 0.559500 0.095422 -0.103000
v 0.559500 0.095422 -0.103000
v 0.679500 0.095422 -0.103000
v 0.679500 0.085422 -0.103000
v 0.559500 0.085422 -0.103000
v 0.679500 0.095422 -0.103000
v 0.682500 0.095422 -0.100000
v 0.682500 0.085422 -0.100000
v 0.679500 0.085422 -0.103000
v 0.682500 0.095422 -0.100000
v 0.682500 0.095422 0.100000
v 0.682500 0.085422 0.100000
v 0.682500 0.085422 -0.100000
v 0.682500 0.095422 0.100000
v 0.679500 0.095422 0.103000
v 0.679500 0.085422 0.103000
v 0.682500 0.085422 0.100000
v 0.679500 0.095422 0.103000
v 0.559500 0.095422 0.103000
v 0.559500 0.085422 0.103000
v 0.679500 0.085422 0.103000
v 0.559500 0.095422 0.103000
v 0.556500 0.095422 0.100000
v 0.556500 0.085422 0.100000
v 0.559500 0.085422 0.103000
v 0.556500 0.095422 0.100000
v 0.556500 0.095422 -0.100000
v 0.556500 0.085422 -0.100000
v 0.556500 0.085422 0.100000
v 0.556500 0.095422 -0.100000
v 0.559500 0.095422 -0.103000
v 0.559500 0.085422 -0.103000
v 0.556500 0.085422 -0.100000
v 0.552500 0.095422 -0.105000
v 0.554500 0.095422 -0.107000
v 0.566500 0.095422 -0.107000
v 0.552500 0.095422 -0.105000
v 0.566500 0.095422 -0.107000
v 0.568500 0.095422 -0.105000
v 0.552500 0.095422 -0.105000
v 0.568500 0.095422 -0.105000
v 0.568500 0.095422 0.105000
v 0.552500 0.095422 -0.105000
v 0.568500 0.095422 0.105000
v 0.566500 0.095422 0.107000
v 0.552500 0.095422 -0.105000
v 0.566500 0.095422 0.107000
v 0.554500 0.095422 0.107000
v 0.554500 0.095422 0.107000
v 0.552500 0.095422 0.105000
v 0.552500 0.095422 -0.105000
v 0.554500 0.126422 -0.107000
v 0.552500 0.126422 -0.105000
v 0.552500 0.126422 0.105000
v 0.554500 0.126422 -0.107000
v 0.552500 0.126422 0.105000
v 0.554500 0.126422 0.107000
v 0.554500 0.126422 -0.107000
v 0.554500 0.126422 0.107000
v 0.566500 0.126422 0.107000
v 0.554500 0.126422 -0.107000
v 0.566500 0.126422 0.107000
v 0.568500 0.126422 0.105000
v 0.554500 0.126422 -0.107000
v 0.568500 0.126422 0.105000
v 0.568500 0.126422 -0.105000
v 0.568500 0.126422 -0.105000
v 0.566500 0.126422 -0.107000
v 0.554500 0.126422 -0.107000
v 0.554500 0.126422 -0.107000
v 0.566500 0.126422 -0.107000
v 0.566500 0.095422 -0.107000
v 0.554500 0.095422 -0.107000
v 0.566500 0.126422 -0.107000
v 0.568500 0.126422 -0.105000
v 0.568500 0.095422 -0.105000
v 0.566500 0.095422 -0.107000
v 0.568500 0.126422 -0.105000
v 0.568500 0.126422 0.105000
v 0.568500 0.095422 0.105000
v 0.568500 0.095422 -0.105000
v 0.568500 0.126422 0.105000
v 0.566500 0.126422 0.107000
v 0.566500 0.095422 0.107000
v 0.568500 0.095422 0.105000
v 0.566500 0.126422 0.107000
v 0.554500 0.126422 0.107000
v 0.554500 0.095422 0.107000
v 0.566500 0.095422 0.107000
v 0.554500 0.126422 0.107000
v 0.552500 0.126422 0.105000
v 0.552500 0.095422 0.105000
v 0.554500 0.095422 0.107000
v 0.552500 0.126422 0.105000
v 0.552500 0.126422 -0.105000
v 0.552500 0.095422 -0.105000
v 0.552500 0.095422 0.105000
v 0.552500 0.126422 -0.105000
v 0.554500 0.126422 -0.107000
v 0.554500 0.095422 -0.107000
v 0.552500 0.095422 -0.105000
v 0.709500 0.119400 -0.105000
v 0.709500 0.129000 -0.105000
v 0.683500 0.123500 -0.105000
v 0.709500 0.119400 -0.105000
v 0.683500 0.123500 -0.105000
v 0.675500 0.123500 -0.105000
v 0.709500 0.119400 -0.105000
v 0.675500 0.123500 -0.105000
v 0.601500 0.109500 -0.105000
v 0.601500 0.109500 -0.105000
v 0.563500 0.109500 -0.105000
v 0.563500 0.095422 -0.105000
v 0.709500 0.119400 -0.105000
v 0.601500 0.109500 -0.105000
v 0.563500 0.095422 -0.105000
v 0.563500 0.095422 -0.105000
v 0.669500 0.095422 -0.105000
v 0.681500 0.108000 -0.105000
v 0.563500 0.095422 -0.105000
v 0.681500 0.108000 -0.105000
v 0.709500 0.119400 -0.105000
v 0.709500 0.129000 0.105000
v 0.709500 0.119400 0.105000
v 0.681500 0.108000 0.105000
v 0.681500 0.108000 0.105000
v 0.669500 0.095422 0.105000
v 0.563500 0.095422 0.105000
v 0.709500 0.129000 0.105000
v 0.681500 0.108000 0.105000
v 0.563500 0.095422 0.105000
v 0.563500 0.095422 0.105000
v 0.563500 0.109500 0.105000
v 0.601500 0.109500 0.105000
v 0.563500 0.095422 0.105000
v 0.601500 0.109500 0.105000
v 0.675500 0.123500 0.105000
v 0.563500 0.095422 0.105000
v 0.675500 0.123500 0.105000
v 0.683500 0.123500 0.105000
v 0.563500 0.095422 0.105000
v 0.683500 0.123500 0.105000
v 0.709500 0.129000 0.105000
v 0.709500 0.119400 0.105000
v 0.681500 0.108000 0.105000
v 0.681500 0.108000 -0.105000
v 0.709500 0.119400 -0.105000
v 0.681500 0.108000 0.105000
v 0.669500 0.095422 0.105000
v 0.669500 0.095422 -0.105000
v 0.681500 0.108000 -0.105000
v 0.669500 0.095422 0.105000
v 0.563500 0.095422 0.105000
v 0.563500 0.095422 -0.105000
v 0.669500 0.095422 -0.105000
v 0.563500 0.095422 0.105000
v 0.563500 0.109500 0.105000
v 0.563500 0.109500 -0.105000
v 0.563500 0.095422 -0.105000
v 0.563500 0.109500 0.105000
v 0.601500 0.109500 0.105000
v 0.601500 0.109500 -0.105000
v 0.563500 0.109500 -0.105000
v 0.601500 0.109500 0.105000
v 0.675500 0.123500 0.105000
v 0.675500 0.123500 -0.105000
v 0.601500 0.109500 -0.105000
v 0.675500 0.123500 0.105000
v 0.683500 0.123500 0.105000
v 0.683500 0.123500 -0.105000
v 0.675500 0.123500 -0.105000
v 0.683500 0.123500 0.105000
v 0.709500 0.129000 0.105000
v 0.709500 0.129000 -0.105000
v 0.683500 0.123500 -0.105000
v 0.709500 0.129000 0.105000
v 0.709500 0.119400 0.105000
v 0.709500 0.119400 -0.105000
v 0.709500 0.129000 -0.105000
v 0.820500 0.085422 -0.100000
v 0.823500 0.085422 -0.103000
v 0.943500 0.085422 -0.103000
v 0.820500 0.085422 -0.100000
v 0.943500 0.085422 -0.103000
v 0.946500 0.085422 -0.100000
v 0.820500 0.085422 -0.100000
v 0.946500 0.085422 -0.100000
v 0.946500 0.085422 0.100000
v 0.820500 0.085422 -0.100000
v 0.946500 0.085422 0.100000
v 0.943500 0.085422 0.103000
v 0.820500 0.085422 -0.100000
v 0.943500 0.085422 0.103000
v 0.823500 0.085422 0.103000
v 0.823500 0.085422 0.103000
v 0.820500 0.085422 0.100000
v 0.820500 0.085422 -0.100000
v 0.823500 0.095422 -0.103000
v 0.820500 0.095422 -0.100000
v 0.820500 0.095422 0.100000
v 0.823500 0.095422 -0.103000
v 0.820500 0.095422 0.100000
v 0.823500 0.095422 0.103000
v 0.823500 0.095422 -0.103000
v 0.823500 0.095422 0.103000
v 0.943500 0.095422 0.103000
v 0.823500 0.095422 -0.103000
v 0.943500 0.095422 0.103000
v 0.946500 0.095422 0.100000
v 0.823500 0.095422 -0.103000
v 0.946500 0.095422 0.100000
v 0.946500 0.095422 -0.100000
v 0.946500 0.095422 -0.100000
v 0.943500 0.095422 -0.103000
v 0.823500 0.095422 -0.103000
v 0.823500 0.095422 -0.103000
v 0.943500 0.095422 -0.103000
v 0.943500 0.085422 -0.103000
v 0.823500 0.085422 -0.103000
v 0.943500 0.095422 -0.103000
v 0.946500 0.095422 -0.100000
v 0.946500 0.085422 -0.100000
v 0.943500 0.085422 -0.103000
v 0.946500 0.095422 -0.100000
v 0.946500 0.095422 0.100000
v 0.946500 0.085422 0.100000
v 0.946500 0.085422 -0.100000
v 0.946500 0.095422 0.100000
v 0.943500 0.095422 0.103000
v 0.943500 0.085422 0.103000
v 0.946500 0.085422 0.100000
v 0.943500 0.095422 0.103000
v 0.823500 0.095422 0.103000
v 0.823500 0.085422 0.103000
v 0.943500 0.085422 0.103000
v 0.823500 0.095422 0.103000
v 0.820500 0.095422 0.100000
v 0.820500 0.085422 0.100000
v 0.823500 0.085422 0.103000
v 0.820500 0.095422 0.100000
v 0.820500 0.095422 -0.100000
v 0.820500 0.085422 -0.100000
v 0.820500 0.085422 0.100000
v 0.820500 0.095422 -0.100000
v 0.823500 0.095422 -0.103000
v 0.823500 0.085422 -0.103000
v 0.820500 0.085422 -0.100000
v 0.934500 0.095422 -0.105000
v 0.936500 0.095422 -0.107000
v 0.948500 0.095422 -0.107000
v 0.934500 0.095422 -0.105000
v 0.948500 0.095422 -0.107000
v 0.950500 0.095422 -0.105000
v 0.934500 0.095422 -0.105000
v 0.950500 0.095422 -0.105000
v 0.950500 0.095422 0.105000
v 0.934500 0.095422 -0.105000
v 0.950500 0.095422 0.105000
v 0.948500 0.095422 0.107000
v 0.934500 0.095422 -0.105000
v 0.948500 0.095422 0.107000
v 0.936500 0.095422 0.107000
v 0.936500 0.095422 0.107000
v 0.934500 0.095422 0.105000
v 0.934500 0.095422 -0.105000
v 0.936500 0.126422 -0.107000
v 0.934500 0.126422 -0.105000
v 0.934500 0.126422 0.105000
v 0.936500 0.126422 -0.107000
v 0.934500 0.126422 0.105000
v 0.936500 0.126422 0.107000
v 0.936500 0.126422 -0.107000
v 0.936500 0.126422 0.107000
v 0.948500 0.126422 0.107000
v 0.936500 0.126422 -0.107000
v 0.948500 0.126422 0.107000
v 0.950500 0.126422 0.105000
v 0.936500 0.126422 -0.107000
v 0.950500 0.126422 0.105000
v 0.950500 0.126422 -0.105000
v 0.950500 0.126422 -0.105000
v 0.948500 0.126422 -0.107000
v 0.936500 0.126422 -0.107000
v 0.936500 0.126422 -0.107000
v 0.948500 0.126422 -0.107000
v 0.948500 0.095422 -0.107000
v 0.936500 0.095422 -0.107000
v 0.948500 0.126422 -0.107000
v 0.950500 0.126422 -0.105000
v 0.950500 0.095422 -0.105000
v 0.948500 0.095422 -0.107000
v 0.950500 0.126422 -0.105000
v 0.950500 0.126422 0.105000
v 0.950500 0.095422 0.105000
v 0.950500 0.095422 -0.105000
v 0.950500 0.126422 0.105000
v 0.948500 0.126422 0.107000
v 0.948500 0.095422 0.107000
v 0.950500 0.095422 0.105000
v 0.948500 0.126422 0.107000
v 0.936500 0.126422 0.107000
v 0.936500 0.095422 0.107000
v 0.948500 0.095422 0.107000
v 0.936500 0.126422 0.107000
v 0.934500 0.126422 0.105000
v 0.934500 0.095422 0.105000
v 0.936500 0.095422 0.107000
v 0.934500 0.126422 0.105000
v 0.934500 0.126422 -0.105000
v 0.934500 0.095422 -0.105000
v 0.934500 0.095422 0.105000
v 0.934500 0.126422 -0.105000
v 0.936500 0.126422 -0.107000
v 0.936500 0.095422 -0.107000
v 0.934500 0.095422 -0.105000
v 0.793500 0.129000 -0.105000
v 0.793500 0.119400 -0.105000
v 0.821500 0.108000 -0.105000
v 0.821500 0.108000 -0.105000
v 0.833500 0.095422 -0.105000
v 0.939500 0.095422 -0.105000
v 0.793500 0.129000 -0.105000
v 0.821500 0.108000 -0.105000
v 0.939500 0.095422 -0.105000
v 0.939500 0.095422 -0.105000
v 0.939500 0.109500 -0.105000
v 0.901500 0.109500 -0.105000
v 0.939500 0.095422 -0.105000
v 0.901500 0.109500 -0.105000
v 0.827500 0.123500 -0.105000
v 0.939500 0.095422 -0.105000
v 0.827500 0.123500 -0.105000
v 0.819500 0.123500 -0.105000
v 0.939500 0.095422 -0.105000
v 0.819500 0.123500 -0.105000
v 0.793500 0.129000 -0.105000
v 0.793500 0.119400 0.105000
v 0.793500 0.129000 0.105000
v 0.819500 0.123500 0.105000
v 0.793500 0.119400 0.105000
v 0.819500 0.123500 0.105000
v 0.827500 0.123500 0.105000
v 0.793500 0.119400 0.105000
v 0.827500 0.123500 0.105000
v 0.901500 0.109500 0.105000
v 0.901500 0.109500 0.105000
v 0.939500 0.109500 0.105000
v 0.939500 0.095422 0.105000
v 0.793500 0.119400 0.105000
v 0.901500 0.109500 0.105000
v 0.939500 0.095422 0.105000
v 0.939500 0.095422 0.105000
v 0.833500 0.095422 0.105000
v 0.821500 0.108000 0.105000
v 0.939500 0.095422 0.105000
v 0.821500 0.108000 0.105000
v 0.793500 0.119400 0.105000
v 0.793500 0.119400 -0.105000
v 0.821500 0.108000 -0.105000
v 0.821500 0.108000 0.105000
v 0.793500 0.119400 0.105000
v 0.821500 0.108000 -0.105000
v 0.833500 0.095422 -0.105000
v 0.833500 0.095422 0.105000
v 0.821500 0.108000 0.105000
v 0.833500 0.095422 -0.105000
v 0.939500 0.095422 -0.105000
v 0.939500 0.095422 0.105000
v 0.833500 0.095422 0.105000
v 0.939500 0.095422 -0.105000
v 0.939500 0.109500 -0.105000
v 0.939500 0.109500 0.105000
v 0.939500 0.095422 0.105000
v 0.939500 0.109500 -0.105000
v 0.901500 0.109500 -0.105000
v 0.901500 0.109500 0.105000
v 0.939500 0.109500 0.105000
v 0.901500 0.109500 -0.105000
v 0.827500 0.123500 -0.105000
v 0.827500 0.123500 0.105000
v 0.901500 0.109500 0.105000
v 0.827500 0.123500 -0.105000
v 0.819500 0.123500 -0.105000
v 0.819500 0.123500 0.105000
v 0.827500 0.123500 0.105000
v 0.819500 0.123500 -0.105000
v 0.793500 0.129000 -0.105000
v 0.793500 0.129000 0.105000
v 0.819500 0.123500 0.105000
v 0.793500 0.129000 -0.105000
v 0.793500 0.119400 -0.105000
v 0.793500 0.119400 0.105000
v 0.793500 0.129000 0.105000
v 0.821500 0.099422 -0.300000
v 0.821500 0.108000 -0.300000
v 0.821500 0.108000 0.300000
v 0.821500 0.099422 0.300000
v 0.821500 0.108000 -0.300000
v 0.815500 0.113000 -0.300000
v 0.815500 0.113000 0.300000
v 0.821500 0.108000 0.300000
v 0.815500 0.113000 -0.300000
v 0.777500 0.124000 -0.300000
v 0.777500 0.124000 0.300000
v 0.815500 0.113000 0.300000
v 0.777500 0.124000 -0.300000
v 0.763500 0.134000 -0.300000
v 0.763500 0.134000 0.300000
v 0.777500 0.124000 0.300000
v 0.763500 0.134000 -0.300000
v 0.760500 0.145000 -0.300000
v 0.760500 0.145000 0.300000
v 0.763500 0.134000 0.300000
v 0.760500 0.145000 -0.300000
v 0.760500 0.207000 -0.300000
v 0.760500 0.207000 0.300000
v 0.760500 0.145000 0.300000
v 0.760500 0.207000 -0.300000
v 0.764500 0.219000 -0.300000
v 0.764500 0.219000 0.300000
v 0.760500 0.207000 0.300000
v 0.764500 0.219000 -0.300000
v 0.778500 0.225000 -0.300000
v 0.778500 0.225000 0.300000
v 0.764500 0.219000 0.300000
v 0.778500 0.225000 -0.300000
v 0.784500 0.231000 -0.300000
v 0.784500 0.231000 0.300000
v 0.778500 0.225000 0.300000
v 0.784500 0.231000 -0.300000
v 0.785500 0.239000 -0.300000
v 0.785500 0.239000 0.300000
v 0.784500 0.231000 0.300000
v 0.785500 0.239000 -0.300000
v 0.785500 0.254000 -0.300000
v 0.785500 0.254000 0.300000
v 0.785500 0.239000 0.300000
v 0.785500 0.254000 -0.300000
v 0.783500 0.260000 -0.300000
v 0.783500 0.260000 0.300000
v 0.785500 0.254000 0.300000
v 0.783500 0.260000 -0.300000
v 0.777500 0.264280 -0.300000
v 0.777500 0.264280 0.300000
v 0.783500 0.260000 0.300000
v 0.777500 0.264280 -0.300000
v 0.725500 0.264280 -0.300000
v 0.725500 0.264280 0.300000
v 0.777500 0.264280 0.300000
v 0.725500 0.264280 -0.300000
v 0.719500 0.260000 -0.300000
v 0.719500 0.260000 0.300000
v 0.725500 0.264280 0.300000
v 0.719500 0.260000 -0.300000
v 0.717500 0.254000 -0.300000
v 0.717500 0.254000 0.300000
v 0.719500 0.260000 0.300000
v 0.717500 0.254000 -0.300000
v 0.717500 0.239000 -0.300000
v 0.717500 0.239000 0.300000
v 0.717500 0.254000 0.300000
v 0.717500 0.239000 -0.300000
v 0.718500 0.231000 -0.300000
v 0.718500 0.231000 0.300000
v 0.717500 0.239000 0.300000
v 0.718500 0.231000 -0.300000
v 0.724500 0.225000 -0.300000
v 0.724500 0.225000 0.300000
v 0.718500 0.231000 0.300000
v 0.724500 0.225000 -0.300000
v 0.738500 0.219000 -0.300000
v 0.738500 0.219000 0.300000
v 0.724500 0.225000 0.300000
v 0.738500 0.219000 -0.300000
v 0.742500 0.207000 -0.300000
v 0.742500 0.207000 0.300000
v 0.738500 0.219000 0.300000
v 0.742500 0.207000 -0.300000
v 0.742500 0.145000 -0.300000
v 0.742500 0.145000 0.300000
v 0.742500 0.207000 0.300000
v 0.742500 0.145000 -0.300000
v 0.739500 0.134000 -0.300000
v 0.739500 0.134000 0.300000
v 0.742500 0.145000 0.300000
v 0.739500 0.134000 -0.300000
v 0.725500 0.124000 -0.300000
v 0.725500 0.124000 0.300000
v 0.739500 0.134000 0.300000
v 0.725500 0.124000 -0.300000
v 0.687500 0.113000 -0.300000
v 0.687500 0.113000 0.300000
v 0.725500 0.124000 0.300000
v 0.687500 0.113000 -0.300000
v 0.681500 0.108000 -0.300000
v 0.681500 0.108000 0.300000
v 0.687500 0.113000 0.300000
v 0.681500 0.108000 -0.300000
v 0.681500 0.099422 -0.300000
v 0.681500 0.099422 0.300000
v 0.681500 0.108000 0.300000
v 0.681500 0.099422 -0.300000
v 0.821500 0.099422 -0.300000
v 0.821500 0.099422 0.300000
v 0.681500 0.099422 0.300000
v 0.821500 0.099422 -0.300000
v 0.681500 0.099422 -0.300000
v 0.681500 0.108000 -0.300000
v 0.821500 0.099422 -0.300000
v 0.681500 0.108000 -0.300000
v 0.687500 0.113000 -0.300000
v 0.821500 0.099422 -0.300000
v 0.687500 0.113000 -0.300000
v 0.725500 0.124000 -0.300000
v 0.821500 0.099422 -0.300000
v 0.725500 0.124000 -0.300000
v 0.739500 0.134000 -0.300000
v 0.738500 0.219000 -0.300000
v 0.724500 0.225000 -0.300000
v 0.718500 0.231000 -0.300000
v 0.738500 0.219000 -0.300000
v 0.718500 0.231000 -0.300000
v 0.717500 0.239000 -0.300000
v 0.738500 0.219000 -0.300000
v 0.717500 0.239000 -0.300000
v 0.717500 0.254000 -0.300000
v 0.738500 0.219000 -0.300000
v 0.717500 0.254000 -0.300000
v 0.719500 0.260000 -0.300000
v 0.738500 0.219000 -0.300000
v 0.719500 0.260000 -0.300000
v 0.725500 0.264280 -0.300000
v 0.742500 0.207000 -0.300000
v 0.738500 0.219000 -0.300000
v 0.725500 0.264280 -0.300000
v 0.742500 0.207000 -0.300000
v 0.725500 0.264280 -0.300000
v 0.777500 0.264280 -0.300000
v 0.742500 0.207000 -0.300000
v 0.777500 0.264280 -0.300000
v 0.783500 0.260000 -0.300000
v 0.742500 0.207000 -0.300000
v 0.783500 0.260000 -0.300000
v 0.785500 0.254000 -0.300000
v 0.742500 0.207000 -0.300000
v 0.785500 0.254000 -0.300000
v 0.785500 0.239000 -0.300000
v 0.742500 0.207000 -0.300000
v 0.785500 0.239000 -0.300000
v 0.784500 0.231000 -0.300000
v 0.784500 0.231000 -0.300000
v 0.778500 0.225000 -0.300000
v 0.764500 0.219000 -0.300000
v 0.742500 0.207000 -0.300000
v 0.784500 0.231000 -0.300000
v 0.764500 0.219000 -0.300000
v 0.742500 0.207000 -0.300000
v 0.764500 0.219000 -0.300000
v 0.760500 0.207000 -0.300000
v 0.742500 0.145000 -0.300000
v 0.742500 0.207000 -0.300000
v 0.760500 0.207000 -0.300000
v 0.739500 0.134000 -0.300000
v 0.742500 0.145000 -0.300000
v 0.760500 0.207000 -0.300000
v 0.739500 0.134000 -0.300000
v 0.760500 0.207000 -0.300000
v 0.760500 0.145000 -0.300000
v 0.739500 0.134000 -0.300000
v 0.760500 0.145000 -0.300000
v 0.763500 0.134000 -0.300000
v 0.739500 0.134000 -0.300000
v 0.763500 0.134000 -0.300000
v 0.777500 0.124000 -0.300000
v 0.821500 0.099422 -0.300000
v 0.739500 0.134000 -0.300000
v 0.777500 0.124000 -0.300000
v 0.821500 0.099422 -0.300000
v 0.777500 0.124000 -0.300000
v 0.815500 0.113000 -0.300000
v 0.815500 0.113000 -0.300000
v 0.821500 0.108000 -0.300000
v 0.821500 0.099422 -0.300000
v 0.681500 0.099422 0.300000
v 0.821500 0.099422 0.300000
v 0.821500 0.108000 0.300000
v 0.681500 0.099422 0.300000
v 0.821500 0.108000 0.300000
v 0.815500 0.113000 0.300000
v 0.681500 0.099422 0.300000
v 0.815500 0.113000 0.300000
v 0.777500 0.124000 0.300000
v 0.681500 0.099422 0.300000
v 0.777500 0.124000 0.300000
v 0.763500 0.134000 0.300000
v 0.764500 0.219000 0.300000
v 0.778500 0.225000 0.300000
v 0.784500 0.231000 0.300000
v 0.764500 0.219000 0.300000
v 0.784500 0.231000 0.300000
v 0.785500 0.239000 0.300000
v 0.764500 0.219000 0.300000
v 0.785500 0.239000 0.300000
v 0.785500 0.254000 0.300000
v 0.764500 0.219000 0.300000
v 0.785500 0.254000 0.300000
v 0.783500 0.260000 0.300000
v 0.764500 0.219000 0.300000
v 0.783500 0.260000 0.300000
v 0.777500 0.264280 0.300000
v 0.760500 0.207000 0.300000
v 0.764500 0.219000 0.300000
v 0.777500 0.264280 0.300000
v 0.760500 0.207000 0.300000
v 0.777500 0.264280 0.300000
v 0.725500 0.264280 0.300000
v 0.760500 0.207000 0.300000
v 0.725500 0.264280 0.300000
v 0.719500 0.260000 0.300000
v 0.760500 0.207000 0.300000
v 0.719500 0.260000 0.300000
v 0.717500 0.254000 0.300000
v 0.760500 0.207000 0.300000
v 0.717500 0.254000 0.300000
v 0.717500 0.239000 0.300000
v 0.760500 0.207000 0.300000
v 0.717500 0.239000 0.300000
v 0.718500 0.231000 0.300000
v 0.718500 0.231000 0.300000
v 0.724500 0.225000 0.300000
v 0.738500 0.219000 0.300000
v 0.760500 0.207000 0.300000
v 0.718500 0.231000 0.300000
v 0.738500 0.219000 0.300000
v 0.760500 0.207000 0.300000
v 0.738500 0.219000 0.300000
v 0.742500 0.207000 0.300000
v 0.760500 0.145000 0.300000
v 0.760500 0.207000 0.300000
v 0.742500 0.207000 0.300000
v 0.763500 0.134000 0.300000
v 0.760500 0.145000 0.300000
v 0.742500 0.207000 0.300000
v 0.763500 0.134000 0.300000
v 0.742500 0.207000 0.300000
v 0.742500 0.145000 0.300000
v 0.763500 0.134000 0.300000
v 0.742500 0.145000 0.300000
v 0.739500 0.134000 0.300000
v 0.763500 0.134000 0.300000
v 0.739500 0.134000 0.300000
v 0.725500 0.124000 0.300000
v 0.681500 0.099422 0.300000
v 0.763500 0.134000 0.300000
v 0.725500 0.124000 0.300000
v 0.681500 0.099422 0.300000
v 0.725500 0.124000 0.300000
v 0.687500 0.113000 0.300000
v 0.687500 0.113000 0.300000
v 0.681500 0.108000 0.300000
v 0.681500 0.099422 0.300000
vt 0.01062500 0.49160448
vt 0.32937500 0.49160448
vt 0.32937500 0.01585821
vt 0.01062500 0.01585821
vt 0.01062500 0.01585821
vt 0.32937500 0.01585821
vt 0.32937500 0.49160448
vt 0.01062500 0.49160448
vt 0.01062500 0.49160448
vt 0.32937500 0.49160448
vt 0.32937500 0.01585821
vt 0.01062500 0.01585821
vt 0.01062500 0.01585821
vt 0.32937500 0.01585821
vt 0.32937500 0.49160448
vt 0.01062500 0.49160448
vt 0.01062500 0.49160448
vt 0.32937500 0.49160448
vt 0.32937500 0.01585821
vt 0.01062500 0.01585821
vt 0.01062500 0.01585821
vt 0.32937500 0.01585821
vt 0.32937500 0.49160448
vt 0.01062500 0.49160448
vt 0.01062500 0.49160448
vt 0.32937500 0.49160448
vt 0.32937500 0.01585821
vt 0.01062500 0.01585821
vt 0.01062500 0.01585821
vt 0.32937500 0.01585821
vt 0.32937500 0.49160448
vt 0.01062500 0.49160448
vt 0.01062500 0.49160448
vt 0.32937500 0.49160448
vt 0.32937500 0.01585821
vt 0.01062500 0.01585821
vt 0.01062500 0.01585821
vt 0.32937500 0.01585821
vt 0.32937500 0.49160448
vt 0.01062500 0.49160448
vt 0.01062500 0.49160448
vt 0.32937500 0.49160448
vt 0.32937500 0.01585821
vt 0.01062500 0.01585821
vt 0.01062500 0.01585821
vt 0.32937500 0.01585821
vt 0.32937500 0.49160448
vt 0.01062500 0.49160448
vt 0.01062500 0.49160448
vt 0.32937500 0.49160448
vt 0.32937500 0.01585821
vt 0.01062500 0.01585821
vt 0.01062500 0.01585821
vt 0.32937500 0.01585821
vt 0.32937500 0.49160448
vt 0.01062500 0.49160448
vt 0.01062500 0.49160448
vt 0.32937500 0.49160448
vt 0.32937500 0.01585821
vt 0.01062500 0.01585821
vt 0.01062500 0.01585821
vt 0.32937500 0.01585821
vt 0.32937500 0.49160448
vt 0.01062500 0.49160448
vt 0.01062500 0.49160448
vt 0.32937500 0.49160448
vt 0.32937500 0.01585821
vt 0.01062500 0.01585821
vt 0.01062500 0.01585821
vt 0.32937500 0.01585821
vt 0.32937500 0.49160448
vt 0.01062500 0.49160448
vt 0.01062500 0.49160448
vt 0.32937500 0.49160448
vt 0.32937500 0.01585821
vt 0.01062500 0.01585821
vt 0.01062500 0.01585821
vt 0.32937500 0.01585821
vt 0.32937500 0.49160448
vt 0.01062500 0.49160448
vt 0.01062500 0.49160448
vt 0.32937500 0.49160448
vt 0.32937500 0.01585821
vt 0.01062500 0.01585821
vt 0.01062500 0.01585821
vt 0.32937500 0.01585821
vt 0.32937500 0.49160448
vt 0.01062500 0.49160448
vt 0.01062500 0.49160448
vt 0.32937500 0.49160448
vt 0.32937500 0.01585821
vt 0.01062500 0.01585821
vt 0.01062500 0.01585821
vt 0.32937500 0.01585821
vt 0.32937500 0.49160448
vt 0.01062500 0.49160448
vt 0.01062500 0.49160448
vt 0.32937500 0.49160448
vt 0.32937500 0.01585821
vt 0.01062500 0.01585821
vt 0.01062500 0.01585821
vt 0.32937500 0.01585821
vt 0.32937500 0.49160448
vt 0.01062500 0.49160448
vt 0.01062500 0.49160448
vt 0.32937500 0.49160448
vt 0.32937500 0.01585821
vt 0.01062500 0.01585821
vt 0.01062500 0.01585821
vt 0.32937500 0.01585821
vt 0.32937500 0.49160448
vt 0.01062500 0.49160448
vt 0.01062500 0.49160448
vt 0.32937500 0.49160448
vt 0.32937500 0.01585821
vt 0.01062500 0.01585821
vt 0.01062500 0.01585821
vt 0.32937500 0.01585821
vt 0.32937500 0.49160448
vt 0.01062500 0.49160448
vt 0.01062500 0.49160448
vt 0.32937500 0.49160448
vt 0.32937500 0.01585821
vt 0.01062500 0.01585821
vt 0.01062500 0.01585821
vt 0.32937500 0.01585821
vt 0.32937500 0.49160448
vt 0.01062500 0.49160448
vt 0.01062500 0.49160448
vt 0.32937500 0.49160448
vt 0.32937500 0.01585821
vt 0.01062500 0.01585821
vt 0.01062500 0.01585821
vt 0.32937500 0.01585821
vt 0.32937500 0.49160448
vt 0.01062500 0.49160448
vt 0.01062500 0.49160448
vt 0.32937500 0.49160448
vt 0.32937500 0.01585821
vt 0.01062500 0.01585821
vt 0.01062500 0.01585821
vt 0.32937500 0.01585821
vt 0.32937500 0.49160448
vt 0.01062500 0.49160448
vt 0.01062500 0.49160448
vt 0.32937500 0.49160448
vt 0.32937500 0.01585821
vt 0.01062500 0.01585821
vt 0.01062500 0.01585821
vt 0.32937500 0.01585821
vt 0.32937500 0.49160448
vt 0.01062500 0.49160448
vt 0.01062500 0.49160448
vt 0.32937500 0.49160448
vt 0.32937500 0.01585821
vt 0.01062500 0.01585821
vt 0.01062500 0.01585821
vt 0.32937500 0.01585821
vt 0.32937500 0.49160448
vt 0.01062500 0.49160448
vt 0.01062500 0.49160448
vt 0.32937500 0.49160448
vt 0.32937500 0.01585821
vt 0.01062500 0.01585821
vt 0.01062500 0.01585821
vt 0.32937500 0.01585821
vt 0.32937500 0.49160448
vt 0.01062500 0.49160448
vt 0.01062500 0.49160448
vt 0.32937500 0.49160448
vt 0.32937500 0.01585821
vt 0.01062500 0.01585821
vt 0.01062500 0.01585821
vt 0.32937500 0.01585821
vt 0.32937500 0.49160448
vt 0.01062500 0.49160448
vt 0.01062500 0.49160448
vt 0.32937500 0.49160448
vt 0.32937500 0.01585821
vt 0.01062500 0.01585821
vt 0.01062500 0.01585821
vt 0.32937500 0.01585821
vt 0.32937500 0.49160448
vt 0.01062500 0.49160448
vt 0.01062500 0.01585821
vt 0.01765625 0.17792562
vt 0.03640625 0.49160448
vt 0.01062500 0.01585821
vt 0.03640625 0.49160448
vt 0.05515625 0.49160448
vt 0.01062500 0.01585821
vt 0.05515625 0.49160448
vt 0.07390625 0.05245408
vt 0.01062500 0.01585821
vt 0.07390625 0.05245408
vt 0.26609375 0.05245408
vt 0.26609375 0.05245408
vt 0.28484375 0.49160448
vt 0.30359375 0.49160448
vt 0.26609375 0.05245408
vt 0.30359375 0.49160448
vt 0.32234375 0.17792562
vt 0.26609375 0.05245408
vt 0.32234375 0.17792562
vt 0.32937500 0.01585821
vt 0.26609375 0.05245408
vt 0.32937500 0.01585821
vt 0.01062500 0.01585821
vt 0.32937500 0.01585821
vt 0.32234375 0.17792562
vt 0.30359375 0.49160448
vt 0.32937500 0.01585821
vt 0.30359375 0.49160448
vt 0.28484375 0.49160448
vt 0.32937500 0.01585821
vt 0.28484375 0.49160448
vt 0.26609375 0.05245408
vt 0.01062500 0.01585821
vt 0.32937500 0.01585821
vt 0.26609375 0.05245408
vt 0.01062500 0.01585821
vt 0.26609375 0.05245408
vt 0.07390625 0.05245408
vt 0.01765625 0.17792562
vt 0.01062500 0.01585821
vt 0.07390625 0.05245408
vt 0.01765625 0.17792562
vt 0.07390625 0.05245408
vt 0.05515625 0.49160448
vt 0.05515625 0.49160448
vt 0.03640625 0.49160448
vt 0.01765625 0.17792562
vt 0.01062500 0.01585821
vt 0.32937500 0.01585821
vt 0.32937500 0.49160448
vt 0.01062500 0.49160448
vt 0.01062500 0.01585821
vt 0.32937500 0.01585821
vt 0.32937500 0.49160448
vt 0.01062500 0.49160448
vt 0.01062500 0.01585821
vt 0.32937500 0.01585821
vt 0.32937500 0.49160448
vt 0.01062500 0.49160448
vt 0.01062500 0.01585821
vt 0.32937500 0.01585821
vt 0.32937500 0.49160448
vt 0.01062500 0.49160448
vt 0.01062500 0.01585821
vt 0.32937500 0.01585821
vt 0.32937500 0.49160448
vt 0.01062500 0.49160448
vt 0.01062500 0.01585821
vt 0.32937500 0.01585821
vt 0.32937500 0.49160448
vt 0.01062500 0.49160448
vt 0.01062500 0.01585821
vt 0.32937500 0.01585821
vt 0.32937500 0.49160448
vt 0.01062500 0.49160448
vt 0.01062500 0.01585821
vt 0.32937500 0.01585821
vt 0.32937500 0.49160448
vt 0.01062500 0.49160448
vt 0.01062500 0.01585821
vt 0.32937500 0.01585821
vt 0.32937500 0.49160448
vt 0.01062500 0.49160448
vt 0.01062500 0.01585821
vt 0.32937500 0.01585821
vt 0.32937500 0.49160448
vt 0.01062500 0.49160448
vt 0.01062500 0.01585821
vt 0.01765625 0.17792562
vt 0.03640625 0.49160448
vt 0.01062500 0.01585821
vt 0.03640625 0.49160448
vt 0.05515625 0.49160448
vt 0.01062500 0.01585821
vt 0.05515625 0.49160448
vt 0.07390625 0.05245408
vt 0.01062500 0.01585821
vt 0.07390625 0.05245408
vt 0.26609375 0.05245408
vt 0.26609375 0.05245408
vt 0.28484375 0.49160448
vt 0.30359375 0.49160448
vt 0.26609375 0.05245408
vt 0.30359375 0.49160448
vt 0.32234375 0.17792562
vt 0.26609375 0.05245408
vt 0.32234375 0.17792562
vt 0.32937500 0.01585821
vt 0.26609375 0.05245408
vt 0.32937500 0.01585821
vt 0.01062500 0.01585821
vt 0.32937500 0.01585821
vt 0.32234375 0.17792562
vt 0.30359375 0.49160448
vt 0.32937500 0.01585821
vt 0.30359375 0.49160448
vt 0.28484375 0.49160448
vt 0.32937500 0.01585821
vt 0.28484375 0.49160448
vt 0.26609375 0.05245408
vt 0.01062500 0.01585821
vt 0.32937500 0.01585821
vt 0.26609375 0.05245408
vt 0.01062500 0.01585821
vt 0.26609375 0.05245408
vt 0.07390625 0.05245408
vt 0.01765625 0.17792562
vt 0.01062500 0.01585821
vt 0.07390625 0.05245408
vt 0.01765625 0.17792562
vt 0.07390625 0.05245408
vt 0.05515625 0.49160448
vt 0.05515625 0.49160448
vt 0.03640625 0.49160448
vt 0.01765625 0.17792562
vt 0.01062500 0.01585821
vt 0.32937500 0.01585821
vt 0.32937500 0.49160448
vt 0.01062500 0.49160448
vt 0.01062500 0.01585821
vt 0.32937500 0.01585821
vt 0.32937500 0.49160448
vt 0.01062500 0.49160448
vt 0.01062500 0.01585821
vt 0.32937500 0.01585821
vt 0.32937500 0.49160448
vt 0.01062500 0.49160448
vt 0.01062500 0.01585821
vt 0.32937500 0.01585821
vt 0.32937500 0.49160448
vt 0.01062500 0.49160448
vt 0.01062500 0.01585821
vt 0.32937500 0.01585821
vt 0.32937500 0.49160448
vt 0.01062500 0.49160448
vt 0.01062500 0.01585821
vt 0.32937500 0.01585821
vt 0.32937500 0.49160448
vt 0.01062500 0.49160448
vt 0.01062500 0.01585821
vt 0.32937500 0.01585821
vt 0.32937500 0.49160448
vt 0.01062500 0.49160448
vt 0.01062500 0.01585821
vt 0.32937500 0.01585821
vt 0.32937500 0.49160448
vt 0.01062500 0.49160448
vt 0.01062500 0.01585821
vt 0.32937500 0.01585821
vt 0.32937500 0.49160448
vt 0.01062500 0.49160448
vt 0.01062500 0.01585821
vt 0.32937500 0.01585821
vt 0.32937500 0.49160448
vt 0.01062500 0.49160448
vt 0.60837500 0.03017506
vt 0.61013651 0.02537313
vt 0.65123849 0.02537313
vt 0.60837500 0.03017506
vt 0.65123849 0.02537313
vt 0.65300000 0.03017506
vt 0.60837500 0.03017506
vt 0.65300000 0.03017506
vt 0.65300000 0.19183987
vt 0.60837500 0.03017506
vt 0.65300000 0.19183987
vt 0.65123849 0.19664179
vt 0.60837500 0.03017506
vt 0.65123849 0.19664179
vt 0.61013651 0.19664179
vt 0.61013651 0.19664179
vt 0.60837500 0.19183987
vt 0.60837500 0.03017506
vt 0.61013651 0.02537313
vt 0.60837500 0.03017506
vt 0.60837500 0.19183987
vt 0.61013651 0.02537313
vt 0.60837500 0.19183987
vt 0.61013651 0.19664179
vt 0.61013651 0.02537313
vt 0.61013651 0.19664179
vt 0.65123849 0.19664179
vt 0.61013651 0.02537313
vt 0.65123849 0.19664179
vt 0.65300000 0.19183987
vt 0.61013651 0.02537313
vt 0.65300000 0.19183987
vt 0.65300000 0.03017506
vt 0.65300000 0.03017506
vt 0.65123849 0.02537313
vt 0.61013651 0.02537313
vt 0.60837500 0.19664179
vt 0.65300000 0.19664179
vt 0.65300000 0.02537313
vt 0.60837500 0.02537313
vt 0.60837500 0.19664179
vt 0.65300000 0.19664179
vt 0.65300000 0.02537313
vt 0.60837500 0.02537313
vt 0.60837500 0.19664179
vt 0.65300000 0.19664179
vt 0.65300000 0.02537313
vt 0.60837500 0.02537313
vt 0.60837500 0.19664179
vt 0.65300000 0.19664179
vt 0.65300000 0.02537313
vt 0.60837500 0.02537313
vt 0.60837500 0.19664179
vt 0.65300000 0.19664179
vt 0.65300000 0.02537313
vt 0.60837500 0.02537313
vt 0.60837500 0.19664179
vt 0.65300000 0.19664179
vt 0.65300000 0.02537313
vt 0.60837500 0.02537313
vt 0.60837500 0.19664179
vt 0.65300000 0.19664179
vt 0.65300000 0.02537313
vt 0.60837500 0.02537313
vt 0.60837500 0.19664179
vt 0.65300000 0.19664179
vt 0.65300000 0.02537313
vt 0.60837500 0.02537313
vt 0.60837500 0.31566812
vt 0.61016000 0.31082090
vt 0.65121500 0.31082090
vt 0.60837500 0.31566812
vt 0.65121500 0.31082090
vt 0.65300000 0.31566812
vt 0.60837500 0.31566812
vt 0.65300000 0.31566812
vt 0.65300000 0.47724233
vt 0.60837500 0.31566812
vt 0.65300000 0.47724233
vt 0.65121500 0.48208955
vt 0.60837500 0.31566812
vt 0.65121500 0.48208955
vt 0.61016000 0.48208955
vt 0.61016000 0.48208955
vt 0.60837500 0.47724233
vt 0.60837500 0.31566812
vt 0.61016000 0.31082090
vt 0.60837500 0.31566812
vt 0.60837500 0.47724233
vt 0.61016000 0.31082090
vt 0.60837500 0.47724233
vt 0.61016000 0.48208955
vt 0.61016000 0.31082090
vt 0.61016000 0.48208955
vt 0.65121500 0.48208955
vt 0.61016000 0.31082090
vt 0.65121500 0.48208955
vt 0.65300000 0.47724233
vt 0.61016000 0.31082090
vt 0.65300000 0.47724233
vt 0.65300000 0.31566812
vt 0.65300000 0.31566812
vt 0.65121500 0.31082090
vt 0.61016000 0.31082090
vt 0.60837500 0.48208955
vt 0.65300000 0.48208955
vt 0.65300000 0.31082090
vt 0.60837500 0.31082090
vt 0.60837500 0.48208955
vt 0.65300000 0.48208955
vt 0.65300000 0.31082090
vt 0.60837500 0.31082090
vt 0.60837500 0.48208955
vt 0.65300000 0.48208955
vt 0.65300000 0.31082090
vt 0.60837500 0.31082090
vt 0.60837500 0.48208955
vt 0.65300000 0.48208955
vt 0.65300000 0.31082090
vt 0.60837500 0.31082090
vt 0.60837500 0.48208955
vt 0.65300000 0.48208955
vt 0.65300000 0.31082090
vt 0.60837500 0.31082090
vt 0.60837500 0.48208955
vt 0.65300000 0.48208955
vt 0.65300000 0.31082090
vt 0.60837500 0.31082090
vt 0.60837500 0.48208955
vt 0.65300000 0.48208955
vt 0.65300000 0.31082090
vt 0.60837500 0.31082090
vt 0.60837500 0.48208955
vt 0.65300000 0.48208955
vt 0.65300000 0.31082090
vt 0.60837500 0.31082090
vt 0.34062500 0.02278655
vt 0.34631696 0.01585821
vt 0.57399554 0.01585821
vt 0.34062500 0.02278655
vt 0.57399554 0.01585821
vt 0.57968750 0.02278655
vt 0.34062500 0.02278655
vt 0.57968750 0.02278655
vt 0.57968750 0.48467613
vt 0.34062500 0.02278655
vt 0.57968750 0.48467613
vt 0.57399554 0.49160448
vt 0.34062500 0.02278655
vt 0.57399554 0.49160448
vt 0.34631696 0.49160448
vt 0.34631696 0.49160448
vt 0.34062500 0.48467613
vt 0.34062500 0.02278655
vt 0.34631696 0.01585821
vt 0.34062500 0.02278655
vt 0.34062500 0.48467613
vt 0.34631696 0.01585821
vt 0.34062500 0.48467613
vt 0.34631696 0.49160448
vt 0.34631696 0.01585821
vt 0.34631696 0.49160448
vt 0.57399554 0.49160448
vt 0.34631696 0.01585821
vt 0.57399554 0.49160448
vt 0.57968750 0.48467613
vt 0.34631696 0.01585821
vt 0.57968750 0.48467613
vt 0.57968750 0.02278655
vt 0.57968750 0.02278655
vt 0.57399554 0.01585821
vt 0.34631696 0.01585821
vt 0.34062500 0.49160448
vt 0.57968750 0.49160448
vt 0.57968750 0.01585821
vt 0.34062500 0.01585821
vt 0.34062500 0.49160448
vt 0.57968750 0.49160448
vt 0.57968750 0.01585821
vt 0.34062500 0.01585821
vt 0.34062500 0.49160448
vt 0.57968750 0.49160448
vt 0.57968750 0.01585821
vt 0.34062500 0.01585821
vt 0.34062500 0.49160448
vt 0.57968750 0.49160448
vt 0.57968750 0.01585821
vt 0.34062500 0.01585821
vt 0.34062500 0.49160448
vt 0.57968750 0.49160448
vt 0.57968750 0.01585821
vt 0.34062500 0.01585821
vt 0.34062500 0.49160448
vt 0.57968750 0.49160448
vt 0.57968750 0.01585821
vt 0.34062500 0.01585821
vt 0.34062500 0.49160448
vt 0.57968750 0.49160448
vt 0.57968750 0.01585821
vt 0.34062500 0.01585821
vt 0.34062500 0.49160448
vt 0.57968750 0.49160448
vt 0.57968750 0.01585821
vt 0.34062500 0.01585821
vt 0.60837500 0.02697378
vt 0.61395312 0.02537313
vt 0.64742188 0.02537313
vt 0.60837500 0.02697378
vt 0.64742188 0.02537313
vt 0.65300000 0.02697378
vt 0.60837500 0.02697378
vt 0.65300000 0.02697378
vt 0.65300000 0.19504115
vt 0.60837500 0.02697378
vt 0.65300000 0.19504115
vt 0.64742188 0.19664179
vt 0.60837500 0.02697378
vt 0.64742188 0.19664179
vt 0.61395312 0.19664179
vt 0.61395312 0.19664179
vt 0.60837500 0.19504115
vt 0.60837500 0.02697378
vt 0.61395312 0.02537313
vt 0.60837500 0.02697378
vt 0.60837500 0.19504115
vt 0.61395312 0.02537313
vt 0.60837500 0.19504115
vt 0.61395312 0.19664179
vt 0.61395312 0.02537313
vt 0.61395312 0.19664179
vt 0.64742188 0.19664179
vt 0.61395312 0.02537313
vt 0.64742188 0.19664179
vt 0.65300000 0.19504115
vt 0.61395312 0.02537313
vt 0.65300000 0.19504115
vt 0.65300000 0.02697378
vt 0.65300000 0.02697378
vt 0.64742188 0.02537313
vt 0.61395312 0.02537313
vt 0.60837500 0.19664179
vt 0.65300000 0.19664179
vt 0.65300000 0.02537313
vt 0.60837500 0.02537313
vt 0.60837500 0.19664179
vt 0.65300000 0.19664179
vt 0.65300000 0.02537313
vt 0.60837500 0.02537313
vt 0.60837500 0.19664179
vt 0.65300000 0.19664179
vt 0.65300000 0.02537313
vt 0.60837500 0.02537313
vt 0.60837500 0.19664179
vt 0.65300000 0.19664179
vt 0.65300000 0.02537313
vt 0.60837500 0.02537313
vt 0.60837500 0.19664179
vt 0.65300000 0.19664179
vt 0.65300000 0.02537313
vt 0.60837500 0.02537313
vt 0.60837500 0.19664179
vt 0.65300000 0.19664179
vt 0.65300000 0.02537313
vt 0.60837500 0.02537313
vt 0.60837500 0.19664179
vt 0.65300000 0.19664179
vt 0.65300000 0.02537313
vt 0.60837500 0.02537313
vt 0.60837500 0.19664179
vt 0.65300000 0.19664179
vt 0.65300000 0.02537313
vt 0.60837500 0.02537313
vt 0.34062500 0.35558791
vt 0.34062500 0.49160448
vt 0.38319777 0.41367832
vt 0.34062500 0.35558791
vt 0.38319777 0.41367832
vt 0.39629709 0.41367832
vt 0.34062500 0.35558791
vt 0.39629709 0.41367832
vt 0.51746575 0.21532083
vt 0.51746575 0.21532083
vt 0.57968750 0.21532083
vt 0.57968750 0.01585821
vt 0.34062500 0.35558791
vt 0.51746575 0.21532083
vt 0.57968750 0.01585821
vt 0.57968750 0.01585821
vt 0.40612158 0.01585821
vt 0.38647260 0.19406824
vt 0.57968750 0.01585821
vt 0.38647260 0.19406824
vt 0.34062500 0.35558791
vt 0.34062500 0.49160448
vt 0.34062500 0.35558791
vt 0.38647260 0.19406824
vt 0.38647260 0.19406824
vt 0.40612158 0.01585821
vt 0.57968750 0.01585821
vt 0.34062500 0.49160448
vt 0.38647260 0.19406824
vt 0.57968750 0.01585821
vt 0.57968750 0.01585821
vt 0.57968750 0.21532083
vt 0.51746575 0.21532083
vt 0.57968750 0.01585821
vt 0.51746575 0.21532083
vt 0.39629709 0.41367832
vt 0.57968750 0.01585821
vt 0.39629709 0.41367832
vt 0.38319777 0.41367832
vt 0.57968750 0.01585821
vt 0.38319777 0.41367832
vt 0.34062500 0.49160448
vt 0.34062500 0.49160448
vt 0.57968750 0.49160448
vt 0.57968750 0.01585821
vt 0.34062500 0.01585821
vt 0.34062500 0.49160448
vt 0.57968750 0.49160448
vt 0.57968750 0.01585821
vt 0.34062500 0.01585821
vt 0.34062500 0.49160448
vt 0.57968750 0.49160448
vt 0.57968750 0.01585821
vt 0.34062500 0.01585821
vt 0.34062500 0.49160448
vt 0.57968750 0.49160448
vt 0.57968750 0.01585821
vt 0.34062500 0.01585821
vt 0.34062500 0.49160448
vt 0.57968750 0.49160448
vt 0.57968750 0.01585821
vt 0.34062500 0.01585821
vt 0.34062500 0.49160448
vt 0.57968750 0.49160448
vt 0.57968750 0.01585821
vt 0.34062500 0.01585821
vt 0.34062500 0.49160448
vt 0.57968750 0.49160448
vt 0.57968750 0.01585821
vt 0.34062500 0.01585821
vt 0.34062500 0.49160448
vt 0.57968750 0.49160448
vt 0.57968750 0.01585821
vt 0.34062500 0.01585821
vt 0.34062500 0.49160448
vt 0.57968750 0.49160448
vt 0.57968750 0.01585821
vt 0.34062500 0.01585821
vt 0.34062500 0.02278655
vt 0.34631696 0.01585821
vt 0.57399554 0.01585821
vt 0.34062500 0.02278655
vt 0.57399554 0.01585821
vt 0.57968750 0.02278655
vt 0.34062500 0.02278655
vt 0.57968750 0.02278655
vt 0.57968750 0.48467613
vt 0.34062500 0.02278655
vt 0.57968750 0.48467613
vt 0.57399554 0.49160448
vt 0.34062500 0.02278655
vt 0.57399554 0.49160448
vt 0.34631696 0.49160448
vt 0.34631696 0.49160448
vt 0.34062500 0.48467613
vt 0.34062500 0.02278655
vt 0.34631696 0.01585821
vt 0.34062500 0.02278655
vt 0.34062500 0.48467613
vt 0.34631696 0.01585821
vt 0.34062500 0.48467613
vt 0.34631696 0.49160448
vt 0.34631696 0.01585821
vt 0.34631696 0.49160448
vt 0.57399554 0.49160448
vt 0.34631696 0.01585821
vt 0.57399554 0.49160448
vt 0.57968750 0.48467613
vt 0.34631696 0.01585821
vt 0.57968750 0.48467613
vt 0.57968750 0.02278655
vt 0.57968750 0.02278655
vt 0.57399554 0.01585821
vt 0.34631696 0.01585821
vt 0.34062500 0.49160448
vt 0.57968750 0.49160448
vt 0.57968750 0.01585821
vt 0.34062500 0.01585821
vt 0.34062500 0.49160448
vt 0.57968750 0.49160448
vt 0.57968750 0.01585821
vt 0.34062500 0.01585821
vt 0.34062500 0.49160448
vt 0.57968750 0.49160448
vt 0.57968750 0.01585821
vt 0.34062500 0.01585821
vt 0.34062500 0.49160448
vt 0.57968750 0.49160448
vt 0.57968750 0.01585821
vt 0.34062500 0.01585821
vt 0.34062500 0.49160448
vt 0.57968750 0.49160448
vt 0.57968750 0.01585821
vt 0.34062500 0.01585821
vt 0.34062500 0.49160448
vt 0.57968750 0.49160448
vt 0.57968750 0.01585821
vt 0.34062500 0.01585821
vt 0.34062500 0.49160448
vt 0.57968750 0.49160448
vt 0.57968750 0.01585821
vt 0.34062500 0.01585821
vt 0.34062500 0.49160448
vt 0.57968750 0.49160448
vt 0.57968750 0.01585821
vt 0.34062500 0.01585821
vt 0.60837500 0.02697378
vt 0.61395312 0.02537313
vt 0.64742188 0.02537313
vt 0.60837500 0.02697378
vt 0.64742188 0.02537313
vt 0.65300000 0.02697378
vt 0.60837500 0.02697378
vt 0.65300000 0.02697378
vt 0.65300000 0.19504115
vt 0.60837500 0.02697378
vt 0.65300000 0.19504115
vt 0.64742188 0.19664179
vt 0.60837500 0.02697378
vt 0.64742188 0.19664179
vt 0.61395312 0.19664179
vt 0.61395312 0.19664179
vt 0.60837500 0.19504115
vt 0.60837500 0.02697378
vt 0.61395312 0.02537313
vt 0.60837500 0.02697378
vt 0.60837500 0.19504115
vt 0.61395312 0.02537313
vt 0.60837500 0.19504115
vt 0.61395312 0.19664179
vt 0.61395312 0.02537313
vt 0.61395312 0.19664179
vt 0.64742188 0.19664179
vt 0.61395312 0.02537313
vt 0.64742188 0.19664179
vt 0.65300000 0.19504115
vt 0.61395312 0.02537313
vt 0.65300000 0.19504115
vt 0.65300000 0.02697378
vt 0.65300000 0.02697378
vt 0.64742188 0.02537313
vt 0.61395312 0.02537313
vt 0.60837500 0.19664179
vt 0.65300000 0.19664179
vt 0.65300000 0.02537313
vt 0.60837500 0.02537313
vt 0.60837500 0.19664179
vt 0.65300000 0.19664179
vt 0.65300000 0.02537313
vt 0.60837500 0.02537313
vt 0.60837500 0.19664179
vt 0.65300000 0.19664179
vt 0.65300000 0.02537313
vt 0.60837500 0.02537313
vt 0.60837500 0.19664179
vt 0.65300000 0.19664179
vt 0.65300000 0.02537313
vt 0.60837500 0.02537313
vt 0.60837500 0.19664179
vt 0.65300000 0.19664179
vt 0.65300000 0.02537313
vt 0.60837500 0.02537313
vt 0.60837500 0.19664179
vt 0.65300000 0.19664179
vt 0.65300000 0.02537313
vt 0.60837500 0.02537313
vt 0.60837500 0.19664179
vt 0.65300000 0.19664179
vt 0.65300000 0.02537313
vt 0.60837500 0.02537313
vt 0.60837500 0.19664179
vt 0.65300000 0.19664179
vt 0.65300000 0.02537313
vt 0.60837500 0.02537313
vt 0.34062500 0.49160448
vt 0.34062500 0.35558791
vt 0.38647260 0.19406824
vt 0.38647260 0.19406824
vt 0.40612158 0.01585821
vt 0.57968750 0.01585821
vt 0.34062500 0.49160448
vt 0.38647260 0.19406824
vt 0.57968750 0.01585821
vt 0.57968750 0.01585821
vt 0.57968750 0.21532083
vt 0.51746575 0.21532083
vt 0.57968750 0.01585821
vt 0.51746575 0.21532083
vt 0.39629709 0.41367832
vt 0.57968750 0.01585821
vt 0.39629709 0.41367832
vt 0.38319777 0.41367832
vt 0.57968750 0.01585821
vt 0.38319777 0.41367832
vt 0.34062500 0.49160448
vt 0.34062500 0.35558791
vt 0.34062500 0.49160448
vt 0.38319777 0.41367832
vt 0.34062500 0.35558791
vt 0.38319777 0.41367832
vt 0.39629709 0.41367832
vt 0.34062500 0.35558791
vt 0.39629709 0.41367832
vt 0.51746575 0.21532083
vt 0.51746575 0.21532083
vt 0.57968750 0.21532083
vt 0.57968750 0.01585821
vt 0.34062500 0.35558791
vt 0.51746575 0.21532083
vt 0.57968750 0.01585821
vt 0.57968750 0.01585821
vt 0.40612158 0.01585821
vt 0.38647260 0.19406824
vt 0.57968750 0.01585821
vt 0.38647260 0.19406824
vt 0.34062500 0.35558791
vt 0.34062500 0.01585821
vt 0.57968750 0.01585821
vt 0.57968750 0.49160448
vt 0.34062500 0.49160448
vt 0.34062500 0.01585821
vt 0.57968750 0.01585821
vt 0.57968750 0.49160448
vt 0.34062500 0.49160448
vt 0.34062500 0.01585821
vt 0.57968750 0.01585821
vt 0.57968750 0.49160448
vt 0.34062500 0.49160448
vt 0.34062500 0.01585821
vt 0.57968750 0.01585821
vt 0.57968750 0.49160448
vt 0.34062500 0.49160448
vt 0.34062500 0.01585821
vt 0.57968750 0.01585821
vt 0.57968750 0.49160448
vt 0.34062500 0.49160448
vt 0.34062500 0.01585821
vt 0.57968750 0.01585821
vt 0.57968750 0.49160448
vt 0.34062500 0.49160448
vt 0.34062500 0.01585821
vt 0.57968750 0.01585821
vt 0.57968750 0.49160448
vt 0.34062500 0.49160448
vt 0.34062500 0.01585821
vt 0.57968750 0.01585821
vt 0.57968750 0.49160448
vt 0.34062500 0.49160448
vt 0.34062500 0.01585821
vt 0.57968750 0.01585821
vt 0.57968750 0.49160448
vt 0.34062500 0.49160448
vt 0.01062500 0.50839552
vt 0.01062500 0.53314987
vt 0.32937500 0.53314987
vt 0.32937500 0.50839552
vt 0.01062500 0.53314987
vt 0.01062500 0.54757884
vt 0.32937500 0.54757884
vt 0.32937500 0.53314987
vt 0.01062500 0.54757884
vt 0.01062500 0.57932257
vt 0.32937500 0.57932257
vt 0.32937500 0.54757884
vt 0.01062500 0.57932257
vt 0.01062500 0.60818052
vt 0.32937500 0.60818052
vt 0.32937500 0.57932257
vt 0.01062500 0.60818052
vt 0.01062500 0.63992425
vt 0.32937500 0.63992425
vt 0.32937500 0.60818052
vt 0.01062500 0.63992425
vt 0.01062500 0.81884350
vt 0.32937500 0.81884350
vt 0.32937500 0.63992425
vt 0.01062500 0.81884350
vt 0.01062500 0.85347303
vt 0.32937500 0.85347303
vt 0.32937500 0.81884350
vt 0.01062500 0.85347303
vt 0.01062500 0.87078779
vt 0.32937500 0.87078779
vt 0.32937500 0.85347303
vt 0.01062500 0.87078779
vt 0.01062500 0.88810256
vt 0.32937500 0.88810256
vt 0.32937500 0.87078779
vt 0.01062500 0.88810256
vt 0.01062500 0.91118891
vt 0.32937500 0.91118891
vt 0.32937500 0.88810256
vt 0.01062500 0.91118891
vt 0.01062500 0.95447583
vt 0.32937500 0.95447583
vt 0.32937500 0.91118891
vt 0.01062500 0.95447583
vt 0.01062500 0.97179059
vt 0.32937500 0.97179059
vt 0.32937500 0.95447583
vt 0.34062500 0.97014925
vt 0.34062500 0.92817164
vt 0.65937500 0.92817164
vt 0.65937500 0.97014925
vt 0.34062500 0.92817164
vt 0.34062500 0.56436567
vt 0.65937500 0.56436567
vt 0.65937500 0.92817164
vt 0.34062500 0.56436567
vt 0.34062500 0.52238806
vt 0.65937500 0.52238806
vt 0.65937500 0.56436567
vt 0.01062500 0.97179059
vt 0.01062500 0.95447583
vt 0.32937500 0.95447583
vt 0.32937500 0.97179059
vt 0.01062500 0.95447583
vt 0.01062500 0.91118891
vt 0.32937500 0.91118891
vt 0.32937500 0.95447583
vt 0.01062500 0.91118891
vt 0.01062500 0.88810256
vt 0.32937500 0.88810256
vt 0.32937500 0.91118891
vt 0.01062500 0.88810256
vt 0.01062500 0.87078779
vt 0.32937500 0.87078779
vt 0.32937500 0.88810256
vt 0.01062500 0.87078779
vt 0.01062500 0.85347303
vt 0.32937500 0.85347303
vt 0.32937500 0.87078779
vt 0.01062500 0.85347303
vt 0.01062500 0.81884350
vt 0.32937500 0.81884350
vt 0.32937500 0.85347303
vt 0.01062500 0.81884350
vt 0.01062500 0.63992425
vt 0.32937500 0.63992425
vt 0.32937500 0.81884350
vt 0.01062500 0.63992425
vt 0.01062500 0.60818052
vt 0.32937500 0.60818052
vt 0.32937500 0.63992425
vt 0.01062500 0.60818052
vt 0.01062500 0.57932257
vt 0.32937500 0.57932257
vt 0.32937500 0.60818052
vt 0.01062500 0.57932257
vt 0.01062500 0.54757884
vt 0.32937500 0.54757884
vt 0.32937500 0.57932257
vt 0.01062500 0.54757884
vt 0.01062500 0.53314987
vt 0.32937500 0.53314987
vt 0.32937500 0.54757884
vt 0.01062500 0.53314987
vt 0.01062500 0.50839552
vt 0.32937500 0.50839552
vt 0.32937500 0.53314987
vt 0.01062500 0.50839552
vt 0.01062500 0.57500000
vt 0.32937500 0.57500000
vt 0.32937500 0.50839552
vt 0.98937500 0.50839552
vt 0.67062500 0.50839552
vt 0.67062500 0.53314987
vt 0.98937500 0.50839552
vt 0.67062500 0.53314987
vt 0.68428571 0.54757884
vt 0.98937500 0.50839552
vt 0.68428571 0.54757884
vt 0.77080357 0.57932257
vt 0.98937500 0.50839552
vt 0.77080357 0.57932257
vt 0.80267857 0.60818052
vt 0.80040179 0.85347303
vt 0.76852679 0.87078779
vt 0.75486607 0.88810256
vt 0.80040179 0.85347303
vt 0.75486607 0.88810256
vt 0.75258929 0.91118891
vt 0.80040179 0.85347303
vt 0.75258929 0.91118891
vt 0.75258929 0.95447583
vt 0.80040179 0.85347303
vt 0.75258929 0.95447583
vt 0.75714286 0.97179059
vt 0.80040179 0.85347303
vt 0.75714286 0.97179059
vt 0.77080357 0.98414179
vt 0.80950893 0.81884350
vt 0.80040179 0.85347303
vt 0.77080357 0.98414179
vt 0.80950893 0.81884350
vt 0.77080357 0.98414179
vt 0.88919643 0.98414179
vt 0.80950893 0.81884350
vt 0.88919643 0.98414179
vt 0.90285714 0.97179059
vt 0.80950893 0.81884350
vt 0.90285714 0.97179059
vt 0.90741071 0.95447583
vt 0.80950893 0.81884350
vt 0.90741071 0.95447583
vt 0.90741071 0.91118891
vt 0.80950893 0.81884350
vt 0.90741071 0.91118891
vt 0.90513393 0.88810256
vt 0.90513393 0.88810256
vt 0.89147321 0.87078779
vt 0.85959821 0.85347303
vt 0.80950893 0.81884350
vt 0.90513393 0.88810256
vt 0.85959821 0.85347303
vt 0.80950893 0.81884350
vt 0.85959821 0.85347303
vt 0.85049107 0.81884350
vt 0.80950893 0.63992425
vt 0.80950893 0.81884350
vt 0.85049107 0.81884350
vt 0.80267857 0.60818052
vt 0.80950893 0.63992425
vt 0.85049107 0.81884350
vt 0.80267857 0.60818052
vt 0.85049107 0.81884350
vt 0.85049107 0.63992425
vt 0.80267857 0.60818052
vt 0.85049107 0.63992425
vt 0.85732143 0.60818052
vt 0.80267857 0.60818052
vt 0.85732143 0.60818052
vt 0.88919643 0.57932257
vt 0.98937500 0.50839552
vt 0.80267857 0.60818052
vt 0.88919643 0.57932257
vt 0.98937500 0.50839552
vt 0.88919643 0.57932257
vt 0.97571429 0.54757884
vt 0.97571429 0.54757884
vt 0.98937500 0.53314987
vt 0.98937500 0.50839552
vt 0.67062500 0.50839552
vt 0.98937500 0.50839552
vt 0.98937500 0.53314987
vt 0.67062500 0.50839552
vt 0.98937500 0.53314987
vt 0.97571429 0.54757884
vt 0.67062500 0.50839552
vt 0.97571429 0.54757884
vt 0.88919643 0.57932257
vt 0.67062500 0.50839552
vt 0.88919643 0.57932257
vt 0.85732143 0.60818052
vt 0.85959821 0.85347303
vt 0.89147321 0.87078779
vt 0.90513393 0.88810256
vt 0.85959821 0.85347303
vt 0.90513393 0.88810256
vt 0.90741071 0.91118891
vt 0.85959821 0.85347303
vt 0.90741071 0.91118891
vt 0.90741071 0.95447583
vt 0.85959821 0.85347303
vt 0.90741071 0.95447583
vt 0.90285714 0.97179059
vt 0.85959821 0.85347303
vt 0.90285714 0.97179059
vt 0.88919643 0.98414179
vt 0.85049107 0.81884350
vt 0.85959821 0.85347303
vt 0.88919643 0.98414179
vt 0.85049107 0.81884350
vt 0.88919643 0.98414179
vt 0.77080357 0.98414179
vt 0.85049107 0.81884350
vt 0.77080357 0.98414179
vt 0.75714286 0.97179059
vt 0.85049107 0.81884350
vt 0.75714286 0.97179059
vt 0.75258929 0.95447583
vt 0.85049107 0.81884350
vt 0.75258929 0.95447583
vt 0.75258929 0.91118891
vt 0.85049107 0.81884350
vt 0.75258929 0.91118891
vt 0.75486607 0.88810256
vt 0.75486607 0.88810256
vt 0.76852679 0.87078779
vt 0.80040179 0.85347303
vt 0.85049107 0.81884350
vt 0.75486607 0.88810256
vt 0.80040179 0.85347303
vt 0.85049107 0.81884350
vt 0.80040179 0.85347303
vt 0.80950893 0.81884350
vt 0.85049107 0.63992425
vt 0.85049107 0.81884350
vt 0.80950893 0.81884350
vt 0.85732143 0.60818052
vt 0.85049107 0.63992425
vt 0.80950893 0.81884350
vt 0.85732143 0.60818052
vt 0.80950893 0.81884350
vt 0.80950893 0.63992425
vt 0.85732143 0.60818052
vt 0.80950893 0.63992425
vt 0.80267857 0.60818052
vt 0.85732143 0.60818052
vt 0.80267857 0.60818052
vt 0.77080357 0.57932257
vt 0.67062500 0.50839552
vt 0.85732143 0.60818052
vt 0.77080357 0.57932257
vt 0.67062500 0.50839552
vt 0.77080357 0.57932257
vt 0.68428571 0.54757884
vt 0.68428571 0.54757884
vt 0.67062500 0.53314987
vt 0.67062500 0.50839552
vt 0.60837500 0.03017506
vt 0.61013651 0.02537313
vt 0.65123849 0.02537313
vt 0.60837500 0.03017506
vt 0.65123849 0.02537313
vt 0.65300000 0.03017506
vt 0.60837500 0.03017506
vt 0.65300000 0.03017506
vt 0.65300000 0.19183987
vt 0.60837500 0.03017506
vt 0.65300000 0.19183987
vt 0.65123849 0.19664179
vt 0.60837500 0.03017506
vt 0.65123849 0.19664179
vt 0.61013651 0.19664179
vt 0.61013651 0.19664179
vt 0.60837500 0.19183987
vt 0.60837500 0.03017506
vt 0.61013651 0.02537313
vt 0.60837500 0.03017506
vt 0.60837500 0.19183987
vt 0.61013651 0.02537313
vt 0.60837500 0.19183987
vt 0.61013651 0.19664179
vt 0.61013651 0.02537313
vt 0.61013651 0.19664179
vt 0.65123849 0.19664179
vt 0.61013651 0.02537313
vt 0.65123849 0.19664179
vt 0.65300000 0.19183987
vt 0.61013651 0.02537313
vt 0.65300000 0.19183987
vt 0.65300000 0.03017506
vt 0.65300000 0.03017506
vt 0.65123849 0.02537313
vt 0.61013651 0.02537313
vt 0.60837500 0.19664179
vt 0.65300000 0.19664179
vt 0.65300000 0.02537313
vt 0.60837500 0.02537313
vt 0.60837500 0.19664179
vt 0.65300000 0.19664179
vt 0.65300000 0.02537313
vt 0.60837500 0.02537313
vt 0.60837500 0.19664179
vt 0.65300000 0.19664179
vt 0.65300000 0.02537313
vt 0.60837500 0.02537313
vt 0.60837500 0.19664179
vt 0.65300000 0.19664179
vt 0.65300000 0.02537313
vt 0.60837500 0.02537313
vt 0.60837500 0.19664179
vt 0.65300000 0.19664179
vt 0.65300000 0.02537313
vt 0.60837500 0.02537313
vt 0.60837500 0.19664179
vt 0.65300000 0.19664179
vt 0.65300000 0.02537313
vt 0.60837500 0.02537313
vt 0.60837500 0.19664179
vt 0.65300000 0.19664179
vt 0.65300000 0.02537313
vt 0.60837500 0.02537313
vt 0.60837500 0.19664179
vt 0.65300000 0.19664179
vt 0.65300000 0.02537313
vt 0.60837500 0.02537313
vt 0.60837500 0.31566812
vt 0.61016000 0.31082090
vt 0.65121500 0.31082090
vt 0.60837500 0.31566812
vt 0.65121500 0.31082090
vt 0.65300000 0.31566812
vt 0.60837500 0.31566812
vt 0.65300000 0.31566812
vt 0.65300000 0.47724233
vt 0.60837500 0.31566812
vt 0.65300000 0.47724233
vt 0.65121500 0.48208955
vt 0.60837500 0.31566812
vt 0.65121500 0.48208955
vt 0.61016000 0.48208955
vt 0.61016000 0.48208955
vt 0.60837500 0.47724233
vt 0.60837500 0.31566812
vt 0.61016000 0.31082090
vt 0.60837500 0.31566812
vt 0.60837500 0.47724233
vt 0.61016000 0.31082090
vt 0.60837500 0.47724233
vt 0.61016000 0.48208955
vt 0.61016000 0.31082090
vt 0.61016000 0.48208955
vt 0.65121500 0.48208955
vt 0.61016000 0.31082090
vt 0.65121500 0.48208955
vt 0.65300000 0.47724233
vt 0.61016000 0.31082090
vt 0.65300000 0.47724233
vt 0.65300000 0.31566812
vt 0.65300000 0.31566812
vt 0.65121500 0.31082090
vt 0.61016000 0.31082090
vt 0.60837500 0.48208955
vt 0.65300000 0.48208955
vt 0.65300000 0.31082090
vt 0.60837500 0.31082090
vt 0.60837500 0.48208955
vt 0.65300000 0.48208955
vt 0.65300000 0.31082090
vt 0.60837500 0.31082090
vt 0.60837500 0.48208955
vt 0.65300000 0.48208955
vt 0.65300000 0.31082090
vt 0.60837500 0.31082090
vt 0.60837500 0.48208955
vt 0.65300000 0.48208955
vt 0.65300000 0.31082090
vt 0.60837500 0.31082090
vt 0.60837500 0.48208955
vt 0.65300000 0.48208955
vt 0.65300000 0.31082090
vt 0.60837500 0.31082090
vt 0.60837500 0.48208955
vt 0.65300000 0.48208955
vt 0.65300000 0.31082090
vt 0.60837500 0.31082090
vt 0.60837500 0.48208955
vt 0.65300000 0.48208955
vt 0.65300000 0.31082090
vt 0.60837500 0.31082090
vt 0.60837500 0.48208955
vt 0.65300000 0.48208955
vt 0.65300000 0.31082090
vt 0.60837500 0.31082090
vt 0.34062500 0.02278655
vt 0.34631696 0.01585821
vt 0.57399554 0.01585821
vt 0.34062500 0.02278655
vt 0.57399554 0.01585821
vt 0.57968750 0.02278655
vt 0.34062500 0.02278655
vt 0.57968750 0.02278655
vt 0.57968750 0.48467613
vt 0.34062500 0.02278655
vt 0.57968750 0.48467613
vt 0.57399554 0.49160448
vt 0.34062500 0.02278655
vt 0.57399554 0.49160448
vt 0.34631696 0.49160448
vt 0.34631696 0.49160448
vt 0.34062500 0.48467613
vt 0.34062500 0.02278655
vt 0.34631696 0.01585821
vt 0.34062500 0.02278655
vt 0.34062500 0.48467613
vt 0.34631696 0.01585821
vt 0.34062500 0.48467613
vt 0.34631696 0.49160448
vt 0.34631696 0.01585821
vt 0.34631696 0.49160448
vt 0.57399554 0.49160448
vt 0.34631696 0.01585821
vt 0.57399554 0.49160448
vt 0.57968750 0.48467613
vt 0.34631696 0.01585821
vt 0.57968750 0.48467613
vt 0.57968750 0.02278655
vt 0.57968750 0.02278655
vt 0.57399554 0.01585821
vt 0.34631696 0.01585821
vt 0.34062500 0.49160448
vt 0.57968750 0.49160448
vt 0.57968750 0.01585821
vt 0.34062500 0.01585821
vt 0.34062500 0.49160448
vt 0.57968750 0.49160448
vt 0.57968750 0.01585821
vt 0.34062500 0.01585821
vt 0.34062500 0.49160448
vt 0.57968750 0.49160448
vt 0.57968750 0.01585821
vt 0.34062500 0.01585821
vt 0.34062500 0.49160448
vt 0.57968750 0.49160448
vt 0.57968750 0.01585821
vt 0.34062500 0.01585821
vt 0.34062500 0.49160448
vt 0.57968750 0.49160448
vt 0.57968750 0.01585821
vt 0.34062500 0.01585821
vt 0.34062500 0.49160448
vt 0.57968750 0.49160448
vt 0.57968750 0.01585821
vt 0.34062500 0.01585821
vt 0.34062500 0.49160448
vt 0.57968750 0.49160448
vt 0.57968750 0.01585821
vt 0.34062500 0.01585821
vt 0.34062500 0.49160448
vt 0.57968750 0.49160448
vt 0.57968750 0.01585821
vt 0.34062500 0.01585821
vt 0.60837500 0.02697378
vt 0.61395312 0.02537313
vt 0.64742188 0.02537313
vt 0.60837500 0.02697378
vt 0.64742188 0.02537313
vt 0.65300000 0.02697378
vt 0.60837500 0.02697378
vt 0.65300000 0.02697378
vt 0.65300000 0.19504115
vt 0.60837500 0.02697378
vt 0.65300000 0.19504115
vt 0.64742188 0.19664179
vt 0.60837500 0.02697378
vt 0.64742188 0.19664179
vt 0.61395312 0.19664179
vt 0.61395312 0.19664179
vt 0.60837500 0.19504115
vt 0.60837500 0.02697378
vt 0.61395312 0.02537313
vt 0.60837500 0.02697378
vt 0.60837500 0.19504115
vt 0.61395312 0.02537313
vt 0.60837500 0.19504115
vt 0.61395312 0.19664179
vt 0.61395312 0.02537313
vt 0.61395312 0.19664179
vt 0.64742188 0.19664179
vt 0.61395312 0.02537313
vt 0.64742188 0.19664179
vt 0.65300000 0.19504115
vt 0.61395312 0.02537313
vt 0.65300000 0.19504115
vt 0.65300000 0.02697378
vt 0.65300000 0.02697378
vt 0.64742188 0.02537313
vt 0.61395312 0.02537313
vt 0.60837500 0.19664179
vt 0.65300000 0.19664179
vt 0.65300000 0.02537313
vt 0.60837500 0.02537313
vt 0.60837500 0.19664179
vt 0.65300000 0.19664179
vt 0.65300000 0.02537313
vt 0.60837500 0.02537313
vt 0.60837500 0.19664179
vt 0.65300000 0.19664179
vt 0.65300000 0.02537313
vt 0.60837500 0.02537313
vt 0.60837500 0.19664179
vt 0.65300000 0.19664179
vt 0.65300000 0.02537313
vt 0.60837500 0.02537313
vt 0.60837500 0.19664179
vt 0.65300000 0.19664179
vt 0.65300000 0.02537313
vt 0.60837500 0.02537313
vt 0.60837500 0.19664179
vt 0.65300000 0.19664179
vt 0.65300000 0.02537313
vt 0.60837500 0.02537313
vt 0.60837500 0.19664179
vt 0.65300000 0.19664179
vt 0.65300000 0.02537313
vt 0.60837500 0.02537313
vt 0.60837500 0.19664179
vt 0.65300000 0.19664179
vt 0.65300000 0.02537313
vt 0.60837500 0.02537313
vt 0.34062500 0.35558791
vt 0.34062500 0.49160448
vt 0.38319777 0.41367832
vt 0.34062500 0.35558791
vt 0.38319777 0.41367832
vt 0.39629709 0.41367832
vt 0.34062500 0.35558791
vt 0.39629709 0.41367832
vt 0.51746575 0.21532083
vt 0.51746575 0.21532083
vt 0.57968750 0.21532083
vt 0.57968750 0.01585821
vt 0.34062500 0.35558791
vt 0.51746575 0.21532083
vt 0.57968750 0.01585821
vt 0.57968750 0.01585821
vt 0.40612158 0.01585821
vt 0.38647260 0.19406824
vt 0.57968750 0.01585821
vt 0.38647260 0.19406824
vt 0.34062500 0.35558791
vt 0.34062500 0.49160448
vt 0.34062500 0.35558791
vt 0.38647260 0.19406824
vt 0.38647260 0.19406824
vt 0.40612158 0.01585821
vt 0.57968750 0.01585821
vt 0.34062500 0.49160448
vt 0.38647260 0.19406824
vt 0.57968750 0.01585821
vt 0.57968750 0.01585821
vt 0.57968750 0.21532083
vt 0.51746575 0.21532083
vt 0.57968750 0.01585821
vt 0.51746575 0.21532083
vt 0.39629709 0.41367832
vt 0.57968750 0.01585821
vt 0.39629709 0.41367832
vt 0.38319777 0.41367832
vt 0.57968750 0.01585821
vt 0.38319777 0.41367832
vt 0.34062500 0.49160448
vt 0.34062500 0.49160448
vt 0.57968750 0.49160448
vt 0.57968750 0.01585821
vt 0.34062500 0.01585821
vt 0.34062500 0.49160448
vt 0.57968750 0.49160448
vt 0.57968750 0.01585821
vt 0.34062500 0.01585821
vt 0.34062500 0.49160448
vt 0.57968750 0.49160448
vt 0.57968750 0.01585821
vt 0.34062500 0.01585821
vt 0.34062500 0.49160448
vt 0.57968750 0.49160448
vt 0.57968750 0.01585821
vt 0.34062500 0.01585821
vt 0.34062500 0.49160448
vt 0.57968750 0.49160448
vt 0.57968750 0.01585821
vt 0.34062500 0.01585821
vt 0.34062500 0.49160448
vt 0.57968750 0.49160448
vt 0.57968750 0.01585821
vt 0.34062500 0.01585821
vt 0.34062500 0.49160448
vt 0.57968750 0.49160448
vt 0.57968750 0.01585821
vt 0.34062500 0.01585821
vt 0.34062500 0.49160448
vt 0.57968750 0.49160448
vt 0.57968750 0.01585821
vt 0.34062500 0.01585821
vt 0.34062500 0.49160448
vt 0.57968750 0.49160448
vt 0.57968750 0.01585821
vt 0.34062500 0.01585821
vt 0.34062500 0.02278655
vt 0.34631696 0.01585821
vt 0.57399554 0.01585821
vt 0.34062500 0.02278655
vt 0.57399554 0.01585821
vt 0.57968750 0.02278655
vt 0.34062500 0.02278655
vt 0.57968750 0.02278655
vt 0.57968750 0.48467613
vt 0.34062500 0.02278655
vt 0.57968750 0.48467613
vt 0.57399554 0.49160448
vt 0.34062500 0.02278655
vt 0.57399554 0.49160448
vt 0.34631696 0.49160448
vt 0.34631696 0.49160448
vt 0.34062500 0.48467613
vt 0.34062500 0.02278655
vt 0.34631696 0.01585821
vt 0.34062500 0.02278655
vt 0.34062500 0.48467613
vt 0.34631696 0.01585821
vt 0.34062500 0.48467613
vt 0.34631696 0.49160448
vt 0.34631696 0.01585821
vt 0.34631696 0.49160448
vt 0.57399554 0.49160448
vt 0.34631696 0.01585821
vt 0.57399554 0.49160448
vt 0.57968750 0.48467613
vt 0.34631696 0.01585821
vt 0.57968750 0.48467613
vt 0.57968750 0.02278655
vt 0.57968750 0.02278655
vt 0.57399554 0.01585821
vt 0.34631696 0.01585821
vt 0.34062500 0.49160448
vt 0.57968750 0.49160448
vt 0.57968750 0.01585821
vt 0.34062500 0.01585821
vt 0.34062500 0.49160448
vt 0.57968750 0.49160448
vt 0.57968750 0.01585821
vt 0.34062500 0.01585821
vt 0.34062500 0.49160448
vt 0.57968750 0.49160448
vt 0.57968750 0.01585821
vt 0.34062500 0.01585821
vt 0.34062500 0.49160448
vt 0.57968750 0.49160448
vt 0.57968750 0.01585821
vt 0.34062500 0.01585821
vt 0.34062500 0.49160448
vt 0.57968750 0.49160448
vt 0.57968750 0.01585821
vt 0.34062500 0.01585821
vt 0.34062500 0.49160448
vt 0.57968750 0.49160448
vt 0.57968750 0.01585821
vt 0.34062500 0.01585821
vt 0.34062500 0.49160448
vt 0.57968750 0.49160448
vt 0.57968750 0.01585821
vt 0.34062500 0.01585821
vt 0.34062500 0.49160448
vt 0.57968750 0.49160448
vt 0.57968750 0.01585821
vt 0.34062500 0.01585821
vt 0.60837500 0.02697378
vt 0.61395312 0.02537313
vt 0.64742188 0.02537313
vt 0.60837500 0.02697378
vt 0.64742188 0.02537313
vt 0.65300000 0.02697378
vt 0.60837500 0.02697378
vt 0.65300000 0.02697378
vt 0.65300000 0.19504115
vt 0.60837500 0.02697378
vt 0.65300000 0.19504115
vt 0.64742188 0.19664179
vt 0.60837500 0.02697378
vt 0.64742188 0.19664179
vt 0.61395312 0.19664179
vt 0.61395312 0.19664179
vt 0.60837500 0.19504115
vt 0.60837500 0.02697378
vt 0.61395312 0.02537313
vt 0.60837500 0.02697378
vt 0.60837500 0.19504115
vt 0.61395312 0.02537313
vt 0.60837500 0.19504115
vt 0.61395312 0.19664179
vt 0.61395312 0.02537313
vt 0.61395312 0.19664179
vt 0.64742188 0.19664179
vt 0.61395312 0.02537313
vt 0.64742188 0.19664179
vt 0.65300000 0.19504115
vt 0.61395312 0.02537313
vt 0.65300000 0.19504115
vt 0.65300000 0.02697378
vt 0.65300000 0.02697378
vt 0.64742188 0.02537313
vt 0.61395312 0.02537313
vt 0.60837500 0.19664179
vt 0.65300000 0.19664179
vt 0.65300000 0.02537313
vt 0.60837500 0.02537313
vt 0.60837500 0.19664179
vt 0.65300000 0.19664179
vt 0.65300000 0.02537313
vt 0.60837500 0.02537313
vt 0.60837500 0.19664179
vt 0.65300000 0.19664179
vt 0.65300000 0.02537313
vt 0.60837500 0.02537313
vt 0.60837500 0.19664179
vt 0.65300000 0.19664179
vt 0.65300000 0.02537313
vt 0.60837500 0.02537313
vt 0.60837500 0.19664179
vt 0.65300000 0.19664179
vt 0.65300000 0.02537313
vt 0.60837500 0.02537313
vt 0.60837500 0.19664179
vt 0.65300000 0.19664179
vt 0.65300000 0.02537313
vt 0.60837500 0.02537313
vt 0.60837500 0.19664179
vt 0.65300000 0.19664179
vt 0.65300000 0.02537313
vt 0.60837500 0.02537313
vt 0.60837500 0.19664179
vt 0.65300000 0.19664179
vt 0.65300000 0.02537313
vt 0.60837500 0.02537313
vt 0.34062500 0.49160448
vt 0.34062500 0.35558791
vt 0.38647260 0.19406824
vt 0.38647260 0.19406824
vt 0.40612158 0.01585821
vt 0.57968750 0.01585821
vt 0.34062500 0.49160448
vt 0.38647260 0.19406824
vt 0.57968750 0.01585821
vt 0.57968750 0.01585821
vt 0.57968750 0.21532083
vt 0.51746575 0.21532083
vt 0.57968750 0.01585821
vt 0.51746575 0.21532083
vt 0.39629709 0.41367832
vt 0.57968750 0.01585821
vt 0.39629709 0.41367832
vt 0.38319777 0.41367832
vt 0.57968750 0.01585821
vt 0.38319777 0.41367832
vt 0.34062500 0.49160448
vt 0.34062500 0.35558791
vt 0.34062500 0.49160448
vt 0.38319777 0.41367832
vt 0.34062500 0.35558791
vt 0.38319777 0.41367832
vt 0.39629709 0.41367832
vt 0.34062500 0.35558791
vt 0.39629709 0.41367832
vt 0.51746575 0.21532083
vt 0.51746575 0.21532083
vt 0.57968750 0.21532083
vt 0.57968750 0.01585821
vt 0.34062500 0.35558791
vt 0.51746575 0.21532083
vt 0.57968750 0.01585821
vt 0.57968750 0.01585821
vt 0.40612158 0.01585821
vt 0.38647260 0.19406824
vt 0.57968750 0.01585821
vt 0.38647260 0.19406824
vt 0.34062500 0.35558791
vt 0.34062500 0.01585821
vt 0.57968750 0.01585821
vt 0.57968750 0.49160448
vt 0.34062500 0.49160448
vt 0.34062500 0.01585821
vt 0.57968750 0.01585821
vt 0.57968750 0.49160448
vt 0.34062500 0.49160448
vt 0.34062500 0.01585821
vt 0.57968750 0.01585821
vt 0.57968750 0.49160448
vt 0.34062500 0.49160448
vt 0.34062500 0.01585821
vt 0.57968750 0.01585821
vt 0.57968750 0.49160448
vt 0.34062500 0.49160448
vt 0.34062500 0.01585821
vt 0.57968750 0.01585821
vt 0.57968750 0.49160448
vt 0.34062500 0.49160448
vt 0.34062500 0.01585821
vt 0.57968750 0.01585821
vt 0.57968750 0.49160448
vt 0.34062500 0.49160448
vt 0.34062500 0.01585821
vt 0.57968750 0.01585821
vt 0.57968750 0.49160448
vt 0.34062500 0.49160448
vt 0.34062500 0.01585821
vt 0.57968750 0.01585821
vt 0.57968750 0.49160448
vt 0.34062500 0.49160448
vt 0.34062500 0.01585821
vt 0.57968750 0.01585821
vt 0.57968750 0.49160448
vt 0.34062500 0.49160448
vt 0.01062500 0.50839552
vt 0.01062500 0.53314987
vt 0.32937500 0.53314987
vt 0.32937500 0.50839552
vt 0.01062500 0.53314987
vt 0.01062500 0.54757884
vt 0.32937500 0.54757884
vt 0.32937500 0.53314987
vt 0.01062500 0.54757884
vt 0.01062500 0.57932257
vt 0.32937500 0.57932257
vt 0.32937500 0.54757884
vt 0.01062500 0.57932257
vt 0.01062500 0.60818052
vt 0.32937500 0.60818052
vt 0.32937500 0.57932257
vt 0.01062500 0.60818052
vt 0.01062500 0.63992425
vt 0.32937500 0.63992425
vt 0.32937500 0.60818052
vt 0.01062500 0.63992425
vt 0.01062500 0.81884350
vt 0.32937500 0.81884350
vt 0.32937500 0.63992425
vt 0.01062500 0.81884350
vt 0.01062500 0.85347303
vt 0.32937500 0.85347303
vt 0.32937500 0.81884350
vt 0.01062500 0.85347303
vt 0.01062500 0.87078779
vt 0.32937500 0.87078779
vt 0.32937500 0.85347303
vt 0.01062500 0.87078779
vt 0.01062500 0.88810256
vt 0.32937500 0.88810256
vt 0.32937500 0.87078779
vt 0.01062500 0.88810256
vt 0.01062500 0.91118891
vt 0.32937500 0.91118891
vt 0.32937500 0.88810256
vt 0.01062500 0.91118891
vt 0.01062500 0.95447583
vt 0.32937500 0.95447583
vt 0.32937500 0.91118891
vt 0.01062500 0.95447583
vt 0.01062500 0.97179059
vt 0.32937500 0.97179059
vt 0.32937500 0.95447583
vt 0.34062500 0.97014925
vt 0.34062500 0.92817164
vt 0.65937500 0.92817164
vt 0.65937500 0.97014925
vt 0.34062500 0.92817164
vt 0.34062500 0.56436567
vt 0.65937500 0.56436567
vt 0.65937500 0.92817164
vt 0.34062500 0.56436567
vt 0.34062500 0.52238806
vt 0.65937500 0.52238806
vt 0.65937500 0.56436567
vt 0.01062500 0.97179059
vt 0.01062500 0.95447583
vt 0.32937500 0.95447583
vt 0.32937500 0.97179059
vt 0.01062500 0.95447583
vt 0.01062500 0.91118891
vt 0.32937500 0.91118891
vt 0.32937500 0.95447583
vt 0.01062500 0.91118891
vt 0.01062500 0.88810256
vt 0.32937500 0.88810256
vt 0.32937500 0.91118891
vt 0.01062500 0.88810256
vt 0.01062500 0.87078779
vt 0.32937500 0.87078779
vt 0.32937500 0.88810256
vt 0.01062500 0.87078779
vt 0.01062500 0.85347303
vt 0.32937500 0.85347303
vt 0.32937500 0.87078779
vt 0.01062500 0.85347303
vt 0.01062500 0.81884350
vt 0.32937500 0.81884350
vt 0.32937500 0.85347303
vt 0.01062500 0.81884350
vt 0.01062500 0.63992425
vt 0.32937500 0.63992425
vt 0.32937500 0.81884350
vt 0.01062500 0.63992425
vt 0.01062500 0.60818052
vt 0.32937500 0.60818052
vt 0.32937500 0.63992425
vt 0.01062500 0.60818052
vt 0.01062500 0.57932257
vt 0.32937500 0.57932257
vt 0.32937500 0.60818052
vt 0.01062500 0.57932257
vt 0.01062500 0.54757884
vt 0.32937500 0.54757884
vt 0.32937500 0.57932257
vt 0.01062500 0.54757884
vt 0.01062500 0.53314987
vt 0.32937500 0.53314987
vt 0.32937500 0.54757884
vt 0.01062500 0.53314987
vt 0.01062500 0.50839552
vt 0.32937500 0.50839552
vt 0.32937500 0.53314987
vt 0.01062500 0.50839552
vt 0.01062500 0.57500000
vt 0.32937500 0.57500000
vt 0.32937500 0.50839552
vt 0.98937500 0.50839552
vt 0.67062500 0.50839552
vt 0.67062500 0.53314987
vt 0.98937500 0.50839552
vt 0.67062500 0.53314987
vt 0.68428571 0.54757884
vt 0.98937500 0.50839552
vt 0.68428571 0.54757884
vt 0.77080357 0.57932257
vt 0.98937500 0.50839552
vt 0.77080357 0.57932257
vt 0.80267857 0.60818052
vt 0.80040179 0.85347303
vt 0.76852679 0.87078779
vt 0.75486607 0.88810256
vt 0.80040179 0.85347303
vt 0.75486607 0.88810256
vt 0.75258929 0.91118891
vt 0.80040179 0.85347303
vt 0.75258929 0.91118891
vt 0.75258929 0.95447583
vt 0.80040179 0.85347303
vt 0.75258929 0.95447583
vt 0.75714286 0.97179059
vt 0.80040179 0.85347303
vt 0.75714286 0.97179059
vt 0.77080357 0.98414179
vt 0.80950893 0.81884350
vt 0.80040179 0.85347303
vt 0.77080357 0.98414179
vt 0.80950893 0.81884350
vt 0.77080357 0.98414179
vt 0.88919643 0.98414179
vt 0.80950893 0.81884350
vt 0.88919643 0.98414179
vt 0.90285714 0.97179059
vt 0.80950893 0.81884350
vt 0.90285714 0.97179059
vt 0.90741071 0.95447583
vt 0.80950893 0.81884350
vt 0.90741071 0.95447583
vt 0.90741071 0.91118891
vt 0.80950893 0.81884350
vt 0.90741071 0.91118891
vt 0.90513393 0.88810256
vt 0.90513393 0.88810256
vt 0.89147321 0.87078779
vt 0.85959821 0.85347303
vt 0.80950893 0.81884350
vt 0.90513393 0.88810256
vt 0.85959821 0.85347303
vt 0.80950893 0.81884350
vt 0.85959821 0.85347303
vt 0.85049107 0.81884350
vt 0.80950893 0.63992425
vt 0.80950893 0.81884350
vt 0.85049107 0.81884350
vt 0.80267857 0.60818052
vt 0.80950893 0.63992425
vt 0.85049107 0.81884350
vt 0.80267857 0.60818052
vt 0.85049107 0.81884350
vt 0.85049107 0.63992425
vt 0.80267857 0.60818052
vt 0.85049107 0.63992425
vt 0.85732143 0.60818052
vt 0.80267857 0.60818052
vt 0.85732143 0.60818052
vt 0.88919643 0.57932257
vt 0.98937500 0.50839552
vt 0.80267857 0.60818052
vt 0.88919643 0.57932257
vt 0.98937500 0.50839552
vt 0.88919643 0.57932257
vt 0.97571429 0.54757884
vt 0.97571429 0.54757884
vt 0.98937500 0.53314987
vt 0.98937500 0.50839552
vt 0.67062500 0.50839552
vt 0.98937500 0.50839552
vt 0.98937500 0.53314987
vt 0.67062500 0.50839552
vt 0.98937500 0.53314987
vt 0.97571429 0.54757884
vt 0.67062500 0.50839552
vt 0.97571429 0.54757884
vt 0.88919643 0.57932257
vt 0.67062500 0.50839552
vt 0.88919643 0.57932257
vt 0.85732143 0.60818052
vt 0.85959821 0.85347303
vt 0.89147321 0.87078779
vt 0.90513393 0.88810256
vt 0.85959821 0.85347303
vt 0.90513393 0.88810256
vt 0.90741071 0.91118891
vt 0.85959821 0.85347303
vt 0.90741071 0.91118891
vt 0.90741071 0.95447583
vt 0.85959821 0.85347303
vt 0.90741071 0.95447583
vt 0.90285714 0.97179059
vt 0.85959821 0.85347303
vt 0.90285714 0.97179059
vt 0.88919643 0.98414179
vt 0.85049107 0.81884350
vt 0.85959821 0.85347303
vt 0.88919643 0.98414179
vt 0.85049107 0.81884350
vt 0.88919643 0.98414179
vt 0.77080357 0.98414179
vt 0.85049107 0.81884350
vt 0.77080357 0.98414179
vt 0.75714286 0.97179059
vt 0.85049107 0.81884350
vt 0.75714286 0.97179059
vt 0.75258929 0.95447583
vt 0.85049107 0.81884350
vt 0.75258929 0.95447583
vt 0.75258929 0.91118891
vt 0.85049107 0.81884350
vt 0.75258929 0.91118891
vt 0.75486607 0.88810256
vt 0.75486607 0.88810256
vt 0.76852679 0.87078779
vt 0.80040179 0.85347303
vt 0.85049107 0.81884350
vt 0.75486607 0.88810256
vt 0.80040179 0.85347303
vt 0.85049107 0.81884350
vt 0.80040179 0.85347303
vt 0.80950893 0.81884350
vt 0.85049107 0.63992425
vt 0.85049107 0.81884350
vt 0.80950893 0.81884350
vt 0.85732143 0.60818052
vt 0.85049107 0.63992425
vt 0.80950893 0.81884350
vt 0.85732143 0.60818052
vt 0.80950893 0.81884350
vt 0.80950893 0.63992425
vt 0.85732143 0.60818052
vt 0.80950893 0.63992425
vt 0.80267857 0.60818052
vt 0.85732143 0.60818052
vt 0.80267857 0.60818052
vt 0.77080357 0.57932257
vt 0.67062500 0.50839552
vt 0.85732143 0.60818052
vt 0.77080357 0.57932257
vt 0.67062500 0.50839552
vt 0.77080357 0.57932257
vt 0.68428571 0.54757884
vt 0.68428571 0.54757884
vt 0.67062500 0.53314987
vt 0.67062500 0.50839552
vn -0.00000000 1.00000000 0.00000000
vn -0.00000000 1.00000000 0.00000000
vn -0.00000000 1.00000000 0.00000000
vn -0.00000000 1.00000000 0.00000000
vn 0.00000000 -1.00000000 0.00000000
vn 0.00000000 -1.00000000 0.00000000
vn 0.00000000 -1.00000000 0.00000000
vn 0.00000000 -1.00000000 0.00000000
vn 0.00000000 0.00000000 -1.00000000
vn 0.00000000 0.00000000 -1.00000000
vn 0.00000000 0.00000000 -1.00000000
vn 0.00000000 0.00000000 -1.00000000
vn 0.00000000 0.00000000 1.00000000
vn 0.00000000 0.00000000 1.00000000
vn 0.00000000 0.00000000 1.00000000
vn 0.00000000 0.00000000 1.00000000
vn -0.00000000 1.00000000 0.00000000
vn -0.00000000 1.00000000 0.00000000
vn -0.00000000 1.00000000 0.00000000
vn -0.00000000 1.00000000 0.00000000
vn 0.00000000 -1.00000000 0.00000000
vn 0.00000000 -1.00000000 0.00000000
vn 0.00000000 -1.00000000 0.00000000
vn 0.00000000 -1.00000000 0.00000000
vn 0.00000000 0.00000000 -1.00000000
vn 0.00000000 0.00000000 -1.00000000
vn 0.00000000 0.00000000 -1.00000000
vn 0.00000000 0.00000000 -1.00000000
vn 0.00000000 0.00000000 1.00000000
vn 0.00000000 0.00000000 1.00000000
vn 0.00000000 0.00000000 1.00000000
vn 0.00000000 0.00000000 1.00000000
vn -0.00000000 1.00000000 0.00000000
vn -0.00000000 1.00000000 0.00000000
vn -0.00000000 1.00000000 0.00000000
vn -0.00000000 1.00000000 0.00000000
vn 0.00000000 -1.00000000 0.00000000
vn 0.00000000 -1.00000000 0.00000000
vn 0.00000000 -1.00000000 0.00000000
vn 0.00000000 -1.00000000 0.00000000
vn 0.00000000 0.00000000 -1.00000000
vn 0.00000000 0.00000000 -1.00000000
vn 0.00000000 0.00000000 -1.00000000
vn 0.00000000 0.00000000 -1.00000000
vn 0.00000000 0.00000000 1.00000000
vn 0.00000000 0.00000000 1.00000000
vn 0.00000000 0.00000000 1.00000000
vn 0.00000000 0.00000000 1.00000000
vn -0.00000000 1.00000000 0.00000000
vn -0.00000000 1.00000000 0.00000000
vn -0.00000000 1.00000000 0.00000000
vn -0.00000000 1.00000000 0.00000000
vn 0.00000000 -1.00000000 0.00000000
vn 0.00000000 -1.00000000 0.00000000
vn 0.00000000 -1.00000000 0.00000000
vn 0.00000000 -1.00000000 0.00000000
vn 0.00000000 0.00000000 -1.00000000
vn 0.00000000 0.00000000 -1.00000000
vn 0.00000000 0.00000000 -1.00000000
vn 0.00000000 0.00000000 -1.00000000
vn 0.00000000 0.00000000 1.00000000
vn 0.00000000 0.00000000 1.00000000
vn 0.00000000 0.00000000 1.00000000
vn 0.00000000 0.00000000 1.00000000
vn -0.00000000 1.00000000 0.00000000
vn -0.00000000 1.00000000 0.00000000
vn -0.00000000 1.00000000 0.00000000
vn -0.00000000 1.00000000 0.00000000
vn 0.00000000 -1.00000000 0.00000000
vn 0.00000000 -1.00000000 0.00000000
vn 0.00000000 -1.00000000 0.00000000
vn 0.00000000 -1.00000000 0.00000000
vn 0.00000000 0.00000000 -1.00000000
vn 0.00000000 0.00000000 -1.00000000
vn 0.00000000 0.00000000 -1.00000000
vn 0.00000000 0.00000000 -1.00000000
vn 0.00000000 0.00000000 1.00000000
vn 0.00000000 0.00000000 1.00000000
vn 0.00000000 0.00000000 1.00000000
vn 0.00000000 0.00000000 1.00000000
vn -0.00000000 1.00000000 0.00000000
vn -0.00000000 1.00000000 0.00000000
vn -0.00000000 1.00000000 0.00000000
vn -0.00000000 1.00000000 0.00000000
vn 0.00000000 -1.00000000 0.00000000
vn 0.00000000 -1.00000000 0.00000000
vn 0.00000000 -1.00000000 0.00000000
vn 0.00000000 -1.00000000 0.00000000
vn 0.00000000 0.00000000 -1.00000000
vn 0.00000000 0.00000000 -1.00000000
vn 0.00000000 0.00000000 -1.00000000
vn 0.00000000 0.00000000 -1.00000000
vn 0.00000000 0.00000000 1.00000000
vn 0.00000000 0.00000000 1.00000000
vn 0.00000000 0.00000000 1.00000000
vn 0.00000000 0.00000000 1.00000000
vn -0.00000000 1.00000000 0.00000000
vn -0.00000000 1.00000000 0.00000000
vn -0.00000000 1.00000000 0.00000000
vn -0.00000000 1.00000000 0.00000000
vn 0.00000000 -1.00000000 0.00000000
vn 0.00000000 -1.00000000 0.00000000
vn 0.00000000 -1.00000000 0.00000000
vn 0.00000000 -1.00000000 0.00000000
vn 0.00000000 0.00000000 -1.00000000
vn 0.00000000 0.00000000 -1.00000000
vn 0.00000000 0.00000000 -1.00000000
vn 0.00000000 0.00000000 -1.00000000
vn 0.00000000 0.00000000 1.00000000
vn 0.00000000 0.00000000 1.00000000
vn 0.00000000 0.00000000 1.00000000
vn 0.00000000 0.00000000 1.00000000
vn -0.00000000 1.00000000 0.00000000
vn -0.00000000 1.00000000 0.00000000
vn -0.00000000 1.00000000 0.00000000
vn -0.00000000 1.00000000 0.00000000
vn 0.00000000 -1.00000000 0.00000000
vn 0.00000000 -1.00000000 0.00000000
vn 0.00000000 -1.00000000 0.00000000
vn 0.00000000 -1.00000000 0.00000000
vn 0.00000000 0.00000000 -1.00000000
vn 0.00000000 0.00000000 -1.00000000
vn 0.00000000 0.00000000 -1.00000000
vn 0.00000000 0.00000000 -1.00000000
vn 0.00000000 0.00000000 1.00000000
vn 0.00000000 0.00000000 1.00000000
vn 0.00000000 0.00000000 1.00000000
vn 0.00000000 0.00000000 1.00000000
vn -0.00000000 1.00000000 0.00000000
vn -0.00000000 1.00000000 0.00000000
vn -0.00000000 1.00000000 0.00000000
vn -0.00000000 1.00000000 0.00000000
vn 0.00000000 -1.00000000 0.00000000
vn 0.00000000 -1.00000000 0.00000000
vn 0.00000000 -1.00000000 0.00000000
vn 0.00000000 -1.00000000 0.00000000
vn 0.00000000 0.00000000 -1.00000000
vn 0.00000000 0.00000000 -1.00000000
vn 0.00000000 0.00000000 -1.00000000
vn 0.00000000 0.00000000 -1.00000000
vn 0.00000000 0.00000000 1.00000000
vn 0.00000000 0.00000000 1.00000000
vn 0.00000000 0.00000000 1.00000000
vn 0.00000000 0.00000000 1.00000000
vn -0.00000000 1.00000000 0.00000000
vn -0.00000000 1.00000000 0.00000000
vn -0.00000000 1.00000000 0.00000000
vn -0.00000000 1.00000000 0.00000000
vn 0.00000000 -1.00000000 0.00000000
vn 0.00000000 -1.00000000 0.00000000
vn 0.00000000 -1.00000000 0.00000000
vn 0.00000000 -1.00000000 0.00000000
vn 0.00000000 0.00000000 -1.00000000
vn 0.00000000 0.00000000 -1.00000000
vn 0.00000000 0.00000000 -1.00000000
vn 0.00000000 0.00000000 -1.00000000
vn 0.00000000 0.00000000 1.00000000
vn 0.00000000 0.00000000 1.00000000
vn 0.00000000 0.00000000 1.00000000
vn 0.00000000 0.00000000 1.00000000
vn -0.00000000 1.00000000 0.00000000
vn -0.00000000 1.00000000 0.00000000
vn -0.00000000 1.00000000 0.00000000
vn -0.00000000 1.00000000 0.00000000
vn 0.00000000 -1.00000000 0.00000000
vn 0.00000000 -1.00000000 0.00000000
vn 0.00000000 -1.00000000 0.00000000
vn 0.00000000 -1.00000000 0.00000000
vn 0.00000000 0.00000000 -1.00000000
vn 0.00000000 0.00000000 -1.00000000
vn 0.00000000 0.00000000 -1.00000000
vn 0.00000000 0.00000000 -1.00000000
vn 0.00000000 0.00000000 1.00000000
vn 0.00000000 0.00000000 1.00000000
vn 0.00000000 0.00000000 1.00000000
vn 0.00000000 0.00000000 1.00000000
vn -1.00000000 0.00000000 0.00000000
vn -1.00000000 0.00000000 0.00000000
vn -1.00000000 0.00000000 0.00000000
vn -1.00000000 0.00000000 0.00000000
vn 1.00000000 0.00000000 0.00000000
vn 1.00000000 0.00000000 0.00000000
vn 1.00000000 0.00000000 0.00000000
vn 1.00000000 0.00000000 0.00000000
vn 0.00000000 0.00000000 -1.00000000
vn 0.00000000 0.00000000 -1.00000000
vn 0.00000000 0.00000000 -1.00000000
vn 0.00000000 0.00000000 -1.00000000
vn 0.00000000 0.00000000 -1.00000000
vn 0.00000000 0.00000000 -1.00000000
vn 0.00000000 0.00000000 -1.00000000
vn 0.00000000 0.00000000 -1.00000000
vn 0.00000000 0.00000000 -1.00000000
vn 0.00000000 0.00000000 -1.00000000
vn 0.00000000 0.00000000 -1.00000000
vn 0.00000000 0.00000000 -1.00000000
vn 0.00000000 0.00000000 -1.00000000
vn 0.00000000 0.00000000 -1.00000000
vn 0.00000000 0.00000000 -1.00000000
vn 0.00000000 0.00000000 -1.00000000
vn 0.00000000 0.00000000 -1.00000000
vn 0.00000000 0.00000000 -1.00000000
vn 0.00000000 0.00000000 -1.00000000
vn 0.00000000 0.00000000 -1.00000000
vn 0.00000000 0.00000000 -1.00000000
vn 0.00000000 -0.00000000 -1.00000000
vn 0.00000000 -0.00000000 -1.00000000
vn 0.00000000 -0.00000000 -1.00000000
vn 0.00000000 0.00000000 1.00000000
vn 0.00000000 0.00000000 1.00000000
vn 0.00000000 0.00000000 1.00000000
vn 0.00000000 0.00000000 1.00000000
vn 0.00000000 0.00000000 1.00000000
vn 0.00000000 0.00000000 1.00000000
vn 0.00000000 0.00000000 1.00000000
vn 0.00000000 0.00000000 1.00000000
vn 0.00000000 0.00000000 1.00000000
vn 0.00000000 0.00000000 1.00000000
vn 0.00000000 0.00000000 1.00000000
vn 0.00000000 0.00000000 1.00000000
vn 0.00000000 0.00000000 1.00000000
vn 0.00000000 0.00000000 1.00000000
vn 0.00000000 0.00000000 1.00000000
vn 0.00000000 0.00000000 1.00000000
vn 0.00000000 0.00000000 1.00000000
vn 0.00000000 0.00000000 1.00000000
vn -0.00000000 0.00000000 1.00000000
vn -0.00000000 0.00000000 1.00000000
vn -0.00000000 0.00000000 1.00000000
vn 0.00000000 0.00000000 1.00000000
vn 0.00000000 0.00000000 1.00000000
vn 0.00000000 0.00000000 1.00000000
vn 0.00000000 -1.00000000 0.00000000
vn 0.00000000 -1.00000000 0.00000000
vn 0.00000000 -1.00000000 0.00000000
vn 0.00000000 -1.00000000 0.00000000
vn 0.71860214 0.69542143 0.00000000
vn 0.71860214 0.69542143 0.00000000
vn 0.71860214 0.69542143 0.00000000
vn 0.71860214 0.69542143 0.00000000
vn 0.60000000 0.80000000 0.00000000
vn 0.60000000 0.80000000 0.00000000
vn 0.60000000 0.80000000 0.00000000
vn 0.60000000 0.80000000 0.00000000
vn 0.00000000 1.00000000 0.00000000
vn 0.00000000 1.00000000 0.00000000
vn 0.00000000 1.00000000 0.00000000
vn 0.00000000 1.00000000 0.00000000
vn -0.72413793 0.68965517 0.00000000
vn -0.72413793 0.68965517 0.00000000
vn -0.72413793 0.68965517 0.00000000
vn -0.72413793 0.68965517 0.00000000
vn 0.00000000 1.00000000 0.00000000
vn 0.00000000 1.00000000 0.00000000
vn 0.00000000 1.00000000 0.00000000
vn 0.00000000 1.00000000 0.00000000
vn 0.72413793 0.68965517 0.00000000
vn 0.72413793 0.68965517 0.00000000
vn 0.72413793 0.68965517 0.00000000
vn 0.72413793 0.68965517 0.00000000
vn 0.00000000 1.00000000 0.00000000
vn 0.00000000 1.00000000 0.00000000
vn 0.00000000 1.00000000 0.00000000
vn 0.00000000 1.00000000 0.00000000
vn -0.60000000 0.80000000 0.00000000
vn -0.60000000 0.80000000 0.00000000
vn -0.60000000 0.80000000 0.00000000
vn -0.60000000 0.80000000 0.00000000
vn -0.71860214 0.69542143 0.00000000
vn -0.71860214 0.69542143 0.00000000
vn -0.71860214 0.69542143 0.00000000
vn -0.71860214 0.69542143 0.00000000
vn 0.00000000 0.00000000 -1.00000000
vn 0.00000000 0.00000000 -1.00000000
vn 0.00000000 0.00000000 -1.00000000
vn 0.00000000 0.00000000 -1.00000000
vn 0.00000000 0.00000000 -1.00000000
vn 0.00000000 0.00000000 -1.00000000
vn 0.00000000 0.00000000 -1.00000000
vn 0.00000000 0.00000000 -1.00000000
vn 0.00000000 0.00000000 -1.00000000
vn 0.00000000 0.00000000 -1.00000000
vn 0.00000000 0.00000000 -1.00000000
vn 0.00000000 0.00000000 -1.00000000
vn 0.00000000 0.00000000 -1.00000000
vn 0.00000000 0.00000000 -1.00000000
vn 0.00000000 0.00000000 -1.00000000
vn 0.00000000 0.00000000 -1.00000000
vn 0.00000000 0.00000000 -1.00000000
vn 0.00000000 0.00000000 -1.00000000
vn 0.00000000 0.00000000 -1.00000000
vn 0.00000000 0.00000000 -1.00000000
vn 0.00000000 0.00000000 -1.00000000
vn 0.00000000 -0.00000000 -1.00000000
vn 0.00000000 -0.00000000 -1.00000000
vn 0.00000000 -0.00000000 -1.00000000
vn 0.00000000 0.00000000 1.00000000
vn 0.00000000 0.00000000 1.00000000
vn 0.00000000 0.00000000 1.00000000
vn 0.00000000 0.00000000 1.00000000
vn 0.00000000 0.00000000 1.00000000
vn 0.00000000 0.00000000 1.00000000
vn 0.00000000 0.00000000 1.00000000
vn 0.00000000 0.00000000 1.00000000
vn 0.00000000 0.00000000 1.00000000
vn 0.00000000 0.00000000 1.00000000
vn 0.00000000 0.00000000 1.00000000
vn 0.00000000 0.00000000 1.00000000
vn 0.00000000 0.00000000 1.00000000
vn 0.00000000 0.00000000 1.00000000
vn 0.00000000 0.00000000 1.00000000
vn 0.00000000 0.00000000 1.00000000
vn 0.00000000 0.00000000 1.00000000
vn 0.00000000 0.00000000 1.00000000
vn -0.00000000 0.00000000 1.00000000
vn -0.00000000 0.00000000 1.00000000
vn -0.00000000 0.00000000 1.00000000
vn 0.00000000 0.00000000 1.00000000
vn 0.00000000 0.00000000 1.00000000
vn 0.00000000 0.00000000 1.00000000
vn 0.00000000 -1.00000000 0.00000000
vn 0.00000000 -1.00000000 0.00000000
vn 0.00000000 -1.00000000 0.00000000
vn 0.00000000 -1.00000000 0.00000000
vn 0.71860214 0.69542143 0.00000000
vn 0.71860214 0.69542143 0.00000000
vn 0.71860214 0.69542143 0.00000000
vn 0.71860214 0.69542143 0.00000000
vn 0.60000000 0.80000000 0.00000000
vn 0.60000000 0.80000000 0.00000000
vn 0.60000000 0.80000000 0.00000000
vn 0.60000000 0.80000000 0.00000000
vn 0.00000000 1.00000000 0.00000000
vn 0.00000000 1.00000000 0.00000000
vn 0.00000000 1.00000000 0.00000000
vn 0.00000000 1.00000000 0.00000000
vn -0.72413793 0.68965517 0.00000000
vn -0.72413793 0.68965517 0.00000000
vn -0.72413793 0.68965517 0.00000000
vn -0.72413793 0.68965517 0.00000000
vn 0.00000000 1.00000000 0.00000000
vn 0.00000000 1.00000000 0.00000000
vn 0.00000000 1.00000000 0.00000000
vn 0.00000000 1.00000000 0.00000000
vn 0.72413793 0.68965517 0.00000000
vn 0.72413793 0.68965517 0.00000000
vn 0.72413793 0.68965517 0.00000000
vn 0.72413793 0.68965517 0.00000000
vn 0.00000000 1.00000000 0.00000000
vn 0.00000000 1.00000000 0.00000000
vn 0.00000000 1.00000000 0.00000000
vn 0.00000000 1.00000000 0.00000000
vn -0.60000000 0.80000000 0.00000000
vn -0.60000000 0.80000000 0.00000000
vn -0.60000000 0.80000000 0.00000000
vn -0.60000000 0.80000000 0.00000000
vn -0.71860214 0.69542143 0.00000000
vn -0.71860214 0.69542143 0.00000000
vn -0.71860214 0.69542143 0.00000000
vn -0.71860214 0.69542143 0.00000000
vn 0.00000000 -1.00000000 0.00000000
vn 0.00000000 -1.00000000 0.00000000
vn 0.00000000 -1.00000000 0.00000000
vn 0.00000000 -1.00000000 0.00000000
vn 0.00000000 -1.00000000 0.00000000
vn 0.00000000 -1.00000000 0.00000000
vn 0.00000000 -1.00000000 0.00000000
vn 0.00000000 -1.00000000 0.00000000
vn 0.00000000 -1.00000000 0.00000000
vn 0.00000000 -1.00000000 0.00000000
vn 0.00000000 -1.00000000 0.00000000
vn 0.00000000 -1.00000000 0.00000000
vn 0.00000000 -1.00000000 0.00000000
vn 0.00000000 -1.00000000 0.00000000
vn 0.00000000 -1.00000000 0.00000000
vn 0.00000000 -1.00000000 0.00000000
vn 0.00000000 -1.00000000 0.00000000
vn 0.00000000 -1.00000000 0.00000000
vn 0.00000000 1.00000000 0.00000000
vn 0.00000000 1.00000000 0.00000000
vn 0.00000000 1.00000000 0.00000000
vn 0.00000000 1.00000000 -0.00000000
vn 0.00000000 1.00000000 -0.00000000
vn 0.00000000 1.00000000 -0.00000000
vn 0.00000000 1.00000000 0.00000000
vn 0.00000000 1.00000000 0.00000000
vn 0.00000000 1.00000000 0.00000000
vn 0.00000000 1.00000000 0.00000000
vn 0.00000000 1.00000000 0.00000000
vn 0.00000000 1.00000000 0.00000000
vn 0.00000000 1.00000000 0.00000000
vn 0.00000000 1.00000000 0.00000000
vn 0.00000000 1.00000000 0.00000000
vn 0.00000000 1.00000000 0.00000000
vn 0.00000000 1.00000000 0.00000000
vn 0.00000000 1.00000000 0.00000000
vn 0.00000000 0.00000000 -1.00000000
vn 0.00000000 0.00000000 -1.00000000
vn 0.00000000 0.00000000 -1.00000000
vn 0.00000000 0.00000000 -1.00000000
vn 0.70710678 0.00000000 -0.70710678
vn 0.70710678 0.00000000 -0.70710678
vn 0.70710678 0.00000000 -0.70710678
vn 0.70710678 0.00000000 -0.70710678
vn 1.00000000 0.00000000 -0.00000000
vn 1.00000000 0.00000000 -0.00000000
vn 1.00000000 0.00000000 -0.00000000
vn 1.00000000 0.00000000 -0.00000000
vn 0.70710678 0.00000000 0.70710678
vn 0.70710678 0.00000000 0.70710678
vn 0.70710678 0.00000000 0.70710678
vn 0.70710678 0.00000000 0.70710678
vn 0.00000000 0.00000000 1.00000000
vn 0.00000000 0.00000000 1.00000000
vn 0.00000000 0.00000000 1.00000000
vn 0.00000000 0.00000000 1.00000000
vn -0.70710678 0.00000000 0.70710678
vn -0.70710678 0.00000000 0.70710678
vn -0.70710678 0.00000000 0.70710678
vn -0.70710678 0.00000000 0.70710678
vn -1.00000000 0.00000000 -0.00000000
vn -1.00000000 0.00000000 -0.00000000
vn -1.00000000 0.00000000 -0.00000000
vn -1.00000000 0.00000000 -0.00000000
vn -0.70710678 0.00000000 -0.70710678
vn -0.70710678 0.00000000 -0.70710678
vn -0.70710678 0.00000000 -0.70710678
vn -0.70710678 0.00000000 -0.70710678
vn 0.00000000 -1.00000000 0.00000000
vn 0.00000000 -1.00000000 0.00000000
vn 0.00000000 -1.00000000 0.00000000
vn 0.00000000 -1.00000000 0.00000000
vn 0.00000000 -1.00000000 0.00000000
vn 0.00000000 -1.00000000 0.00000000
vn 0.00000000 -1.00000000 0.00000000
vn 0.00000000 -1.00000000 0.00000000
vn 0.00000000 -1.00000000 0.00000000
vn 0.00000000 -1.00000000 0.00000000
vn 0.00000000 -1.00000000 0.00000000
vn 0.00000000 -1.00000000 0.00000000
vn 0.00000000 -1.00000000 0.00000000
vn 0.00000000 -1.00000000 0.00000000
vn 0.00000000 -1.00000000 0.00000000
vn 0.00000000 -1.00000000 0.00000000
vn 0.00000000 -1.00000000 0.00000000
vn 0.00000000 -1.00000000 0.00000000
vn 0.00000000 1.00000000 0.00000000
vn 0.00000000 1.00000000 0.00000000
vn 0.00000000 1.00000000 0.00000000
vn 0.00000000 1.00000000 -0.00000000
vn 0.00000000 1.00000000 -0.00000000
vn 0.00000000 1.00000000 -0.00000000
vn 0.00000000 1.00000000 0.00000000
vn 0.00000000 1.00000000 0.00000000
vn 0.00000000 1.00000000 0.00000000
vn 0.00000000 1.00000000 0.00000000
vn 0.00000000 1.00000000 0.00000000
vn 0.00000000 1.00000000 0.00000000
vn 0.00000000 1.00000000 0.00000000
vn 0.00000000 1.00000000 0.00000000
vn 0.00000000 1.00000000 0.00000000
vn 0.00000000 1.00000000 0.00000000
vn 0.00000000 1.00000000 0.00000000
vn 0.00000000 1.00000000 0.00000000
vn 0.00000000 0.00000000 -1.00000000
vn 0.00000000 0.00000000 -1.00000000
vn 0.00000000 0.00000000 -1.00000000
vn 0.00000000 0.00000000 -1.00000000
vn 0.70710678 0.00000000 -0.70710678
vn 0.70710678 0.00000000 -0.70710678
vn 0.70710678 0.00000000 -0.70710678
vn 0.70710678 0.00000000 -0.70710678
vn 1.00000000 0.00000000 -0.00000000
vn 1.00000000 0.00000000 -0.00000000
vn 1.00000000 0.00000000 -0.00000000
vn 1.00000000 0.00000000 -0.00000000
vn 0.70710678 0.00000000 0.70710678
vn 0.70710678 0.00000000 0.70710678
vn 0.70710678 0.00000000 0.70710678
vn 0.70710678 0.00000000 0.70710678
vn 0.00000000 0.00000000 1.00000000
vn 0.00000000 0.00000000 1.00000000
vn 0.00000000 0.00000000 1.00000000
vn 0.00000000 0.00000000 1.00000000
vn -0.70710678 0.00000000 0.70710678
vn -0.70710678 0.00000000 0.70710678
vn -0.70710678 0.00000000 0.70710678
vn -0.70710678 0.00000000 0.70710678
vn -1.00000000 0.00000000 -0.00000000
vn -1.00000000 0.00000000 -0.00000000
vn -1.00000000 0.00000000 -0.00000000
vn -1.00000000 0.00000000 -0.00000000
vn -0.70710678 0.00000000 -0.70710678
vn -0.70710678 0.00000000 -0.70710678
vn -0.70710678 0.00000000 -0.70710678
vn -0.70710678 0.00000000 -0.70710678
vn 0.00000000 -1.00000000 0.00000000
vn 0.00000000 -1.00000000 0.00000000
vn 0.00000000 -1.00000000 0.00000000
vn 0.00000000 -1.00000000 0.00000000
vn 0.00000000 -1.00000000 0.00000000
vn 0.00000000 -1.00000000 0.00000000
vn 0.00000000 -1.00000000 0.00000000
vn 0.00000000 -1.00000000 0.00000000
vn 0.00000000 -1.00000000 0.00000000
vn 0.00000000 -1.00000000 0.00000000
vn 0.00000000 -1.00000000 0.00000000
vn 0.00000000 -1.00000000 0.00000000
vn 0.00000000 -1.00000000 0.00000000
vn 0.00000000 -1.00000000 0.00000000
vn 0.00000000 -1.00000000 0.00000000
vn 0.00000000 -1.00000000 0.00000000
vn 0.00000000 -1.00000000 0.00000000
vn 0.00000000 -1.00000000 0.00000000
vn 0.00000000 1.00000000 0.00000000
vn 0.00000000 1.00000000 0.00000000
vn 0.00000000 1.00000000 0.00000000
vn 0.00000000 1.00000000 -0.00000000
vn 0.00000000 1.00000000 -0.00000000
vn 0.00000000 1.00000000 -0.00000000
vn 0.00000000 1.00000000 0.00000000
vn 0.00000000 1.00000000 0.00000000
vn 0.00000000 1.00000000 0.00000000
vn 0.00000000 1.00000000 0.00000000
vn 0.00000000 1.00000000 0.00000000
vn 0.00000000 1.00000000 0.00000000
vn 0.00000000 1.00000000 0.00000000
vn 0.00000000 1.00000000 0.00000000
vn 0.00000000 1.00000000 0.00000000
vn 0.00000000 1.00000000 0.00000000
vn 0.00000000 1.00000000 0.00000000
vn 0.00000000 1.00000000 0.00000000
vn 0.00000000 0.00000000 -1.00000000
vn 0.00000000 0.00000000 -1.00000000
vn 0.00000000 0.00000000 -1.00000000
vn 0.00000000 0.00000000 -1.00000000
vn 0.70710678 0.00000000 -0.70710678
vn 0.70710678 0.00000000 -0.70710678
vn 0.70710678 0.00000000 -0.70710678
vn 0.70710678 0.00000000 -0.70710678
vn 1.00000000 0.00000000 -0.00000000
vn 1.00000000 0.00000000 -0.00000000
vn 1.00000000 0.00000000 -0.00000000
vn 1.00000000 0.00000000 -0.00000000
vn 0.70710678 0.00000000 0.70710678
vn 0.70710678 0.00000000 0.70710678
vn 0.70710678 0.00000000 0.70710678
vn 0.70710678 0.00000000 0.70710678
vn 0.00000000 0.00000000 1.00000000
vn 0.00000000 0.00000000 1.00000000
vn 0.00000000 0.00000000 1.00000000
vn 0.00000000 0.00000000 1.00000000
vn -0.70710678 0.00000000 0.70710678
vn -0.70710678 0.00000000 0.70710678
vn -0.70710678 0.00000000 0.70710678
vn -0.70710678 0.00000000 0.70710678
vn -1.00000000 0.00000000 -0.00000000
vn -1.00000000 0.00000000 -0.00000000
vn -1.00000000 0.00000000 -0.00000000
vn -1.00000000 0.00000000 -0.00000000
vn -0.70710678 0.00000000 -0.70710678
vn -0.70710678 0.00000000 -0.70710678
vn -0.70710678 0.00000000 -0.70710678
vn -0.70710678 0.00000000 -0.70710678
vn 0.00000000 -1.00000000 0.00000000
vn 0.00000000 -1.00000000 0.00000000
vn 0.00000000 -1.00000000 0.00000000
vn 0.00000000 -1.00000000 0.00000000
vn 0.00000000 -1.00000000 0.00000000
vn 0.00000000 -1.00000000 0.00000000
vn 0.00000000 -1.00000000 0.00000000
vn 0.00000000 -1.00000000 0.00000000
vn 0.00000000 -1.00000000 0.00000000
vn 0.00000000 -1.00000000 0.00000000
vn 0.00000000 -1.00000000 0.00000000
vn 0.00000000 -1.00000000 0.00000000
vn 0.00000000 -1.00000000 0.00000000
vn 0.00000000 -1.00000000 0.00000000
vn 0.00000000 -1.00000000 0.00000000
vn 0.00000000 -1.00000000 0.00000000
vn 0.00000000 -1.00000000 0.00000000
vn 0.00000000 -1.00000000 0.00000000
vn 0.00000000 1.00000000 0.00000000
vn 0.00000000 1.00000000 0.00000000
vn 0.00000000 1.00000000 0.00000000
vn 0.00000000 1.00000000 -0.00000000
vn 0.00000000 1.00000000 -0.00000000
vn 0.00000000 1.00000000 -0.00000000
vn 0.00000000 1.00000000 0.00000000
vn 0.00000000 1.00000000 0.00000000
vn 0.00000000 1.00000000 0.00000000
vn 0.00000000 1.00000000 0.00000000
vn 0.00000000 1.00000000 0.00000000
vn 0.00000000 1.00000000 0.00000000
vn 0.00000000 1.00000000 0.00000000
vn 0.00000000 1.00000000 0.00000000
vn 0.00000000 1.00000000 0.00000000
vn 0.00000000 1.00000000 0.00000000
vn 0.00000000 1.00000000 0.00000000
vn 0.00000000 1.00000000 0.00000000
vn 0.00000000 0.00000000 -1.00000000
vn 0.00000000 0.00000000 -1.00000000
vn 0.00000000 0.00000000 -1.00000000
vn 0.00000000 0.00000000 -1.00000000
vn 0.70710678 0.00000000 -0.70710678
vn 0.70710678 0.00000000 -0.70710678
vn 0.70710678 0.00000000 -0.70710678
vn 0.70710678 0.00000000 -0.70710678
vn 1.00000000 0.00000000 -0.00000000
vn 1.00000000 0.00000000 -0.00000000
vn 1.00000000 0.00000000 -0.00000000
vn 1.00000000 0.00000000 -0.00000000
vn 0.70710678 0.00000000 0.70710678
vn 0.70710678 0.00000000 0.70710678
vn 0.70710678 0.00000000 0.70710678
vn 0.70710678 0.00000000 0.70710678
vn 0.00000000 0.00000000 1.00000000
vn 0.00000000 0.00000000 1.00000000
vn 0.00000000 0.00000000 1.00000000
vn 0.00000000 0.00000000 1.00000000
vn -0.70710678 0.00000000 0.70710678
vn -0.70710678 0.00000000 0.70710678
vn -0.70710678 0.00000000 0.70710678
vn -0.70710678 0.00000000 0.70710678
vn -1.00000000 0.00000000 -0.00000000
vn -1.00000000 0.00000000 -0.00000000
vn -1.00000000 0.00000000 -0.00000000
vn -1.00000000 0.00000000 -0.00000000
vn -0.70710678 0.00000000 -0.70710678
vn -0.70710678 0.00000000 -0.70710678
vn -0.70710678 0.00000000 -0.70710678
vn -0.70710678 0.00000000 -0.70710678
vn 0.00000000 -0.00000000 1.00000000
vn 0.00000000 -0.00000000 1.00000000
vn 0.00000000 -0.00000000 1.00000000
vn 0.00000000 0.00000000 1.00000000
vn 0.00000000 0.00000000 1.00000000
vn 0.00000000 0.00000000 1.00000000
vn 0.00000000 0.00000000 1.00000000
vn 0.00000000 0.00000000 1.00000000
vn 0.00000000 0.00000000 1.00000000
vn 0.00000000 0.00000000 1.00000000
vn 0.00000000 0.00000000 1.00000000
vn 0.00000000 0.00000000 1.00000000
vn 0.00000000 0.00000000 1.00000000
vn 0.00000000 0.00000000 1.00000000
vn 0.00000000 0.00000000 1.00000000
vn 0.00000000 0.00000000 1.00000000
vn 0.00000000 0.00000000 1.00000000
vn 0.00000000 0.00000000 1.00000000
vn 0.00000000 0.00000000 1.00000000
vn 0.00000000 0.00000000 1.00000000
vn 0.00000000 0.00000000 1.00000000
vn 0.00000000 -0.00000000 -1.00000000
vn 0.00000000 -0.00000000 -1.00000000
vn 0.00000000 -0.00000000 -1.00000000
vn 0.00000000 0.00000000 -1.00000000
vn 0.00000000 0.00000000 -1.00000000
vn 0.00000000 0.00000000 -1.00000000
vn 0.00000000 0.00000000 -1.00000000
vn 0.00000000 0.00000000 -1.00000000
vn 0.00000000 0.00000000 -1.00000000
vn 0.00000000 0.00000000 -1.00000000
vn 0.00000000 0.00000000 -1.00000000
vn 0.00000000 0.00000000 -1.00000000
vn 0.00000000 0.00000000 -1.00000000
vn 0.00000000 0.00000000 -1.00000000
vn 0.00000000 0.00000000 -1.00000000
vn 0.00000000 0.00000000 -1.00000000
vn 0.00000000 0.00000000 -1.00000000
vn 0.00000000 0.00000000 -1.00000000
vn 0.00000000 0.00000000 -1.00000000
vn 0.00000000 0.00000000 -1.00000000
vn 0.00000000 0.00000000 -1.00000000
vn 0.37708674 -0.92617795 0.00000000
vn 0.37708674 -0.92617795 0.00000000
vn 0.37708674 -0.92617795 0.00000000
vn 0.37708674 -0.92617795 0.00000000
vn 0.72353574 -0.69028692 0.00000000
vn 0.72353574 -0.69028692 0.00000000
vn 0.72353574 -0.69028692 0.00000000
vn 0.72353574 -0.69028692 0.00000000
vn -0.00000000 -1.00000000 0.00000000
vn -0.00000000 -1.00000000 0.00000000
vn -0.00000000 -1.00000000 0.00000000
vn -0.00000000 -1.00000000 0.00000000
vn -1.00000000 0.00000000 0.00000000
vn -1.00000000 0.00000000 0.00000000
vn -1.00000000 0.00000000 0.00000000
vn -1.00000000 0.00000000 0.00000000
vn -0.00000000 1.00000000 0.00000000
vn -0.00000000 1.00000000 0.00000000
vn -0.00000000 1.00000000 0.00000000
vn -0.00000000 1.00000000 0.00000000
vn -0.18589167 0.98257025 0.00000000
vn -0.18589167 0.98257025 0.00000000
vn -0.18589167 0.98257025 0.00000000
vn -0.18589167 0.98257025 0.00000000
vn -0.00000000 1.00000000 0.00000000
vn -0.00000000 1.00000000 0.00000000
vn -0.00000000 1.00000000 0.00000000
vn -0.00000000 1.00000000 0.00000000
vn -0.20695859 0.97834970 0.00000000
vn -0.20695859 0.97834970 0.00000000
vn -0.20695859 0.97834970 0.00000000
vn -0.20695859 0.97834970 0.00000000
vn 1.00000000 0.00000000 0.00000000
vn 1.00000000 0.00000000 0.00000000
vn 1.00000000 0.00000000 0.00000000
vn 1.00000000 0.00000000 0.00000000
vn 0.00000000 -1.00000000 0.00000000
vn 0.00000000 -1.00000000 0.00000000
vn 0.00000000 -1.00000000 0.00000000
vn 0.00000000 -1.00000000 0.00000000
vn 0.00000000 -1.00000000 0.00000000
vn 0.00000000 -1.00000000 0.00000000
vn 0.00000000 -1.00000000 0.00000000
vn 0.00000000 -1.00000000 0.00000000
vn 0.00000000 -1.00000000 0.00000000
vn 0.00000000 -1.00000000 0.00000000
vn 0.00000000 -1.00000000 0.00000000
vn 0.00000000 -1.00000000 0.00000000
vn 0.00000000 -1.00000000 0.00000000
vn 0.00000000 -1.00000000 0.00000000
vn 0.00000000 -1.00000000 0.00000000
vn 0.00000000 -1.00000000 0.00000000
vn 0.00000000 -1.00000000 0.00000000
vn 0.00000000 -1.00000000 0.00000000
vn 0.00000000 1.00000000 0.00000000
vn 0.00000000 1.00000000 0.00000000
vn 0.00000000 1.00000000 0.00000000
vn 0.00000000 1.00000000 -0.00000000
vn 0.00000000 1.00000000 -0.00000000
vn 0.00000000 1.00000000 -0.00000000
vn 0.00000000 1.00000000 0.00000000
vn 0.00000000 1.00000000 0.00000000
vn 0.00000000 1.00000000 0.00000000
vn 0.00000000 1.00000000 0.00000000
vn 0.00000000 1.00000000 0.00000000
vn 0.00000000 1.00000000 0.00000000
vn 0.00000000 1.00000000 0.00000000
vn 0.00000000 1.00000000 0.00000000
vn 0.00000000 1.00000000 0.00000000
vn 0.00000000 1.00000000 0.00000000
vn 0.00000000 1.00000000 0.00000000
vn 0.00000000 1.00000000 0.00000000
vn 0.00000000 0.00000000 -1.00000000
vn 0.00000000 0.00000000 -1.00000000
vn 0.00000000 0.00000000 -1.00000000
vn 0.00000000 0.00000000 -1.00000000
vn 0.70710678 0.00000000 -0.70710678
vn 0.70710678 0.00000000 -0.70710678
vn 0.70710678 0.00000000 -0.70710678
vn 0.70710678 0.00000000 -0.70710678
vn 1.00000000 0.00000000 -0.00000000
vn 1.00000000 0.00000000 -0.00000000
vn 1.00000000 0.00000000 -0.00000000
vn 1.00000000 0.00000000 -0.00000000
vn 0.70710678 0.00000000 0.70710678
vn 0.70710678 0.00000000 0.70710678
vn 0.70710678 0.00000000 0.70710678
vn 0.70710678 0.00000000 0.70710678
vn 0.00000000 0.00000000 1.00000000
vn 0.00000000 0.00000000 1.00000000
vn 0.00000000 0.00000000 1.00000000
vn 0.00000000 0.00000000 1.00000000
vn -0.70710678 0.00000000 0.70710678
vn -0.70710678 0.00000000 0.70710678
vn -0.70710678 0.00000000 0.70710678
vn -0.70710678 0.00000000 0.70710678
vn -1.00000000 0.00000000 -0.00000000
vn -1.00000000 0.00000000 -0.00000000
vn -1.00000000 0.00000000 -0.00000000
vn -1.00000000 0.00000000 -0.00000000
vn -0.70710678 0.00000000 -0.70710678
vn -0.70710678 0.00000000 -0.70710678
vn -0.70710678 0.00000000 -0.70710678
vn -0.70710678 0.00000000 -0.70710678
vn 0.00000000 -1.00000000 0.00000000
vn 0.00000000 -1.00000000 0.00000000
vn 0.00000000 -1.00000000 0.00000000
vn 0.00000000 -1.00000000 0.00000000
vn 0.00000000 -1.00000000 0.00000000
vn 0.00000000 -1.00000000 0.00000000
vn 0.00000000 -1.00000000 0.00000000
vn 0.00000000 -1.00000000 0.00000000
vn 0.00000000 -1.00000000 0.00000000
vn 0.00000000 -1.00000000 0.00000000
vn 0.00000000 -1.00000000 0.00000000
vn 0.00000000 -1.00000000 0.00000000
vn 0.00000000 -1.00000000 0.00000000
vn 0.00000000 -1.00000000 0.00000000
vn 0.00000000 -1.00000000 0.00000000
vn 0.00000000 -1.00000000 0.00000000
vn 0.00000000 -1.00000000 0.00000000
vn 0.00000000 -1.00000000 0.00000000
vn 0.00000000 1.00000000 0.00000000
vn 0.00000000 1.00000000 0.00000000
vn 0.00000000 1.00000000 0.00000000
vn 0.00000000 1.00000000 -0.00000000
vn 0.00000000 1.00000000 -0.00000000
vn 0.00000000 1.00000000 -0.00000000
vn 0.00000000 1.00000000 0.00000000
vn 0.00000000 1.00000000 0.00000000
vn 0.00000000 1.00000000 0.00000000
vn 0.00000000 1.00000000 0.00000000
vn 0.00000000 1.00000000 0.00000000
vn 0.00000000 1.00000000 0.00000000
vn 0.00000000 1.00000000 0.00000000
vn 0.00000000 1.00000000 0.00000000
vn 0.00000000 1.00000000 0.00000000
vn 0.00000000 1.00000000 0.00000000
vn 0.00000000 1.00000000 0.00000000
vn 0.00000000 1.00000000 0.00000000
vn 0.00000000 0.00000000 -1.00000000
vn 0.00000000 0.00000000 -1.00000000
vn 0.00000000 0.00000000 -1.00000000
vn 0.00000000 0.00000000 -1.00000000
vn 0.70710678 0.00000000 -0.70710678
vn 0.70710678 0.00000000 -0.70710678
vn 0.70710678 0.00000000 -0.70710678
vn 0.70710678 0.00000000 -0.70710678
vn 1.00000000 0.00000000 -0.00000000
vn 1.00000000 0.00000000 -0.00000000
vn 1.00000000 0.00000000 -0.00000000
vn 1.00000000 0.00000000 -0.00000000
vn 0.70710678 0.00000000 0.70710678
vn 0.70710678 0.00000000 0.70710678
vn 0.70710678 0.00000000 0.70710678
vn 0.70710678 0.00000000 0.70710678
vn 0.00000000 0.00000000 1.00000000
vn 0.00000000 0.00000000 1.00000000
vn 0.00000000 0.00000000 1.00000000
vn 0.00000000 0.00000000 1.00000000
vn -0.70710678 0.00000000 0.70710678
vn -0.70710678 0.00000000 0.70710678
vn -0.70710678 0.00000000 0.70710678
vn -0.70710678 0.00000000 0.70710678
vn -1.00000000 0.00000000 -0.00000000
vn -1.00000000 0.00000000 -0.00000000
vn -1.00000000 0.00000000 -0.00000000
vn -1.00000000 0.00000000 -0.00000000
vn -0.70710678 0.00000000 -0.70710678
vn -0.70710678 0.00000000 -0.70710678
vn -0.70710678 0.00000000 -0.70710678
vn -0.70710678 0.00000000 -0.70710678
vn 0.00000000 0.00000000 1.00000000
vn 0.00000000 0.00000000 1.00000000
vn 0.00000000 0.00000000 1.00000000
vn 0.00000000 0.00000000 1.00000000
vn 0.00000000 0.00000000 1.00000000
vn 0.00000000 0.00000000 1.00000000
vn 0.00000000 0.00000000 1.00000000
vn 0.00000000 0.00000000 1.00000000
vn 0.00000000 0.00000000 1.00000000
vn 0.00000000 -0.00000000 1.00000000
vn 0.00000000 -0.00000000 1.00000000
vn 0.00000000 -0.00000000 1.00000000
vn 0.00000000 0.00000000 1.00000000
vn 0.00000000 0.00000000 1.00000000
vn 0.00000000 0.00000000 1.00000000
vn 0.00000000 0.00000000 1.00000000
vn 0.00000000 0.00000000 1.00000000
vn 0.00000000 0.00000000 1.00000000
vn 0.00000000 0.00000000 1.00000000
vn 0.00000000 0.00000000 1.00000000
vn 0.00000000 0.00000000 1.00000000
vn 0.00000000 0.00000000 -1.00000000
vn 0.00000000 0.00000000 -1.00000000
vn 0.00000000 0.00000000 -1.00000000
vn 0.00000000 0.00000000 -1.00000000
vn 0.00000000 0.00000000 -1.00000000
vn 0.00000000 0.00000000 -1.00000000
vn 0.00000000 0.00000000 -1.00000000
vn 0.00000000 0.00000000 -1.00000000
vn 0.00000000 0.00000000 -1.00000000
vn 0.00000000 0.00000000 -1.00000000
vn 0.00000000 0.00000000 -1.00000000
vn 0.00000000 0.00000000 -1.00000000
vn 0.00000000 0.00000000 -1.00000000
vn 0.00000000 0.00000000 -1.00000000
vn 0.00000000 0.00000000 -1.00000000
vn 0.00000000 0.00000000 -1.00000000
vn 0.00000000 0.00000000 -1.00000000
vn 0.00000000 0.00000000 -1.00000000
vn 0.00000000 0.00000000 -1.00000000
vn 0.00000000 0.00000000 -1.00000000
vn 0.00000000 0.00000000 -1.00000000
vn -0.37708674 -0.92617795 0.00000000
vn -0.37708674 -0.92617795 0.00000000
vn -0.37708674 -0.92617795 0.00000000
vn -0.37708674 -0.92617795 0.00000000
vn -0.72353574 -0.69028692 0.00000000
vn -0.72353574 -0.69028692 0.00000000
vn -0.72353574 -0.69028692 0.00000000
vn -0.72353574 -0.69028692 0.00000000
vn 0.00000000 -1.00000000 0.00000000
vn 0.00000000 -1.00000000 0.00000000
vn 0.00000000 -1.00000000 0.00000000
vn 0.00000000 -1.00000000 0.00000000
vn 1.00000000 0.00000000 0.00000000
vn 1.00000000 0.00000000 0.00000000
vn 1.00000000 0.00000000 0.00000000
vn 1.00000000 0.00000000 0.00000000
vn 0.00000000 1.00000000 0.00000000
vn 0.00000000 1.00000000 0.00000000
vn 0.00000000 1.00000000 0.00000000
vn 0.00000000 1.00000000 0.00000000
vn 0.18589167 0.98257025 0.00000000
vn 0.18589167 0.98257025 0.00000000
vn 0.18589167 0.98257025 0.00000000
vn 0.18589167 0.98257025 0.00000000
vn 0.00000000 1.00000000 0.00000000
vn 0.00000000 1.00000000 0.00000000
vn 0.00000000 1.00000000 0.00000000
vn 0.00000000 1.00000000 0.00000000
vn 0.20695859 0.97834970 0.00000000
vn 0.20695859 0.97834970 0.00000000
vn 0.20695859 0.97834970 0.00000000
vn 0.20695859 0.97834970 0.00000000
vn -1.00000000 0.00000000 0.00000000
vn -1.00000000 0.00000000 0.00000000
vn -1.00000000 0.00000000 0.00000000
vn -1.00000000 0.00000000 0.00000000
vn 1.00000000 0.00000000 0.00000000
vn 1.00000000 0.00000000 0.00000000
vn 1.00000000 0.00000000 0.00000000
vn 1.00000000 0.00000000 0.00000000
vn 0.64018440 0.76822128 0.00000000
vn 0.64018440 0.76822128 0.00000000
vn 0.64018440 0.76822128 0.00000000
vn 0.64018440 0.76822128 0.00000000
vn 0.27805808 0.96056426 0.00000000
vn 0.27805808 0.96056426 0.00000000
vn 0.27805808 0.96056426 0.00000000
vn 0.27805808 0.96056426 0.00000000
vn 0.58123819 0.81373347 0.00000000
vn 0.58123819 0.81373347 0.00000000
vn 0.58123819 0.81373347 0.00000000
vn 0.58123819 0.81373347 0.00000000
vn 0.96476382 0.26311741 0.00000000
vn 0.96476382 0.26311741 0.00000000
vn 0.96476382 0.26311741 0.00000000
vn 0.96476382 0.26311741 0.00000000
vn 1.00000000 0.00000000 0.00000000
vn 1.00000000 0.00000000 0.00000000
vn 1.00000000 0.00000000 0.00000000
vn 1.00000000 0.00000000 0.00000000
vn 0.94868330 -0.31622777 0.00000000
vn 0.94868330 -0.31622777 0.00000000
vn 0.94868330 -0.31622777 0.00000000
vn 0.94868330 -0.31622777 0.00000000
vn 0.39391930 -0.91914503 0.00000000
vn 0.39391930 -0.91914503 0.00000000
vn 0.39391930 -0.91914503 0.00000000
vn 0.39391930 -0.91914503 0.00000000
vn 0.70710678 -0.70710678 0.00000000
vn 0.70710678 -0.70710678 0.00000000
vn 0.70710678 -0.70710678 0.00000000
vn 0.70710678 -0.70710678 0.00000000
vn 0.99227788 -0.12403473 0.00000000
vn 0.99227788 -0.12403473 0.00000000
vn 0.99227788 -0.12403473 0.00000000
vn 0.99227788 -0.12403473 0.00000000
vn 1.00000000 0.00000000 0.00000000
vn 1.00000000 0.00000000 0.00000000
vn 1.00000000 0.00000000 0.00000000
vn 1.00000000 0.00000000 0.00000000
vn 0.94868330 0.31622777 0.00000000
vn 0.94868330 0.31622777 0.00000000
vn 0.94868330 0.31622777 0.00000000
vn 0.94868330 0.31622777 0.00000000
vn 0.58072468 0.81410002 0.00000000
vn 0.58072468 0.81410002 0.00000000
vn 0.58072468 0.81410002 0.00000000
vn 0.58072468 0.81410002 0.00000000
vn 0.00000000 1.00000000 0.00000000
vn 0.00000000 1.00000000 0.00000000
vn 0.00000000 1.00000000 0.00000000
vn 0.00000000 1.00000000 0.00000000
vn -0.58072468 0.81410002 0.00000000
vn -0.58072468 0.81410002 0.00000000
vn -0.58072468 0.81410002 0.00000000
vn -0.58072468 0.81410002 0.00000000
vn -0.94868330 0.31622777 0.00000000
vn -0.94868330 0.31622777 0.00000000
vn -0.94868330 0.31622777 0.00000000
vn -0.94868330 0.31622777 0.00000000
vn -1.00000000 0.00000000 0.00000000
vn -1.00000000 0.00000000 0.00000000
vn -1.00000000 0.00000000 0.00000000
vn -1.00000000 0.00000000 0.00000000
vn -0.99227788 -0.12403473 0.00000000
vn -0.99227788 -0.12403473 0.00000000
vn -0.99227788 -0.12403473 0.00000000
vn -0.99227788 -0.12403473 0.00000000
vn -0.70710678 -0.70710678 0.00000000
vn -0.70710678 -0.70710678 0.00000000
vn -0.70710678 -0.70710678 0.00000000
vn -0.70710678 -0.70710678 0.00000000
vn -0.39391930 -0.91914503 0.00000000
vn -0.39391930 -0.91914503 0.00000000
vn -0.39391930 -0.91914503 0.00000000
vn -0.39391930 -0.91914503 0.00000000
vn -0.94868330 -0.31622777 0.00000000
vn -0.94868330 -0.31622777 0.00000000
vn -0.94868330 -0.31622777 0.00000000
vn -0.94868330 -0.31622777 0.00000000
vn -1.00000000 0.00000000 0.00000000
vn -1.00000000 0.00000000 0.00000000
vn -1.00000000 0.00000000 0.00000000
vn -1.00000000 0.00000000 0.00000000
vn -0.96476382 0.26311741 0.00000000
vn -0.96476382 0.26311741 0.00000000
vn -0.96476382 0.26311741 0.00000000
vn -0.96476382 0.26311741 0.00000000
vn -0.58123819 0.81373347 0.00000000
vn -0.58123819 0.81373347 0.00000000
vn -0.58123819 0.81373347 0.00000000
vn -0.58123819 0.81373347 0.00000000
vn -0.27805808 0.96056426 0.00000000
vn -0.27805808 0.96056426 0.00000000
vn -0.27805808 0.96056426 0.00000000
vn -0.27805808 0.96056426 0.00000000
vn -0.64018440 0.76822128 0.00000000
vn -0.64018440 0.76822128 0.00000000
vn -0.64018440 0.76822128 0.00000000
vn -0.64018440 0.76822128 0.00000000
vn -1.00000000 0.00000000 0.00000000
vn -1.00000000 0.00000000 0.00000000
vn -1.00000000 0.00000000 0.00000000
vn -1.00000000 0.00000000 0.00000000
vn 0.00000000 -1.00000000 0.00000000
vn 0.00000000 -1.00000000 0.00000000
vn 0.00000000 -1.00000000 0.00000000
vn 0.00000000 -1.00000000 0.00000000
vn 0.00000000 0.00000000 -1.00000000
vn 0.00000000 0.00000000 -1.00000000
vn 0.00000000 0.00000000 -1.00000000
vn 0.00000000 0.00000000 -1.00000000
vn 0.00000000 0.00000000 -1.00000000
vn 0.00000000 0.00000000 -1.00000000
vn 0.00000000 0.00000000 -1.00000000
vn 0.00000000 0.00000000 -1.00000000
vn 0.00000000 0.00000000 -1.00000000
vn 0.00000000 0.00000000 -1.00000000
vn 0.00000000 0.00000000 -1.00000000
vn 0.00000000 0.00000000 -1.00000000
vn 0.00000000 0.00000000 -1.00000000
vn 0.00000000 0.00000000 -1.00000000
vn 0.00000000 0.00000000 -1.00000000
vn 0.00000000 0.00000000 -1.00000000
vn 0.00000000 0.00000000 -1.00000000
vn 0.00000000 0.00000000 -1.00000000
vn 0.00000000 0.00000000 -1.00000000
vn 0.00000000 0.00000000 -1.00000000
vn 0.00000000 0.00000000 -1.00000000
vn 0.00000000 0.00000000 -1.00000000
vn 0.00000000 0.00000000 -1.00000000
vn 0.00000000 0.00000000 -1.00000000
vn 0.00000000 0.00000000 -1.00000000
vn 0.00000000 0.00000000 -1.00000000
vn 0.00000000 0.00000000 -1.00000000
vn 0.00000000 0.00000000 -1.00000000
vn 0.00000000 0.00000000 -1.00000000
vn 0.00000000 0.00000000 -1.00000000
vn 0.00000000 0.00000000 -1.00000000
vn 0.00000000 0.00000000 -1.00000000
vn 0.00000000 0.00000000 -1.00000000
vn 0.00000000 0.00000000 -1.00000000
vn 0.00000000 0.00000000 -1.00000000
vn 0.00000000 0.00000000 -1.00000000
vn 0.00000000 0.00000000 -1.00000000
vn 0.00000000 0.00000000 -1.00000000
vn 0.00000000 0.00000000 -1.00000000
vn 0.00000000 0.00000000 -1.00000000
vn 0.00000000 0.00000000 -1.00000000
vn 0.00000000 0.00000000 -1.00000000
vn 0.00000000 0.00000000 -1.00000000
vn 0.00000000 0.00000000 -1.00000000
vn 0.00000000 0.00000000 -1.00000000
vn 0.00000000 0.00000000 -1.00000000
vn 0.00000000 0.00000000 -1.00000000
vn 0.00000000 0.00000000 -1.00000000
vn 0.00000000 0.00000000 -1.00000000
vn 0.00000000 0.00000000 -1.00000000
vn 0.00000000 0.00000000 -1.00000000
vn 0.00000000 0.00000000 -1.00000000
vn 0.00000000 0.00000000 -1.00000000
vn 0.00000000 0.00000000 -1.00000000
vn 0.00000000 0.00000000 -1.00000000
vn 0.00000000 0.00000000 -1.00000000
vn 0.00000000 0.00000000 -1.00000000
vn 0.00000000 0.00000000 -1.00000000
vn 0.00000000 0.00000000 -1.00000000
vn 0.00000000 0.00000000 -1.00000000
vn 0.00000000 0.00000000 -1.00000000
vn 0.00000000 0.00000000 -1.00000000
vn 0.00000000 0.00000000 -1.00000000
vn 0.00000000 0.00000000 -1.00000000
vn 0.00000000 0.00000000 -1.00000000
vn 0.00000000 0.00000000 -1.00000000
vn 0.00000000 0.00000000 -1.00000000
vn 0.00000000 0.00000000 -1.00000000
vn 0.00000000 0.00000000 -1.00000000
vn 0.00000000 0.00000000 -1.00000000
vn 0.00000000 0.00000000 -1.00000000
vn 0.00000000 0.00000000 -1.00000000
vn 0.00000000 0.00000000 -1.00000000
vn 0.00000000 0.00000000 -1.00000000
vn 0.00000000 0.00000000 -1.00000000
vn 0.00000000 0.00000000 -1.00000000
vn 0.00000000 0.00000000 -1.00000000
vn 0.00000000 0.00000000 -1.00000000
vn 0.00000000 0.00000000 1.00000000
vn 0.00000000 0.00000000 1.00000000
vn 0.00000000 0.00000000 1.00000000
vn 0.00000000 0.00000000 1.00000000
vn 0.00000000 0.00000000 1.00000000
vn 0.00000000 0.00000000 1.00000000
vn 0.00000000 0.00000000 1.00000000
vn 0.00000000 0.00000000 1.00000000
vn 0.00000000 0.00000000 1.00000000
vn 0.00000000 0.00000000 1.00000000
vn 0.00000000 0.00000000 1.00000000
vn 0.00000000 0.00000000 1.00000000
vn 0.00000000 0.00000000 1.00000000
vn 0.00000000 0.00000000 1.00000000
vn 0.00000000 0.00000000 1.00000000
vn 0.00000000 0.00000000 1.00000000
vn 0.00000000 0.00000000 1.00000000
vn 0.00000000 0.00000000 1.00000000
vn 0.00000000 0.00000000 1.00000000
vn 0.00000000 0.00000000 1.00000000
vn 0.00000000 0.00000000 1.00000000
vn 0.00000000 0.00000000 1.00000000
vn 0.00000000 0.00000000 1.00000000
vn 0.00000000 0.00000000 1.00000000
vn 0.00000000 0.00000000 1.00000000
vn 0.00000000 0.00000000 1.00000000
vn 0.00000000 0.00000000 1.00000000
vn 0.00000000 0.00000000 1.00000000
vn 0.00000000 0.00000000 1.00000000
vn 0.00000000 0.00000000 1.00000000
vn 0.00000000 -0.00000000 1.00000000
vn 0.00000000 -0.00000000 1.00000000
vn 0.00000000 -0.00000000 1.00000000
vn 0.00000000 0.00000000 1.00000000
vn 0.00000000 0.00000000 1.00000000
vn 0.00000000 0.00000000 1.00000000
vn 0.00000000 0.00000000 1.00000000
vn 0.00000000 0.00000000 1.00000000
vn 0.00000000 0.00000000 1.00000000
vn 0.00000000 0.00000000 1.00000000
vn 0.00000000 0.00000000 1.00000000
vn 0.00000000 0.00000000 1.00000000
vn 0.00000000 0.00000000 1.00000000
vn 0.00000000 0.00000000 1.00000000
vn 0.00000000 0.00000000 1.00000000
vn 0.00000000 0.00000000 1.00000000
vn 0.00000000 0.00000000 1.00000000
vn 0.00000000 0.00000000 1.00000000
vn 0.00000000 0.00000000 1.00000000
vn 0.00000000 0.00000000 1.00000000
vn 0.00000000 0.00000000 1.00000000
vn 0.00000000 0.00000000 1.00000000
vn 0.00000000 0.00000000 1.00000000
vn 0.00000000 0.00000000 1.00000000
vn 0.00000000 -0.00000000 1.00000000
vn 0.00000000 -0.00000000 1.00000000
vn 0.00000000 -0.00000000 1.00000000
vn 0.00000000 0.00000000 1.00000000
vn 0.00000000 0.00000000 1.00000000
vn 0.00000000 0.00000000 1.00000000
vn 0.00000000 0.00000000 1.00000000
vn 0.00000000 0.00000000 1.00000000
vn 0.00000000 0.00000000 1.00000000
vn 0.00000000 0.00000000 1.00000000
vn 0.00000000 0.00000000 1.00000000
vn 0.00000000 0.00000000 1.00000000
vn 0.00000000 0.00000000 1.00000000
vn 0.00000000 0.00000000 1.00000000
vn 0.00000000 0.00000000 1.00000000
vn 0.00000000 0.00000000 1.00000000
vn 0.00000000 0.00000000 1.00000000
vn 0.00000000 0.00000000 1.00000000
vn 0.00000000 0.00000000 1.00000000
vn 0.00000000 0.00000000 1.00000000
vn 0.00000000 0.00000000 1.00000000
vn 0.00000000 0.00000000 1.00000000
vn 0.00000000 0.00000000 1.00000000
vn 0.00000000 0.00000000 1.00000000
vn 0.00000000 -1.00000000 0.00000000
vn 0.00000000 -1.00000000 0.00000000
vn 0.00000000 -1.00000000 0.00000000
vn 0.00000000 -1.00000000 0.00000000
vn 0.00000000 -1.00000000 0.00000000
vn 0.00000000 -1.00000000 0.00000000
vn 0.00000000 -1.00000000 0.00000000
vn 0.00000000 -1.00000000 0.00000000
vn 0.00000000 -1.00000000 0.00000000
vn 0.00000000 -1.00000000 0.00000000
vn 0.00000000 -1.00000000 0.00000000
vn 0.00000000 -1.00000000 0.00000000
vn 0.00000000 -1.00000000 0.00000000
vn 0.00000000 -1.00000000 0.00000000
vn 0.00000000 -1.00000000 0.00000000
vn 0.00000000 -1.00000000 0.00000000
vn 0.00000000 -1.00000000 0.00000000
vn 0.00000000 -1.00000000 0.00000000
vn 0.00000000 1.00000000 0.00000000
vn 0.00000000 1.00000000 0.00000000
vn 0.00000000 1.00000000 0.00000000
vn 0.00000000 1.00000000 -0.00000000
vn 0.00000000 1.00000000 -0.00000000
vn 0.00000000 1.00000000 -0.00000000
vn 0.00000000 1.00000000 0.00000000
vn 0.00000000 1.00000000 0.00000000
vn 0.00000000 1.00000000 0.00000000
vn 0.00000000 1.00000000 0.00000000
vn 0.00000000 1.00000000 0.00000000
vn 0.00000000 1.00000000 0.00000000
vn 0.00000000 1.00000000 0.00000000
vn 0.00000000 1.00000000 0.00000000
vn 0.00000000 1.00000000 0.00000000
vn 0.00000000 1.00000000 0.00000000
vn 0.00000000 1.00000000 0.00000000
vn 0.00000000 1.00000000 0.00000000
vn 0.00000000 0.00000000 -1.00000000
vn 0.00000000 0.00000000 -1.00000000
vn 0.00000000 0.00000000 -1.00000000
vn 0.00000000 0.00000000 -1.00000000
vn 0.70710678 0.00000000 -0.70710678
vn 0.70710678 0.00000000 -0.70710678
vn 0.70710678 0.00000000 -0.70710678
vn 0.70710678 0.00000000 -0.70710678
vn 1.00000000 0.00000000 -0.00000000
vn 1.00000000 0.00000000 -0.00000000
vn 1.00000000 0.00000000 -0.00000000
vn 1.00000000 0.00000000 -0.00000000
vn 0.70710678 0.00000000 0.70710678
vn 0.70710678 0.00000000 0.70710678
vn 0.70710678 0.00000000 0.70710678
vn 0.70710678 0.00000000 0.70710678
vn 0.00000000 0.00000000 1.00000000
vn 0.00000000 0.00000000 1.00000000
vn 0.00000000 0.00000000 1.00000000
vn 0.00000000 0.00000000 1.00000000
vn -0.70710678 0.00000000 0.70710678
vn -0.70710678 0.00000000 0.70710678
vn -0.70710678 0.00000000 0.70710678
vn -0.70710678 0.00000000 0.70710678
vn -1.00000000 0.00000000 -0.00000000
vn -1.00000000 0.00000000 -0.00000000
vn -1.00000000 0.00000000 -0.00000000
vn -1.00000000 0.00000000 -0.00000000
vn -0.70710678 0.00000000 -0.70710678
vn -0.70710678 0.00000000 -0.70710678
vn -0.70710678 0.00000000 -0.70710678
vn -0.70710678 0.00000000 -0.70710678
vn 0.00000000 -1.00000000 0.00000000
vn 0.00000000 -1.00000000 0.00000000
vn 0.00000000 -1.00000000 0.00000000
vn 0.00000000 -1.00000000 0.00000000
vn 0.00000000 -1.00000000 0.00000000
vn 0.00000000 -1.00000000 0.00000000
vn 0.00000000 -1.00000000 0.00000000
vn 0.00000000 -1.00000000 0.00000000
vn 0.00000000 -1.00000000 0.00000000
vn 0.00000000 -1.00000000 0.00000000
vn 0.00000000 -1.00000000 0.00000000
vn 0.00000000 -1.00000000 0.00000000
vn 0.00000000 -1.00000000 0.00000000
vn 0.00000000 -1.00000000 0.00000000
vn 0.00000000 -1.00000000 0.00000000
vn 0.00000000 -1.00000000 0.00000000
vn 0.00000000 -1.00000000 0.00000000
vn 0.00000000 -1.00000000 0.00000000
vn 0.00000000 1.00000000 0.00000000
vn 0.00000000 1.00000000 0.00000000
vn 0.00000000 1.00000000 0.00000000
vn 0.00000000 1.00000000 -0.00000000
vn 0.00000000 1.00000000 -0.00000000
vn 0.00000000 1.00000000 -0.00000000
vn 0.00000000 1.00000000 0.00000000
vn 0.00000000 1.00000000 0.00000000
vn 0.00000000 1.00000000 0.00000000
vn 0.00000000 1.00000000 0.00000000
vn 0.00000000 1.00000000 0.00000000
vn 0.00000000 1.00000000 0.00000000
vn 0.00000000 1.00000000 0.00000000
vn 0.00000000 1.00000000 0.00000000
vn 0.00000000 1.00000000 0.00000000
vn 0.00000000 1.00000000 0.00000000
vn 0.00000000 1.00000000 0.00000000
vn 0.00000000 1.00000000 0.00000000
vn 0.00000000 0.00000000 -1.00000000
vn 0.00000000 0.00000000 -1.00000000
vn 0.00000000 0.00000000 -1.00000000
vn 0.00000000 0.00000000 -1.00000000
vn 0.70710678 0.00000000 -0.70710678
vn 0.70710678 0.00000000 -0.70710678
vn 0.70710678 0.00000000 -0.70710678
vn 0.70710678 0.00000000 -0.70710678
vn 1.00000000 0.00000000 -0.00000000
vn 1.00000000 0.00000000 -0.00000000
vn 1.00000000 0.00000000 -0.00000000
vn 1.00000000 0.00000000 -0.00000000
vn 0.70710678 0.00000000 0.70710678
vn 0.70710678 0.00000000 0.70710678
vn 0.70710678 0.00000000 0.70710678
vn 0.70710678 0.00000000 0.70710678
vn 0.00000000 0.00000000 1.00000000
vn 0.00000000 0.00000000 1.00000000
vn 0.00000000 0.00000000 1.00000000
vn 0.00000000 0.00000000 1.00000000
vn -0.70710678 0.00000000 0.70710678
vn -0.70710678 0.00000000 0.70710678
vn -0.70710678 0.00000000 0.70710678
vn -0.70710678 0.00000000 0.70710678
vn -1.00000000 0.00000000 -0.00000000
vn -1.00000000 0.00000000 -0.00000000
vn -1.00000000 0.00000000 -0.00000000
vn -1.00000000 0.00000000 -0.00000000
vn -0.70710678 0.00000000 -0.70710678
vn -0.70710678 0.00000000 -0.70710678
vn -0.70710678 0.00000000 -0.70710678
vn -0.70710678 0.00000000 -0.70710678
vn 0.00000000 -1.00000000 0.00000000
vn 0.00000000 -1.00000000 0.00000000
vn 0.00000000 -1.00000000 0.00000000
vn 0.00000000 -1.00000000 0.00000000
vn 0.00000000 -1.00000000 0.00000000
vn 0.00000000 -1.00000000 0.00000000
vn 0.00000000 -1.00000000 0.00000000
vn 0.00000000 -1.00000000 0.00000000
vn 0.00000000 -1.00000000 0.00000000
vn 0.00000000 -1.00000000 0.00000000
vn 0.00000000 -1.00000000 0.00000000
vn 0.00000000 -1.00000000 0.00000000
vn 0.00000000 -1.00000000 0.00000000
vn 0.00000000 -1.00000000 0.00000000
vn 0.00000000 -1.00000000 0.00000000
vn 0.00000000 -1.00000000 0.00000000
vn 0.00000000 -1.00000000 0.00000000
vn 0.00000000 -1.00000000 0.00000000
vn 0.00000000 1.00000000 0.00000000
vn 0.00000000 1.00000000 0.00000000
vn 0.00000000 1.00000000 0.00000000
vn 0.00000000 1.00000000 -0.00000000
vn 0.00000000 1.00000000 -0.00000000
vn 0.00000000 1.00000000 -0.00000000
vn 0.00000000 1.00000000 0.00000000
vn 0.00000000 1.00000000 0.00000000
vn 0.00000000 1.00000000 0.00000000
vn 0.00000000 1.00000000 0.00000000
vn 0.00000000 1.00000000 0.00000000
vn 0.00000000 1.00000000 0.00000000
vn 0.00000000 1.00000000 0.00000000
vn 0.00000000 1.00000000 0.00000000
vn 0.00000000 1.00000000 0.00000000
vn 0.00000000 1.00000000 0.00000000
vn 0.00000000 1.00000000 0.00000000
vn 0.00000000 1.00000000 0.00000000
vn 0.00000000 0.00000000 -1.00000000
vn 0.00000000 0.00000000 -1.00000000
vn 0.00000000 0.00000000 -1.00000000
vn 0.00000000 0.00000000 -1.00000000
vn 0.70710678 0.00000000 -0.70710678
vn 0.70710678 0.00000000 -0.70710678
vn 0.70710678 0.00000000 -0.70710678
vn 0.70710678 0.00000000 -0.70710678
vn 1.00000000 0.00000000 -0.00000000
vn 1.00000000 0.00000000 -0.00000000
vn 1.00000000 0.00000000 -0.00000000
vn 1.00000000 0.00000000 -0.00000000
vn 0.70710678 0.00000000 0.70710678
vn 0.70710678 0.00000000 0.70710678
vn 0.70710678 0.00000000 0.70710678
vn 0.70710678 0.00000000 0.70710678
vn 0.00000000 0.00000000 1.00000000
vn 0.00000000 0.00000000 1.00000000
vn 0.00000000 0.00000000 1.00000000
vn 0.00000000 0.00000000 1.00000000
vn -0.70710678 0.00000000 0.70710678
vn -0.70710678 0.00000000 0.70710678
vn -0.70710678 0.00000000 0.70710678
vn -0.70710678 0.00000000 0.70710678
vn -1.00000000 0.00000000 -0.00000000
vn -1.00000000 0.00000000 -0.00000000
vn -1.00000000 0.00000000 -0.00000000
vn -1.00000000 0.00000000 -0.00000000
vn -0.70710678 0.00000000 -0.70710678
vn -0.70710678 0.00000000 -0.70710678
vn -0.70710678 0.00000000 -0.70710678
vn -0.70710678 0.00000000 -0.70710678
vn 0.00000000 -1.00000000 0.00000000
vn 0.00000000 -1.00000000 0.00000000
vn 0.00000000 -1.00000000 0.00000000
vn 0.00000000 -1.00000000 0.00000000
vn 0.00000000 -1.00000000 0.00000000
vn 0.00000000 -1.00000000 0.00000000
vn 0.00000000 -1.00000000 0.00000000
vn 0.00000000 -1.00000000 0.00000000
vn 0.00000000 -1.00000000 0.00000000
vn 0.00000000 -1.00000000 0.00000000
vn 0.00000000 -1.00000000 0.00000000
vn 0.00000000 -1.00000000 0.00000000
vn 0.00000000 -1.00000000 0.00000000
vn 0.00000000 -1.00000000 0.00000000
vn 0.00000000 -1.00000000 0.00000000
vn 0.00000000 -1.00000000 0.00000000
vn 0.00000000 -1.00000000 0.00000000
vn 0.00000000 -1.00000000 0.00000000
vn 0.00000000 1.00000000 0.00000000
vn 0.00000000 1.00000000 0.00000000
vn 0.00000000 1.00000000 0.00000000
vn 0.00000000 1.00000000 -0.00000000
vn 0.00000000 1.00000000 -0.00000000
vn 0.00000000 1.00000000 -0.00000000
vn 0.00000000 1.00000000 0.00000000
vn 0.00000000 1.00000000 0.00000000
vn 0.00000000 1.00000000 0.00000000
vn 0.00000000 1.00000000 0.00000000
vn 0.00000000 1.00000000 0.00000000
vn 0.00000000 1.00000000 0.00000000
vn 0.00000000 1.00000000 0.00000000
vn 0.00000000 1.00000000 0.00000000
vn 0.00000000 1.00000000 0.00000000
vn 0.00000000 1.00000000 0.00000000
vn 0.00000000 1.00000000 0.00000000
vn 0.00000000 1.00000000 0.00000000
vn 0.00000000 0.00000000 -1.00000000
vn 0.00000000 0.00000000 -1.00000000
vn 0.00000000 0.00000000 -1.00000000
vn 0.00000000 0.00000000 -1.00000000
vn 0.70710678 0.00000000 -0.70710678
vn 0.70710678 0.00000000 -0.70710678
vn 0.70710678 0.00000000 -0.70710678
vn 0.70710678 0.00000000 -0.70710678
vn 1.00000000 0.00000000 -0.00000000
vn 1.00000000 0.00000000 -0.00000000
vn 1.00000000 0.00000000 -0.00000000
vn 1.00000000 0.00000000 -0.00000000
vn 0.70710678 0.00000000 0.70710678
vn 0.70710678 0.00000000 0.70710678
vn 0.70710678 0.00000000 0.70710678
vn 0.70710678 0.00000000 0.70710678
vn 0.00000000 0.00000000 1.00000000
vn 0.00000000 0.00000000 1.00000000
vn 0.00000000 0.00000000 1.00000000
vn 0.00000000 0.00000000 1.00000000
vn -0.70710678 0.00000000 0.70710678
vn -0.70710678 0.00000000 0.70710678
vn -0.70710678 0.00000000 0.70710678
vn -0.70710678 0.00000000 0.70710678
vn -1.00000000 0.00000000 -0.00000000
vn -1.00000000 0.00000000 -0.00000000
vn -1.00000000 0.00000000 -0.00000000
vn -1.00000000 0.00000000 -0.00000000
vn -0.70710678 0.00000000 -0.70710678
vn -0.70710678 0.00000000 -0.70710678
vn -0.70710678 0.00000000 -0.70710678
vn -0.70710678 0.00000000 -0.70710678
vn 0.00000000 -0.00000000 1.00000000
vn 0.00000000 -0.00000000 1.00000000
vn 0.00000000 -0.00000000 1.00000000
vn 0.00000000 0.00000000 1.00000000
vn 0.00000000 0.00000000 1.00000000
vn 0.00000000 0.00000000 1.00000000
vn 0.00000000 0.00000000 1.00000000
vn 0.00000000 0.00000000 1.00000000
vn 0.00000000 0.00000000 1.00000000
vn 0.00000000 0.00000000 1.00000000
vn 0.00000000 0.00000000 1.00000000
vn 0.00000000 0.00000000 1.00000000
vn 0.00000000 0.00000000 1.00000000
vn 0.00000000 0.00000000 1.00000000
vn 0.00000000 0.00000000 1.00000000
vn 0.00000000 0.00000000 1.00000000
vn 0.00000000 0.00000000 1.00000000
vn 0.00000000 0.00000000 1.00000000
vn 0.00000000 0.00000000 1.00000000
vn 0.00000000 0.00000000 1.00000000
vn 0.00000000 0.00000000 1.00000000
vn 0.00000000 -0.00000000 -1.00000000
vn 0.00000000 -0.00000000 -1.00000000
vn 0.00000000 -0.00000000 -1.00000000
vn 0.00000000 0.00000000 -1.00000000
vn 0.00000000 0.00000000 -1.00000000
vn 0.00000000 0.00000000 -1.00000000
vn 0.00000000 0.00000000 -1.00000000
vn 0.00000000 0.00000000 -1.00000000
vn 0.00000000 0.00000000 -1.00000000
vn 0.00000000 0.00000000 -1.00000000
vn 0.00000000 0.00000000 -1.00000000
vn 0.00000000 0.00000000 -1.00000000
vn 0.00000000 0.00000000 -1.00000000
vn 0.00000000 0.00000000 -1.00000000
vn 0.00000000 0.00000000 -1.00000000
vn 0.00000000 0.00000000 -1.00000000
vn 0.00000000 0.00000000 -1.00000000
vn 0.00000000 0.00000000 -1.00000000
vn 0.00000000 0.00000000 -1.00000000
vn 0.00000000 0.00000000 -1.00000000
vn 0.00000000 0.00000000 -1.00000000
vn 0.37708674 -0.92617795 0.00000000
vn 0.37708674 -0.92617795 0.00000000
vn 0.37708674 -0.92617795 0.00000000
vn 0.37708674 -0.92617795 0.00000000
vn 0.72353574 -0.69028692 0.00000000
vn 0.72353574 -0.69028692 0.00000000
vn 0.72353574 -0.69028692 0.00000000
vn 0.72353574 -0.69028692 0.00000000
vn -0.00000000 -1.00000000 0.00000000
vn -0.00000000 -1.00000000 0.00000000
vn -0.00000000 -1.00000000 0.00000000
vn -0.00000000 -1.00000000 0.00000000
vn -1.00000000 0.00000000 0.00000000
vn -1.00000000 0.00000000 0.00000000
vn -1.00000000 0.00000000 0.00000000
vn -1.00000000 0.00000000 0.00000000
vn -0.00000000 1.00000000 0.00000000
vn -0.00000000 1.00000000 0.00000000
vn -0.00000000 1.00000000 0.00000000
vn -0.00000000 1.00000000 0.00000000
vn -0.18589167 0.98257025 0.00000000
vn -0.18589167 0.98257025 0.00000000
vn -0.18589167 0.98257025 0.00000000
vn -0.18589167 0.98257025 0.00000000
vn -0.00000000 1.00000000 0.00000000
vn -0.00000000 1.00000000 0.00000000
vn -0.00000000 1.00000000 0.00000000
vn -0.00000000 1.00000000 0.00000000
vn -0.20695859 0.97834970 0.00000000
vn -0.20695859 0.97834970 0.00000000
vn -0.20695859 0.97834970 0.00000000
vn -0.20695859 0.97834970 0.00000000
vn 1.00000000 0.00000000 0.00000000
vn 1.00000000 0.00000000 0.00000000
vn 1.00000000 0.00000000 0.00000000
vn 1.00000000 0.00000000 0.00000000
vn 0.00000000 -1.00000000 0.00000000
vn 0.00000000 -1.00000000 0.00000000
vn 0.00000000 -1.00000000 0.00000000
vn 0.00000000 -1.00000000 0.00000000
vn 0.00000000 -1.00000000 0.00000000
vn 0.00000000 -1.00000000 0.00000000
vn 0.00000000 -1.00000000 0.00000000
vn 0.00000000 -1.00000000 0.00000000
vn 0.00000000 -1.00000000 0.00000000
vn 0.00000000 -1.00000000 0.00000000
vn 0.00000000 -1.00000000 0.00000000
vn 0.00000000 -1.00000000 0.00000000
vn 0.00000000 -1.00000000 0.00000000
vn 0.00000000 -1.00000000 0.00000000
vn 0.00000000 -1.00000000 0.00000000
vn 0.00000000 -1.00000000 0.00000000
vn 0.00000000 -1.00000000 0.00000000
vn 0.00000000 -1.00000000 0.00000000
vn 0.00000000 1.00000000 0.00000000
vn 0.00000000 1.00000000 0.00000000
vn 0.00000000 1.00000000 0.00000000
vn 0.00000000 1.00000000 -0.00000000
vn 0.00000000 1.00000000 -0.00000000
vn 0.00000000 1.00000000 -0.00000000
vn 0.00000000 1.00000000 0.00000000
vn 0.00000000 1.00000000 0.00000000
vn 0.00000000 1.00000000 0.00000000
vn 0.00000000 1.00000000 0.00000000
vn 0.00000000 1.00000000 0.00000000
vn 0.00000000 1.00000000 0.00000000
vn 0.00000000 1.00000000 0.00000000
vn 0.00000000 1.00000000 0.00000000
vn 0.00000000 1.00000000 0.00000000
vn 0.00000000 1.00000000 0.00000000
vn 0.00000000 1.00000000 0.00000000
vn 0.00000000 1.00000000 0.00000000
vn 0.00000000 0.00000000 -1.00000000
vn 0.00000000 0.00000000 -1.00000000
vn 0.00000000 0.00000000 -1.00000000
vn 0.00000000 0.00000000 -1.00000000
vn 0.70710678 0.00000000 -0.70710678
vn 0.70710678 0.00000000 -0.70710678
vn 0.70710678 0.00000000 -0.70710678
vn 0.70710678 0.00000000 -0.70710678
vn 1.00000000 0.00000000 -0.00000000
vn 1.00000000 0.00000000 -0.00000000
vn 1.00000000 0.00000000 -0.00000000
vn 1.00000000 0.00000000 -0.00000000
vn 0.70710678 0.00000000 0.70710678
vn 0.70710678 0.00000000 0.70710678
vn 0.70710678 0.00000000 0.70710678
vn 0.70710678 0.00000000 0.70710678
vn 0.00000000 0.00000000 1.00000000
vn 0.00000000 0.00000000 1.00000000
vn 0.00000000 0.00000000 1.00000000
vn 0.00000000 0.00000000 1.00000000
vn -0.70710678 0.00000000 0.70710678
vn -0.70710678 0.00000000 0.70710678
vn -0.70710678 0.00000000 0.70710678
vn -0.70710678 0.00000000 0.70710678
vn -1.00000000 0.00000000 -0.00000000
vn -1.00000000 0.00000000 -0.00000000
vn -1.00000000 0.00000000 -0.00000000
vn -1.00000000 0.00000000 -0.00000000
vn -0.70710678 0.00000000 -0.70710678
vn -0.70710678 0.00000000 -0.70710678
vn -0.70710678 0.00000000 -0.70710678
vn -0.70710678 0.00000000 -0.70710678
vn 0.00000000 -1.00000000 0.00000000
vn 0.00000000 -1.00000000 0.00000000
vn 0.00000000 -1.00000000 0.00000000
vn 0.00000000 -1.00000000 0.00000000
vn 0.00000000 -1.00000000 0.00000000
vn 0.00000000 -1.00000000 0.00000000
vn 0.00000000 -1.00000000 0.00000000
vn 0.00000000 -1.00000000 0.00000000
vn 0.00000000 -1.00000000 0.00000000
vn 0.00000000 -1.00000000 0.00000000
vn 0.00000000 -1.00000000 0.00000000
vn 0.00000000 -1.00000000 0.00000000
vn 0.00000000 -1.00000000 0.00000000
vn 0.00000000 -1.00000000 0.00000000
vn 0.00000000 -1.00000000 0.00000000
vn 0.00000000 -1.00000000 0.00000000
vn 0.00000000 -1.00000000 0.00000000
vn 0.00000000 -1.00000000 0.00000000
vn 0.00000000 1.00000000 0.00000000
vn 0.00000000 1.00000000 0.00000000
vn 0.00000000 1.00000000 0.00000000
vn 0.00000000 1.00000000 -0.00000000
vn 0.00000000 1.00000000 -0.00000000
vn 0.00000000 1.00000000 -0.00000000
vn 0.00000000 1.00000000 0.00000000
vn 0.00000000 1.00000000 0.00000000
vn 0.00000000 1.00000000 0.00000000
vn 0.00000000 1.00000000 0.00000000
vn 0.00000000 1.00000000 0.00000000
vn 0.00000000 1.00000000 0.00000000
vn 0.00000000 1.00000000 0.00000000
vn 0.00000000 1.00000000 0.00000000
vn 0.00000000 1.00000000 0.00000000
vn 0.00000000 1.00000000 0.00000000
vn 0.00000000 1.00000000 0.00000000
vn 0.00000000 1.00000000 0.00000000
vn 0.00000000 0.00000000 -1.00000000
vn 0.00000000 0.00000000 -1.00000000
vn 0.00000000 0.00000000 -1.00000000
vn 0.00000000 0.00000000 -1.00000000
vn 0.70710678 0.00000000 -0.70710678
vn 0.70710678 0.00000000 -0.70710678
vn 0.70710678 0.00000000 -0.70710678
vn 0.70710678 0.00000000 -0.70710678
vn 1.00000000 0.00000000 -0.00000000
vn 1.00000000 0.00000000 -0.00000000
vn 1.00000000 0.00000000 -0.00000000
vn 1.00000000 0.00000000 -0.00000000
vn 0.70710678 0.00000000 0.70710678
vn 0.70710678 0.00000000 0.70710678
vn 0.70710678 0.00000000 0.70710678
vn 0.70710678 0.00000000 0.70710678
vn 0.00000000 0.00000000 1.00000000
vn 0.00000000 0.00000000 1.00000000
vn 0.00000000 0.00000000 1.00000000
vn 0.00000000 0.00000000 1.00000000
vn -0.70710678 0.00000000 0.70710678
vn -0.70710678 0.00000000 0.70710678
vn -0.70710678 0.00000000 0.70710678
vn -0.70710678 0.00000000 0.70710678
vn -1.00000000 0.00000000 -0.00000000
vn -1.00000000 0.00000000 -0.00000000
vn -1.00000000 0.00000000 -0.00000000
vn -1.00000000 0.00000000 -0.00000000
vn -0.70710678 0.00000000 -0.70710678
vn -0.70710678 0.00000000 -0.70710678
vn -0.70710678 0.00000000 -0.70710678
vn -0.70710678 0.00000000 -0.70710678
vn 0.00000000 0.00000000 1.00000000
vn 0.00000000 0.00000000 1.00000000
vn 0.00000000 0.00000000 1.00000000
vn 0.00000000 0.00000000 1.00000000
vn 0.00000000 0.00000000 1.00000000
vn 0.00000000 0.00000000 1.00000000
vn 0.00000000 0.00000000 1.00000000
vn 0.00000000 0.00000000 1.00000000
vn 0.00000000 0.00000000 1.00000000
vn 0.00000000 -0.00000000 1.00000000
vn 0.00000000 -0.00000000 1.00000000
vn 0.00000000 -0.00000000 1.00000000
vn 0.00000000 0.00000000 1.00000000
vn 0.00000000 0.00000000 1.00000000
vn 0.00000000 0.00000000 1.00000000
vn 0.00000000 0.00000000 1.00000000
vn 0.00000000 0.00000000 1.00000000
vn 0.00000000 0.00000000 1.00000000
vn 0.00000000 0.00000000 1.00000000
vn 0.00000000 0.00000000 1.00000000
vn 0.00000000 0.00000000 1.00000000
vn 0.00000000 0.00000000 -1.00000000
vn 0.00000000 0.00000000 -1.00000000
vn 0.00000000 0.00000000 -1.00000000
vn 0.00000000 0.00000000 -1.00000000
vn 0.00000000 0.00000000 -1.00000000
vn 0.00000000 0.00000000 -1.00000000
vn 0.00000000 0.00000000 -1.00000000
vn 0.00000000 0.00000000 -1.00000000
vn 0.00000000 0.00000000 -1.00000000
vn 0.00000000 0.00000000 -1.00000000
vn 0.00000000 0.00000000 -1.00000000
vn 0.00000000 0.00000000 -1.00000000
vn 0.00000000 0.00000000 -1.00000000
vn 0.00000000 0.00000000 -1.00000000
vn 0.00000000 0.00000000 -1.00000000
vn 0.00000000 0.00000000 -1.00000000
vn 0.00000000 0.00000000 -1.00000000
vn 0.00000000 0.00000000 -1.00000000
vn 0.00000000 0.00000000 -1.00000000
vn 0.00000000 0.00000000 -1.00000000
vn 0.00000000 0.00000000 -1.00000000
vn -0.37708674 -0.92617795 0.00000000
vn -0.37708674 -0.92617795 0.00000000
vn -0.37708674 -0.92617795 0.00000000
vn -0.37708674 -0.92617795 0.00000000
vn -0.72353574 -0.69028692 0.00000000
vn -0.72353574 -0.69028692 0.00000000
vn -0.72353574 -0.69028692 0.00000000
vn -0.72353574 -0.69028692 0.00000000
vn 0.00000000 -1.00000000 0.00000000
vn 0.00000000 -1.00000000 0.00000000
vn 0.00000000 -1.00000000 0.00000000
vn 0.00000000 -1.00000000 0.00000000
vn 1.00000000 0.00000000 0.00000000
vn 1.00000000 0.00000000 0.00000000
vn 1.00000000 0.00000000 0.00000000
vn 1.00000000 0.00000000 0.00000000
vn 0.00000000 1.00000000 0.00000000
vn 0.00000000 1.00000000 0.00000000
vn 0.00000000 1.00000000 0.00000000
vn 0.00000000 1.00000000 0.00000000
vn 0.18589167 0.98257025 0.00000000
vn 0.18589167 0.98257025 0.00000000
vn 0.18589167 0.98257025 0.00000000
vn 0.18589167 0.98257025 0.00000000
vn 0.00000000 1.00000000 0.00000000
vn 0.00000000 1.00000000 0.00000000
vn 0.00000000 1.00000000 0.00000000
vn 0.00000000 1.00000000 0.00000000
vn 0.20695859 0.97834970 0.00000000
vn 0.20695859 0.97834970 0.00000000
vn 0.20695859 0.97834970 0.00000000
vn 0.20695859 0.97834970 0.00000000
vn -1.00000000 0.00000000 0.00000000
vn -1.00000000 0.00000000 0.00000000
vn -1.00000000 0.00000000 0.00000000
vn -1.00000000 0.00000000 0.00000000
vn 1.00000000 0.00000000 0.00000000
vn 1.00000000 0.00000000 0.00000000
vn 1.00000000 0.00000000 0.00000000
vn 1.00000000 0.00000000 0.00000000
vn 0.64018440 0.76822128 0.00000000
vn 0.64018440 0.76822128 0.00000000
vn 0.64018440 0.76822128 0.00000000
vn 0.64018440 0.76822128 0.00000000
vn 0.27805808 0.96056426 0.00000000
vn 0.27805808 0.96056426 0.00000000
vn 0.27805808 0.96056426 0.00000000
vn 0.27805808 0.96056426 0.00000000
vn 0.58123819 0.81373347 0.00000000
vn 0.58123819 0.81373347 0.00000000
vn 0.58123819 0.81373347 0.00000000
vn 0.58123819 0.81373347 0.00000000
vn 0.96476382 0.26311741 0.00000000
vn 0.96476382 0.26311741 0.00000000
vn 0.96476382 0.26311741 0.00000000
vn 0.96476382 0.26311741 0.00000000
vn 1.00000000 0.00000000 0.00000000
vn 1.00000000 0.00000000 0.00000000
vn 1.00000000 0.00000000 0.00000000
vn 1.00000000 0.00000000 0.00000000
vn 0.94868330 -0.31622777 0.00000000
vn 0.94868330 -0.31622777 0.00000000
vn 0.94868330 -0.31622777 0.00000000
vn 0.94868330 -0.31622777 0.00000000
vn 0.39391930 -0.91914503 0.00000000
vn 0.39391930 -0.91914503 0.00000000
vn 0.39391930 -0.91914503 0.00000000
vn 0.39391930 -0.91914503 0.00000000
vn 0.70710678 -0.70710678 0.00000000
vn 0.70710678 -0.70710678 0.00000000
vn 0.70710678 -0.70710678 0.00000000
vn 0.70710678 -0.70710678 0.00000000
vn 0.99227788 -0.12403473 0.00000000
vn 0.99227788 -0.12403473 0.00000000
vn 0.99227788 -0.12403473 0.00000000
vn 0.99227788 -0.12403473 0.00000000
vn 1.00000000 0.00000000 0.00000000
vn 1.00000000 0.00000000 0.00000000
vn 1.00000000 0.00000000 0.00000000
vn 1.00000000 0.00000000 0.00000000
vn 0.94868330 0.31622777 0.00000000
vn 0.94868330 0.31622777 0.00000000
vn 0.94868330 0.31622777 0.00000000
vn 0.94868330 0.31622777 0.00000000
vn 0.58072468 0.81410002 0.00000000
vn 0.58072468 0.81410002 0.00000000
vn 0.58072468 0.81410002 0.00000000
vn 0.58072468 0.81410002 0.00000000
vn 0.00000000 1.00000000 0.00000000
vn 0.00000000 1.00000000 0.00000000
vn 0.00000000 1.00000000 0.00000000
vn 0.00000000 1.00000000 0.00000000
vn -0.58072468 0.81410002 0.00000000
vn -0.58072468 0.81410002 0.00000000
vn -0.58072468 0.81410002 0.00000000
vn -0.58072468 0.81410002 0.00000000
vn -0.94868330 0.31622777 0.00000000
vn -0.94868330 0.31622777 0.00000000
vn -0.94868330 0.31622777 0.00000000
vn -0.94868330 0.31622777 0.00000000
vn -1.00000000 0.00000000 0.00000000
vn -1.00000000 0.00000000 0.00000000
vn -1.00000000 0.00000000 0.00000000
vn -1.00000000 0.00000000 0.00000000
vn -0.99227788 -0.12403473 0.00000000
vn -0.99227788 -0.12403473 0.00000000
vn -0.99227788 -0.12403473 0.00000000
vn -0.99227788 -0.12403473 0.00000000
vn -0.70710678 -0.70710678 0.00000000
vn -0.70710678 -0.70710678 0.00000000
vn -0.70710678 -0.70710678 0.00000000
vn -0.70710678 -0.70710678 0.00000000
vn -0.39391930 -0.91914503 0.00000000
vn -0.39391930 -0.91914503 0.00000000
vn -0.39391930 -0.91914503 0.00000000
vn -0.39391930 -0.91914503 0.00000000
vn -0.94868330 -0.31622777 0.00000000
vn -0.94868330 -0.31622777 0.00000000
vn -0.94868330 -0.31622777 0.00000000
vn -0.94868330 -0.31622777 0.00000000
vn -1.00000000 0.00000000 0.00000000
vn -1.00000000 0.00000000 0.00000000
vn -1.00000000 0.00000000 0.00000000
vn -1.00000000 0.00000000 0.00000000
vn -0.96476382 0.26311741 0.00000000
vn -0.96476382 0.26311741 0.00000000
vn -0.96476382 0.26311741 0.00000000
vn -0.96476382 0.26311741 0.00000000
vn -0.58123819 0.81373347 0.00000000
vn -0.58123819 0.81373347 0.00000000
vn -0.58123819 0.81373347 0.00000000
vn -0.58123819 0.81373347 0.00000000
vn -0.27805808 0.96056426 0.00000000
vn -0.27805808 0.96056426 0.00000000
vn -0.27805808 0.96056426 0.00000000
vn -0.27805808 0.96056426 0.00000000
vn -0.64018440 0.76822128 0.00000000
vn -0.64018440 0.76822128 0.00000000
vn -0.64018440 0.76822128 0.00000000
vn -0.64018440 0.76822128 0.00000000
vn -1.00000000 0.00000000 0.00000000
vn -1.00000000 0.00000000 0.00000000
vn -1.00000000 0.00000000 0.00000000
vn -1.00000000 0.00000000 0.00000000
vn 0.00000000 -1.00000000 0.00000000
vn 0.00000000 -1.00000000 0.00000000
vn 0.00000000 -1.00000000 0.00000000
vn 0.00000000 -1.00000000 0.00000000
vn 0.00000000 0.00000000 -1.00000000
vn 0.00000000 0.00000000 -1.00000000
vn 0.00000000 0.00000000 -1.00000000
vn 0.00000000 0.00000000 -1.00000000
vn 0.00000000 0.00000000 -1.00000000
vn 0.00000000 0.00000000 -1.00000000
vn 0.00000000 0.00000000 -1.00000000
vn 0.00000000 0.00000000 -1.00000000
vn 0.00000000 0.00000000 -1.00000000
vn 0.00000000 0.00000000 -1.00000000
vn 0.00000000 0.00000000 -1.00000000
vn 0.00000000 0.00000000 -1.00000000
vn 0.00000000 0.00000000 -1.00000000
vn 0.00000000 0.00000000 -1.00000000
vn 0.00000000 0.00000000 -1.00000000
vn 0.00000000 0.00000000 -1.00000000
vn 0.00000000 0.00000000 -1.00000000
vn 0.00000000 0.00000000 -1.00000000
vn 0.00000000 0.00000000 -1.00000000
vn 0.00000000 0.00000000 -1.00000000
vn 0.00000000 0.00000000 -1.00000000
vn 0.00000000 0.00000000 -1.00000000
vn 0.00000000 0.00000000 -1.00000000
vn 0.00000000 0.00000000 -1.00000000
vn 0.00000000 0.00000000 -1.00000000
vn 0.00000000 0.00000000 -1.00000000
vn 0.00000000 0.00000000 -1.00000000
vn 0.00000000 0.00000000 -1.00000000
vn 0.00000000 0.00000000 -1.00000000
vn 0.00000000 0.00000000 -1.00000000
vn 0.00000000 0.00000000 -1.00000000
vn 0.00000000 0.00000000 -1.00000000
vn 0.00000000 0.00000000 -1.00000000
vn 0.00000000 0.00000000 -1.00000000
vn 0.00000000 0.00000000 -1.00000000
vn 0.00000000 0.00000000 -1.00000000
vn 0.00000000 0.00000000 -1.00000000
vn 0.00000000 0.00000000 -1.00000000
vn 0.00000000 0.00000000 -1.00000000
vn 0.00000000 0.00000000 -1.00000000
vn 0.00000000 0.00000000 -1.00000000
vn 0.00000000 0.00000000 -1.00000000
vn 0.00000000 0.00000000 -1.00000000
vn 0.00000000 0.00000000 -1.00000000
vn 0.00000000 0.00000000 -1.00000000
vn 0.00000000 0.00000000 -1.00000000
vn 0.00000000 0.00000000 -1.00000000
vn 0.00000000 0.00000000 -1.00000000
vn 0.00000000 0.00000000 -1.00000000
vn 0.00000000 0.00000000 -1.00000000
vn 0.00000000 0.00000000 -1.00000000
vn 0.00000000 0.00000000 -1.00000000
vn 0.00000000 0.00000000 -1.00000000
vn 0.00000000 0.00000000 -1.00000000
vn 0.00000000 0.00000000 -1.00000000
vn 0.00000000 0.00000000 -1.00000000
vn 0.00000000 0.00000000 -1.00000000
vn 0.00000000 0.00000000 -1.00000000
vn 0.00000000 0.00000000 -1.00000000
vn 0.00000000 0.00000000 -1.00000000
vn 0.00000000 0.00000000 -1.00000000
vn 0.00000000 0.00000000 -1.00000000
vn 0.00000000 0.00000000 -1.00000000
vn 0.00000000 0.00000000 -1.00000000
vn 0.00000000 0.00000000 -1.00000000
vn 0.00000000 0.00000000 -1.00000000
vn 0.00000000 0.00000000 -1.00000000
vn 0.00000000 0.00000000 -1.00000000
vn 0.00000000 0.00000000 -1.00000000
vn 0.00000000 0.00000000 -1.00000000
vn 0.00000000 0.00000000 -1.00000000
vn 0.00000000 0.00000000 -1.00000000
vn 0.00000000 0.00000000 -1.00000000
vn 0.00000000 0.00000000 -1.00000000
vn 0.00000000 0.00000000 -1.00000000
vn 0.00000000 0.00000000 -1.00000000
vn 0.00000000 0.00000000 -1.00000000
vn 0.00000000 0.00000000 -1.00000000
vn 0.00000000 0.00000000 1.00000000
vn 0.00000000 0.00000000 1.00000000
vn 0.00000000 0.00000000 1.00000000
vn 0.00000000 0.00000000 1.00000000
vn 0.00000000 0.00000000 1.00000000
vn 0.00000000 0.00000000 1.00000000
vn 0.00000000 0.00000000 1.00000000
vn 0.00000000 0.00000000 1.00000000
vn 0.00000000 0.00000000 1.00000000
vn 0.00000000 0.00000000 1.00000000
vn 0.00000000 0.00000000 1.00000000
vn 0.00000000 0.00000000 1.00000000
vn 0.00000000 0.00000000 1.00000000
vn 0.00000000 0.00000000 1.00000000
vn 0.00000000 0.00000000 1.00000000
vn 0.00000000 0.00000000 1.00000000
vn 0.00000000 0.00000000 1.00000000
vn 0.00000000 0.00000000 1.00000000
vn 0.00000000 0.00000000 1.00000000
vn 0.00000000 0.00000000 1.00000000
vn 0.00000000 0.00000000 1.00000000
vn 0.00000000 0.00000000 1.00000000
vn 0.00000000 0.00000000 1.00000000
vn 0.00000000 0.00000000 1.00000000
vn 0.00000000 0.00000000 1.00000000
vn 0.00000000 0.00000000 1.00000000
vn 0.00000000 0.00000000 1.00000000
vn 0.00000000 0.00000000 1.00000000
vn 0.00000000 0.00000000 1.00000000
vn 0.00000000 0.00000000 1.00000000
vn 0.00000000 -0.00000000 1.00000000
vn 0.00000000 -0.00000000 1.00000000
vn 0.00000000 -0.00000000 1.00000000
vn 0.00000000 0.00000000 1.00000000
vn 0.00000000 0.00000000 1.00000000
vn 0.00000000 0.00000000 1.00000000
vn 0.00000000 0.00000000 1.00000000
vn 0.00000000 0.00000000 1.00000000
vn 0.00000000 0.00000000 1.00000000
vn 0.00000000 0.00000000 1.00000000
vn 0.00000000 0.00000000 1.00000000
vn 0.00000000 0.00000000 1.00000000
vn 0.00000000 0.00000000 1.00000000
vn 0.00000000 0.00000000 1.00000000
vn 0.00000000 0.00000000 1.00000000
vn 0.00000000 0.00000000 1.00000000
vn 0.00000000 0.00000000 1.00000000
vn 0.00000000 0.00000000 1.00000000
vn 0.00000000 0.00000000 1.00000000
vn 0.00000000 0.00000000 1.00000000
vn 0.00000000 0.00000000 1.00000000
vn 0.00000000 0.00000000 1.00000000
vn 0.00000000 0.00000000 1.00000000
vn 0.00000000 0.00000000 1.00000000
vn 0.00000000 -0.00000000 1.00000000
vn 0.00000000 -0.00000000 1.00000000
vn 0.00000000 -0.00000000 1.00000000
vn 0.00000000 0.00000000 1.00000000
vn 0.00000000 0.00000000 1.00000000
vn 0.00000000 0.00000000 1.00000000
vn 0.00000000 0.00000000 1.00000000
vn 0.00000000 0.00000000 1.00000000
vn 0.00000000 0.00000000 1.00000000
vn 0.00000000 0.00000000 1.00000000
vn 0.00000000 0.00000000 1.00000000
vn 0.00000000 0.00000000 1.00000000
vn 0.00000000 0.00000000 1.00000000
vn 0.00000000 0.00000000 1.00000000
vn 0.00000000 0.00000000 1.00000000
vn 0.00000000 0.00000000 1.00000000
vn 0.00000000 0.00000000 1.00000000
vn 0.00000000 0.00000000 1.00000000
vn 0.00000000 0.00000000 1.00000000
vn 0.00000000 0.00000000 1.00000000
vn 0.00000000 0.00000000 1.00000000
vn 0.00000000 0.00000000 1.00000000
vn 0.00000000 0.00000000 1.00000000
vn 0.00000000 0.00000000 1.00000000
g slab_bed
usemtl mat
f 1/1/1 2/2/2 3/3/3 4/4/4
f 5/5/5 6/6/6 7/7/7 8/8/8
f 9/9/9 10/10/10 11/11/11 12/12/12
f 13/13/13 14/14/14 15/15/15 16/16/16
f 17/17/17 18/18/18 19/19/19 20/20/20
f 21/21/21 22/22/22 23/23/23 24/24/24
f 25/25/25 26/26/26 27/27/27 28/28/28
f 29/29/29 30/30/30 31/31/31 32/32/32
f 33/33/33 34/34/34 35/35/35 36/36/36
f 37/37/37 38/38/38 39/39/39 40/40/40
f 41/41/41 42/42/42 43/43/43 44/44/44
f 45/45/45 46/46/46 47/47/47 48/48/48
f 49/49/49 50/50/50 51/51/51 52/52/52
f 53/53/53 54/54/54 55/55/55 56/56/56
f 57/57/57 58/58/58 59/59/59 60/60/60
f 61/61/61 62/62/62 63/63/63 64/64/64
f 65/65/65 66/66/66 67/67/67 68/68/68
f 69/69/69 70/70/70 71/71/71 72/72/72
f 73/73/73 74/74/74 75/75/75 76/76/76
f 77/77/77 78/78/78 79/79/79 80/80/80
f 81/81/81 82/82/82 83/83/83 84/84/84
f 85/85/85 86/86/86 87/87/87 88/88/88
f 89/89/89 90/90/90 91/91/91 92/92/92
f 93/93/93 94/94/94 95/95/95 96/96/96
f 97/97/97 98/98/98 99/99/99 100/100/100
f 101/101/101 102/102/102 103/103/103 104/104/104
f 105/105/105 106/106/106 107/107/107 108/108/108
f 109/109/109 110/110/110 111/111/111 112/112/112
f 113/113/113 114/114/114 115/115/115 116/116/116
f 117/117/117 118/118/118 119/119/119 120/120/120
f 121/121/121 122/122/122 123/123/123 124/124/124
f 125/125/125 126/126/126 127/127/127 128/128/128
f 129/129/129 130/130/130 131/131/131 132/132/132
f 133/133/133 134/134/134 135/135/135 136/136/136
f 137/137/137 138/138/138 139/139/139 140/140/140
f 141/141/141 142/142/142 143/143/143 144/144/144
f 145/145/145 146/146/146 147/147/147 148/148/148
f 149/149/149 150/150/150 151/151/151 152/152/152
f 153/153/153 154/154/154 155/155/155 156/156/156
f 157/157/157 158/158/158 159/159/159 160/160/160
f 161/161/161 162/162/162 163/163/163 164/164/164
f 165/165/165 166/166/166 167/167/167 168/168/168
f 169/169/169 170/170/170 171/171/171 172/172/172
f 173/173/173 174/174/174 175/175/175 176/176/176
f 177/177/177 178/178/178 179/179/179 180/180/180
f 181/181/181 182/182/182 183/183/183 184/184/184
g sleeper
usemtl mat
f 185/185/185 186/186/186 187/187/187
f 188/188/188 189/189/189 190/190/190
f 191/191/191 192/192/192 193/193/193
f 194/194/194 195/195/195 196/196/196
f 197/197/197 198/198/198 199/199/199
f 200/200/200 201/201/201 202/202/202
f 203/203/203 204/204/204 205/205/205
f 206/206/206 207/207/207 208/208/208
f 209/209/209 210/210/210 211/211/211
f 212/212/212 213/213/213 214/214/214
f 215/215/215 216/216/216 217/217/217
f 218/218/218 219/219/219 220/220/220
f 221/221/221 222/222/222 223/223/223
f 224/224/224 225/225/225 226/226/226
f 227/227/227 228/228/228 229/229/229
f 230/230/230 231/231/231 232/232/232
f 233/233/233 234/234/234 235/235/235 236/236/236
f 237/237/237 238/238/238 239/239/239 240/240/240
f 241/241/241 242/242/242 243/243/243 244/244/244
f 245/245/245 246/246/246 247/247/247 248/248/248
f 249/249/249 250/250/250 251/251/251 252/252/252
f 253/253/253 254/254/254 255/255/255 256/256/256
f 257/257/257 258/258/258 259/259/259 260/260/260
f 261/261/261 262/262/262 263/263/263 264/264/264
f 265/265/265 266/266/266 267/267/267 268/268/268
f 269/269/269 270/270/270 271/271/271 272/272/272
f 273/273/273 274/274/274 275/275/275
f 276/276/276 277/277/277 278/278/278
f 279/279/279 280/280/280 281/281/281
f 282/282/282 283/283/283 284/284/284
f 285/285/285 286/286/286 287/287/287
f 288/288/288 289/289/289 290/290/290
f 291/291/291 292/292/292 293/293/293
f 294/294/294 295/295/295 296/296/296
f 297/297/297 298/298/298 299/299/299
f 300/300/300 301/301/301 302/302/302
f 303/303/303 304/304/304 305/305/305
f 306/306/306 307/307/307 308/308/308
f 309/309/309 310/310/310 311/311/311
f 312/312/312 313/313/313 314/314/314
f 315/315/315 316/316/316 317/317/317
f 318/318/318 319/319/319 320/320/320
f 321/321/321 322/322/322 323/323/323 324/324/324
f 325/325/325 326/326/326 327/327/327 328/328/328
f 329/329/329 330/330/330 331/331/331 332/332/332
f 333/333/333 334/334/334 335/335/335 336/336/336
f 337/337/337 338/338/338 339/339/339 340/340/340
f 341/341/341 342/342/342 343/343/343 344/344/344
f 345/345/345 346/346/346 347/347/347 348/348/348
f 349/349/349 350/350/350 351/351/351 352/352/352
f 353/353/353 354/354/354 355/355/355 356/356/356
f 357/357/357 358/358/358 359/359/359 360/360/360
g fastener_left
usemtl mat
f 361/361/361 362/362/362 363/363/363
f 364/364/364 365/365/365 366/366/366
f 367/367/367 368/368/368 369/369/369
f 370/370/370 371/371/371 372/372/372
f 373/373/373 374/374/374 375/375/375
f 376/376/376 377/377/377 378/378/378
f 379/379/379 380/380/380 381/381/381
f 382/382/382 383/383/383 384/384/384
f 385/385/385 386/386/386 387/387/387
f 388/388/388 389/389/389 390/390/390
f 391/391/391 392/392/392 393/393/393
f 394/394/394 395/395/395 396/396/396
f 397/397/397 398/398/398 399/399/399 400/400/400
f 401/401/401 402/402/402 403/403/403 404/404/404
f 405/405/405 406/406/406 407/407/407 408/408/408
f 409/409/409 410/410/410 411/411/411 412/412/412
f 413/413/413 414/414/414 415/415/415 416/416/416
f 417/417/417 418/418/418 419/419/419 420/420/420
f 421/421/421 422/422/422 423/423/423 424/424/424
f 425/425/425 426/426/426 427/427/427 428/428/428
f 429/429/429 430/430/430 431/431/431
f 432/432/432 433/433/433 434/434/434
f 435/435/435 436/436/436 437/437/437
f 438/438/438 439/439/439 440/440/440
f 441/441/441 442/442/442 443/443/443
f 444/444/444 445/445/445 446/446/446
f 447/447/447 448/448/448 449/449/449
f 450/450/450 451/451/451 452/452/452
f 453/453/453 454/454/454 455/455/455
f 456/456/456 457/457/457 458/458/458
f 459/459/459 460/460/460 461/461/461
f 462/462/462 463/463/463 464/464/464
f 465/465/465 466/466/466 467/467/467 468/468/468
f 469/469/469 470/470/470 471/471/471 472/472/472
f 473/473/473 474/474/474 475/475/475 476/476/476
f 477/477/477 478/478/478 479/479/479 480/480/480
f 481/481/481 482/482/482 483/483/483 484/484/484
f 485/485/485 486/486/486 487/487/487 488/488/488
f 489/489/489 490/490/490 491/491/491 492/492/492
f 493/493/493 494/494/494 495/495/495 496/496/496
f 497/497/497 498/498/498 499/499/499
f 500/500/500 501/501/501 502/502/502
f 503/503/503 504/504/504 505/505/505
f 506/506/506 507/507/507 508/508/508
f 509/509/509 510/510/510 511/511/511
f 512/512/512 513/513/513 514/514/514
f 515/515/515 516/516/516 517/517/517
f 518/518/518 519/519/519 520/520/520
f 521/521/521 522/522/522 523/523/523
f 524/524/524 525/525/525 526/526/526
f 527/527/527 528/528/528 529/529/529
f 530/530/530 531/531/531 532/532/532
f 533/533/533 534/534/534 535/535/535 536/536/536
f 537/537/537 538/538/538 539/539/539 540/540/540
f 541/541/541 542/542/542 543/543/543 544/544/544
f 545/545/545 546/546/546 547/547/547 548/548/548
f 549/549/549 550/550/550 551/551/551 552/552/552
f 553/553/553 554/554/554 555/555/555 556/556/556
f 557/557/557 558/558/558 559/559/559 560/560/560
f 561/561/561 562/562/562 563/563/563 564/564/564
f 565/565/565 566/566/566 567/567/567
f 568/568/568 569/569/569 570/570/570
f 571/571/571 572/572/572 573/573/573
f 574/574/574 575/575/575 576/576/576
f 577/577/577 578/578/578 579/579/579
f 580/580/580 581/581/581 582/582/582
f 583/583/583 584/584/584 585/585/585
f 586/586/586 587/587/587 588/588/588
f 589/589/589 590/590/590 591/591/591
f 592/592/592 593/593/593 594/594/594
f 595/595/595 596/596/596 597/597/597
f 598/598/598 599/599/599 600/600/600
f 601/601/601 602/602/602 603/603/603 604/604/604
f 605/605/605 606/606/606 607/607/607 608/608/608
f 609/609/609 610/610/610 611/611/611 612/612/612
f 613/613/613 614/614/614 615/615/615 616/616/616
f 617/617/617 618/618/618 619/619/619 620/620/620
f 621/621/621 622/622/622 623/623/623 624/624/624
f 625/625/625 626/626/626 627/627/627 628/628/628
f 629/629/629 630/630/630 631/631/631 632/632/632
f 633/633/633 634/634/634 635/635/635
f 636/636/636 637/637/637 638/638/638
f 639/639/639 640/640/640 641/641/641
f 642/642/642 643/643/643 644/644/644
f 645/645/645 646/646/646 647/647/647
f 648/648/648 649/649/649 650/650/650
f 651/651/651 652/652/652 653/653/653
f 654/654/654 655/655/655 656/656/656
f 657/657/657 658/658/658 659/659/659
f 660/660/660 661/661/661 662/662/662
f 663/663/663 664/664/664 665/665/665
f 666/666/666 667/667/667 668/668/668
f 669/669/669 670/670/670 671/671/671
f 672/672/672 673/673/673 674/674/674
f 675/675/675 676/676/676 677/677/677 678/678/678
f 679/679/679 680/680/680 681/681/681 682/682/682
f 683/683/683 684/684/684 685/685/685 686/686/686
f 687/687/687 688/688/688 689/689/689 690/690/690
f 691/691/691 692/692/692 693/693/693 694/694/694
f 695/695/695 696/696/696 697/697/697 698/698/698
f 699/699/699 700/700/700 701/701/701 702/702/702
f 703/703/703 704/704/704 705/705/705 706/706/706
f 707/707/707 708/708/708 709/709/709 710/710/710
f 711/711/711 712/712/712 713/713/713
f 714/714/714 715/715/715 716/716/716
f 717/717/717 718/718/718 719/719/719
f 720/720/720 721/721/721 722/722/722
f 723/723/723 724/724/724 725/725/725
f 726/726/726 727/727/727 728/728/728
f 729/729/729 730/730/730 731/731/731
f 732/732/732 733/733/733 734/734/734
f 735/735/735 736/736/736 737/737/737
f 738/738/738 739/739/739 740/740/740
f 741/741/741 742/742/742 743/743/743
f 744/744/744 745/745/745 746/746/746
f 747/747/747 748/748/748 749/749/749 750/750/750
f 751/751/751 752/752/752 753/753/753 754/754/754
f 755/755/755 756/756/756 757/757/757 758/758/758
f 759/759/759 760/760/760 761/761/761 762/762/762
f 763/763/763 764/764/764 765/765/765 766/766/766
f 767/767/767 768/768/768 769/769/769 770/770/770
f 771/771/771 772/772/772 773/773/773 774/774/774
f 775/775/775 776/776/776 777/777/777 778/778/778
f 779/779/779 780/780/780 781/781/781
f 782/782/782 783/783/783 784/784/784
f 785/785/785 786/786/786 787/787/787
f 788/788/788 789/789/789 790/790/790
f 791/791/791 792/792/792 793/793/793
f 794/794/794 795/795/795 796/796/796
f 797/797/797 798/798/798 799/799/799
f 800/800/800 801/801/801 802/802/802
f 803/803/803 804/804/804 805/805/805
f 806/806/806 807/807/807 808/808/808
f 809/809/809 810/810/810 811/811/811
f 812/812/812 813/813/813 814/814/814
f 815/815/815 816/816/816 817/817/817 818/818/818
f 819/819/819 820/820/820 821/821/821 822/822/822
f 823/823/823 824/824/824 825/825/825 826/826/826
f 827/827/827 828/828/828 829/829/829 830/830/830
f 831/831/831 832/832/832 833/833/833 834/834/834
f 835/835/835 836/836/836 837/837/837 838/838/838
f 839/839/839 840/840/840 841/841/841 842/842/842
f 843/843/843 844/844/844 845/845/845 846/846/846
f 847/847/847 848/848/848 849/849/849
f 850/850/850 851/851/851 852/852/852
f 853/853/853 854/854/854 855/855/855
f 856/856/856 857/857/857 858/858/858
f 859/859/859 860/860/860 861/861/861
f 862/862/862 863/863/863 864/864/864
f 865/865/865 866/866/866 867/867/867
f 868/868/868 869/869/869 870/870/870
f 871/871/871 872/872/872 873/873/873
f 874/874/874 875/875/875 876/876/876
f 877/877/877 878/878/878 879/879/879
f 880/880/880 881/881/881 882/882/882
f 883/883/883 884/884/884 885/885/885
f 886/886/886 887/887/887 888/888/888
f 889/889/889 890/890/890 891/891/891 892/892/892
f 893/893/893 894/894/894 895/895/895 896/896/896
f 897/897/897 898/898/898 899/899/899 900/900/900
f 901/901/901 902/902/902 903/903/903 904/904/904
f 905/905/905 906/906/906 907/907/907 908/908/908
f 909/909/909 910/910/910 911/911/911 912/912/912
f 913/913/913 914/914/914 915/915/915 916/916/916
f 917/917/917 918/918/918 919/919/919 920/920/920
f 921/921/921 922/922/922 923/923/923 924/924/924
g rail_left
usemtl mat
f 925/925/925 926/926/926 927/927/927 928/928/928
f 929/929/929 930/930/930 931/931/931 932/932/932
f 933/933/933 934/934/934 935/935/935 936/936/936
f 937/937/937 938/938/938 939/939/939 940/940/940
f 941/941/941 942/942/942 943/943/943 944/944/944
f 945/945/945 946/946/946 947/947/947 948/948/948
f 949/949/949 950/950/950 951/951/951 952/952/952
f 953/953/953 954/954/954 955/955/955 956/956/956
f 957/957/957 958/958/958 959/959/959 960/960/960
f 961/961/961 962/962/962 963/963/963 964/964/964
f 965/965/965 966/966/966 967/967/967 968/968/968
f 969/969/969 970/970/970 971/971/971 972/972/972
f 973/973/973 974/974/974 975/975/975 976/976/976
f 977/977/977 978/978/978 979/979/979 980/980/980
f 981/981/981 982/982/982 983/983/983 984/984/984
f 985/985/985 986/986/986 987/987/987 988/988/988
f 989/989/989 990/990/990 991/991/991 992/992/992
f 993/993/993 994/994/994 995/995/995 996/996/996
f 997/997/997 998/998/998 999/999/999 1000/1000/1000
f 1001/1001/1001 1002/1002/1002 1003/1003/1003 1004/1004/1004
f 1005/1005/1005 1006/1006/1006 1007/1007/1007 1008/1008/1008
f 1009/1009/1009 1010/1010/1010 1011/1011/1011 1012/1012/1012
f 1013/1013/1013 1014/1014/1014 1015/1015/1015 1016/1016/1016
f 1017/1017/1017 1018/1018/1018 1019/1019/1019 1020/1020/1020
f 1021/1021/1021 1022/1022/1022 1023/1023/1023 1024/1024/1024
f 1025/1025/1025 1026/1026/1026 1027/1027/1027 1028/1028/1028
f 1029/1029/1029 1030/1030/1030 1031/1031/1031 1032/1032/1032
f 1033/1033/1033 1034/1034/1034 1035/1035/1035 1036/1036/1036
g rail_left_end
usemtl mat
f 1037/1037/1037 1038/1038/1038 1039/1039/1039
f 1040/1040/1040 1041/1041/1041 1042/1042/1042
f 1043/1043/1043 1044/1044/1044 1045/1045/1045
f 1046/1046/1046 1047/1047/1047 1048/1048/1048
f 1049/1049/1049 1050/1050/1050 1051/1051/1051
f 1052/1052/1052 1053/1053/1053 1054/1054/1054
f 1055/1055/1055 1056/1056/1056 1057/1057/1057
f 1058/1058/1058 1059/1059/1059 1060/1060/1060
f 1061/1061/1061 1062/1062/1062 1063/1063/1063
f 1064/1064/1064 1065/1065/1065 1066/1066/1066
f 1067/1067/1067 1068/1068/1068 1069/1069/1069
f 1070/1070/1070 1071/1071/1071 1072/1072/1072
f 1073/1073/1073 1074/1074/1074 1075/1075/1075
f 1076/1076/1076 1077/1077/1077 1078/1078/1078
f 1079/1079/1079 1080/1080/1080 1081/1081/1081
f 1082/1082/1082 1083/1083/1083 1084/1084/1084
f 1085/1085/1085 1086/1086/1086 1087/1087/1087
f 1088/1088/1088 1089/1089/1089 1090/1090/1090
f 1091/1091/1091 1092/1092/1092 1093/1093/1093
f 1094/1094/1094 1095/1095/1095 1096/1096/1096
f 1097/1097/1097 1098/1098/1098 1099/1099/1099
f 1100/1100/1100 1101/1101/1101 1102/1102/1102
f 1103/1103/1103 1104/1104/1104 1105/1105/1105
f 1106/1106/1106 1107/1107/1107 1108/1108/1108
f 1109/1109/1109 1110/1110/1110 1111/1111/1111
f 1112/1112/1112 1113/1113/1113 1114/1114/1114
f 1115/1115/1115 1116/1116/1116 1117/1117/1117
f 1118/1118/1118 1119/1119/1119 1120/1120/1120
f 1121/1121/1121 1122/1122/1122 1123/1123/1123
f 1124/1124/1124 1125/1125/1125 1126/1126/1126
f 1127/1127/1127 1128/1128/1128 1129/1129/1129
f 1130/1130/1130 1131/1131/1131 1132/1132/1132
f 1133/1133/1133 1134/1134/1134 1135/1135/1135
f 1136/1136/1136 1137/1137/1137 1138/1138/1138
f 1139/1139/1139 1140/1140/1140 1141/1141/1141
f 1142/1142/1142 1143/1143/1143 1144/1144/1144
f 1145/1145/1145 1146/1146/1146 1147/1147/1147
f 1148/1148/1148 1149/1149/1149 1150/1150/1150
f 1151/1151/1151 1152/1152/1152 1153/1153/1153
f 1154/1154/1154 1155/1155/1155 1156/1156/1156
f 1157/1157/1157 1158/1158/1158 1159/1159/1159
f 1160/1160/1160 1161/1161/1161 1162/1162/1162
f 1163/1163/1163 1164/1164/1164 1165/1165/1165
f 1166/1166/1166 1167/1167/1167 1168/1168/1168
f 1169/1169/1169 1170/1170/1170 1171/1171/1171
f 1172/1172/1172 1173/1173/1173 1174/1174/1174
f 1175/1175/1175 1176/1176/1176 1177/1177/1177
f 1178/1178/1178 1179/1179/1179 1180/1180/1180
f 1181/1181/1181 1182/1182/1182 1183/1183/1183
f 1184/1184/1184 1185/1185/1185 1186/1186/1186
f 1187/1187/1187 1188/1188/1188 1189/1189/1189
f 1190/1190/1190 1191/1191/1191 1192/1192/1192
g fastener_right
usemtl mat
f 1193/1193/1193 1194/1194/1194 1195/1195/1195
f 1196/1196/1196 1197/1197/1197 1198/1198/1198
f 1199/1199/1199 1200/1200/1200 1201/1201/1201
f 1202/1202/1202 1203/1203/1203 1204/1204/1204
f 1205/1205/1205 1206/1206/1206 1207/1207/1207
f 1208/1208/1208 1209/1209/1209 1210/1210/1210
f 1211/1211/1211 1212/1212/1212 1213/1213/1213
f 1214/1214/1214 1215/1215/1215 1216/1216/1216
f 1217/1217/1217 1218/1218/1218 1219/1219/1219
f 1220/1220/1220 1221/1221/1221 1222/1222/1222
f 1223/1223/1223 1224/1224/1224 1225/1225/1225
f 1226/1226/1226 1227/1227/1227 1228/1228/1228
f 1229/1229/1229 1230/1230/1230 1231/1231/1231 1232/1232/1232
f 1233/1233/1233 1234/1234/1234 1235/1235/1235 1236/1236/1236
f 1237/1237/1237 1238/1238/1238 1239/1239/1239 1240/1240/1240
f 1241/1241/1241 1242/1242/1242 1243/1243/1243 1244/1244/1244
f 1245/1245/1245 1246/1246/1246 1247/1247/1247 1248/1248/1248
f 1249/1249/1249 1250/1250/1250 1251/1251/1251 1252/1252/1252
f 1253/1253/1253 1254/1254/1254 1255/1255/1255 1256/1256/1256
f 1257/1257/1257 1258/1258/1258 1259/1259/1259 1260/1260/1260
f 1261/1261/1261 1262/1262/1262 1263/1263/1263
f 1264/1264/1264 1265/1265/1265 1266/1266/1266
f 1267/1267/1267 1268/1268/1268 1269/1269/1269
f 1270/1270/1270 1271/1271/1271 1272/1272/1272
f 1273/1273/1273 1274/1274/1274 1275/1275/1275
f 1276/1276/1276 1277/1277/1277 1278/1278/1278
f 1279/1279/1279 1280/1280/1280 1281/1281/1281
f 1282/1282/1282 1283/1283/1283 1284/1284/1284
f 1285/1285/1285 1286/1286/1286 1287/1287/1287
f 1288/1288/1288 1289/1289/1289 1290/1290/1290
f 1291/1291/1291 1292/1292/1292 1293/1293/1293
f 1294/1294/1294 1295/1295/1295 1296/1296/1296
f 1297/1297/1297 1298/1298/1298 1299/1299/1299 1300/1300/1300
f 1301/1301/1301 1302/1302/1302 1303/1303/1303 1304/1304/1304
f 1305/1305/1305 1306/1306/1306 1307/1307/1307 1308/1308/1308
f 1309/1309/1309 1310/1310/1310 1311/1311/1311 1312/1312/1312
f 1313/1313/1313 1314/1314/1314 1315/1315/1315 1316/1316/1316
f 1317/1317/1317 1318/1318/1318 1319/1319/1319 1320/1320/1320
f 1321/1321/1321 1322/1322/1322 1323/1323/1323 1324/1324/1324
f 1325/1325/1325 1326/1326/1326 1327/1327/1327 1328/1328/1328
f 1329/1329/1329 1330/1330/1330 1331/1331/1331
f 1332/1332/1332 1333/1333/1333 1334/1334/1334
f 1335/1335/1335 1336/1336/1336 1337/1337/1337
f 1338/1338/1338 1339/1339/1339 1340/1340/1340
f 1341/1341/1341 1342/1342/1342 1343/1343/1343
f 1344/1344/1344 1345/1345/1345 1346/1346/1346
f 1347/1347/1347 1348/1348/1348 1349/1349/1349
f 1350/1350/1350 1351/1351/1351 1352/1352/1352
f 1353/1353/1353 1354/1354/1354 1355/1355/1355
f 1356/1356/1356 1357/1357/1357 1358/1358/1358
f 1359/1359/1359 1360/1360/1360 1361/1361/1361
f 1362/1362/1362 1363/1363/1363 1364/1364/1364
f 1365/1365/1365 1366/1366/1366 1367/1367/1367 1368/1368/1368
f 1369/1369/1369 1370/1370/1370 1371/1371/1371 1372/1372/1372
f 1373/1373/1373 1374/1374/1374 1375/1375/1375 1376/1376/1376
f 1377/1377/1377 1378/1378/1378 1379/1379/1379 1380/1380/1380
f 1381/1381/1381 1382/1382/1382 1383/1383/1383 1384/1384/1384
f 1385/1385/1385 1386/1386/1386 1387/1387/1387 1388/1388/1388
f 1389/1389/1389 1390/1390/1390 1391/1391/1391 1392/1392/1392
f 1393/1393/1393 1394/1394/1394 1395/1395/1395 1396/1396/1396
f 1397/1397/1397 1398/1398/1398 1399/1399/1399
f 1400/1400/1400 1401/1401/1401 1402/1402/1402
f 1403/1403/1403 1404/1404/1404 1405/1405/1405
f 1406/1406/1406 1407/1407/1407 1408/1408/1408
f 1409/1409/1409 1410/1410/1410 1411/1411/1411
f 1412/1412/1412 1413/1413/1413 1414/1414/1414
f 1415/1415/1415 1416/1416/1416 1417/1417/1417
f 1418/1418/1418 1419/1419/1419 1420/1420/1420
f 1421/1421/1421 1422/1422/1422 1423/1423/1423
f 1424/1424/1424 1425/1425/1425 1426/1426/1426
f 1427/1427/1427 1428/1428/1428 1429/1429/1429
f 1430/1430/1430 1431/1431/1431 1432/1432/1432
f 1433/1433/1433 1434/1434/1434 1435/1435/1435 1436/1436/1436
f 1437/1437/1437 1438/1438/1438 1439/1439/1439 1440/1440/1440
f 1441/1441/1441 1442/1442/1442 1443/1443/1443 1444/1444/1444
f 1445/1445/1445 1446/1446/1446 1447/1447/1447 1448/1448/1448
f 1449/1449/1449 1450/1450/1450 1451/1451/1451 1452/1452/1452
f 1453/1453/1453 1454/1454/1454 1455/1455/1455 1456/1456/1456
f 1457/1457/1457 1458/1458/1458 1459/1459/1459 1460/1460/1460
f 1461/1461/1461 1462/1462/1462 1463/1463/1463 1464/1464/1464
f 1465/1465/1465 1466/1466/1466 1467/1467/1467
f 1468/1468/1468 1469/1469/1469 1470/1470/1470
f 1471/1471/1471 1472/1472/1472 1473/1473/1473
f 1474/1474/1474 1475/1475/1475 1476/1476/1476
f 1477/1477/1477 1478/1478/1478 1479/1479/1479
f 1480/1480/1480 1481/1481/1481 1482/1482/1482
f 1483/1483/1483 1484/1484/1484 1485/1485/1485
f 1486/1486/1486 1487/1487/1487 1488/1488/1488
f 1489/1489/1489 1490/1490/1490 1491/1491/1491
f 1492/1492/1492 1493/1493/1493 1494/1494/1494
f 1495/1495/1495 1496/1496/1496 1497/1497/1497
f 1498/1498/1498 1499/1499/1499 1500/1500/1500
f 1501/1501/1501 1502/1502/1502 1503/1503/1503
f 1504/1504/1504 1505/1505/1505 1506/1506/1506
f 1507/1507/1507 1508/1508/1508 1509/1509/1509 1510/1510/1510
f 1511/1511/1511 1512/1512/1512 1513/1513/1513 1514/1514/1514
f 1515/1515/1515 1516/1516/1516 1517/1517/1517 1518/1518/1518
f 1519/1519/1519 1520/1520/1520 1521/1521/1521 1522/1522/1522
f 1523/1523/1523 1524/1524/1524 1525/1525/1525 1526/1526/1526
f 1527/1527/1527 1528/1528/1528 1529/1529/1529 1530/1530/1530
f 1531/1531/1531 1532/1532/1532 1533/1533/1533 1534/1534/1534
f 1535/1535/1535 1536/1536/1536 1537/1537/1537 1538/1538/1538
f 1539/1539/1539 1540/1540/1540 1541/1541/1541 1542/1542/1542
f 1543/1543/1543 1544/1544/1544 1545/1545/1545
f 1546/1546/1546 1547/1547/1547 1548/1548/1548
f 1549/1549/1549 1550/1550/1550 1551/1551/1551
f 1552/1552/1552 1553/1553/1553 1554/1554/1554
f 1555/1555/1555 1556/1556/1556 1557/1557/1557
f 1558/1558/1558 1559/1559/1559 1560/1560/1560
f 1561/1561/1561 1562/1562/1562 1563/1563/1563
f 1564/1564/1564 1565/1565/1565 1566/1566/1566
f 1567/1567/1567 1568/1568/1568 1569/1569/1569
f 1570/1570/1570 1571/1571/1571 1572/1572/1572
f 1573/1573/1573 1574/1574/1574 1575/1575/1575
f 1576/1576/1576 1577/1577/1577 1578/1578/1578
f 1579/1579/1579 1580/1580/1580 1581/1581/1581 1582/1582/1582
f 1583/1583/1583 1584/1584/1584 1585/1585/1585 1586/1586/1586
f 1587/1587/1587 1588/1588/1588 1589/1589/1589 1590/1590/1590
f 1591/1591/1591 1592/1592/1592 1593/1593/1593 1594/1594/1594
f 1595/1595/1595 1596/1596/1596 1597/1597/1597 1598/1598/1598
f 1599/1599/1599 1600/1600/1600 1601/1601/1601 1602/1602/1602
f 1603/1603/1603 1604/1604/1604 1605/1605/1605 1606/1606/1606
f 1607/1607/1607 1608/1608/1608 1609/1609/1609 1610/1610/1610
f 1611/1611/1611 1612/1612/1612 1613/1613/1613
f 1614/1614/1614 1615/1615/1615 1616/1616/1616
f 1617/1617/1617 1618/1618/1618 1619/1619/1619
f 1620/1620/1620 1621/1621/1621 1622/1622/1622
f 1623/1623/1623 1624/1624/1624 1625/1625/1625
f 1626/1626/1626 1627/1627/1627 1628/1628/1628
f 1629/1629/1629 1630/1630/1630 1631/1631/1631
f 1632/1632/1632 1633/1633/1633 1634/1634/1634
f 1635/1635/1635 1636/1636/1636 1637/1637/1637
f 1638/1638/1638 1639/1639/1639 1640/1640/1640
f 1641/1641/1641 1642/1642/1642 1643/1643/1643
f 1644/1644/1644 1645/1645/1645 1646/1646/1646
f 1647/1647/1647 1648/1648/1648 1649/1649/1649 1650/1650/1650
f 1651/1651/1651 1652/1652/1652 1653/1653/1653 1654/1654/1654
f 1655/1655/1655 1656/1656/1656 1657/1657/1657 1658/1658/1658
f 1659/1659/1659 1660/1660/1660 1661/1661/1661 1662/1662/1662
f 1663/1663/1663 1664/1664/1664 1665/1665/1665 1666/1666/1666
f 1667/1667/1667 1668/1668/1668 1669/1669/1669 1670/1670/1670
f 1671/1671/1671 1672/1672/1672 1673/1673/1673 1674/1674/1674
f 1675/1675/1675 1676/1676/1676 1677/1677/1677 1678/1678/1678
f 1679/1679/1679 1680/1680/1680 1681/1681/1681
f 1682/1682/1682 1683/1683/1683 1684/1684/1684
f 1685/1685/1685 1686/1686/1686 1687/1687/1687
f 1688/1688/1688 1689/1689/1689 1690/1690/1690
f 1691/1691/1691 1692/1692/1692 1693/1693/1693
f 1694/1694/1694 1695/1695/1695 1696/1696/1696
f 1697/1697/1697 1698/1698/1698 1699/1699/1699
f 1700/1700/1700 1701/1701/1701 1702/1702/1702
f 1703/1703/1703 1704/1704/1704 1705/1705/1705
f 1706/1706/1706 1707/1707/1707 1708/1708/1708
f 1709/1709/1709 1710/1710/1710 1711/1711/1711
f 1712/1712/1712 1713/1713/1713 1714/1714/1714
f 1715/1715/1715 1716/1716/1716 1717/1717/1717
f 1718/1718/1718 1719/1719/1719 1720/1720/1720
f 1721/1721/1721 1722/1722/1722 1723/1723/1723 1724/1724/1724
f 1725/1725/1725 1726/1726/1726 1727/1727/1727 1728/1728/1728
f 1729/1729/1729 1730/1730/1730 1731/1731/1731 1732/1732/1732
f 1733/1733/1733 1734/1734/1734 1735/1735/1735 1736/1736/1736
f 1737/1737/1737 1738/1738/1738 1739/1739/1739 1740/1740/1740
f 1741/1741/1741 1742/1742/1742 1743/1743/1743 1744/1744/1744
f 1745/1745/1745 1746/1746/1746 1747/1747/1747 1748/1748/1748
f 1749/1749/1749 1750/1750/1750 1751/1751/1751 1752/1752/1752
f 1753/1753/1753 1754/1754/1754 1755/1755/1755 1756/1756/1756
g rail_right
usemtl mat
f 1757/1757/1757 1758/1758/1758 1759/1759/1759 1760/1760/1760
f 1761/1761/1761 1762/1762/1762 1763/1763/1763 1764/1764/1764
f 1765/1765/1765 1766/1766/1766 1767/1767/1767 1768/1768/1768
f 1769/1769/1769 1770/1770/1770 1771/1771/1771 1772/1772/1772
f 1773/1773/1773 1774/1774/1774 1775/1775/1775 1776/1776/1776
f 1777/1777/1777 1778/1778/1778 1779/1779/1779 1780/1780/1780
f 1781/1781/1781 1782/1782/1782 1783/1783/1783 1784/1784/1784
f 1785/1785/1785 1786/1786/1786 1787/1787/1787 1788/1788/1788
f 1789/1789/1789 1790/1790/1790 1791/1791/1791 1792/1792/1792
f 1793/1793/1793 1794/1794/1794 1795/1795/1795 1796/1796/1796
f 1797/1797/1797 1798/1798/1798 1799/1799/1799 1800/1800/1800
f 1801/1801/1801 1802/1802/1802 1803/1803/1803 1804/1804/1804
f 1805/1805/1805 1806/1806/1806 1807/1807/1807 1808/1808/1808
f 1809/1809/1809 1810/1810/1810 1811/1811/1811 1812/1812/1812
f 1813/1813/1813 1814/1814/1814 1815/1815/1815 1816/1816/1816
f 1817/1817/1817 1818/1818/1818 1819/1819/1819 1820/1820/1820
f 1821/1821/1821 1822/1822/1822 1823/1823/1823 1824/1824/1824
f 1825/1825/1825 1826/1826/1826 1827/1827/1827 1828/1828/1828
f 1829/1829/1829 1830/1830/1830 1831/1831/1831 1832/1832/1832
f 1833/1833/1833 1834/1834/1834 1835/1835/1835 1836/1836/1836
f 1837/1837/1837 1838/1838/1838 1839/1839/1839 1840/1840/1840
f 1841/1841/1841 1842/1842/1842 1843/1843/1843 1844/1844/1844
f 1845/1845/1845 1846/1846/1846 1847/1847/1847 1848/1848/1848
f 1849/1849/1849 1850/1850/1850 1851/1851/1851 1852/1852/1852
f 1853/1853/1853 1854/1854/1854 1855/1855/1855 1856/1856/1856
f 1857/1857/1857 1858/1858/1858 1859/1859/1859 1860/1860/1860
f 1861/1861/1861 1862/1862/1862 1863/1863/1863 1864/1864/1864
f 1865/1865/1865 1866/1866/1866 1867/1867/1867 1868/1868/1868
g rail_right_end
usemtl mat
f 1869/1869/1869 1870/1870/1870 1871/1871/1871
f 1872/1872/1872 1873/1873/1873 1874/1874/1874
f 1875/1875/1875 1876/1876/1876 1877/1877/1877
f 1878/1878/1878 1879/1879/1879 1880/1880/1880
f 1881/1881/1881 1882/1882/1882 1883/1883/1883
f 1884/1884/1884 1885/1885/1885 1886/1886/1886
f 1887/1887/1887 1888/1888/1888 1889/1889/1889
f 1890/1890/1890 1891/1891/1891 1892/1892/1892
f 1893/1893/1893 1894/1894/1894 1895/1895/1895
f 1896/1896/1896 1897/1897/1897 1898/1898/1898
f 1899/1899/1899 1900/1900/1900 1901/1901/1901
f 1902/1902/1902 1903/1903/1903 1904/1904/1904
f 1905/1905/1905 1906/1906/1906 1907/1907/1907
f 1908/1908/1908 1909/1909/1909 1910/1910/1910
f 1911/1911/1911 1912/1912/1912 1913/1913/1913
f 1914/1914/1914 1915/1915/1915 1916/1916/1916
f 1917/1917/1917 1918/1918/1918 1919/1919/1919
f 1920/1920/1920 1921/1921/1921 1922/1922/1922
f 1923/1923/1923 1924/1924/1924 1925/1925/1925
f 1926/1926/1926 1927/1927/1927 1928/1928/1928
f 1929/1929/1929 1930/1930/1930 1931/1931/1931
f 1932/1932/1932 1933/1933/1933 1934/1934/1934
f 1935/1935/1935 1936/1936/1936 1937/1937/1937
f 1938/1938/1938 1939/1939/1939 1940/1940/1940
f 1941/1941/1941 1942/1942/1942 1943/1943/1943
f 1944/1944/1944 1945/1945/1945 1946/1946/1946
f 1947/1947/1947 1948/1948/1948 1949/1949/1949
f 1950/1950/1950 1951/1951/1951 1952/1952/1952
f 1953/1953/1953 1954/1954/1954 1955/1955/1955
f 1956/1956/1956 1957/1957/1957 1958/1958/1958
f 1959/1959/1959 1960/1960/1960 1961/1961/1961
f 1962/1962/1962 1963/1963/1963 1964/1964/1964
f 1965/1965/1965 1966/1966/1966 1967/1967/1967
f 1968/1968/1968 1969/1969/1969 1970/1970/1970
f 1971/1971/1971 1972/1972/1972 1973/1973/1973
f 1974/1974/1974 1975/1975/1975 1976/1976/1976
f 1977/1977/1977 1978/1978/1978 1979/1979/1979
f 1980/1980/1980 1981/1981/1981 1982/1982/1982
f 1983/1983/1983 1984/1984/1984 1985/1985/1985
f 1986/1986/1986 1987/1987/1987 1988/1988/1988
f 1989/1989/1989 1990/1990/1990 1991/1991/1991
f 1992/1992/1992 1993/1993/1993 1994/1994/1994
f 1995/1995/1995 1996/1996/1996 1997/1997/1997
f 1998/1998/1998 1999/1999/1999 2000/2000/2000
f 2001/2001/2001 2002/2002/2002 2003/2003/2003
f 2004/2004/2004 2005/2005/2005 2006/2006/2006
f 2007/2007/2007 2008/2008/2008 2009/2009/2009
f 2010/2010/2010 2011/2011/2011 2012/2012/2012
f 2013/2013/2013 2014/2014/2014 2015/2015/2015
f 2016/2016/2016 2017/2017/2017 2018/2018/2018
f 2019/2019/2019 2020/2020/2020 2021/2021/2021
f 2022/2022/2022 2023/2023/2023 2024/2024/2024
