# metres; Y up; CCW outward; repeat 0.6 m
mtllib center_guard_high.mtl
v -1.850000 -0.304000 -0.300000
v -1.850000 -0.304000 -0.200000
v -1.800000 -0.258697 -0.200000
v -1.800000 -0.258885 -0.300000
v -1.850000 -0.304000 -0.100000
v -1.800000 -0.258319 -0.100000
v -1.850000 -0.304000 0.000000
v -1.800000 -0.258131 0.000000
v -1.850000 -0.304000 0.100000
v -1.800000 -0.258319 0.100000
v -1.850000 -0.304000 0.200000
v -1.800000 -0.258697 0.200000
v -1.850000 -0.304000 0.300000
v -1.800000 -0.258885 0.300000
v -1.800000 -0.304000 -0.300000
v -1.800000 -0.304000 0.300000
v -1.783750 -0.244162 -0.200000
v -1.783750 -0.244412 -0.300000
v -1.783750 -0.243662 -0.100000
v -1.783750 -0.243412 0.000000
v -1.783750 -0.243662 0.100000
v -1.783750 -0.244162 0.200000
v -1.783750 -0.244412 0.300000
v -1.783750 -0.304000 -0.300000
v -1.783750 -0.304000 0.300000
v -1.717500 -0.186887 -0.200000
v -1.717500 -0.187387 -0.300000
v -1.717500 -0.185887 -0.100000
v -1.717500 -0.185387 0.000000
v -1.717500 -0.185887 0.100000
v -1.717500 -0.186887 0.200000
v -1.717500 -0.187387 0.300000
v -1.717500 -0.304000 -0.300000
v -1.717500 -0.304000 0.300000
v -1.651250 -0.134349 -0.200000
v -1.651250 -0.135099 -0.300000
v -1.651250 -0.132849 -0.100000
v -1.651250 -0.132099 0.000000
v -1.651250 -0.132849 0.100000
v -1.651250 -0.134349 0.200000
v -1.651250 -0.135099 0.300000
v -1.651250 -0.304000 -0.300000
v -1.651250 -0.304000 0.300000
v -1.585000 -0.088000 -0.200000
v -1.585000 -0.089000 -0.300000
v -1.585000 -0.086000 -0.100000
v -1.585000 -0.085000 0.000000
v -1.585000 -0.086000 0.100000
v -1.585000 -0.088000 0.200000
v -1.585000 -0.089000 0.300000
v -1.585000 -0.304000 -0.300000
v -1.585000 -0.304000 0.300000
v -1.518750 -0.048349 -0.200000
v -1.518750 -0.049599 -0.300000
v -1.518750 -0.045849 -0.100000
v -1.518750 -0.044599 0.000000
v -1.518750 -0.045849 0.100000
v -1.518750 -0.048349 0.200000
v -1.518750 -0.049599 0.300000
v -1.518750 -0.304000 -0.300000
v -1.518750 -0.304000 0.300000
v -1.452500 -0.014887 -0.200000
v -1.452500 -0.016387 -0.300000
v -1.452500 -0.011887 -0.100000
v -1.452500 -0.010387 0.000000
v -1.452500 -0.011887 0.100000
v -1.452500 -0.014887 0.200000
v -1.452500 -0.016387 0.300000
v -1.452500 -0.304000 -0.300000
v -1.452500 -0.304000 0.300000
v -1.386250 0.013838 -0.200000
v -1.386250 0.012088 -0.300000
v -1.386250 0.017338 -0.100000
v -1.386250 0.019088 0.000000
v -1.386250 0.017338 0.100000
v -1.386250 0.013838 0.200000
v -1.386250 0.012088 0.300000
v -1.414374 0.000000 -0.300000
v -1.386250 0.000000 -0.300000
v -1.386250 -0.304000 -0.300000
v -1.386250 -0.304000 0.300000
v -1.386250 0.000000 0.300000
v -1.414374 0.000000 0.300000
v -1.320000 0.040000 -0.200000
v -1.320000 0.038000 -0.300000
v -1.320000 0.044000 -0.100000
v -1.320000 0.046000 0.000000
v -1.320000 0.044000 0.100000
v -1.320000 0.040000 0.200000
v -1.320000 0.038000 0.300000
v -1.320000 0.000000 -0.300000
v -1.320000 -0.304000 -0.300000
v -1.320000 -0.304000 0.300000
v -1.320000 0.000000 0.300000
v -1.200000 0.028000 -0.200000
v -1.200000 0.026000 -0.300000
v -1.200000 0.032000 -0.100000
v -1.200000 0.034000 0.000000
v -1.200000 0.032000 0.100000
v -1.200000 0.028000 0.200000
v -1.200000 0.026000 0.300000
v -1.200000 0.000000 -0.300000
v -1.200000 -0.304000 -0.300000
v -1.200000 -0.304000 0.300000
v -1.200000 0.000000 0.300000
v -0.600000 0.028000 -0.200000
v -0.600000 0.026000 -0.300000
v -0.600000 0.032000 -0.100000
v -0.600000 0.034000 0.000000
v -0.600000 0.032000 0.100000
v -0.600000 0.028000 0.200000
v -0.600000 0.026000 0.300000
v -0.600000 0.000000 -0.300000
v -0.600000 -0.304000 -0.300000
v -0.600000 -0.304000 0.300000
v -0.600000 0.000000 0.300000
v 0.000000 0.028000 -0.200000
v 0.000000 0.026000 -0.300000
v 0.000000 0.032000 -0.100000
v 0.000000 0.034000 0.000000
v 0.000000 0.032000 0.100000
v 0.000000 0.028000 0.200000
v 0.000000 0.026000 0.300000
v 0.000000 0.000000 -0.300000
v 0.000000 -0.304000 -0.300000
v 0.000000 -0.304000 0.300000
v 0.000000 0.000000 0.300000
v 0.600000 0.028000 -0.200000
v 0.600000 0.026000 -0.300000
v 0.600000 0.032000 -0.100000
v 0.600000 0.034000 0.000000
v 0.600000 0.032000 0.100000
v 0.600000 0.028000 0.200000
v 0.600000 0.026000 0.300000
v 0.600000 0.000000 -0.300000
v 0.600000 -0.304000 -0.300000
v 0.600000 -0.304000 0.300000
v 0.600000 0.000000 0.300000
v 1.200000 0.028000 -0.200000
v 1.200000 0.026000 -0.300000
v 1.200000 0.032000 -0.100000
v 1.200000 0.034000 0.000000
v 1.200000 0.032000 0.100000
v 1.200000 0.028000 0.200000
v 1.200000 0.026000 0.300000
v 1.200000 0.000000 -0.300000
v 1.200000 -0.304000 -0.300000
v 1.200000 -0.304000 0.300000
v 1.200000 0.000000 0.300000
v 1.320000 0.040000 -0.200000
v 1.320000 0.038000 -0.300000
v 1.320000 0.044000 -0.100000
v 1.320000 0.046000 0.000000
v 1.320000 0.044000 0.100000
v 1.320000 0.040000 0.200000
v 1.320000 0.038000 0.300000
v 1.320000 0.000000 -0.300000
v 1.320000 -0.304000 -0.300000
v 1.320000 -0.304000 0.300000
v 1.320000 0.000000 0.300000
v 1.386250 0.013838 -0.200000
v 1.386250 0.012088 -0.300000
v 1.386250 0.017338 -0.100000
v 1.386250 0.019088 0.000000
v 1.386250 0.017338 0.100000
v 1.386250 0.013838 0.200000
v 1.386250 0.012088 0.300000
v 1.386250 0.000000 -0.300000
v 1.386250 -0.304000 -0.300000
v 1.386250 -0.304000 0.300000
v 1.386250 0.000000 0.300000
v 1.452500 -0.014887 -0.200000
v 1.452500 -0.016387 -0.300000
v 1.452500 -0.011887 -0.100000
v 1.452500 -0.010387 0.000000
v 1.452500 -0.011887 0.100000
v 1.452500 -0.014887 0.200000
v 1.452500 -0.016387 0.300000
v 1.414374 0.000000 -0.300000
v 1.452500 -0.304000 -0.300000
v 1.452500 -0.304000 0.300000
v 1.414374 0.000000 0.300000
v 1.518750 -0.048349 -0.200000
v 1.518750 -0.049599 -0.300000
v 1.518750 -0.045849 -0.100000
v 1.518750 -0.044599 0.000000
v 1.518750 -0.045849 0.100000
v 1.518750 -0.048349 0.200000
v 1.518750 -0.049599 0.300000
v 1.518750 -0.304000 -0.300000
v 1.518750 -0.304000 0.300000
v 1.585000 -0.088000 -0.200000
v 1.585000 -0.089000 -0.300000
v 1.585000 -0.086000 -0.100000
v 1.585000 -0.085000 0.000000
v 1.585000 -0.086000 0.100000
v 1.585000 -0.088000 0.200000
v 1.585000 -0.089000 0.300000
v 1.585000 -0.304000 -0.300000
v 1.585000 -0.304000 0.300000
v 1.651250 -0.134349 -0.200000
v 1.651250 -0.135099 -0.300000
v 1.651250 -0.132849 -0.100000
v 1.651250 -0.132099 0.000000
v 1.651250 -0.132849 0.100000
v 1.651250 -0.134349 0.200000
v 1.651250 -0.135099 0.300000
v 1.651250 -0.304000 -0.300000
v 1.651250 -0.304000 0.300000
v 1.717500 -0.186887 -0.200000
v 1.717500 -0.187387 -0.300000
v 1.717500 -0.185887 -0.100000
v 1.717500 -0.185387 0.000000
v 1.717500 -0.185887 0.100000
v 1.717500 -0.186887 0.200000
v 1.717500 -0.187387 0.300000
v 1.717500 -0.304000 -0.300000
v 1.717500 -0.304000 0.300000
v 1.783750 -0.244162 -0.200000
v 1.783750 -0.244412 -0.300000
v 1.783750 -0.243662 -0.100000
v 1.783750 -0.243412 0.000000
v 1.783750 -0.243662 0.100000
v 1.783750 -0.244162 0.200000
v 1.783750 -0.244412 0.300000
v 1.783750 -0.304000 -0.300000
v 1.783750 -0.304000 0.300000
v 1.800000 -0.258697 -0.200000
v 1.800000 -0.258885 -0.300000
v 1.800000 -0.258319 -0.100000
v 1.800000 -0.258131 0.000000
v 1.800000 -0.258319 0.100000
v 1.800000 -0.258697 0.200000
v 1.800000 -0.258885 0.300000
v 1.800000 -0.304000 -0.300000
v 1.800000 -0.304000 0.300000
v 1.850000 -0.304000 -0.200000
v 1.850000 -0.304000 -0.300000
v 1.850000 -0.304000 -0.100000
v 1.850000 -0.304000 0.000000
v 1.850000 -0.304000 0.100000
v 1.850000 -0.304000 0.200000
v 1.850000 -0.304000 0.300000
v -1.250000 -0.034578 -0.105000
v -1.220000 -0.034578 -0.105000
v -1.220000 -0.034578 0.105000
v -1.250000 -0.034578 0.105000
v -1.220000 0.077422 0.096000
v -1.250000 0.077422 0.096000
v -1.220000 0.085422 0.086000
v -1.250000 0.085422 0.086000
v -1.220000 0.085422 -0.086000
v -1.250000 0.085422 -0.086000
v -1.220000 0.077422 -0.096000
v -1.250000 0.077422 -0.096000
v -1.200000 -0.034578 -0.120000
v -1.200000 -0.034578 0.120000
v -1.200000 0.077422 0.111000
v -1.200000 0.085422 0.101000
v -1.200000 0.085422 -0.101000
v -1.200000 0.077422 -0.111000
v -0.930000 -0.034578 -0.120000
v -0.930000 -0.034578 0.120000
v -0.930000 0.077422 0.111000
v -0.930000 0.085422 0.101000
v -0.930000 0.085422 -0.101000
v -0.930000 0.077422 -0.111000
v -0.751500 -0.034578 -0.120000
v -0.751500 -0.034578 0.120000
v -0.751500 0.077422 0.111000
v -0.751500 0.085422 0.101000
v -0.751500 0.085422 -0.101000
v -0.751500 0.077422 -0.111000
v -0.600000 -0.034578 -0.120000
v -0.600000 -0.034578 0.120000
v -0.600000 0.077422 0.111000
v -0.600000 0.085422 0.101000
v -0.600000 0.085422 -0.101000
v -0.600000 0.077422 -0.111000
v -0.530000 -0.034578 -0.120000
v -0.530000 -0.034578 0.120000
v -0.530000 0.077422 0.111000
v -0.530000 0.085422 0.101000
v -0.530000 0.085422 -0.101000
v -0.530000 0.077422 -0.111000
v -0.400000 -0.034578 -0.120000
v -0.400000 -0.034578 0.120000
v -0.400000 0.077422 0.111000
v -0.400000 0.085422 0.101000
v -0.400000 0.085422 -0.101000
v -0.400000 0.077422 -0.111000
v -0.270000 -0.034578 -0.120000
v -0.270000 -0.034578 0.120000
v -0.270000 0.077422 0.111000
v -0.270000 0.085422 0.101000
v -0.270000 0.085422 -0.101000
v -0.270000 0.077422 -0.111000
v -0.130000 -0.034578 -0.120000
v -0.130000 -0.034578 0.120000
v -0.130000 0.077422 0.111000
v -0.130000 0.085422 0.101000
v -0.130000 0.085422 -0.101000
v -0.130000 0.077422 -0.111000
v 0.000000 -0.034578 -0.120000
v 0.000000 -0.034578 0.120000
v 0.000000 0.077422 0.111000
v 0.000000 0.085422 0.101000
v 0.000000 0.085422 -0.101000
v 0.000000 0.077422 -0.111000
v 0.130000 -0.034578 -0.120000
v 0.130000 -0.034578 0.120000
v 0.130000 0.077422 0.111000
v 0.130000 0.085422 0.101000
v 0.130000 0.085422 -0.101000
v 0.130000 0.077422 -0.111000
v 0.270000 -0.034578 -0.120000
v 0.270000 -0.034578 0.120000
v 0.270000 0.077422 0.111000
v 0.270000 0.085422 0.101000
v 0.270000 0.085422 -0.101000
v 0.270000 0.077422 -0.111000
v 0.400000 -0.034578 -0.120000
v 0.400000 -0.034578 0.120000
v 0.400000 0.077422 0.111000
v 0.400000 0.085422 0.101000
v 0.400000 0.085422 -0.101000
v 0.400000 0.077422 -0.111000
v 0.530000 -0.034578 -0.120000
v 0.530000 -0.034578 0.120000
v 0.530000 0.077422 0.111000
v 0.530000 0.085422 0.101000
v 0.530000 0.085422 -0.101000
v 0.530000 0.077422 -0.111000
v 0.600000 -0.034578 -0.120000
v 0.600000 -0.034578 0.120000
v 0.600000 0.077422 0.111000
v 0.600000 0.085422 0.101000
v 0.600000 0.085422 -0.101000
v 0.600000 0.077422 -0.111000
v 0.751500 -0.034578 -0.120000
v 0.751500 -0.034578 0.120000
v 0.751500 0.077422 0.111000
v 0.751500 0.085422 0.101000
v 0.751500 0.085422 -0.101000
v 0.751500 0.077422 -0.111000
v 0.930000 -0.034578 -0.120000
v 0.930000 -0.034578 0.120000
v 0.930000 0.077422 0.111000
v 0.930000 0.085422 0.101000
v 0.930000 0.085422 -0.101000
v 0.930000 0.077422 -0.111000
v 1.200000 -0.034578 -0.120000
v 1.200000 -0.034578 0.120000
v 1.200000 0.077422 0.111000
v 1.200000 0.085422 0.101000
v 1.200000 0.085422 -0.101000
v 1.200000 0.077422 -0.111000
v 1.220000 -0.034578 -0.105000
v 1.220000 -0.034578 0.105000
v 1.220000 0.077422 0.096000
v 1.220000 0.085422 0.086000
v 1.220000 0.085422 -0.086000
v 1.220000 0.077422 -0.096000
v 1.250000 -0.034578 -0.105000
v 1.250000 -0.034578 0.105000
v 1.250000 0.077422 0.096000
v 1.250000 0.085422 0.086000
v 1.250000 0.085422 -0.086000
v 1.250000 0.077422 -0.096000
v -0.827500 0.085422 -0.101000
v -0.821500 0.085422 -0.107000
v -0.681500 0.085422 -0.107000
v -0.675500 0.085422 -0.101000
v -0.675500 0.085422 0.101000
v -0.681500 0.085422 0.107000
v -0.821500 0.085422 0.107000
v -0.827500 0.085422 0.101000
v -0.821500 0.095422 -0.107000
v -0.681500 0.095422 -0.107000
v -0.675500 0.095422 -0.101000
v -0.675500 0.095422 0.101000
v -0.681500 0.095422 0.107000
v -0.821500 0.095422 0.107000
v -0.827500 0.095422 0.101000
v -0.827500 0.095422 -0.101000
v -0.820500 0.099422 -0.106000
v -0.826500 0.099422 -0.100000
v -0.826500 0.099422 0.100000
v -0.820500 0.099422 0.106000
v -0.682500 0.099422 0.106000
v -0.676500 0.099422 0.100000
v -0.676500 0.099422 -0.100000
v -0.682500 0.099422 -0.106000
v -0.682500 0.095422 -0.106000
v -0.820500 0.095422 -0.106000
v -0.676500 0.095422 -0.100000
v -0.676500 0.095422 0.100000
v -0.682500 0.095422 0.106000
v -0.820500 0.095422 0.106000
v -0.826500 0.095422 0.100000
v -0.826500 0.095422 -0.100000
v -0.946500 0.085422 -0.100000
v -0.943500 0.085422 -0.103000
v -0.823500 0.085422 -0.103000
v -0.820500 0.085422 -0.100000
v -0.820500 0.085422 0.100000
v -0.823500 0.085422 0.103000
v -0.943500 0.085422 0.103000
v -0.946500 0.085422 0.100000
v -0.943500 0.095422 -0.103000
v -0.946500 0.095422 -0.100000
v -0.946500 0.095422 0.100000
v -0.943500 0.095422 0.103000
v -0.823500 0.095422 0.103000
v -0.820500 0.095422 0.100000
v -0.820500 0.095422 -0.100000
v -0.823500 0.095422 -0.103000
v -0.950500 0.095422 -0.105000
v -0.948500 0.095422 -0.107000
v -0.936500 0.095422 -0.107000
v -0.934500 0.095422 -0.105000
v -0.934500 0.095422 0.105000
v -0.936500 0.095422 0.107000
v -0.948500 0.095422 0.107000
v -0.950500 0.095422 0.105000
v -0.948500 0.126422 -0.107000
v -0.950500 0.126422 -0.105000
v -0.950500 0.126422 0.105000
v -0.948500 0.126422 0.107000
v -0.936500 0.126422 0.107000
v -0.934500 0.126422 0.105000
v -0.934500 0.126422 -0.105000
v -0.936500 0.126422 -0.107000
v -0.793500 0.119400 -0.105000
v -0.793500 0.129000 -0.105000
v -0.819500 0.123500 -0.105000
v -0.827500 0.123500 -0.105000
v -0.901500 0.109500 -0.105000
v -0.939500 0.109500 -0.105000
v -0.939500 0.095422 -0.105000
v -0.833500 0.095422 -0.105000
v -0.821500 0.108000 -0.105000
v -0.793500 0.129000 0.105000
v -0.793500 0.119400 0.105000
v -0.821500 0.108000 0.105000
v -0.833500 0.095422 0.105000
v -0.939500 0.095422 0.105000
v -0.939500 0.109500 0.105000
v -0.901500 0.109500 0.105000
v -0.827500 0.123500 0.105000
v -0.819500 0.123500 0.105000
v -0.876410 0.095422 -0.005878
v -0.874500 0.095422 0.000000
v -0.876410 0.095422 0.005878
v -0.881410 0.095422 0.009511
v -0.887590 0.095422 0.009511
v -0.892590 0.095422 0.005878
v -0.894500 0.095422 0.000000
v -0.892590 0.095422 -0.005878
v -0.887590 0.095422 -0.009511
v -0.881410 0.095422 -0.009511
v -0.874500 0.192000 0.000000
v -0.876410 0.192000 -0.005878
v -0.881410 0.192000 -0.009511
v -0.887590 0.192000 -0.009511
v -0.892590 0.192000 -0.005878
v -0.894500 0.192000 0.000000
v -0.892590 0.192000 0.005878
v -0.887590 0.192000 0.009511
v -0.881410 0.192000 0.009511
v -0.876410 0.192000 0.005878
v -0.858519 0.162000 -0.015000
v -0.854500 0.162000 0.000000
v -0.858519 0.162000 0.015000
v -0.869500 0.162000 0.025981
v -0.884500 0.162000 0.030000
v -0.899500 0.162000 0.025981
v -0.910481 0.162000 0.015000
v -0.914500 0.162000 0.000000
v -0.910481 0.162000 -0.015000
v -0.899500 0.162000 -0.025981
v -0.884500 0.162000 -0.030000
v -0.869500 0.162000 -0.025981
v -0.854500 0.168000 0.000000
v -0.858519 0.168000 -0.015000
v -0.869500 0.168000 -0.025981
v -0.884500 0.168000 -0.030000
v -0.899500 0.168000 -0.025981
v -0.910481 0.168000 -0.015000
v -0.914500 0.168000 0.000000
v -0.910481 0.168000 0.015000
v -0.899500 0.168000 0.025981
v -0.884500 0.168000 0.030000
v -0.869500 0.168000 0.025981
v -0.858519 0.168000 0.015000
v -0.874500 0.168000 -0.017321
v -0.864500 0.168000 0.000000
v -0.874500 0.168000 0.017321
v -0.894500 0.168000 0.017321
v -0.904500 0.168000 0.000000
v -0.894500 0.168000 -0.017321
v -0.864500 0.186000 0.000000
v -0.874500 0.186000 -0.017321
v -0.894500 0.186000 -0.017321
v -0.904500 0.186000 0.000000
v -0.894500 0.186000 0.017321
v -0.874500 0.186000 0.017321
v -0.875500 0.186000 -0.015588
v -0.866500 0.186000 0.000000
v -0.875500 0.186000 0.015588
v -0.893500 0.186000 0.015588
v -0.902500 0.186000 0.000000
v -0.893500 0.186000 -0.015588
v -0.866500 0.189000 0.000000
v -0.875500 0.189000 -0.015588
v -0.893500 0.189000 -0.015588
v -0.902500 0.189000 0.000000
v -0.893500 0.189000 0.015588
v -0.875500 0.189000 0.015588
v -0.821573 0.137000 -0.070926
v -0.811468 0.132000 -0.042780
v -0.815914 0.124757 -0.042634
v -0.826424 0.130039 -0.070415
v -0.823947 0.124757 -0.039854
v -0.833352 0.130039 -0.065489
v -0.827532 0.132000 -0.037220
v -0.835427 0.137000 -0.061074
v -0.823086 0.139243 -0.037366
v -0.830576 0.143961 -0.061585
v -0.815053 0.139243 -0.040146
v -0.823648 0.143961 -0.066511
v -0.848202 0.151000 -0.092834
v -0.851938 0.143996 -0.089796
v -0.855237 0.143996 -0.081962
v -0.854798 0.151000 -0.077166
v -0.851062 0.158004 -0.080204
v -0.847763 0.158004 -0.088038
v -0.886306 0.157000 -0.098462
v -0.885556 0.149647 -0.094264
v -0.884750 0.149647 -0.085802
v -0.884694 0.157000 -0.081538
v -0.885444 0.164353 -0.085736
v -0.886250 0.164353 -0.094198
v -0.919600 0.148000 -0.085800
v -0.914158 0.141587 -0.084569
v -0.909058 0.141587 -0.077769
v -0.909400 0.148000 -0.072200
v -0.914842 0.154413 -0.073431
v -0.919942 0.154413 -0.080231
v -0.937946 0.126000 -0.057960
v -0.933257 0.119906 -0.061582
v -0.924811 0.119906 -0.060622
v -0.921054 0.126000 -0.056040
v -0.925743 0.132094 -0.052418
v -0.934189 0.132094 -0.053378
v -0.924959 0.118000 -0.028485
v -0.921879 0.110653 -0.031449
v -0.916421 0.110653 -0.037964
v -0.914041 0.118000 -0.041515
v -0.917121 0.125347 -0.038551
v -0.922579 0.125347 -0.032036
v -0.895280 0.129000 -0.017968
v -0.890393 0.122637 -0.020773
v -0.887613 0.122637 -0.028806
v -0.889720 0.129000 -0.034032
v -0.894607 0.135363 -0.031227
v -0.897387 0.135363 -0.023194
v -0.872860 0.150000 -0.010403
v -0.867133 0.143773 -0.011226
v -0.861773 0.143773 -0.017822
v -0.862140 0.150000 -0.023597
v -0.867867 0.156227 -0.022774
v -0.873227 0.156227 -0.016178
v -0.869000 0.155000 0.000000
v -0.864750 0.147639 0.000000
v -0.856250 0.147639 0.000000
v -0.852000 0.155000 0.000000
v -0.856250 0.162361 0.000000
v -0.864750 0.162361 0.000000
v -0.872860 0.150000 0.010403
v -0.867133 0.143773 0.011226
v -0.861773 0.143773 0.017822
v -0.862140 0.150000 0.023597
v -0.867867 0.156227 0.022774
v -0.873227 0.156227 0.016178
v -0.895280 0.129000 0.017968
v -0.890393 0.122637 0.020773
v -0.887613 0.122637 0.028806
v -0.889720 0.129000 0.034032
v -0.894607 0.135363 0.031227
v -0.897387 0.135363 0.023194
v -0.924959 0.118000 0.028485
v -0.921879 0.110653 0.031449
v -0.916421 0.110653 0.037964
v -0.914041 0.118000 0.041515
v -0.917121 0.125347 0.038551
v -0.922579 0.125347 0.032036
v -0.937946 0.126000 0.057960
v -0.933257 0.119906 0.061582
v -0.924811 0.119906 0.060622
v -0.921054 0.126000 0.056040
v -0.925743 0.132094 0.052418
v -0.934189 0.132094 0.053378
v -0.919600 0.148000 0.085800
v -0.914158 0.141587 0.084569
v -0.909058 0.141587 0.077769
v -0.909400 0.148000 0.072200
v -0.914842 0.154413 0.073431
v -0.919942 0.154413 0.080231
v -0.886306 0.157000 0.098462
v -0.885556 0.149647 0.094264
v -0.884750 0.149647 0.085802
v -0.884694 0.157000 0.081538
v -0.885444 0.164353 0.085736
v -0.886250 0.164353 0.094198
v -0.848202 0.151000 0.092834
v -0.851938 0.143996 0.089796
v -0.855237 0.143996 0.081962
v -0.854798 0.151000 0.077166
v -0.851062 0.158004 0.080204
v -0.847763 0.158004 0.088038
v -0.821573 0.137000 0.070926
v -0.826424 0.130039 0.070415
v -0.833352 0.130039 0.065489
v -0.835427 0.137000 0.061074
v -0.830576 0.143961 0.061585
v -0.823648 0.143961 0.066511
v -0.811468 0.132000 0.042780
v -0.815914 0.124757 0.042634
v -0.823947 0.124757 0.039854
v -0.827532 0.132000 0.037220
v -0.823086 0.139243 0.037366
v -0.815053 0.139243 0.040146
v -0.682500 0.085422 -0.100000
v -0.679500 0.085422 -0.103000
v -0.559500 0.085422 -0.103000
v -0.556500 0.085422 -0.100000
v -0.556500 0.085422 0.100000
v -0.559500 0.085422 0.103000
v -0.679500 0.085422 0.103000
v -0.682500 0.085422 0.100000
v -0.679500 0.095422 -0.103000
v -0.682500 0.095422 -0.100000
v -0.682500 0.095422 0.100000
v -0.679500 0.095422 0.103000
v -0.559500 0.095422 0.103000
v -0.556500 0.095422 0.100000
v -0.556500 0.095422 -0.100000
v -0.559500 0.095422 -0.103000
v -0.568500 0.095422 -0.105000
v -0.566500 0.095422 -0.107000
v -0.554500 0.095422 -0.107000
v -0.552500 0.095422 -0.105000
v -0.552500 0.095422 0.105000
v -0.554500 0.095422 0.107000
v -0.566500 0.095422 0.107000
v -0.568500 0.095422 0.105000
v -0.566500 0.126422 -0.107000
v -0.568500 0.126422 -0.105000
v -0.568500 0.126422 0.105000
v -0.566500 0.126422 0.107000
v -0.554500 0.126422 0.107000
v -0.552500 0.126422 0.105000
v -0.552500 0.126422 -0.105000
v -0.554500 0.126422 -0.107000
v -0.709500 0.129000 -0.105000
v -0.709500 0.119400 -0.105000
v -0.681500 0.108000 -0.105000
v -0.669500 0.095422 -0.105000
v -0.563500 0.095422 -0.105000
v -0.563500 0.109500 -0.105000
v -0.601500 0.109500 -0.105000
v -0.675500 0.123500 -0.105000
v -0.683500 0.123500 -0.105000
v -0.709500 0.119400 0.105000
v -0.709500 0.129000 0.105000
v -0.683500 0.123500 0.105000
v -0.675500 0.123500 0.105000
v -0.601500 0.109500 0.105000
v -0.563500 0.109500 0.105000
v -0.563500 0.095422 0.105000
v -0.669500 0.095422 0.105000
v -0.681500 0.108000 0.105000
v -0.610410 0.095422 -0.005878
v -0.608500 0.095422 0.000000
v -0.610410 0.095422 0.005878
v -0.615410 0.095422 0.009511
v -0.621590 0.095422 0.009511
v -0.626590 0.095422 0.005878
v -0.628500 0.095422 0.000000
v -0.626590 0.095422 -0.005878
v -0.621590 0.095422 -0.009511
v -0.615410 0.095422 -0.009511
v -0.608500 0.192000 0.000000
v -0.610410 0.192000 -0.005878
v -0.615410 0.192000 -0.009511
v -0.621590 0.192000 -0.009511
v -0.626590 0.192000 -0.005878
v -0.628500 0.192000 0.000000
v -0.626590 0.192000 0.005878
v -0.621590 0.192000 0.009511
v -0.615410 0.192000 0.009511
v -0.610410 0.192000 0.005878
v -0.592519 0.162000 -0.015000
v -0.588500 0.162000 0.000000
v -0.592519 0.162000 0.015000
v -0.603500 0.162000 0.025981
v -0.618500 0.162000 0.030000
v -0.633500 0.162000 0.025981
v -0.644481 0.162000 0.015000
v -0.648500 0.162000 0.000000
v -0.644481 0.162000 -0.015000
v -0.633500 0.162000 -0.025981
v -0.618500 0.162000 -0.030000
v -0.603500 0.162000 -0.025981
v -0.588500 0.168000 0.000000
v -0.592519 0.168000 -0.015000
v -0.603500 0.168000 -0.025981
v -0.618500 0.168000 -0.030000
v -0.633500 0.168000 -0.025981
v -0.644481 0.168000 -0.015000
v -0.648500 0.168000 0.000000
v -0.644481 0.168000 0.015000
v -0.633500 0.168000 0.025981
v -0.618500 0.168000 0.030000
v -0.603500 0.168000 0.025981
v -0.592519 0.168000 0.015000
v -0.608500 0.168000 -0.017321
v -0.598500 0.168000 0.000000
v -0.608500 0.168000 0.017321
v -0.628500 0.168000 0.017321
v -0.638500 0.168000 0.000000
v -0.628500 0.168000 -0.017321
v -0.598500 0.186000 0.000000
v -0.608500 0.186000 -0.017321
v -0.628500 0.186000 -0.017321
v -0.638500 0.186000 0.000000
v -0.628500 0.186000 0.017321
v -0.608500 0.186000 0.017321
v -0.609500 0.186000 -0.015588
v -0.600500 0.186000 0.000000
v -0.609500 0.186000 0.015588
v -0.627500 0.186000 0.015588
v -0.636500 0.186000 0.000000
v -0.627500 0.186000 -0.015588
v -0.600500 0.189000 0.000000
v -0.609500 0.189000 -0.015588
v -0.627500 0.189000 -0.015588
v -0.636500 0.189000 0.000000
v -0.627500 0.189000 0.015588
v -0.609500 0.189000 0.015588
v -0.667573 0.137000 -0.061074
v -0.675468 0.132000 -0.037220
v -0.679053 0.124757 -0.039854
v -0.669648 0.130039 -0.065489
v -0.687086 0.124757 -0.042634
v -0.676576 0.130039 -0.070415
v -0.691532 0.132000 -0.042780
v -0.681427 0.137000 -0.070926
v -0.687947 0.139243 -0.040146
v -0.679352 0.143961 -0.066511
v -0.679914 0.139243 -0.037366
v -0.672424 0.143961 -0.061585
v -0.648202 0.151000 -0.077166
v -0.647763 0.143996 -0.081962
v -0.651062 0.143996 -0.089796
v -0.654798 0.151000 -0.092834
v -0.655237 0.158004 -0.088038
v -0.651938 0.158004 -0.080204
v -0.618306 0.157000 -0.081538
v -0.618250 0.149647 -0.085802
v -0.617444 0.149647 -0.094264
v -0.616694 0.157000 -0.098462
v -0.616750 0.164353 -0.094198
v -0.617556 0.164353 -0.085736
v -0.593600 0.148000 -0.072200
v -0.593942 0.141587 -0.077769
v -0.588842 0.141587 -0.084569
v -0.583400 0.148000 -0.085800
v -0.583058 0.154413 -0.080231
v -0.588158 0.154413 -0.073431
v -0.581946 0.126000 -0.056040
v -0.578189 0.119906 -0.060622
v -0.569743 0.119906 -0.061582
v -0.565054 0.126000 -0.057960
v -0.568811 0.132094 -0.053378
v -0.577257 0.132094 -0.052418
v -0.588959 0.118000 -0.041515
v -0.586579 0.110653 -0.037964
v -0.581121 0.110653 -0.031449
v -0.578041 0.118000 -0.028485
v -0.580421 0.125347 -0.032036
v -0.585879 0.125347 -0.038551
v -0.613280 0.129000 -0.034032
v -0.615387 0.122637 -0.028806
v -0.612607 0.122637 -0.020773
v -0.607720 0.129000 -0.017968
v -0.605613 0.135363 -0.023194
v -0.608393 0.135363 -0.031227
v -0.640860 0.150000 -0.023597
v -0.641227 0.143773 -0.017822
v -0.635867 0.143773 -0.011226
v -0.630140 0.150000 -0.010403
v -0.629773 0.156227 -0.016178
v -0.635133 0.156227 -0.022774
v -0.651000 0.155000 0.000000
v -0.646750 0.147639 0.000000
v -0.638250 0.147639 0.000000
v -0.634000 0.155000 0.000000
v -0.638250 0.162361 0.000000
v -0.646750 0.162361 0.000000
v -0.640860 0.150000 0.023597
v -0.641227 0.143773 0.017822
v -0.635867 0.143773 0.011226
v -0.630140 0.150000 0.010403
v -0.629773 0.156227 0.016178
v -0.635133 0.156227 0.022774
v -0.613280 0.129000 0.034032
v -0.615387 0.122637 0.028806
v -0.612607 0.122637 0.020773
v -0.607720 0.129000 0.017968
v -0.605613 0.135363 0.023194
v -0.608393 0.135363 0.031227
v -0.588959 0.118000 0.041515
v -0.586579 0.110653 0.037964
v -0.581121 0.110653 0.031449
v -0.578041 0.118000 0.028485
v -0.580421 0.125347 0.032036
v -0.585879 0.125347 0.038551
v -0.581946 0.126000 0.056040
v -0.578189 0.119906 0.060622
v -0.569743 0.119906 0.061582
v -0.565054 0.126000 0.057960
v -0.568811 0.132094 0.053378
v -0.577257 0.132094 0.052418
v -0.593600 0.148000 0.072200
v -0.593942 0.141587 0.077769
v -0.588842 0.141587 0.084569
v -0.583400 0.148000 0.085800
v -0.583058 0.154413 0.080231
v -0.588158 0.154413 0.073431
v -0.618306 0.157000 0.081538
v -0.618250 0.149647 0.085802
v -0.617444 0.149647 0.094264
v -0.616694 0.157000 0.098462
v -0.616750 0.164353 0.094198
v -0.617556 0.164353 0.085736
v -0.648202 0.151000 0.077166
v -0.647763 0.143996 0.081962
v -0.651062 0.143996 0.089796
v -0.654798 0.151000 0.092834
v -0.655237 0.158004 0.088038
v -0.651938 0.158004 0.080204
v -0.667573 0.137000 0.061074
v -0.669648 0.130039 0.065489
v -0.676576 0.130039 0.070415
v -0.681427 0.137000 0.070926
v -0.679352 0.143961 0.066511
v -0.672424 0.143961 0.061585
v -0.675468 0.132000 0.037220
v -0.679053 0.124757 0.039854
v -0.687086 0.124757 0.042634
v -0.691532 0.132000 0.042780
v -0.687947 0.139243 0.040146
v -0.679914 0.139243 0.037366
v -0.681500 0.099422 -0.300000
v -0.681500 0.108000 -0.300000
v -0.681500 0.108000 0.300000
v -0.681500 0.099422 0.300000
v -0.687500 0.113000 -0.300000
v -0.687500 0.113000 0.300000
v -0.725500 0.124000 -0.300000
v -0.725500 0.124000 0.300000
v -0.739500 0.134000 -0.300000
v -0.739500 0.134000 0.300000
v -0.742500 0.145000 -0.300000
v -0.742500 0.145000 0.300000
v -0.742500 0.207000 -0.300000
v -0.742500 0.207000 0.300000
v -0.738500 0.219000 -0.300000
v -0.738500 0.219000 0.300000
v -0.724500 0.225000 -0.300000
v -0.724500 0.225000 0.300000
v -0.718500 0.231000 -0.300000
v -0.718500 0.231000 0.300000
v -0.717500 0.239000 -0.300000
v -0.717500 0.239000 0.300000
v -0.717500 0.254000 -0.300000
v -0.717500 0.254000 0.300000
v -0.719500 0.260000 -0.300000
v -0.719500 0.260000 0.300000
v -0.725500 0.264280 -0.300000
v -0.725500 0.264280 0.300000
v -0.777500 0.264280 -0.300000
v -0.777500 0.264280 0.300000
v -0.783500 0.260000 -0.300000
v -0.783500 0.260000 0.300000
v -0.785500 0.254000 -0.300000
v -0.785500 0.254000 0.300000
v -0.785500 0.239000 -0.300000
v -0.785500 0.239000 0.300000
v -0.784500 0.231000 -0.300000
v -0.784500 0.231000 0.300000
v -0.778500 0.225000 -0.300000
v -0.778500 0.225000 0.300000
v -0.764500 0.219000 -0.300000
v -0.764500 0.219000 0.300000
v -0.760500 0.207000 -0.300000
v -0.760500 0.207000 0.300000
v -0.760500 0.145000 -0.300000
v -0.760500 0.145000 0.300000
v -0.763500 0.134000 -0.300000
v -0.763500 0.134000 0.300000
v -0.777500 0.124000 -0.300000
v -0.777500 0.124000 0.300000
v -0.815500 0.113000 -0.300000
v -0.815500 0.113000 0.300000
v -0.821500 0.108000 -0.300000
v -0.821500 0.108000 0.300000
v -0.821500 0.099422 -0.300000
v -0.821500 0.099422 0.300000
v 0.675500 0.085422 -0.101000
v 0.681500 0.085422 -0.107000
v 0.821500 0.085422 -0.107000
v 0.827500 0.085422 -0.101000
v 0.827500 0.085422 0.101000
v 0.821500 0.085422 0.107000
v 0.681500 0.085422 0.107000
v 0.675500 0.085422 0.101000
v 0.681500 0.095422 -0.107000
v 0.821500 0.095422 -0.107000
v 0.827500 0.095422 -0.101000
v 0.827500 0.095422 0.101000
v 0.821500 0.095422 0.107000
v 0.681500 0.095422 0.107000
v 0.675500 0.095422 0.101000
v 0.675500 0.095422 -0.101000
v 0.682500 0.099422 -0.106000
v 0.676500 0.099422 -0.100000
v 0.676500 0.099422 0.100000
v 0.682500 0.099422 0.106000
v 0.820500 0.099422 0.106000
v 0.826500 0.099422 0.100000
v 0.826500 0.099422 -0.100000
v 0.820500 0.099422 -0.106000
v 0.820500 0.095422 -0.106000
v 0.682500 0.095422 -0.106000
v 0.826500 0.095422 -0.100000
v 0.826500 0.095422 0.100000
v 0.820500 0.095422 0.106000
v 0.682500 0.095422 0.106000
v 0.676500 0.095422 0.100000
v 0.676500 0.095422 -0.100000
v 0.556500 0.085422 -0.100000
v 0.559500 0.085422 -0.103000
v 0.679500 0.085422 -0.103000
v 0.682500 0.085422 -0.100000
v 0.682500 0.085422 0.100000
v 0.679500 0.085422 0.103000
v 0.559500 0.085422 0.103000
v 0.556500 0.085422 0.100000
v 0.559500 0.095422 -0.103000
v 0.556500 0.095422 -0.100000
v 0.556500 0.095422 0.100000
v 0.559500 0.095422 0.103000
v 0.679500 0.095422 0.103000
v 0.682500 0.095422 0.100000
v 0.682500 0.095422 -0.100000
v 0.679500 0.095422 -0.103000
v 0.552500 0.095422 -0.105000
v 0.554500 0.095422 -0.107000
v 0.566500 0.095422 -0.107000
v 0.568500 0.095422 -0.105000
v 0.568500 0.095422 0.105000
v 0.566500 0.095422 0.107000
v 0.554500 0.095422 0.107000
v 0.552500 0.095422 0.105000
v 0.554500 0.126422 -0.107000
v 0.552500 0.126422 -0.105000
v 0.552500 0.126422 0.105000
v 0.554500 0.126422 0.107000
v 0.566500 0.126422 0.107000
v 0.568500 0.126422 0.105000
v 0.568500 0.126422 -0.105000
v 0.566500 0.126422 -0.107000
v 0.709500 0.119400 -0.105000
v 0.709500 0.129000 -0.105000
v 0.683500 0.123500 -0.105000
v 0.675500 0.123500 -0.105000
v 0.601500 0.109500 -0.105000
v 0.563500 0.109500 -0.105000
v 0.563500 0.095422 -0.105000
v 0.669500 0.095422 -0.105000
v 0.681500 0.108000 -0.105000
v 0.709500 0.129000 0.105000
v 0.709500 0.119400 0.105000
v 0.681500 0.108000 0.105000
v 0.669500 0.095422 0.105000
v 0.563500 0.095422 0.105000
v 0.563500 0.109500 0.105000
v 0.601500 0.109500 0.105000
v 0.675500 0.123500 0.105000
v 0.683500 0.123500 0.105000
v 0.626590 0.095422 -0.005878
v 0.628500 0.095422 0.000000
v 0.626590 0.095422 0.005878
v 0.621590 0.095422 0.009511
v 0.615410 0.095422 0.009511
v 0.610410 0.095422 0.005878
v 0.608500 0.095422 0.000000
v 0.610410 0.095422 -0.005878
v 0.615410 0.095422 -0.009511
v 0.621590 0.095422 -0.009511
v 0.628500 0.192000 0.000000
v 0.626590 0.192000 -0.005878
v 0.621590 0.192000 -0.009511
v 0.615410 0.192000 -0.009511
v 0.610410 0.192000 -0.005878
v 0.608500 0.192000 0.000000
v 0.610410 0.192000 0.005878
v 0.615410 0.192000 0.009511
v 0.621590 0.192000 0.009511
v 0.626590 0.192000 0.005878
v 0.644481 0.162000 -0.015000
v 0.648500 0.162000 0.000000
v 0.644481 0.162000 0.015000
v 0.633500 0.162000 0.025981
v 0.618500 0.162000 0.030000
v 0.603500 0.162000 0.025981
v 0.592519 0.162000 0.015000
v 0.588500 0.162000 0.000000
v 0.592519 0.162000 -0.015000
v 0.603500 0.162000 -0.025981
v 0.618500 0.162000 -0.030000
v 0.633500 0.162000 -0.025981
v 0.648500 0.168000 0.000000
v 0.644481 0.168000 -0.015000
v 0.633500 0.168000 -0.025981
v 0.618500 0.168000 -0.030000
v 0.603500 0.168000 -0.025981
v 0.592519 0.168000 -0.015000
v 0.588500 0.168000 0.000000
v 0.592519 0.168000 0.015000
v 0.603500 0.168000 0.025981
v 0.618500 0.168000 0.030000
v 0.633500 0.168000 0.025981
v 0.644481 0.168000 0.015000
v 0.628500 0.168000 -0.017321
v 0.638500 0.168000 0.000000
v 0.628500 0.168000 0.017321
v 0.608500 0.168000 0.017321
v 0.598500 0.168000 0.000000
v 0.608500 0.168000 -0.017321
v 0.638500 0.186000 0.000000
v 0.628500 0.186000 -0.017321
v 0.608500 0.186000 -0.017321
v 0.598500 0.186000 0.000000
v 0.608500 0.186000 0.017321
v 0.628500 0.186000 0.017321
v 0.627500 0.186000 -0.015588
v 0.636500 0.186000 0.000000
v 0.627500 0.186000 0.015588
v 0.609500 0.186000 0.015588
v 0.600500 0.186000 0.000000
v 0.609500 0.186000 -0.015588
v 0.636500 0.189000 0.000000
v 0.627500 0.189000 -0.015588
v 0.609500 0.189000 -0.015588
v 0.600500 0.189000 0.000000
v 0.609500 0.189000 0.015588
v 0.627500 0.189000 0.015588
v 0.681427 0.137000 -0.070926
v 0.691532 0.132000 -0.042780
v 0.687086 0.124757 -0.042634
v 0.676576 0.130039 -0.070415
v 0.679053 0.124757 -0.039854
v 0.669648 0.130039 -0.065489
v 0.675468 0.132000 -0.037220
v 0.667573 0.137000 -0.061074
v 0.679914 0.139243 -0.037366
v 0.672424 0.143961 -0.061585
v 0.687947 0.139243 -0.040146
v 0.679352 0.143961 -0.066511
v 0.654798 0.151000 -0.092834
v 0.651062 0.143996 -0.089796
v 0.647763 0.143996 -0.081962
v 0.648202 0.151000 -0.077166
v 0.651938 0.158004 -0.080204
v 0.655237 0.158004 -0.088038
v 0.616694 0.157000 -0.098462
v 0.617444 0.149647 -0.094264
v 0.618250 0.149647 -0.085802
v 0.618306 0.157000 -0.081538
v 0.617556 0.164353 -0.085736
v 0.616750 0.164353 -0.094198
v 0.583400 0.148000 -0.085800
v 0.588842 0.141587 -0.084569
v 0.593942 0.141587 -0.077769
v 0.593600 0.148000 -0.072200
v 0.588158 0.154413 -0.073431
v 0.583058 0.154413 -0.080231
v 0.565054 0.126000 -0.057960
v 0.569743 0.119906 -0.061582
v 0.578189 0.119906 -0.060622
v 0.581946 0.126000 -0.056040
v 0.577257 0.132094 -0.052418
v 0.568811 0.132094 -0.053378
v 0.578041 0.118000 -0.028485
v 0.581121 0.110653 -0.031449
v 0.586579 0.110653 -0.037964
v 0.588959 0.118000 -0.041515
v 0.585879 0.125347 -0.038551
v 0.580421 0.125347 -0.032036
v 0.607720 0.129000 -0.017968
v 0.612607 0.122637 -0.020773
v 0.615387 0.122637 -0.028806
v 0.613280 0.129000 -0.034032
v 0.608393 0.135363 -0.031227
v 0.605613 0.135363 -0.023194
v 0.630140 0.150000 -0.010403
v 0.635867 0.143773 -0.011226
v 0.641227 0.143773 -0.017822
v 0.640860 0.150000 -0.023597
v 0.635133 0.156227 -0.022774
v 0.629773 0.156227 -0.016178
v 0.634000 0.155000 0.000000
v 0.638250 0.147639 0.000000
v 0.646750 0.147639 0.000000
v 0.651000 0.155000 0.000000
v 0.646750 0.162361 0.000000
v 0.638250 0.162361 0.000000
v 0.630140 0.150000 0.010403
v 0.635867 0.143773 0.011226
v 0.641227 0.143773 0.017822
v 0.640860 0.150000 0.023597
v 0.635133 0.156227 0.022774
v 0.629773 0.156227 0.016178
v 0.607720 0.129000 0.017968
v 0.612607 0.122637 0.020773
v 0.615387 0.122637 0.028806
v 0.613280 0.129000 0.034032
v 0.608393 0.135363 0.031227
v 0.605613 0.135363 0.023194
v 0.578041 0.118000 0.028485
v 0.581121 0.110653 0.031449
v 0.586579 0.110653 0.037964
v 0.588959 0.118000 0.041515
v 0.585879 0.125347 0.038551
v 0.580421 0.125347 0.032036
v 0.565054 0.126000 0.057960
v 0.569743 0.119906 0.061582
v 0.578189 0.119906 0.060622
v 0.581946 0.126000 0.056040
v 0.577257 0.132094 0.052418
v 0.568811 0.132094 0.053378
v 0.583400 0.148000 0.085800
v 0.588842 0.141587 0.084569
v 0.593942 0.141587 0.077769
v 0.593600 0.148000 0.072200
v 0.588158 0.154413 0.073431
v 0.583058 0.154413 0.080231
v 0.616694 0.157000 0.098462
v 0.617444 0.149647 0.094264
v 0.618250 0.149647 0.085802
v 0.618306 0.157000 0.081538
v 0.617556 0.164353 0.085736
v 0.616750 0.164353 0.094198
v 0.654798 0.151000 0.092834
v 0.651062 0.143996 0.089796
v 0.647763 0.143996 0.081962
v 0.648202 0.151000 0.077166
v 0.651938 0.158004 0.080204
v 0.655237 0.158004 0.088038
v 0.681427 0.137000 0.070926
v 0.676576 0.130039 0.070415
v 0.669648 0.130039 0.065489
v 0.667573 0.137000 0.061074
v 0.672424 0.143961 0.061585
v 0.679352 0.143961 0.066511
v 0.691532 0.132000 0.042780
v 0.687086 0.124757 0.042634
v 0.679053 0.124757 0.039854
v 0.675468 0.132000 0.037220
v 0.679914 0.139243 0.037366
v 0.687947 0.139243 0.040146
v 0.820500 0.085422 -0.100000
v 0.823500 0.085422 -0.103000
v 0.943500 0.085422 -0.103000
v 0.946500 0.085422 -0.100000
v 0.946500 0.085422 0.100000
v 0.943500 0.085422 0.103000
v 0.823500 0.085422 0.103000
v 0.820500 0.085422 0.100000
v 0.823500 0.095422 -0.103000
v 0.820500 0.095422 -0.100000
v 0.820500 0.095422 0.100000
v 0.823500 0.095422 0.103000
v 0.943500 0.095422 0.103000
v 0.946500 0.095422 0.100000
v 0.946500 0.095422 -0.100000
v 0.943500 0.095422 -0.103000
v 0.934500 0.095422 -0.105000
v 0.936500 0.095422 -0.107000
v 0.948500 0.095422 -0.107000
v 0.950500 0.095422 -0.105000
v 0.950500 0.095422 0.105000
v 0.948500 0.095422 0.107000
v 0.936500 0.095422 0.107000
v 0.934500 0.095422 0.105000
v 0.936500 0.126422 -0.107000
v 0.934500 0.126422 -0.105000
v 0.934500 0.126422 0.105000
v 0.936500 0.126422 0.107000
v 0.948500 0.126422 0.107000
v 0.950500 0.126422 0.105000
v 0.950500 0.126422 -0.105000
v 0.948500 0.126422 -0.107000
v 0.793500 0.129000 -0.105000
v 0.793500 0.119400 -0.105000
v 0.821500 0.108000 -0.105000
v 0.833500 0.095422 -0.105000
v 0.939500 0.095422 -0.105000
v 0.939500 0.109500 -0.105000
v 0.901500 0.109500 -0.105000
v 0.827500 0.123500 -0.105000
v 0.819500 0.123500 -0.105000
v 0.793500 0.119400 0.105000
v 0.793500 0.129000 0.105000
v 0.819500 0.123500 0.105000
v 0.827500 0.123500 0.105000
v 0.901500 0.109500 0.105000
v 0.939500 0.109500 0.105000
v 0.939500 0.095422 0.105000
v 0.833500 0.095422 0.105000
v 0.821500 0.108000 0.105000
v 0.892590 0.095422 -0.005878
v 0.894500 0.095422 0.000000
v 0.892590 0.095422 0.005878
v 0.887590 0.095422 0.009511
v 0.881410 0.095422 0.009511
v 0.876410 0.095422 0.005878
v 0.874500 0.095422 0.000000
v 0.876410 0.095422 -0.005878
v 0.881410 0.095422 -0.009511
v 0.887590 0.095422 -0.009511
v 0.894500 0.192000 0.000000
v 0.892590 0.192000 -0.005878
v 0.887590 0.192000 -0.009511
v 0.881410 0.192000 -0.009511
v 0.876410 0.192000 -0.005878
v 0.874500 0.192000 0.000000
v 0.876410 0.192000 0.005878
v 0.881410 0.192000 0.009511
v 0.887590 0.192000 0.009511
v 0.892590 0.192000 0.005878
v 0.910481 0.162000 -0.015000
v 0.914500 0.162000 0.000000
v 0.910481 0.162000 0.015000
v 0.899500 0.162000 0.025981
v 0.884500 0.162000 0.030000
v 0.869500 0.162000 0.025981
v 0.858519 0.162000 0.015000
v 0.854500 0.162000 0.000000
v 0.858519 0.162000 -0.015000
v 0.869500 0.162000 -0.025981
v 0.884500 0.162000 -0.030000
v 0.899500 0.162000 -0.025981
v 0.914500 0.168000 0.000000
v 0.910481 0.168000 -0.015000
v 0.899500 0.168000 -0.025981
v 0.884500 0.168000 -0.030000
v 0.869500 0.168000 -0.025981
v 0.858519 0.168000 -0.015000
v 0.854500 0.168000 0.000000
v 0.858519 0.168000 0.015000
v 0.869500 0.168000 0.025981
v 0.884500 0.168000 0.030000
v 0.899500 0.168000 0.025981
v 0.910481 0.168000 0.015000
v 0.894500 0.168000 -0.017321
v 0.904500 0.168000 0.000000
v 0.894500 0.168000 0.017321
v 0.874500 0.168000 0.017321
v 0.864500 0.168000 0.000000
v 0.874500 0.168000 -0.017321
v 0.904500 0.186000 0.000000
v 0.894500 0.186000 -0.017321
v 0.874500 0.186000 -0.017321
v 0.864500 0.186000 0.000000
v 0.874500 0.186000 0.017321
v 0.894500 0.186000 0.017321
v 0.893500 0.186000 -0.015588
v 0.902500 0.186000 0.000000
v 0.893500 0.186000 0.015588
v 0.875500 0.186000 0.015588
v 0.866500 0.186000 0.000000
v 0.875500 0.186000 -0.015588
v 0.902500 0.189000 0.000000
v 0.893500 0.189000 -0.015588
v 0.875500 0.189000 -0.015588
v 0.866500 0.189000 0.000000
v 0.875500 0.189000 0.015588
v 0.893500 0.189000 0.015588
v 0.835427 0.137000 -0.061074
v 0.827532 0.132000 -0.037220
v 0.823947 0.124757 -0.039854
v 0.833352 0.130039 -0.065489
v 0.815914 0.124757 -0.042634
v 0.826424 0.130039 -0.070415
v 0.811468 0.132000 -0.042780
v 0.821573 0.137000 -0.070926
v 0.815053 0.139243 -0.040146
v 0.823648 0.143961 -0.066511
v 0.823086 0.139243 -0.037366
v 0.830576 0.143961 -0.061585
v 0.854798 0.151000 -0.077166
v 0.855237 0.143996 -0.081962
v 0.851938 0.143996 -0.089796
v 0.848202 0.151000 -0.092834
v 0.847763 0.158004 -0.088038
v 0.851062 0.158004 -0.080204
v 0.884694 0.157000 -0.081538
v 0.884750 0.149647 -0.085802
v 0.885556 0.149647 -0.094264
v 0.886306 0.157000 -0.098462
v 0.886250 0.164353 -0.094198
v 0.885444 0.164353 -0.085736
v 0.909400 0.148000 -0.072200
v 0.909058 0.141587 -0.077769
v 0.914158 0.141587 -0.084569
v 0.919600 0.148000 -0.085800
v 0.919942 0.154413 -0.080231
v 0.914842 0.154413 -0.073431
v 0.921054 0.126000 -0.056040
v 0.924811 0.119906 -0.060622
v 0.933257 0.119906 -0.061582
v 0.937946 0.126000 -0.057960
v 0.934189 0.132094 -0.053378
v 0.925743 0.132094 -0.052418
v 0.914041 0.118000 -0.041515
v 0.916421 0.110653 -0.037964
v 0.921879 0.110653 -0.031449
v 0.924959 0.118000 -0.028485
v 0.922579 0.125347 -0.032036
v 0.917121 0.125347 -0.038551
v 0.889720 0.129000 -0.034032
v 0.887613 0.122637 -0.028806
v 0.890393 0.122637 -0.020773
v 0.895280 0.129000 -0.017968
v 0.897387 0.135363 -0.023194
v 0.894607 0.135363 -0.031227
v 0.862140 0.150000 -0.023597
v 0.861773 0.143773 -0.017822
v 0.867133 0.143773 -0.011226
v 0.872860 0.150000 -0.010403
v 0.873227 0.156227 -0.016178
v 0.867867 0.156227 -0.022774
v 0.852000 0.155000 0.000000
v 0.856250 0.147639 0.000000
v 0.864750 0.147639 0.000000
v 0.869000 0.155000 0.000000
v 0.864750 0.162361 0.000000
v 0.856250 0.162361 0.000000
v 0.862140 0.150000 0.023597
v 0.861773 0.143773 0.017822
v 0.867133 0.143773 0.011226
v 0.872860 0.150000 0.010403
v 0.873227 0.156227 0.016178
v 0.867867 0.156227 0.022774
v 0.889720 0.129000 0.034032
v 0.887613 0.122637 0.028806
v 0.890393 0.122637 0.020773
v 0.895280 0.129000 0.017968
v 0.897387 0.135363 0.023194
v 0.894607 0.135363 0.031227
v 0.914041 0.118000 0.041515
v 0.916421 0.110653 0.037964
v 0.921879 0.110653 0.031449
v 0.924959 0.118000 0.028485
v 0.922579 0.125347 0.032036
v 0.917121 0.125347 0.038551
v 0.921054 0.126000 0.056040
v 0.924811 0.119906 0.060622
v 0.933257 0.119906 0.061582
v 0.937946 0.126000 0.057960
v 0.934189 0.132094 0.053378
v 0.925743 0.132094 0.052418
v 0.909400 0.148000 0.072200
v 0.909058 0.141587 0.077769
v 0.914158 0.141587 0.084569
v 0.919600 0.148000 0.085800
v 0.919942 0.154413 0.080231
v 0.914842 0.154413 0.073431
v 0.884694 0.157000 0.081538
v 0.884750 0.149647 0.085802
v 0.885556 0.149647 0.094264
v 0.886306 0.157000 0.098462
v 0.886250 0.164353 0.094198
v 0.885444 0.164353 0.085736
v 0.854798 0.151000 0.077166
v 0.855237 0.143996 0.081962
v 0.851938 0.143996 0.089796
v 0.848202 0.151000 0.092834
v 0.847763 0.158004 0.088038
v 0.851062 0.158004 0.080204
v 0.835427 0.137000 0.061074
v 0.833352 0.130039 0.065489
v 0.826424 0.130039 0.070415
v 0.821573 0.137000 0.070926
v 0.823648 0.143961 0.066511
v 0.830576 0.143961 0.061585
v 0.827532 0.132000 0.037220
v 0.823947 0.124757 0.039854
v 0.815914 0.124757 0.042634
v 0.811468 0.132000 0.042780
v 0.815053 0.139243 0.040146
v 0.823086 0.139243 0.037366
v 0.821500 0.099422 -0.300000
v 0.821500 0.108000 -0.300000
v 0.821500 0.108000 0.300000
v 0.821500 0.099422 0.300000
v 0.815500 0.113000 -0.300000
v 0.815500 0.113000 0.300000
v 0.777500 0.124000 -0.300000
v 0.777500 0.124000 0.300000
v 0.763500 0.134000 -0.300000
v 0.763500 0.134000 0.300000
v 0.760500 0.145000 -0.300000
v 0.760500 0.145000 0.300000
v 0.760500 0.207000 -0.300000
v 0.760500 0.207000 0.300000
v 0.764500 0.219000 -0.300000
v 0.764500 0.219000 0.300000
v 0.778500 0.225000 -0.300000
v 0.778500 0.225000 0.300000
v 0.784500 0.231000 -0.300000
v 0.784500 0.231000 0.300000
v 0.785500 0.239000 -0.300000
v 0.785500 0.239000 0.300000
v 0.785500 0.254000 -0.300000
v 0.785500 0.254000 0.300000
v 0.783500 0.260000 -0.300000
v 0.783500 0.260000 0.300000
v 0.777500 0.264280 -0.300000
v 0.777500 0.264280 0.300000
v 0.725500 0.264280 -0.300000
v 0.725500 0.264280 0.300000
v 0.719500 0.260000 -0.300000
v 0.719500 0.260000 0.300000
v 0.717500 0.254000 -0.300000
v 0.717500 0.254000 0.300000
v 0.717500 0.239000 -0.300000
v 0.717500 0.239000 0.300000
v 0.718500 0.231000 -0.300000
v 0.718500 0.231000 0.300000
v 0.724500 0.225000 -0.300000
v 0.724500 0.225000 0.300000
v 0.738500 0.219000 -0.300000
v 0.738500 0.219000 0.300000
v 0.742500 0.207000 -0.300000
v 0.742500 0.207000 0.300000
v 0.742500 0.145000 -0.300000
v 0.742500 0.145000 0.300000
v 0.739500 0.134000 -0.300000
v 0.739500 0.134000 0.300000
v 0.725500 0.124000 -0.300000
v 0.725500 0.124000 0.300000
v 0.687500 0.113000 -0.300000
v 0.687500 0.113000 0.300000
v 0.681500 0.108000 -0.300000
v 0.681500 0.108000 0.300000
v 0.681500 0.099422 -0.300000
v 0.681500 0.099422 0.300000
v -0.488000 0.085422 -0.099000
v -0.482000 0.085422 -0.105000
v -0.230000 0.085422 -0.105000
v -0.224000 0.085422 -0.099000
v -0.224000 0.085422 0.099000
v -0.230000 0.085422 0.105000
v -0.482000 0.085422 0.105000
v -0.488000 0.085422 0.099000
v -0.482000 0.095422 -0.105000
v -0.488000 0.095422 -0.099000
v -0.488000 0.095422 0.099000
v -0.482000 0.095422 0.105000
v -0.230000 0.095422 0.105000
v -0.224000 0.095422 0.099000
v -0.224000 0.095422 -0.099000
v -0.230000 0.095422 -0.105000
v -0.425000 0.099422 -0.102000
v -0.431000 0.099422 -0.096000
v -0.431000 0.099422 0.096000
v -0.425000 0.099422 0.102000
v -0.287000 0.099422 0.102000
v -0.281000 0.099422 0.096000
v -0.281000 0.099422 -0.096000
v -0.287000 0.099422 -0.102000
v -0.287000 0.095422 -0.102000
v -0.425000 0.095422 -0.102000
v -0.281000 0.095422 -0.096000
v -0.281000 0.095422 0.096000
v -0.287000 0.095422 0.102000
v -0.425000 0.095422 0.102000
v -0.431000 0.095422 0.096000
v -0.431000 0.095422 -0.096000
v -0.484000 0.113422 -0.072000
v -0.481000 0.113422 -0.075000
v -0.409000 0.113422 -0.075000
v -0.406000 0.113422 -0.072000
v -0.406000 0.113422 0.072000
v -0.409000 0.113422 0.075000
v -0.481000 0.113422 0.075000
v -0.484000 0.113422 0.072000
v -0.481000 0.124422 -0.075000
v -0.484000 0.124422 -0.072000
v -0.484000 0.124422 0.072000
v -0.481000 0.124422 0.075000
v -0.409000 0.124422 0.075000
v -0.406000 0.124422 0.072000
v -0.406000 0.124422 -0.072000
v -0.409000 0.124422 -0.075000
v -0.453500 0.124422 -0.014722
v -0.445000 0.124422 0.000000
v -0.453500 0.124422 0.014722
v -0.470500 0.124422 0.014722
v -0.479000 0.124422 0.000000
v -0.470500 0.124422 -0.014722
v -0.445000 0.144422 0.000000
v -0.453500 0.144422 -0.014722
v -0.470500 0.144422 -0.014722
v -0.479000 0.144422 0.000000
v -0.470500 0.144422 0.014722
v -0.453500 0.144422 0.014722
v -0.442584 0.118422 -0.014107
v -0.438000 0.118422 0.000000
v -0.442584 0.118422 0.014107
v -0.454584 0.118422 0.022825
v -0.469416 0.118422 0.022825
v -0.481416 0.118422 0.014107
v -0.486000 0.118422 0.000000
v -0.481416 0.118422 -0.014107
v -0.469416 0.118422 -0.022825
v -0.454584 0.118422 -0.022825
v -0.438000 0.124422 0.000000
v -0.442584 0.124422 -0.014107
v -0.454584 0.124422 -0.022825
v -0.469416 0.124422 -0.022825
v -0.481416 0.124422 -0.014107
v -0.486000 0.124422 0.000000
v -0.481416 0.124422 0.014107
v -0.469416 0.124422 0.022825
v -0.454584 0.124422 0.022825
v -0.442584 0.124422 0.014107
v -0.456343 0.144422 -0.005657
v -0.454000 0.144422 0.000000
v -0.456343 0.144422 0.005657
v -0.462000 0.144422 0.008000
v -0.467657 0.144422 0.005657
v -0.470000 0.144422 0.000000
v -0.467657 0.144422 -0.005657
v -0.462000 0.144422 -0.008000
v -0.454000 0.151422 0.000000
v -0.456343 0.151422 -0.005657
v -0.462000 0.151422 -0.008000
v -0.467657 0.151422 -0.005657
v -0.470000 0.151422 0.000000
v -0.467657 0.151422 0.005657
v -0.462000 0.151422 0.008000
v -0.456343 0.151422 0.005657
v -0.306000 0.113422 -0.072000
v -0.303000 0.113422 -0.075000
v -0.231000 0.113422 -0.075000
v -0.228000 0.113422 -0.072000
v -0.228000 0.113422 0.072000
v -0.231000 0.113422 0.075000
v -0.303000 0.113422 0.075000
v -0.306000 0.113422 0.072000
v -0.303000 0.124422 -0.075000
v -0.306000 0.124422 -0.072000
v -0.306000 0.124422 0.072000
v -0.303000 0.124422 0.075000
v -0.231000 0.124422 0.075000
v -0.228000 0.124422 0.072000
v -0.228000 0.124422 -0.072000
v -0.231000 0.124422 -0.075000
v -0.241500 0.124422 -0.014722
v -0.233000 0.124422 0.000000
v -0.241500 0.124422 0.014722
v -0.258500 0.124422 0.014722
v -0.267000 0.124422 0.000000
v -0.258500 0.124422 -0.014722
v -0.233000 0.144422 0.000000
v -0.241500 0.144422 -0.014722
v -0.258500 0.144422 -0.014722
v -0.267000 0.144422 0.000000
v -0.258500 0.144422 0.014722
v -0.241500 0.144422 0.014722
v -0.230584 0.118422 -0.014107
v -0.226000 0.118422 0.000000
v -0.230584 0.118422 0.014107
v -0.242584 0.118422 0.022825
v -0.257416 0.118422 0.022825
v -0.269416 0.118422 0.014107
v -0.274000 0.118422 0.000000
v -0.269416 0.118422 -0.014107
v -0.257416 0.118422 -0.022825
v -0.242584 0.118422 -0.022825
v -0.226000 0.124422 0.000000
v -0.230584 0.124422 -0.014107
v -0.242584 0.124422 -0.022825
v -0.257416 0.124422 -0.022825
v -0.269416 0.124422 -0.014107
v -0.274000 0.124422 0.000000
v -0.269416 0.124422 0.014107
v -0.257416 0.124422 0.022825
v -0.242584 0.124422 0.022825
v -0.230584 0.124422 0.014107
v -0.244343 0.144422 -0.005657
v -0.242000 0.144422 0.000000
v -0.244343 0.144422 0.005657
v -0.250000 0.144422 0.008000
v -0.255657 0.144422 0.005657
v -0.258000 0.144422 0.000000
v -0.255657 0.144422 -0.005657
v -0.250000 0.144422 -0.008000
v -0.242000 0.151422 0.000000
v -0.244343 0.151422 -0.005657
v -0.250000 0.151422 -0.008000
v -0.255657 0.151422 -0.005657
v -0.258000 0.151422 0.000000
v -0.255657 0.151422 0.005657
v -0.250000 0.151422 0.008000
v -0.244343 0.151422 0.005657
v -0.286000 0.099422 -0.300000
v -0.286000 0.108000 -0.300000
v -0.286000 0.108000 0.300000
v -0.286000 0.099422 0.300000
v -0.292000 0.113000 -0.300000
v -0.292000 0.113000 0.300000
v -0.330000 0.124000 -0.300000
v -0.330000 0.124000 0.300000
v -0.344000 0.134000 -0.300000
v -0.344000 0.134000 0.300000
v -0.347000 0.145000 -0.300000
v -0.347000 0.145000 0.300000
v -0.347000 0.207000 -0.300000
v -0.347000 0.207000 0.300000
v -0.343000 0.219000 -0.300000
v -0.343000 0.219000 0.300000
v -0.329000 0.225000 -0.300000
v -0.329000 0.225000 0.300000
v -0.323000 0.231000 -0.300000
v -0.323000 0.231000 0.300000
v -0.322000 0.239000 -0.300000
v -0.322000 0.239000 0.300000
v -0.322000 0.254000 -0.300000
v -0.322000 0.254000 0.300000
v -0.324000 0.260000 -0.300000
v -0.324000 0.260000 0.300000
v -0.330000 0.264280 -0.300000
v -0.330000 0.264280 0.300000
v -0.382000 0.264280 -0.300000
v -0.382000 0.264280 0.300000
v -0.388000 0.260000 -0.300000
v -0.388000 0.260000 0.300000
v -0.390000 0.254000 -0.300000
v -0.390000 0.254000 0.300000
v -0.390000 0.239000 -0.300000
v -0.390000 0.239000 0.300000
v -0.389000 0.231000 -0.300000
v -0.389000 0.231000 0.300000
v -0.383000 0.225000 -0.300000
v -0.383000 0.225000 0.300000
v -0.369000 0.219000 -0.300000
v -0.369000 0.219000 0.300000
v -0.365000 0.207000 -0.300000
v -0.365000 0.207000 0.300000
v -0.365000 0.145000 -0.300000
v -0.365000 0.145000 0.300000
v -0.368000 0.134000 -0.300000
v -0.368000 0.134000 0.300000
v -0.382000 0.124000 -0.300000
v -0.382000 0.124000 0.300000
v -0.420000 0.113000 -0.300000
v -0.420000 0.113000 0.300000
v -0.426000 0.108000 -0.300000
v -0.426000 0.108000 0.300000
v -0.426000 0.099422 -0.300000
v -0.426000 0.099422 0.300000
v 0.224000 0.085422 -0.099000
v 0.230000 0.085422 -0.105000
v 0.482000 0.085422 -0.105000
v 0.488000 0.085422 -0.099000
v 0.488000 0.085422 0.099000
v 0.482000 0.085422 0.105000
v 0.230000 0.085422 0.105000
v 0.224000 0.085422 0.099000
v 0.230000 0.095422 -0.105000
v 0.224000 0.095422 -0.099000
v 0.224000 0.095422 0.099000
v 0.230000 0.095422 0.105000
v 0.482000 0.095422 0.105000
v 0.488000 0.095422 0.099000
v 0.488000 0.095422 -0.099000
v 0.482000 0.095422 -0.105000
v 0.287000 0.099422 -0.102000
v 0.281000 0.099422 -0.096000
v 0.281000 0.099422 0.096000
v 0.287000 0.099422 0.102000
v 0.425000 0.099422 0.102000
v 0.431000 0.099422 0.096000
v 0.431000 0.099422 -0.096000
v 0.425000 0.099422 -0.102000
v 0.425000 0.095422 -0.102000
v 0.287000 0.095422 -0.102000
v 0.431000 0.095422 -0.096000
v 0.431000 0.095422 0.096000
v 0.425000 0.095422 0.102000
v 0.287000 0.095422 0.102000
v 0.281000 0.095422 0.096000
v 0.281000 0.095422 -0.096000
v 0.228000 0.113422 -0.072000
v 0.231000 0.113422 -0.075000
v 0.303000 0.113422 -0.075000
v 0.306000 0.113422 -0.072000
v 0.306000 0.113422 0.072000
v 0.303000 0.113422 0.075000
v 0.231000 0.113422 0.075000
v 0.228000 0.113422 0.072000
v 0.231000 0.124422 -0.075000
v 0.228000 0.124422 -0.072000
v 0.228000 0.124422 0.072000
v 0.231000 0.124422 0.075000
v 0.303000 0.124422 0.075000
v 0.306000 0.124422 0.072000
v 0.306000 0.124422 -0.072000
v 0.303000 0.124422 -0.075000
v 0.258500 0.124422 -0.014722
v 0.267000 0.124422 0.000000
v 0.258500 0.124422 0.014722
v 0.241500 0.124422 0.014722
v 0.233000 0.124422 0.000000
v 0.241500 0.124422 -0.014722
v 0.267000 0.144422 0.000000
v 0.258500 0.144422 -0.014722
v 0.241500 0.144422 -0.014722
v 0.233000 0.144422 0.000000
v 0.241500 0.144422 0.014722
v 0.258500 0.144422 0.014722
v 0.269416 0.118422 -0.014107
v 0.274000 0.118422 0.000000
v 0.269416 0.118422 0.014107
v 0.257416 0.118422 0.022825
v 0.242584 0.118422 0.022825
v 0.230584 0.118422 0.014107
v 0.226000 0.118422 0.000000
v 0.230584 0.118422 -0.014107
v 0.242584 0.118422 -0.022825
v 0.257416 0.118422 -0.022825
v 0.274000 0.124422 0.000000
v 0.269416 0.124422 -0.014107
v 0.257416 0.124422 -0.022825
v 0.242584 0.124422 -0.022825
v 0.230584 0.124422 -0.014107
v 0.226000 0.124422 0.000000
v 0.230584 0.124422 0.014107
v 0.242584 0.124422 0.022825
v 0.257416 0.124422 0.022825
v 0.269416 0.124422 0.014107
v 0.255657 0.144422 -0.005657
v 0.258000 0.144422 0.000000
v 0.255657 0.144422 0.005657
v 0.250000 0.144422 0.008000
v 0.244343 0.144422 0.005657
v 0.242000 0.144422 0.000000
v 0.244343 0.144422 -0.005657
v 0.250000 0.144422 -0.008000
v 0.258000 0.151422 0.000000
v 0.255657 0.151422 -0.005657
v 0.250000 0.151422 -0.008000
v 0.244343 0.151422 -0.005657
v 0.242000 0.151422 0.000000
v 0.244343 0.151422 0.005657
v 0.250000 0.151422 0.008000
v 0.255657 0.151422 0.005657
v 0.406000 0.113422 -0.072000
v 0.409000 0.113422 -0.075000
v 0.481000 0.113422 -0.075000
v 0.484000 0.113422 -0.072000
v 0.484000 0.113422 0.072000
v 0.481000 0.113422 0.075000
v 0.409000 0.113422 0.075000
v 0.406000 0.113422 0.072000
v 0.409000 0.124422 -0.075000
v 0.406000 0.124422 -0.072000
v 0.406000 0.124422 0.072000
v 0.409000 0.124422 0.075000
v 0.481000 0.124422 0.075000
v 0.484000 0.124422 0.072000
v 0.484000 0.124422 -0.072000
v 0.481000 0.124422 -0.075000
v 0.470500 0.124422 -0.014722
v 0.479000 0.124422 0.000000
v 0.470500 0.124422 0.014722
v 0.453500 0.124422 0.014722
v 0.445000 0.124422 0.000000
v 0.453500 0.124422 -0.014722
v 0.479000 0.144422 0.000000
v 0.470500 0.144422 -0.014722
v 0.453500 0.144422 -0.014722
v 0.445000 0.144422 0.000000
v 0.453500 0.144422 0.014722
v 0.470500 0.144422 0.014722
v 0.481416 0.118422 -0.014107
v 0.486000 0.118422 0.000000
v 0.481416 0.118422 0.014107
v 0.469416 0.118422 0.022825
v 0.454584 0.118422 0.022825
v 0.442584 0.118422 0.014107
v 0.438000 0.118422 0.000000
v 0.442584 0.118422 -0.014107
v 0.454584 0.118422 -0.022825
v 0.469416 0.118422 -0.022825
v 0.486000 0.124422 0.000000
v 0.481416 0.124422 -0.014107
v 0.469416 0.124422 -0.022825
v 0.454584 0.124422 -0.022825
v 0.442584 0.124422 -0.014107
v 0.438000 0.124422 0.000000
v 0.442584 0.124422 0.014107
v 0.454584 0.124422 0.022825
v 0.469416 0.124422 0.022825
v 0.481416 0.124422 0.014107
v 0.467657 0.144422 -0.005657
v 0.470000 0.144422 0.000000
v 0.467657 0.144422 0.005657
v 0.462000 0.144422 0.008000
v 0.456343 0.144422 0.005657
v 0.454000 0.144422 0.000000
v 0.456343 0.144422 -0.005657
v 0.462000 0.144422 -0.008000
v 0.470000 0.151422 0.000000
v 0.467657 0.151422 -0.005657
v 0.462000 0.151422 -0.008000
v 0.456343 0.151422 -0.005657
v 0.454000 0.151422 0.000000
v 0.456343 0.151422 0.005657
v 0.462000 0.151422 0.008000
v 0.467657 0.151422 0.005657
v 0.426000 0.099422 -0.300000
v 0.426000 0.108000 -0.300000
v 0.426000 0.108000 0.300000
v 0.426000 0.099422 0.300000
v 0.420000 0.113000 -0.300000
v 0.420000 0.113000 0.300000
v 0.382000 0.124000 -0.300000
v 0.382000 0.124000 0.300000
v 0.368000 0.134000 -0.300000
v 0.368000 0.134000 0.300000
v 0.365000 0.145000 -0.300000
v 0.365000 0.145000 0.300000
v 0.365000 0.207000 -0.300000
v 0.365000 0.207000 0.300000
v 0.369000 0.219000 -0.300000
v 0.369000 0.219000 0.300000
v 0.383000 0.225000 -0.300000
v 0.383000 0.225000 0.300000
v 0.389000 0.231000 -0.300000
v 0.389000 0.231000 0.300000
v 0.390000 0.239000 -0.300000
v 0.390000 0.239000 0.300000
v 0.390000 0.254000 -0.300000
v 0.390000 0.254000 0.300000
v 0.388000 0.260000 -0.300000
v 0.388000 0.260000 0.300000
v 0.382000 0.264280 -0.300000
v 0.382000 0.264280 0.300000
v 0.330000 0.264280 -0.300000
v 0.330000 0.264280 0.300000
v 0.324000 0.260000 -0.300000
v 0.324000 0.260000 0.300000
v 0.322000 0.254000 -0.300000
v 0.322000 0.254000 0.300000
v 0.322000 0.239000 -0.300000
v 0.322000 0.239000 0.300000
v 0.323000 0.231000 -0.300000
v 0.323000 0.231000 0.300000
v 0.329000 0.225000 -0.300000
v 0.329000 0.225000 0.300000
v 0.343000 0.219000 -0.300000
v 0.343000 0.219000 0.300000
v 0.347000 0.207000 -0.300000
v 0.347000 0.207000 0.300000
v 0.347000 0.145000 -0.300000
v 0.347000 0.145000 0.300000
v 0.344000 0.134000 -0.300000
v 0.344000 0.134000 0.300000
v 0.330000 0.124000 -0.300000
v 0.330000 0.124000 0.300000
v 0.292000 0.113000 -0.300000
v 0.292000 0.113000 0.300000
v 0.286000 0.108000 -0.300000
v 0.286000 0.108000 0.300000
v 0.286000 0.099422 -0.300000
v 0.286000 0.099422 0.300000
vt 0.96281250 0.01585821
vt 0.96281250 0.09514925
vt 0.98937500 0.09514925
vt 0.98937500 0.01585821
vt 0.96281250 0.17444030
vt 0.98937500 0.17444030
vt 0.96281250 0.25373134
vt 0.98937500 0.25373134
vt 0.96281250 0.33302239
vt 0.98937500 0.33302239
vt 0.96281250 0.41231343
vt 0.98937500 0.41231343
vt 0.96281250 0.49160448
vt 0.98937500 0.49160448
vt 0.96281250 0.25055970
vt 0.98937500 0.28633158
vt 0.98937500 0.25055970
vt 0.67062500 0.01585821
vt 0.67062500 0.49160448
vt 0.67062500 0.09514925
vt 0.67925781 0.09514925
vt 0.67925781 0.01585821
vt 0.67062500 0.17444030
vt 0.67925781 0.17444030
vt 0.67062500 0.25373134
vt 0.67925781 0.25373134
vt 0.67062500 0.33302239
vt 0.67925781 0.33302239
vt 0.67062500 0.41231343
vt 0.67925781 0.41231343
vt 0.67925781 0.49160448
vt 0.67062500 0.28633158
vt 0.67925781 0.29780771
vt 0.67925781 0.25055970
vt 0.67062500 0.25055970
vt 0.71445312 0.09514925
vt 0.71445312 0.01585821
vt 0.71445312 0.17444030
vt 0.71445312 0.25373134
vt 0.71445312 0.33302239
vt 0.71445312 0.41231343
vt 0.71445312 0.49160448
vt 0.71445312 0.34302313
vt 0.71445312 0.25055970
vt 0.74964844 0.09514925
vt 0.74964844 0.01585821
vt 0.74964844 0.17444030
vt 0.74964844 0.25373134
vt 0.74964844 0.33302239
vt 0.74964844 0.41231343
vt 0.74964844 0.49160448
vt 0.74964844 0.38448283
vt 0.74964844 0.25055970
vt 0.78484375 0.09514925
vt 0.78484375 0.01585821
vt 0.78484375 0.17444030
vt 0.78484375 0.25373134
vt 0.78484375 0.33302239
vt 0.78484375 0.41231343
vt 0.78484375 0.49160448
vt 0.78484375 0.42103545
vt 0.78484375 0.25055970
vt 0.82003906 0.09514925
vt 0.82003906 0.01585821
vt 0.82003906 0.17444030
vt 0.82003906 0.25373134
vt 0.82003906 0.33302239
vt 0.82003906 0.41231343
vt 0.82003906 0.49160448
vt 0.82003906 0.45227667
vt 0.82003906 0.25055970
vt 0.85523437 0.09514925
vt 0.85523437 0.01585821
vt 0.85523437 0.17444030
vt 0.85523437 0.25373134
vt 0.85523437 0.33302239
vt 0.85523437 0.41231343
vt 0.85523437 0.49160448
vt 0.85523437 0.47861081
vt 0.85523437 0.25055970
vt 0.89042969 0.09514925
vt 0.89042969 0.01585821
vt 0.89042969 0.17444030
vt 0.89042969 0.25373134
vt 0.89042969 0.33302239
vt 0.89042969 0.41231343
vt 0.89042969 0.49160448
vt 0.87548894 0.49160448
vt 0.89042969 0.25055970
vt 0.87548894 0.01585821
vt 0.89042969 0.02544297
vt 0.92562500 0.09514925
vt 0.92562500 0.01585821
vt 0.92562500 0.17444030
vt 0.92562500 0.25373134
vt 0.92562500 0.33302239
vt 0.92562500 0.41231343
vt 0.92562500 0.49160448
vt 0.92562500 0.25055970
vt 0.92562500 0.04598881
vt 0.98937500 0.03647388
vt 0.67062500 0.03647388
vt 0.73437500 0.09514925
vt 0.73437500 0.01585821
vt 0.73437500 0.17444030
vt 0.73437500 0.25373134
vt 0.73437500 0.33302239
vt 0.73437500 0.41231343
vt 0.73437500 0.49160448
vt 0.73437500 0.25055970
vt 0.73437500 0.04598881
vt 0.76957031 0.09514925
vt 0.76957031 0.01585821
vt 0.76957031 0.17444030
vt 0.76957031 0.25373134
vt 0.76957031 0.33302239
vt 0.76957031 0.41231343
vt 0.76957031 0.49160448
vt 0.76957031 0.25055970
vt 0.76957031 0.02544297
vt 0.80476563 0.09514925
vt 0.80476563 0.01585821
vt 0.80476563 0.17444030
vt 0.80476563 0.25373134
vt 0.80476563 0.33302239
vt 0.80476563 0.41231343
vt 0.80476563 0.49160448
vt 0.78451106 0.49160448
vt 0.80476563 0.47861081
vt 0.80476563 0.25055970
vt 0.78451106 0.01585821
vt 0.83996094 0.09514925
vt 0.83996094 0.01585821
vt 0.83996094 0.17444030
vt 0.83996094 0.25373134
vt 0.83996094 0.33302239
vt 0.83996094 0.41231343
vt 0.83996094 0.49160448
vt 0.83996094 0.45227667
vt 0.83996094 0.25055970
vt 0.87515625 0.09514925
vt 0.87515625 0.01585821
vt 0.87515625 0.17444030
vt 0.87515625 0.25373134
vt 0.87515625 0.33302239
vt 0.87515625 0.41231343
vt 0.87515625 0.49160448
vt 0.87515625 0.42103545
vt 0.87515625 0.25055970
vt 0.91035156 0.09514925
vt 0.91035156 0.01585821
vt 0.91035156 0.17444030
vt 0.91035156 0.25373134
vt 0.91035156 0.33302239
vt 0.91035156 0.41231343
vt 0.91035156 0.49160448
vt 0.91035156 0.38448283
vt 0.91035156 0.25055970
vt 0.94554688 0.09514925
vt 0.94554688 0.01585821
vt 0.94554688 0.17444030
vt 0.94554688 0.25373134
vt 0.94554688 0.33302239
vt 0.94554688 0.41231343
vt 0.94554688 0.49160448
vt 0.94554688 0.34302313
vt 0.94554688 0.25055970
vt 0.98074219 0.09514925
vt 0.98074219 0.01585821
vt 0.98074219 0.17444030
vt 0.98074219 0.25373134
vt 0.98074219 0.33302239
vt 0.98074219 0.41231343
vt 0.98074219 0.49160448
vt 0.98074219 0.29780771
vt 0.98074219 0.25055970
vt 0.69718750 0.09514925
vt 0.69718750 0.01585821
vt 0.69718750 0.17444030
vt 0.69718750 0.25373134
vt 0.69718750 0.33302239
vt 0.69718750 0.41231343
vt 0.69718750 0.49160448
vt 0.69718750 0.25055970
vt 0.30281250 0.17047575
vt 0.31875000 0.17047575
vt 0.31875000 0.33698694
vt 0.30281250 0.33698694
vt 0.30281250 0.01585821
vt 0.31875000 0.01585821
vt 0.31875000 0.10466418
vt 0.30281250 0.10466418
vt 0.30281250 0.32985075
vt 0.31875000 0.32985075
vt 0.31875000 0.32192164
vt 0.30281250 0.32192164
vt 0.31875000 0.18554104
vt 0.30281250 0.18554104
vt 0.31875000 0.17761194
vt 0.30281250 0.17761194
vt 0.32937500 0.15858209
vt 0.32937500 0.34888060
vt 0.32937500 0.01585821
vt 0.32937500 0.10466418
vt 0.32937500 0.34174440
vt 0.32937500 0.33381530
vt 0.32937500 0.17364739
vt 0.32937500 0.16571828
vt 0.01062500 0.15858209
vt 0.15406250 0.15858209
vt 0.15406250 0.34888060
vt 0.01062500 0.34888060
vt 0.01062500 0.01585821
vt 0.15406250 0.01585821
vt 0.15406250 0.10466418
vt 0.01062500 0.10466418
vt 0.01062500 0.34174440
vt 0.15406250 0.34174440
vt 0.15406250 0.33381530
vt 0.01062500 0.33381530
vt 0.15406250 0.17364739
vt 0.01062500 0.17364739
vt 0.15406250 0.16571828
vt 0.01062500 0.16571828
vt 0.24889063 0.15858209
vt 0.24889063 0.34888060
vt 0.24889063 0.01585821
vt 0.24889063 0.10466418
vt 0.24889063 0.34174440
vt 0.24889063 0.33381530
vt 0.24889063 0.17364739
vt 0.24889063 0.16571828
vt 0.04781250 0.15858209
vt 0.04781250 0.34888060
vt 0.04781250 0.01585821
vt 0.04781250 0.10466418
vt 0.04781250 0.34174440
vt 0.04781250 0.33381530
vt 0.04781250 0.17364739
vt 0.04781250 0.16571828
vt 0.11687500 0.15858209
vt 0.11687500 0.34888060
vt 0.11687500 0.01585821
vt 0.11687500 0.10466418
vt 0.11687500 0.34174440
vt 0.11687500 0.33381530
vt 0.11687500 0.17364739
vt 0.11687500 0.16571828
vt 0.18593750 0.15858209
vt 0.18593750 0.34888060
vt 0.18593750 0.01585821
vt 0.18593750 0.10466418
vt 0.18593750 0.34174440
vt 0.18593750 0.33381530
vt 0.18593750 0.17364739
vt 0.18593750 0.16571828
vt 0.26031250 0.15858209
vt 0.26031250 0.34888060
vt 0.26031250 0.01585821
vt 0.26031250 0.10466418
vt 0.26031250 0.34174440
vt 0.26031250 0.33381530
vt 0.26031250 0.17364739
vt 0.26031250 0.16571828
vt 0.07968750 0.15858209
vt 0.07968750 0.34888060
vt 0.07968750 0.01585821
vt 0.07968750 0.10466418
vt 0.07968750 0.34174440
vt 0.07968750 0.33381530
vt 0.07968750 0.17364739
vt 0.07968750 0.16571828
vt 0.22312500 0.15858209
vt 0.22312500 0.34888060
vt 0.22312500 0.01585821
vt 0.22312500 0.10466418
vt 0.22312500 0.34174440
vt 0.22312500 0.33381530
vt 0.22312500 0.17364739
vt 0.22312500 0.16571828
vt 0.29218750 0.15858209
vt 0.29218750 0.34888060
vt 0.29218750 0.01585821
vt 0.29218750 0.10466418
vt 0.29218750 0.34174440
vt 0.29218750 0.33381530
vt 0.29218750 0.17364739
vt 0.29218750 0.16571828
vt 0.09110937 0.15858209
vt 0.09110937 0.34888060
vt 0.09110937 0.01585821
vt 0.09110937 0.10466418
vt 0.09110937 0.34174440
vt 0.09110937 0.33381530
vt 0.09110937 0.17364739
vt 0.09110937 0.16571828
vt 0.02125000 0.17047575
vt 0.02125000 0.33698694
vt 0.02125000 0.01585821
vt 0.02125000 0.10466418
vt 0.02125000 0.32985075
vt 0.02125000 0.32192164
vt 0.02125000 0.18554104
vt 0.02125000 0.17761194
vt 0.03718750 0.17047575
vt 0.03718750 0.33698694
vt 0.03718750 0.01585821
vt 0.03718750 0.10466418
vt 0.03718750 0.32985075
vt 0.03718750 0.32192164
vt 0.03718750 0.18554104
vt 0.03718750 0.17761194
vt 0.04250000 0.45988806
vt 0.03054688 0.01585821
vt 0.30945312 0.01585821
vt 0.29750000 0.45988806
vt 0.28421875 0.49160448
vt 0.05578125 0.49160448
vt 0.60837500 0.03017506
vt 0.61013651 0.02537313
vt 0.65123849 0.02537313
vt 0.65300000 0.03017506
vt 0.65300000 0.19183987
vt 0.65123849 0.19664179
vt 0.61013651 0.19664179
vt 0.60837500 0.19183987
vt 0.60837500 0.19664179
vt 0.65300000 0.19664179
vt 0.65300000 0.02537313
vt 0.60837500 0.02537313
vt 0.61016000 0.31082090
vt 0.60837500 0.31566812
vt 0.60837500 0.47724233
vt 0.61016000 0.48208955
vt 0.65121500 0.48208955
vt 0.65300000 0.47724233
vt 0.65300000 0.31566812
vt 0.65121500 0.31082090
vt 0.60837500 0.48208955
vt 0.65300000 0.48208955
vt 0.65300000 0.31082090
vt 0.60837500 0.31082090
vt 0.34062500 0.02278655
vt 0.34631696 0.01585821
vt 0.57399554 0.01585821
vt 0.57968750 0.02278655
vt 0.57968750 0.48467613
vt 0.57399554 0.49160448
vt 0.34631696 0.49160448
vt 0.34062500 0.48467613
vt 0.34062500 0.49160448
vt 0.57968750 0.49160448
vt 0.57968750 0.01585821
vt 0.34062500 0.01585821
vt 0.60837500 0.02697378
vt 0.61395312 0.02537313
vt 0.64742188 0.02537313
vt 0.65300000 0.02697378
vt 0.65300000 0.19504115
vt 0.64742188 0.19664179
vt 0.61395312 0.19664179
vt 0.60837500 0.19504115
vt 0.34062500 0.35558791
vt 0.38319777 0.41367832
vt 0.39629709 0.41367832
vt 0.51746575 0.21532083
vt 0.57968750 0.21532083
vt 0.40612158 0.01585821
vt 0.38647260 0.19406824
vt 0.55685906 0.11391302
vt 0.57968750 0.25373134
vt 0.55685906 0.39354966
vt 0.49709344 0.47996214
vt 0.42321906 0.47996214
vt 0.36345344 0.39354966
vt 0.34062500 0.25373134
vt 0.36345344 0.11391302
vt 0.42321906 0.02750055
vt 0.49709344 0.02750055
vt 0.36453125 0.49160448
vt 0.36453125 0.01585821
vt 0.38843750 0.49160448
vt 0.38843750 0.01585821
vt 0.41234375 0.49160448
vt 0.41234375 0.01585821
vt 0.43625000 0.49160448
vt 0.43625000 0.01585821
vt 0.46015625 0.49160448
vt 0.46015625 0.01585821
vt 0.48406250 0.49160448
vt 0.48406250 0.01585821
vt 0.50796875 0.49160448
vt 0.50796875 0.01585821
vt 0.53187500 0.49160448
vt 0.53187500 0.01585821
vt 0.55578125 0.49160448
vt 0.55578125 0.01585821
vt 0.56367335 0.13479478
vt 0.56367335 0.37266791
vt 0.51992188 0.45973552
vt 0.40039062 0.45973552
vt 0.35663915 0.37266791
vt 0.35663915 0.13479478
vt 0.40039062 0.04772717
vt 0.51992188 0.04772717
vt 0.36054687 0.49160448
vt 0.36054687 0.01585821
vt 0.38046875 0.49160448
vt 0.38046875 0.01585821
vt 0.40039062 0.49160448
vt 0.40039062 0.01585821
vt 0.42031250 0.49160448
vt 0.42031250 0.01585821
vt 0.44023438 0.49160448
vt 0.44023438 0.01585821
vt 0.48007813 0.49160448
vt 0.48007813 0.01585821
vt 0.50000000 0.49160448
vt 0.50000000 0.01585821
vt 0.51992187 0.49160448
vt 0.51992187 0.01585821
vt 0.53984375 0.49160448
vt 0.53984375 0.01585821
vt 0.55976563 0.49160448
vt 0.55976563 0.01585821
vt 0.34062500 0.04228856
vt 0.38046875 0.04228856
vt 0.42031250 0.04228856
vt 0.46015625 0.04228856
vt 0.50000000 0.04228856
vt 0.53984375 0.04228856
vt 0.57968750 0.04228856
vt 0.34062500 0.06871891
vt 0.38046875 0.06871891
vt 0.42031250 0.06871891
vt 0.46015625 0.06871891
vt 0.50000000 0.06871891
vt 0.53984375 0.06871891
vt 0.57968750 0.06871891
vt 0.34062500 0.09514925
vt 0.38046875 0.09514925
vt 0.42031250 0.09514925
vt 0.46015625 0.09514925
vt 0.50000000 0.09514925
vt 0.53984375 0.09514925
vt 0.57968750 0.09514925
vt 0.34062500 0.12157960
vt 0.38046875 0.12157960
vt 0.42031250 0.12157960
vt 0.46015625 0.12157960
vt 0.50000000 0.12157960
vt 0.53984375 0.12157960
vt 0.57968750 0.12157960
vt 0.34062500 0.14800995
vt 0.38046875 0.14800995
vt 0.42031250 0.14800995
vt 0.46015625 0.14800995
vt 0.50000000 0.14800995
vt 0.53984375 0.14800995
vt 0.57968750 0.14800995
vt 0.34062500 0.17444030
vt 0.38046875 0.17444030
vt 0.42031250 0.17444030
vt 0.46015625 0.17444030
vt 0.50000000 0.17444030
vt 0.53984375 0.17444030
vt 0.57968750 0.17444030
vt 0.34062500 0.20087065
vt 0.38046875 0.20087065
vt 0.42031250 0.20087065
vt 0.46015625 0.20087065
vt 0.50000000 0.20087065
vt 0.53984375 0.20087065
vt 0.57968750 0.20087065
vt 0.34062500 0.22730100
vt 0.38046875 0.22730100
vt 0.42031250 0.22730100
vt 0.46015625 0.22730100
vt 0.50000000 0.22730100
vt 0.53984375 0.22730100
vt 0.57968750 0.22730100
vt 0.38046875 0.25373134
vt 0.42031250 0.25373134
vt 0.46015625 0.25373134
vt 0.50000000 0.25373134
vt 0.53984375 0.25373134
vt 0.34062500 0.28016169
vt 0.38046875 0.28016169
vt 0.42031250 0.28016169
vt 0.46015625 0.28016169
vt 0.50000000 0.28016169
vt 0.53984375 0.28016169
vt 0.57968750 0.28016169
vt 0.34062500 0.30659204
vt 0.38046875 0.30659204
vt 0.42031250 0.30659204
vt 0.46015625 0.30659204
vt 0.50000000 0.30659204
vt 0.53984375 0.30659204
vt 0.57968750 0.30659204
vt 0.34062500 0.33302239
vt 0.38046875 0.33302239
vt 0.42031250 0.33302239
vt 0.46015625 0.33302239
vt 0.50000000 0.33302239
vt 0.53984375 0.33302239
vt 0.57968750 0.33302239
vt 0.34062500 0.35945274
vt 0.38046875 0.35945274
vt 0.42031250 0.35945274
vt 0.46015625 0.35945274
vt 0.50000000 0.35945274
vt 0.53984375 0.35945274
vt 0.57968750 0.35945274
vt 0.34062500 0.38588308
vt 0.38046875 0.38588308
vt 0.42031250 0.38588308
vt 0.46015625 0.38588308
vt 0.50000000 0.38588308
vt 0.53984375 0.38588308
vt 0.57968750 0.38588308
vt 0.34062500 0.41231343
vt 0.38046875 0.41231343
vt 0.42031250 0.41231343
vt 0.46015625 0.41231343
vt 0.50000000 0.41231343
vt 0.53984375 0.41231343
vt 0.57968750 0.41231343
vt 0.34062500 0.43874378
vt 0.38046875 0.43874378
vt 0.42031250 0.43874378
vt 0.46015625 0.43874378
vt 0.50000000 0.43874378
vt 0.53984375 0.43874378
vt 0.57968750 0.43874378
vt 0.34062500 0.46517413
vt 0.38046875 0.46517413
vt 0.42031250 0.46517413
vt 0.46015625 0.46517413
vt 0.50000000 0.46517413
vt 0.53984375 0.46517413
vt 0.57968750 0.46517413
vt 0.51992187 0.04772717
vt 0.51992187 0.45973552
vt 0.01062500 0.50839552
vt 0.01062500 0.53314987
vt 0.32937500 0.53314987
vt 0.32937500 0.50839552
vt 0.01062500 0.54757884
vt 0.32937500 0.54757884
vt 0.01062500 0.57932257
vt 0.32937500 0.57932257
vt 0.01062500 0.60818052
vt 0.32937500 0.60818052
vt 0.01062500 0.63992425
vt 0.32937500 0.63992425
vt 0.01062500 0.81884350
vt 0.32937500 0.81884350
vt 0.01062500 0.85347303
vt 0.32937500 0.85347303
vt 0.01062500 0.87078779
vt 0.32937500 0.87078779
vt 0.01062500 0.88810256
vt 0.32937500 0.88810256
vt 0.01062500 0.91118891
vt 0.32937500 0.91118891
vt 0.01062500 0.95447583
vt 0.32937500 0.95447583
vt 0.01062500 0.97179059
vt 0.32937500 0.97179059
vt 0.34062500 0.97014925
vt 0.34062500 0.92817164
vt 0.65937500 0.92817164
vt 0.65937500 0.97014925
vt 0.34062500 0.56436567
vt 0.65937500 0.56436567
vt 0.34062500 0.52238806
vt 0.65937500 0.52238806
vt 0.01062500 0.57500000
vt 0.32937500 0.57500000
vt 0.98937500 0.50839552
vt 0.67062500 0.50839552
vt 0.67062500 0.53314987
vt 0.68428571 0.54757884
vt 0.77080357 0.57932257
vt 0.80267857 0.60818052
vt 0.80040179 0.85347303
vt 0.76852679 0.87078779
vt 0.75486607 0.88810256
vt 0.75258929 0.91118891
vt 0.75258929 0.95447583
vt 0.75714286 0.97179059
vt 0.77080357 0.98414179
vt 0.80950893 0.81884350
vt 0.88919643 0.98414179
vt 0.90285714 0.97179059
vt 0.90741071 0.95447583
vt 0.90741071 0.91118891
vt 0.90513393 0.88810256
vt 0.89147321 0.87078779
vt 0.85959821 0.85347303
vt 0.85049107 0.81884350
vt 0.80950893 0.63992425
vt 0.85049107 0.63992425
vt 0.85732143 0.60818052
vt 0.88919643 0.57932257
vt 0.97571429 0.54757884
vt 0.98937500 0.53314987
vt 0.34062500 0.02945096
vt 0.34605824 0.01585821
vt 0.57425426 0.01585821
vt 0.57968750 0.02945096
vt 0.57968750 0.47801173
vt 0.57425426 0.49160448
vt 0.34605824 0.49160448
vt 0.34062500 0.47801173
vt 0.60837500 0.31585821
vt 0.60837500 0.47705224
vt 0.65300000 0.47705224
vt 0.65300000 0.31585821
vt 0.34062500 0.02537313
vt 0.34981971 0.01585821
vt 0.57049279 0.01585821
vt 0.57968750 0.02537313
vt 0.57968750 0.48208955
vt 0.57049279 0.49160448
vt 0.34981971 0.49160448
vt 0.34062500 0.48208955
vt 0.54467761 0.08552964
vt 0.54467761 0.42193305
vt 0.37563489 0.42193305
vt 0.37563489 0.08552964
vt 0.37050781 0.49160448
vt 0.37050781 0.01585821
vt 0.43027344 0.49160448
vt 0.43027344 0.01585821
vt 0.49003906 0.49160448
vt 0.49003906 0.01585821
vt 0.54980469 0.49160448
vt 0.54980469 0.01585821
vt 0.01062500 0.98414179
vt 0.32937500 0.98414179
vn -0.67144478 0.74105459 0.00000000
vn -0.66990410 0.74244632 -0.00140084
vn -0.67449893 0.73827582 0.00000000
vn -0.67144216 0.74105169 -0.00279642
vn -0.67601314 0.73688957 0.00000000
vn -0.67449828 0.73827511 -0.00139297
vn -0.67601249 0.73688885 0.00139036
vn -0.67449631 0.73827296 0.00278594
vn -0.66990476 0.74244705 0.00000000
vn -0.67144413 0.74105386 0.00139821
vn 0.00000000 0.00000000 -1.00000000
vn 0.00000000 -0.00000000 1.00000000
vn 0.00000000 -1.00000000 0.00000000
vn -0.66667368 0.74534839 -0.00140632
vn -0.66510623 0.74674642 -0.00186687
vn -0.66977929 0.74255495 -0.00280209
vn -0.66666971 0.74534395 -0.00372672
vn -0.67132198 0.74116452 -0.00139842
vn -0.66978076 0.74255659 -0.00185639
vn -0.66978126 0.74255714 0.00140105
vn -0.67132148 0.74116397 0.00185291
vn -0.66667170 0.74534618 0.00281263
vn -0.66977730 0.74255275 0.00371276
vn -0.66510673 0.74674698 0.00140896
vn -0.66667318 0.74534784 0.00186337
vn -0.65400266 0.75648988 -0.00189122
vn -0.65236089 0.75789901 -0.00378950
vn -0.65724827 0.75366472 -0.00376832
vn -0.65398512 0.75646959 -0.00756470
vn -0.65886272 0.75226085 -0.00188065
vn -0.65725177 0.75366873 0.00188417
vn -0.65885922 0.75225685 0.00376128
vn -0.65399915 0.75648583 0.00378243
vn -0.65723428 0.75364866 0.00753649
vn -0.65236440 0.75790309 0.00189476
vn -0.62135290 0.78352105 -0.00391761
vn -0.61952676 0.78495346 -0.00588715
vn -0.62494900 0.78062655 -0.00780627
vn -0.62131476 0.78347295 -0.01175209
vn -0.62675359 0.77920778 -0.00389604
vn -0.62495734 0.78063695 -0.00585478
vn -0.62496329 0.78064438 0.00390322
vn -0.62674764 0.77920039 0.00584400
vn -0.62133859 0.78350301 0.00783503
vn -0.62492520 0.78059682 0.01170895
vn -0.61953272 0.78496102 0.00392481
vn -0.62134694 0.78351353 0.00587635
vn -0.57323818 0.81936575 -0.00614524
vn -0.57114831 0.82080585 -0.00820806
vn -0.57733553 0.81641516 -0.01224623
vn -0.57317204 0.81927122 -0.01638542
vn -0.57941646 0.81500871 -0.00611257
vn -0.57735959 0.81644917 -0.00816449
vn -0.57736801 0.81646108 0.00612346
vn -0.57940804 0.81499687 0.00814997
vn -0.57320571 0.81931934 0.01228979
vn -0.57730187 0.81636755 0.01632735
vn -0.57115673 0.82081794 0.00615613
vn -0.57322976 0.81935371 0.00819354
vn -0.51353086 0.85802823 -0.00858028
vn -0.51113031 0.85943609 -0.01074295
vn -0.51821822 0.85507743 -0.01710155
vn -0.51343164 0.85786246 -0.02144656
vn -0.52062939 0.85374010 -0.00853740
vn -0.51826440 0.85515364 -0.01068942
vn -0.51827506 0.85517123 0.00855171
vn -0.52061872 0.85372260 0.01067153
vn -0.51347416 0.85793349 0.01715867
vn -0.51817560 0.85500711 0.02137518
vn -0.51114093 0.85945395 0.00859454
vn -0.51352022 0.85801046 0.01072513
vn -0.45081423 0.89254807 -0.01115685
vn -0.44811221 0.89387676 -0.01340815
vn -0.45607234 0.88966473 -0.02224162
vn -0.45068073 0.89228377 -0.02676851
vn -0.45881001 0.88846499 -0.01110581
vn -0.45614455 0.88980560 -0.01334708
vn -0.45615697 0.88982982 0.01112287
vn -0.45879756 0.88844088 0.01332661
vn -0.45073008 0.89238147 0.02230954
vn -0.45602271 0.88956792 0.02668704
vn -0.44812452 0.89390131 0.01117377
vn -0.45080188 0.89252363 0.01338785
vn -0.39776843 0.91738265 -0.01376074
vn -0.39483478 0.91861149 -0.01607570
vn -0.40345856 0.91458645 -0.02743759
vn -0.39760115 0.91699686 -0.03209489
vn -0.40645644 0.91356739 -0.01370351
vn -0.40355879 0.91481365 -0.01600924
vn -0.40357251 0.91484475 0.01372267
vn -0.40644266 0.91353642 0.01598689
vn -0.39765550 0.91712219 0.02751367
vn -0.40340373 0.91446216 0.03200618
vn -0.39484832 0.91864298 0.01377964
vn -0.39775483 0.91735128 0.01605365
vn -0.36724680 0.92998114 -0.01627467
vn -0.36419008 0.93113843 -0.01862277
vn -0.37314793 0.92720412 -0.03245214
vn -0.36704151 0.92946129 -0.03717845
vn -0.37630198 0.92635523 -0.01621122
vn -0.37328033 0.92753311 -0.01855066
vn -0.37329538 0.92757052 0.01623248
vn -0.37628684 0.92631797 0.01852636
vn -0.36710098 0.92961188 0.03253642
vn -0.37308780 0.92705470 0.03708219
vn -0.36420488 0.93117628 0.01629558
vn -0.36723191 0.92994344 0.01859887
vn 0.09948402 0.99484021 -0.01989680
vn 0.09942500 0.99424998 -0.03977000
vn 0.09948402 0.99484021 0.01989680
vn 0.09942500 0.99424998 0.03977000
vn 0.00000000 0.99980006 -0.01999600
vn 0.00000000 0.99920096 -0.03996804
vn -0.00000000 0.99980006 0.01999600
vn -0.00000000 0.99920096 0.03996804
vn -0.09948402 0.99484021 -0.01989680
vn -0.09942500 0.99424998 -0.03977000
vn -0.09948402 0.99484021 0.01989680
vn -0.09942500 0.99424998 0.03977000
vn 0.36723191 0.92994344 -0.01859887
vn 0.36420488 0.93117628 -0.01629558
vn 0.37308780 0.92705470 -0.03708219
vn 0.36710098 0.92961188 -0.03253642
vn 0.37628684 0.92631797 -0.01852636
vn 0.37329538 0.92757052 -0.01623248
vn 0.37328033 0.92753311 0.01855066
vn 0.37630198 0.92635523 0.01621122
vn 0.36704151 0.92946129 0.03717845
vn 0.37314793 0.92720412 0.03245214
vn 0.36419008 0.93113843 0.01862277
vn 0.36724680 0.92998114 0.01627467
vn 0.39775483 0.91735128 -0.01605365
vn 0.39484832 0.91864298 -0.01377964
vn 0.40340373 0.91446216 -0.03200618
vn 0.39765550 0.91712219 -0.02751367
vn 0.40644266 0.91353642 -0.01598689
vn 0.40357251 0.91484475 -0.01372267
vn 0.40355879 0.91481365 0.01600924
vn 0.40645644 0.91356739 0.01370351
vn 0.39760115 0.91699686 0.03209489
vn 0.40345856 0.91458645 0.02743759
vn 0.39483478 0.91861149 0.01607570
vn 0.39776843 0.91738265 0.01376074
vn 0.45080188 0.89252363 -0.01338785
vn 0.44812452 0.89390131 -0.01117377
vn 0.45602271 0.88956792 -0.02668704
vn 0.45073008 0.89238147 -0.02230954
vn 0.45879756 0.88844088 -0.01332661
vn 0.45615697 0.88982982 -0.01112287
vn 0.45614455 0.88980560 0.01334708
vn 0.45881001 0.88846499 0.01110581
vn 0.45068073 0.89228377 0.02676851
vn 0.45607234 0.88966473 0.02224162
vn 0.44811221 0.89387676 0.01340815
vn 0.45081423 0.89254807 0.01115685
vn 0.51352022 0.85801046 -0.01072513
vn 0.51114093 0.85945395 -0.00859454
vn 0.51817560 0.85500711 -0.02137518
vn 0.51347416 0.85793349 -0.01715867
vn 0.52061872 0.85372260 -0.01067153
vn 0.51827506 0.85517123 -0.00855171
vn 0.51826440 0.85515364 0.01068942
vn 0.52062939 0.85374010 0.00853740
vn 0.51343164 0.85786246 0.02144656
vn 0.51821822 0.85507743 0.01710155
vn 0.51113031 0.85943609 0.01074295
vn 0.51353086 0.85802823 0.00858028
vn 0.57322976 0.81935371 -0.00819354
vn 0.57115673 0.82081794 -0.00615613
vn 0.57730187 0.81636755 -0.01632735
vn 0.57320571 0.81931934 -0.01228979
vn 0.57940804 0.81499687 -0.00814997
vn 0.57736801 0.81646108 -0.00612346
vn 0.57735959 0.81644917 0.00816449
vn 0.57941646 0.81500871 0.00611257
vn 0.57317204 0.81927122 0.01638542
vn 0.57733553 0.81641516 0.01224623
vn 0.57114831 0.82080585 0.00820806
vn 0.57323818 0.81936575 0.00614524
vn 0.62134694 0.78351353 -0.00587635
vn 0.61953272 0.78496102 -0.00392481
vn 0.62492520 0.78059682 -0.01170895
vn 0.62133859 0.78350301 -0.00783503
vn 0.62674764 0.77920039 -0.00584400
vn 0.62496329 0.78064438 -0.00390322
vn 0.62495734 0.78063695 0.00585478
vn 0.62675359 0.77920778 0.00389604
vn 0.62131476 0.78347295 0.01175209
vn 0.62494900 0.78062655 0.00780627
vn 0.61952676 0.78495346 0.00588715
vn 0.62135290 0.78352105 0.00391761
vn 0.65399915 0.75648583 -0.00378243
vn 0.65236440 0.75790309 -0.00189476
vn 0.65723428 0.75364866 -0.00753649
vn 0.65885922 0.75225685 -0.00376128
vn 0.65725177 0.75366873 -0.00188417
vn 0.65724827 0.75366472 0.00376832
vn 0.65886272 0.75226085 0.00188065
vn 0.65398512 0.75646959 0.00756470
vn 0.65236089 0.75789901 0.00378950
vn 0.65400266 0.75648988 0.00189122
vn 0.66667318 0.74534784 -0.00186337
vn 0.66510673 0.74674698 -0.00140896
vn 0.66977730 0.74255275 -0.00371276
vn 0.66667170 0.74534618 -0.00281263
vn 0.67132148 0.74116397 -0.00185291
vn 0.66978126 0.74255714 -0.00140105
vn 0.66978076 0.74255659 0.00185639
vn 0.67132198 0.74116452 0.00139842
vn 0.66666971 0.74534395 0.00372672
vn 0.66977929 0.74255495 0.00280209
vn 0.66510623 0.74674642 0.00186687
vn 0.66667368 0.74534839 0.00140632
vn 0.67144413 0.74105386 -0.00139821
vn 0.66990476 0.74244705 0.00000000
vn 0.67449631 0.73827296 -0.00278594
vn 0.67144478 0.74105459 0.00000000
vn 0.67601249 0.73688885 -0.00139036
vn 0.67449893 0.73827582 0.00000000
vn 0.67449828 0.73827511 0.00139297
vn 0.67601314 0.73688957 0.00000000
vn 0.67144216 0.74105169 0.00279642
vn 0.66990410 0.74244632 0.00140084
vn -0.00000000 0.08009895 0.99678692
vn -0.00000000 0.78086881 0.62469505
vn -0.00000000 1.00000000 0.00000000
vn 0.00000000 0.78086881 -0.62469505
vn 0.00000000 0.08009895 -0.99678692
vn -0.59876403 0.06415329 0.79835204
vn -0.42426407 0.70710678 0.56568542
vn -0.42426407 0.70710678 -0.56568542
vn -0.59876403 0.06415329 -0.79835204
vn 0.59876403 0.06415329 0.79835204
vn 0.42426407 0.70710678 0.56568542
vn 0.42426407 0.70710678 -0.56568542
vn 0.59876403 0.06415329 -0.79835204
vn -1.00000000 -0.00000000 0.00000000
vn 1.00000000 0.00000000 0.00000000
vn 0.70710678 0.00000000 -0.70710678
vn 0.70710678 0.00000000 0.70710678
vn -0.70710678 0.00000000 0.70710678
vn -0.70710678 0.00000000 -0.70710678
vn 0.37708674 -0.92617795 0.00000000
vn 0.72353574 -0.69028692 0.00000000
vn -0.18589167 0.98257025 0.00000000
vn -0.20695859 0.97834970 0.00000000
vn 0.95105652 0.00000000 0.30901699
vn 0.58778525 0.00000000 0.80901699
vn -0.58778525 0.00000000 0.80901699
vn -0.95105652 0.00000000 0.30901699
vn -0.95105652 0.00000000 -0.30901699
vn -0.58778525 0.00000000 -0.80901699
vn 0.58778525 0.00000000 -0.80901699
vn 0.95105652 0.00000000 -0.30901699
vn 0.96592583 0.00000000 0.25881905
vn 0.25881905 0.00000000 0.96592583
vn -0.25881905 0.00000000 0.96592583
vn -0.96592583 0.00000000 0.25881905
vn -0.96592583 0.00000000 -0.25881905
vn -0.25881905 0.00000000 -0.96592583
vn 0.25881905 0.00000000 -0.96592583
vn 0.96592583 0.00000000 -0.25881905
vn 0.86602540 0.00000000 0.50000000
vn -0.86602540 0.00000000 0.50000000
vn -0.86602540 0.00000000 -0.50000000
vn 0.86602540 0.00000000 -0.50000000
vn 0.82987070 -0.02256954 -0.55749910
vn 0.94139280 0.15465414 -0.29976939
vn 0.55286440 -0.75833983 -0.34534281
vn 0.21474500 -0.83270942 -0.51037202
vn -0.38140167 -0.92335244 -0.04419317
vn -0.60883473 -0.79210139 0.04353912
vn -0.94426104 -0.14992983 0.29307359
vn -0.83645246 0.02636692 0.54740485
vn -0.55837499 0.76108241 0.33010747
vn -0.21456292 0.83185471 0.51184030
vn 0.38042659 0.92359089 0.04749184
vn 0.60567478 0.79461380 -0.04179674
vn 0.38145543 0.01624689 -0.92424445
vn -0.07696492 -0.79864470 -0.59686099
vn -0.46768681 -0.82411526 0.31953575
vn -0.38665941 -0.01561563 0.92209037
vn 0.07114608 0.79765712 0.59890012
vn 0.45428394 0.83032212 -0.32278673
vn -0.15202698 0.02020972 -0.98816970
vn -0.08795545 -0.84248439 -0.53149213
vn 0.06201367 -0.88820796 0.45523721
vn 0.13963151 -0.02039239 0.98999353
vn 0.07120656 0.84423206 0.53122675
vn -0.07910354 0.88650922 -0.45589915
vn -0.64585633 -0.00209221 -0.76345610
vn -0.07945907 -0.78574875 -0.61342086
vn 0.55960549 -0.81914171 0.12589104
vn 0.62631926 -0.01036021 0.77949782
vn 0.04802623 0.77336215 0.63214276
vn -0.58102022 0.80457147 -0.12280169
vn -0.99549658 -0.02938325 -0.09012866
vn -0.39107873 -0.82707907 -0.40372967
vn 0.53593062 -0.78702283 -0.30557069
vn 0.99619124 0.01416903 0.08603629
vn 0.37872770 0.83023329 0.40899634
vn -0.54747220 0.78078120 0.30108953
vn -0.73278527 -0.01749243 0.68023508
vn -0.24941251 -0.90155630 0.35353874
vn 0.46735543 -0.81722676 -0.33722296
vn 0.69998556 0.00610271 -0.71413092
vn 0.19163966 0.90562712 -0.37830379
vn -0.51098312 0.80253017 0.30796360
vn -0.37077982 0.01938099 0.92851855
vn 0.19762752 -0.73389004 0.64988366
vn 0.58093977 -0.75928484 -0.29324992
vn 0.36683764 -0.01632562 -0.93014172
vn -0.19231333 0.73428753 -0.65102796
vn -0.57079181 0.76675638 0.29373689
vn -0.67440493 0.00332895 0.73835419
vn -0.03565561 -0.82071901 0.57021836
vn 0.61262785 -0.77697528 -0.14490178
vn 0.68493274 0.02639209 -0.72812814
vn 0.04972363 0.82088008 -0.56893185
vn -0.58687984 0.79580699 0.14920885
vn -0.99718850 -0.07335081 -0.01532138
vn -0.39894542 -0.91351873 -0.07953671
vn 0.56817983 -0.81341680 -0.12459851
vn 0.99677544 0.06175989 -0.05122924
vn 0.40606619 0.91324396 0.03310152
vn -0.57035240 0.81910980 0.06129662
vn -0.73584706 -0.04737829 -0.67548827
vn -0.01524125 -0.78342047 -0.62130514
vn 0.69772888 -0.71405076 0.05749722
vn 0.72501624 0.03856749 0.68765108
vn 0.00010133 0.77679355 0.62975533
vn -0.71376014 0.69818503 -0.05553498
vn -0.33177750 0.04539592 -0.94226477
vn 0.21532190 -0.72774787 -0.65116781
vn 0.55357009 -0.78109213 0.28888621
vn 0.31946647 -0.05125341 0.94621048
vn -0.24643521 0.71136342 0.65820344
vn -0.56644904 0.77248513 -0.28705785
vn -0.64440959 -0.03477141 -0.76388954
vn -0.28932606 -0.91077774 -0.29457484
vn 0.34092503 -0.82589514 0.44907388
vn 0.64620103 0.03653787 0.76229208
vn 0.29521118 0.91178102 0.28549209
vn -0.31496779 0.82939441 -0.46141109
vn -0.99728564 -0.05627126 0.04748585
vn -0.39437595 -0.76911294 0.50292435
vn 0.58603689 -0.67625626 0.44636110
vn 0.99694454 0.05706736 -0.05333766
vn 0.40571974 0.75939999 -0.50862870
vn -0.57291192 0.68758308 -0.44609578
vn -0.60177992 0.04833772 0.79719784
vn 0.01139102 -0.71154218 0.70255104
vn 0.62468383 -0.77530630 -0.09311417
vn 0.60164128 -0.05323193 -0.79699067
vn -0.00156050 0.70869043 -0.70551785
vn -0.61727076 0.78140565 0.09155339
vn -0.06613754 0.02407676 0.99751999
vn 0.05973012 -0.83691592 0.54406254
vn 0.12643887 -0.88690796 -0.44430563
vn 0.07765951 -0.02541455 -0.99665596
vn -0.04727859 0.83730518 -0.54468777
vn -0.11847837 0.88674258 0.44682264
vn 0.42402392 -0.00283969 0.90564654
vn 0.02303891 -0.83798826 0.54520169
vn -0.39954254 -0.85270153 -0.33654993
vn -0.42000602 0.00218636 -0.90751868
vn -0.01163725 0.83582921 -0.54886619
vn 0.40290626 0.84999043 0.33938594
vn 0.80672197 -0.00306346 0.59092324
vn 0.24600876 -0.85130427 0.46342285
vn -0.55030807 -0.82672544 -0.11698745
vn -0.81490635 0.00754926 -0.57954348
vn -0.25119673 0.85941939 -0.44530722
vn 0.54067976 0.83091422 0.13132767
vn 0.90565225 -0.20707063 0.37002128
vn 0.23392894 -0.93337935 0.27217686
vn -0.68718914 -0.72073072 -0.09120474
vn -0.91649236 0.21308702 -0.33857891
vn -0.24019068 0.93780159 -0.25067233
vn 0.68419901 0.72172585 0.10480228
vn 0.32183934 -0.17879963 0.92975810
vn 0.32183934 -0.17879963 -0.92975810
vn -0.37708674 -0.92617795 0.00000000
vn -0.72353574 -0.69028692 0.00000000
vn 0.18589167 0.98257025 0.00000000
vn 0.20695859 0.97834970 0.00000000
vn 0.81490635 0.00754926 0.57954348
vn 0.91649236 0.21308702 0.33857891
vn 0.68718914 -0.72073072 0.09120474
vn 0.55030807 -0.82672544 0.11698745
vn -0.23392894 -0.93337935 -0.27217686
vn -0.24600876 -0.85130427 -0.46342285
vn -0.90565225 -0.20707063 -0.37002128
vn -0.80672197 -0.00306346 -0.59092324
vn -0.68419901 0.72172585 -0.10480228
vn -0.54067976 0.83091422 -0.13132767
vn 0.24019068 0.93780159 0.25067233
vn 0.25119673 0.85941939 0.44530722
vn 0.42000602 0.00218636 0.90751868
vn 0.39954254 -0.85270153 0.33654993
vn -0.02303891 -0.83798826 -0.54520169
vn -0.42402392 -0.00283969 -0.90564654
vn -0.40290626 0.84999043 -0.33938594
vn 0.01163725 0.83582921 0.54886619
vn -0.07765951 -0.02541455 0.99665596
vn -0.12643887 -0.88690796 0.44430563
vn -0.05973012 -0.83691592 -0.54406254
vn 0.06613754 0.02407676 -0.99751999
vn 0.11847837 0.88674258 -0.44682264
vn 0.04727859 0.83730518 0.54468777
vn -0.60164128 -0.05323193 0.79699067
vn -0.62468383 -0.77530630 0.09311417
vn -0.01139102 -0.71154218 -0.70255104
vn 0.60177992 0.04833772 -0.79719784
vn 0.61727076 0.78140565 -0.09155339
vn 0.00156050 0.70869043 0.70551785
vn -0.99694454 0.05706736 0.05333766
vn -0.58603689 -0.67625626 -0.44636110
vn 0.39437595 -0.76911294 -0.50292435
vn 0.99728564 -0.05627126 -0.04748585
vn 0.57291192 0.68758308 0.44609578
vn -0.40571974 0.75939999 0.50862870
vn -0.64620103 0.03653787 -0.76229208
vn -0.34092503 -0.82589514 -0.44907388
vn 0.28932606 -0.91077774 0.29457484
vn 0.64440959 -0.03477141 0.76388954
vn 0.31496779 0.82939441 0.46141109
vn -0.29521118 0.91178102 -0.28549209
vn -0.31946647 -0.05125341 -0.94621048
vn -0.55357009 -0.78109213 -0.28888621
vn -0.21532190 -0.72774787 0.65116781
vn 0.33177750 0.04539592 0.94226477
vn 0.56644904 0.77248513 0.28705785
vn 0.24643521 0.71136342 -0.65820344
vn -0.72501624 0.03856749 -0.68765108
vn -0.69772888 -0.71405076 -0.05749722
vn 0.01524125 -0.78342047 0.62130514
vn 0.73584706 -0.04737829 0.67548827
vn 0.71376014 0.69818503 0.05553498
vn -0.00010133 0.77679355 -0.62975533
vn -0.99677544 0.06175989 0.05122924
vn -0.56817983 -0.81341680 0.12459851
vn 0.39894542 -0.91351873 0.07953671
vn 0.99718850 -0.07335081 0.01532138
vn 0.57035240 0.81910980 -0.06129662
vn -0.40606619 0.91324396 -0.03310152
vn -0.68493274 0.02639209 0.72812814
vn -0.61262785 -0.77697528 0.14490178
vn 0.03565561 -0.82071901 -0.57021836
vn 0.67440493 0.00332895 -0.73835419
vn 0.58687984 0.79580699 -0.14920885
vn -0.04972363 0.82088008 0.56893185
vn -0.36683764 -0.01632562 0.93014172
vn -0.58093977 -0.75928484 0.29324992
vn -0.19762752 -0.73389004 -0.64988366
vn 0.37077982 0.01938099 -0.92851855
vn 0.57079181 0.76675638 -0.29373689
vn 0.19231333 0.73428753 0.65102796
vn -0.69998556 0.00610271 0.71413092
vn -0.46735543 -0.81722676 0.33722296
vn 0.24941251 -0.90155630 -0.35353874
vn 0.73278527 -0.01749243 -0.68023508
vn 0.51098312 0.80253017 -0.30796360
vn -0.19163966 0.90562712 0.37830379
vn -0.99619124 0.01416903 -0.08603629
vn -0.53593062 -0.78702283 0.30557069
vn 0.39107873 -0.82707907 0.40372967
vn 0.99549658 -0.02938325 0.09012866
vn 0.54747220 0.78078120 -0.30108953
vn -0.37872770 0.83023329 -0.40899634
vn -0.62631926 -0.01036021 -0.77949782
vn -0.55960549 -0.81914171 -0.12589104
vn 0.07945907 -0.78574875 0.61342086
vn 0.64585633 -0.00209221 0.76345610
vn 0.58102022 0.80457147 0.12280169
vn -0.04802623 0.77336215 -0.63214276
vn -0.13963151 -0.02039239 -0.98999353
vn -0.06201367 -0.88820796 -0.45523721
vn 0.08795545 -0.84248439 0.53149213
vn 0.15202698 0.02020972 0.98816970
vn 0.07910354 0.88650922 0.45589915
vn -0.07120656 0.84423206 -0.53122675
vn 0.38665941 -0.01561563 -0.92209037
vn 0.46768681 -0.82411526 -0.31953575
vn 0.07696492 -0.79864470 0.59686099
vn -0.38145543 0.01624689 0.92424445
vn -0.45428394 0.83032212 0.32278673
vn -0.07114608 0.79765712 -0.59890012
vn 0.83645246 0.02636692 -0.54740485
vn 0.60883473 -0.79210139 -0.04353912
vn -0.21474500 -0.83270942 0.51037202
vn -0.82987070 -0.02256954 0.55749910
vn -0.60567478 0.79461380 0.04179674
vn 0.21456292 0.83185471 -0.51184030
vn 0.94426104 -0.14992983 -0.29307359
vn 0.38140167 -0.92335244 0.04419317
vn -0.55286440 -0.75833983 0.34534281
vn -0.94139280 0.15465414 0.29976939
vn -0.38042659 0.92359089 -0.04749184
vn 0.55837499 0.76108241 -0.33010747
vn -0.32183934 -0.17879963 0.92975810
vn -0.32183934 -0.17879963 -0.92975810
vn 0.64018440 0.76822128 0.00000000
vn 0.27805808 0.96056426 0.00000000
vn 0.58123819 0.81373347 0.00000000
vn 0.96476382 0.26311741 0.00000000
vn 0.94868330 -0.31622777 0.00000000
vn 0.39391930 -0.91914503 0.00000000
vn 0.70710678 -0.70710678 0.00000000
vn 0.99227788 -0.12403473 0.00000000
vn 0.94868330 0.31622777 0.00000000
vn 0.58072468 0.81410002 0.00000000
vn -0.58072468 0.81410002 0.00000000
vn -0.94868330 0.31622777 0.00000000
vn -0.99227788 -0.12403473 0.00000000
vn -0.70710678 -0.70710678 0.00000000
vn -0.39391930 -0.91914503 0.00000000
vn -0.94868330 -0.31622777 0.00000000
vn -0.96476382 0.26311741 0.00000000
vn -0.58123819 0.81373347 0.00000000
vn -0.27805808 0.96056426 0.00000000
vn -0.64018440 0.76822128 0.00000000
vn 0.92387953 0.00000000 0.38268343
vn 0.38268343 0.00000000 0.92387953
vn -0.38268343 0.00000000 0.92387953
vn -0.92387953 0.00000000 0.38268343
vn -0.92387953 0.00000000 -0.38268343
vn -0.38268343 0.00000000 -0.92387953
vn 0.38268343 0.00000000 -0.92387953
vn 0.92387953 0.00000000 -0.38268343
g ballast
usemtl mat
f 1/1/1 2/2/1 3/3/1
f 3/3/2 4/4/2 1/1/2
f 2/2/3 5/5/3 6/6/3
f 6/6/4 3/3/4 2/2/4
f 5/5/5 7/7/5 8/8/5
f 8/8/6 6/6/6 5/5/6
f 7/7/3 9/9/3 10/10/3
f 10/10/7 8/8/7 7/7/7
f 9/9/1 11/11/1 12/12/1
f 12/12/8 10/10/8 9/9/8
f 11/11/9 13/13/9 14/14/9
f 14/14/10 12/12/10 11/11/10
f 1/15/11 4/16/11 15/17/11
f 16/17/12 14/16/12 13/15/12
f 1/18/13 15/4/13 16/14/13 13/19/13
f 4/18/14 3/20/14 17/21/14
f 17/21/15 18/22/15 4/18/15
f 3/20/16 6/23/16 19/24/16
f 19/24/17 17/21/17 3/20/17
f 6/23/18 8/25/18 20/26/18
f 20/26/19 19/24/19 6/23/19
f 8/25/20 10/27/20 21/28/20
f 21/28/21 20/26/21 8/25/21
f 10/27/22 12/29/22 22/30/22
f 22/30/23 21/28/23 10/27/23
f 12/29/24 14/19/24 23/31/24
f 23/31/25 22/30/25 12/29/25
f 4/32/11 18/33/11 24/34/11 15/35/11
f 16/35/12 25/34/12 23/33/12 14/32/12
f 15/18/13 24/4/13 25/14/13 16/19/13
f 18/22/26 17/21/26 26/36/26
f 26/36/27 27/37/27 18/22/27
f 17/21/28 19/24/28 28/38/28
f 28/38/29 26/36/29 17/21/29
f 19/24/30 20/26/30 29/39/30
f 29/39/28 28/38/28 19/24/28
f 20/26/31 21/28/31 30/40/31
f 30/40/32 29/39/32 20/26/32
f 21/28/33 22/30/33 31/41/33
f 31/41/34 30/40/34 21/28/34
f 22/30/35 23/31/35 32/42/35
f 32/42/33 31/41/33 22/30/33
f 18/33/11 27/43/11 33/44/11 24/34/11
f 25/34/12 34/44/12 32/43/12 23/33/12
f 24/18/13 33/4/13 34/14/13 25/19/13
f 27/37/36 26/36/36 35/45/36
f 35/45/37 36/46/37 27/37/37
f 26/36/38 28/38/38 37/47/38
f 37/47/39 35/45/39 26/36/39
f 28/38/40 29/39/40 38/48/40
f 38/48/41 37/47/41 28/38/41
f 29/39/42 30/40/42 39/49/42
f 39/49/43 38/48/43 29/39/43
f 30/40/44 31/41/44 40/50/44
f 40/50/45 39/49/45 30/40/45
f 31/41/46 32/42/46 41/51/46
f 41/51/47 40/50/47 31/41/47
f 27/43/11 36/52/11 42/53/11 33/44/11
f 34/44/12 43/53/12 41/52/12 32/43/12
f 33/18/13 42/4/13 43/14/13 34/19/13
f 36/46/48 35/45/48 44/54/48
f 44/54/49 45/55/49 36/46/49
f 35/45/50 37/47/50 46/56/50
f 46/56/51 44/54/51 35/45/51
f 37/47/52 38/48/52 47/57/52
f 47/57/53 46/56/53 37/47/53
f 38/48/54 39/49/54 48/58/54
f 48/58/55 47/57/55 38/48/55
f 39/49/56 40/50/56 49/59/56
f 49/59/57 48/58/57 39/49/57
f 40/50/58 41/51/58 50/60/58
f 50/60/59 49/59/59 40/50/59
f 36/52/11 45/61/11 51/62/11 42/53/11
f 43/53/12 52/62/12 50/61/12 41/52/12
f 42/18/13 51/4/13 52/14/13 43/19/13
f 45/55/60 44/54/60 53/63/60
f 53/63/61 54/64/61 45/55/61
f 44/54/62 46/56/62 55/65/62
f 55/65/63 53/63/63 44/54/63
f 46/56/64 47/57/64 56/66/64
f 56/66/65 55/65/65 46/56/65
f 47/57/66 48/58/66 57/67/66
f 57/67/67 56/66/67 47/57/67
f 48/58/68 49/59/68 58/68/68
f 58/68/69 57/67/69 48/58/69
f 49/59/70 50/60/70 59/69/70
f 59/69/71 58/68/71 49/59/71
f 45/61/11 54/70/11 60/71/11 51/62/11
f 52/62/12 61/71/12 59/70/12 50/61/12
f 51/18/13 60/4/13 61/14/13 52/19/13
f 54/64/72 53/63/72 62/72/72
f 62/72/73 63/73/73 54/64/73
f 53/63/74 55/65/74 64/74/74
f 64/74/75 62/72/75 53/63/75
f 55/65/76 56/66/76 65/75/76
f 65/75/77 64/74/77 55/65/77
f 56/66/78 57/67/78 66/76/78
f 66/76/79 65/75/79 56/66/79
f 57/67/80 58/68/80 67/77/80
f 67/77/81 66/76/81 57/67/81
f 58/68/82 59/69/82 68/78/82
f 68/78/83 67/77/83 58/68/83
f 54/70/11 63/79/11 69/80/11 60/71/11
f 61/71/12 70/80/12 68/79/12 59/70/12
f 60/18/13 69/4/13 70/14/13 61/19/13
f 63/73/84 62/72/84 71/81/84
f 71/81/85 72/82/85 63/73/85
f 62/72/86 64/74/86 73/83/86
f 73/83/87 71/81/87 62/72/87
f 64/74/88 65/75/88 74/84/88
f 74/84/89 73/83/89 64/74/89
f 65/75/90 66/76/90 75/85/90
f 75/85/91 74/84/91 65/75/91
f 66/76/92 67/77/92 76/86/92
f 76/86/93 75/85/93 66/76/93
f 67/77/94 68/78/94 77/87/94
f 77/87/95 76/86/95 67/77/95
f 69/80/11 63/79/11 78/88/11
f 69/80/11 78/88/11 79/87/11
f 79/87/11 80/89/11 69/80/11
f 78/90/11 72/91/11 79/82/11
f 68/79/12 70/80/12 81/89/12
f 68/79/12 81/89/12 82/87/12
f 82/87/12 83/88/12 68/79/12
f 82/82/12 77/91/12 83/90/12
f 69/18/13 80/4/13 81/14/13 70/19/13
f 72/82/96 71/81/96 84/92/96
f 84/92/97 85/93/97 72/82/97
f 71/81/98 73/83/98 86/94/98
f 86/94/99 84/92/99 71/81/99
f 73/83/100 74/84/100 87/95/100
f 87/95/101 86/94/101 73/83/101
f 74/84/102 75/85/102 88/96/102
f 88/96/103 87/95/103 74/84/103
f 75/85/104 76/86/104 89/97/104
f 89/97/105 88/96/105 75/85/105
f 76/86/106 77/87/106 90/98/106
f 90/98/107 89/97/107 76/86/107
f 79/87/11 91/98/11 92/99/11 80/89/11
f 79/82/11 72/91/11 85/100/11 91/93/11
f 81/89/12 93/99/12 94/98/12 82/87/12
f 94/93/12 90/100/12 77/91/12 82/82/12
f 80/18/13 92/4/13 93/14/13 81/19/13
f 84/92/108 95/3/108 96/4/108 85/93/108
f 86/94/109 97/6/109 95/3/109 84/92/109
f 87/95/108 98/8/108 97/6/108 86/94/108
f 88/96/110 99/10/110 98/8/110 87/95/110
f 89/97/111 100/12/111 99/10/111 88/96/111
f 90/98/110 101/14/110 100/12/110 89/97/110
f 91/98/11 102/14/11 103/17/11 92/99/11
f 91/93/11 85/100/11 96/101/11 102/4/11
f 93/99/12 104/17/12 105/14/12 94/98/12
f 105/4/12 101/101/12 90/100/12 94/93/12
f 92/18/13 103/4/13 104/14/13 93/19/13
f 95/20/112 106/3/112 107/4/112 96/18/112
f 97/23/113 108/6/113 106/3/113 95/20/113
f 98/25/112 109/8/112 108/6/112 97/23/112
f 99/27/114 110/10/114 109/8/114 98/25/114
f 100/29/115 111/12/115 110/10/115 99/27/115
f 101/19/114 112/14/114 111/12/114 100/29/114
f 102/19/11 113/14/11 114/17/11 103/35/11
f 102/18/11 96/102/11 107/101/11 113/4/11
f 104/35/12 115/17/12 116/14/12 105/19/12
f 116/4/12 112/101/12 101/102/12 105/18/12
f 103/18/13 114/4/13 115/14/13 104/19/13
f 106/20/112 117/3/112 118/4/112 107/18/112
f 108/23/113 119/6/113 117/3/113 106/20/113
f 109/25/112 120/8/112 119/6/112 108/23/112
f 110/27/114 121/10/114 120/8/114 109/25/114
f 111/29/115 122/12/115 121/10/115 110/27/115
f 112/19/114 123/14/114 122/12/114 111/29/114
f 113/19/11 124/14/11 125/17/11 114/35/11
f 113/18/11 107/102/11 118/101/11 124/4/11
f 115/35/12 126/17/12 127/14/12 116/19/12
f 127/4/12 123/101/12 112/102/12 116/18/12
f 114/18/13 125/4/13 126/14/13 115/19/13
f 117/20/112 128/3/112 129/4/112 118/18/112
f 119/23/113 130/6/113 128/3/113 117/20/113
f 120/25/112 131/8/112 130/6/112 119/23/112
f 121/27/114 132/10/114 131/8/114 120/25/114
f 122/29/115 133/12/115 132/10/115 121/27/115
f 123/19/114 134/14/114 133/12/114 122/29/114
f 124/19/11 135/14/11 136/17/11 125/35/11
f 124/18/11 118/102/11 129/101/11 135/4/11
f 126/35/12 137/17/12 138/14/12 127/19/12
f 138/4/12 134/101/12 123/102/12 127/18/12
f 125/18/13 136/4/13 137/14/13 126/19/13
f 128/20/112 139/3/112 140/4/112 129/18/112
f 130/23/113 141/6/113 139/3/113 128/20/113
f 131/25/112 142/8/112 141/6/112 130/23/112
f 132/27/114 143/10/114 142/8/114 131/25/114
f 133/29/115 144/12/115 143/10/115 132/27/115
f 134/19/114 145/14/114 144/12/114 133/29/114
f 135/19/11 146/14/11 147/17/11 136/35/11
f 135/18/11 129/102/11 140/101/11 146/4/11
f 137/35/12 148/17/12 149/14/12 138/19/12
f 149/4/12 145/101/12 134/102/12 138/18/12
f 136/18/13 147/4/13 148/14/13 137/19/13
f 139/20/116 150/103/116 151/104/116 140/18/116
f 141/23/117 152/105/117 150/103/117 139/20/117
f 142/25/116 153/106/116 152/105/116 141/23/116
f 143/27/118 154/107/118 153/106/118 142/25/118
f 144/29/119 155/108/119 154/107/119 143/27/119
f 145/19/118 156/109/118 155/108/118 144/29/118
f 146/19/11 157/109/11 158/110/11 147/35/11
f 146/18/11 140/102/11 151/111/11 157/104/11
f 148/35/12 159/110/12 160/109/12 149/19/12
f 160/104/12 156/111/12 145/102/12 149/18/12
f 147/18/13 158/4/13 159/14/13 148/19/13
f 151/104/120 150/103/120 161/112/120
f 161/112/121 162/113/121 151/104/121
f 150/103/122 152/105/122 163/114/122
f 163/114/123 161/112/123 150/103/123
f 152/105/124 153/106/124 164/115/124
f 164/115/125 163/114/125 152/105/125
f 153/106/126 154/107/126 165/116/126
f 165/116/127 164/115/127 153/106/127
f 154/107/128 155/108/128 166/117/128
f 166/117/129 165/116/129 154/107/129
f 155/108/130 156/109/130 167/118/130
f 167/118/131 166/117/131 155/108/131
f 157/109/11 168/118/11 169/119/11 158/110/11
f 157/104/11 151/111/11 162/120/11 168/113/11
f 159/110/12 170/119/12 171/118/12 160/109/12
f 171/113/12 167/120/12 156/111/12 160/104/12
f 158/18/13 169/4/13 170/14/13 159/19/13
f 162/113/132 161/112/132 172/121/132
f 172/121/133 173/122/133 162/113/133
f 161/112/134 163/114/134 174/123/134
f 174/123/135 172/121/135 161/112/135
f 163/114/136 164/115/136 175/124/136
f 175/124/137 174/123/137 163/114/137
f 164/115/138 165/116/138 176/125/138
f 176/125/139 175/124/139 164/115/139
f 165/116/140 166/117/140 177/126/140
f 177/126/141 176/125/141 165/116/141
f 166/117/142 167/118/142 178/127/142
f 178/127/143 177/126/143 166/117/143
f 169/119/11 168/118/11 179/128/11
f 169/119/11 179/128/11 173/129/11
f 173/129/11 180/130/11 169/119/11
f 168/113/11 162/120/11 179/131/11
f 171/118/12 170/119/12 181/130/12
f 171/118/12 181/130/12 178/129/12
f 178/129/12 182/128/12 171/118/12
f 182/131/12 167/120/12 171/113/12
f 169/18/13 180/4/13 181/14/13 170/19/13
f 173/122/144 172/121/144 183/132/144
f 183/132/145 184/133/145 173/122/145
f 172/121/146 174/123/146 185/134/146
f 185/134/147 183/132/147 172/121/147
f 174/123/148 175/124/148 186/135/148
f 186/135/149 185/134/149 174/123/149
f 175/124/150 176/125/150 187/136/150
f 187/136/151 186/135/151 175/124/151
f 176/125/152 177/126/152 188/137/152
f 188/137/153 187/136/153 176/125/153
f 177/126/154 178/127/154 189/138/154
f 189/138/155 188/137/155 177/126/155
f 173/129/11 184/139/11 190/140/11 180/130/11
f 181/130/12 191/140/12 189/139/12 178/129/12
f 180/18/13 190/4/13 191/14/13 181/19/13
f 184/133/156 183/132/156 192/141/156
f 192/141/157 193/142/157 184/133/157
f 183/132/158 185/134/158 194/143/158
f 194/143/159 192/141/159 183/132/159
f 185/134/160 186/135/160 195/144/160
f 195/144/161 194/143/161 185/134/161
f 186/135/162 187/136/162 196/145/162
f 196/145/163 195/144/163 186/135/163
f 187/136/164 188/137/164 197/146/164
f 197/146/165 196/145/165 187/136/165
f 188/137/166 189/138/166 198/147/166
f 198/147/167 197/146/167 188/137/167
f 184/139/11 193/148/11 199/149/11 190/140/11
f 191/140/12 200/149/12 198/148/12 189/139/12
f 190/18/13 199/4/13 200/14/13 191/19/13
f 193/142/168 192/141/168 201/150/168
f 201/150/169 202/151/169 193/142/169
f 192/141/170 194/143/170 203/152/170
f 203/152/171 201/150/171 192/141/171
f 194/143/172 195/144/172 204/153/172
f 204/153/173 203/152/173 194/143/173
f 195/144/174 196/145/174 205/154/174
f 205/154/175 204/153/175 195/144/175
f 196/145/176 197/146/176 206/155/176
f 206/155/177 205/154/177 196/145/177
f 197/146/178 198/147/178 207/156/178
f 207/156/179 206/155/179 197/146/179
f 193/148/11 202/157/11 208/158/11 199/149/11
f 200/149/12 209/158/12 207/157/12 198/148/12
f 199/18/13 208/4/13 209/14/13 200/19/13
f 202/151/180 201/150/180 210/159/180
f 210/159/181 211/160/181 202/151/181
f 201/150/182 203/152/182 212/161/182
f 212/161/183 210/159/183 201/150/183
f 203/152/184 204/153/184 213/162/184
f 213/162/185 212/161/185 203/152/185
f 204/153/186 205/154/186 214/163/186
f 214/163/187 213/162/187 204/153/187
f 205/154/188 206/155/188 215/164/188
f 215/164/189 214/163/189 205/154/189
f 206/155/190 207/156/190 216/165/190
f 216/165/191 215/164/191 206/155/191
f 202/157/11 211/166/11 217/167/11 208/158/11
f 209/158/12 218/167/12 216/166/12 207/157/12
f 208/18/13 217/4/13 218/14/13 209/19/13
f 211/160/192 210/159/192 219/168/192
f 219/168/193 220/169/193 211/160/193
f 210/159/194 212/161/194 221/170/194
f 221/170/192 219/168/192 210/159/192
f 212/161/195 213/162/195 222/171/195
f 222/171/196 221/170/196 212/161/196
f 213/162/197 214/163/197 223/172/197
f 223/172/198 222/171/198 213/162/198
f 214/163/199 215/164/199 224/173/199
f 224/173/197 223/172/197 214/163/197
f 215/164/200 216/165/200 225/174/200
f 225/174/201 224/173/201 215/164/201
f 211/166/11 220/175/11 226/176/11 217/167/11
f 218/167/12 227/176/12 225/175/12 216/166/12
f 217/18/13 226/4/13 227/14/13 218/19/13
f 220/169/202 219/168/202 228/3/202
f 228/3/203 229/4/203 220/169/203
f 219/168/204 221/170/204 230/6/204
f 230/6/205 228/3/205 219/168/205
f 221/170/206 222/171/206 231/8/206
f 231/8/207 230/6/207 221/170/207
f 222/171/208 223/172/208 232/10/208
f 232/10/209 231/8/209 222/171/209
f 223/172/210 224/173/210 233/12/210
f 233/12/211 232/10/211 223/172/211
f 224/173/212 225/174/212 234/14/212
f 234/14/213 233/12/213 224/173/213
f 220/175/11 229/16/11 235/17/11 226/176/11
f 227/176/12 236/17/12 234/16/12 225/175/12
f 226/18/13 235/4/13 236/14/13 227/19/13
f 229/18/214 228/20/214 237/177/214
f 237/177/215 238/178/215 229/18/215
f 228/20/216 230/23/216 239/179/216
f 239/179/217 237/177/217 228/20/217
f 230/23/218 231/25/218 240/180/218
f 240/180/219 239/179/219 230/23/219
f 231/25/220 232/27/220 241/181/220
f 241/181/221 240/180/221 231/25/221
f 232/27/222 233/29/222 242/182/222
f 242/182/219 241/181/219 232/27/219
f 233/29/223 234/19/223 243/183/223
f 243/183/217 242/182/217 233/29/217
f 229/32/11 238/184/11 235/35/11
f 236/35/12 243/184/12 234/32/12
f 235/18/13 238/4/13 243/14/13 236/19/13
g sleeper
usemtl mat
f 244/185/13 245/186/13 246/187/13 247/188/13
f 247/189/224 246/190/224 248/191/224 249/192/224
f 249/193/225 248/194/225 250/195/225 251/196/225
f 251/196/226 250/195/226 252/197/226 253/198/226
f 253/198/227 252/197/227 254/199/227 255/200/227
f 255/192/228 254/191/228 245/190/228 244/189/228
f 245/186/13 256/201/13 257/202/13 246/187/13
f 246/190/229 257/203/229 258/204/229 248/191/229
f 248/194/230 258/205/230 259/206/230 250/195/230
f 250/195/226 259/206/226 260/207/226 252/197/226
f 252/197/231 260/207/231 261/208/231 254/199/231
f 254/191/232 261/204/232 256/203/232 245/190/232
f 256/209/13 262/210/13 263/211/13 257/212/13
f 257/213/224 263/214/224 264/215/224 258/216/224
f 258/217/225 264/218/225 265/219/225 259/220/225
f 259/220/226 265/219/226 266/221/226 260/222/226
f 260/222/227 266/221/227 267/223/227 261/224/227
f 261/216/228 267/215/228 262/214/228 256/213/228
f 262/210/13 268/225/13 269/226/13 263/211/13
f 263/214/224 269/227/224 270/228/224 264/215/224
f 264/218/225 270/229/225 271/230/225 265/219/225
f 265/219/226 271/230/226 272/231/226 266/221/226
f 266/221/227 272/231/227 273/232/227 267/223/227
f 267/215/228 273/228/228 268/227/228 262/214/228
f 268/225/13 274/201/13 275/202/13 269/226/13
f 269/227/224 275/203/224 276/204/224 270/228/224
f 270/229/225 276/205/225 277/206/225 271/230/225
f 271/230/226 277/206/226 278/207/226 272/231/226
f 272/231/227 278/207/227 279/208/227 273/232/227
f 273/228/228 279/204/228 274/203/228 268/227/228
f 274/209/13 280/233/13 281/234/13 275/212/13
f 275/213/224 281/235/224 282/236/224 276/216/224
f 276/217/225 282/237/225 283/238/225 277/220/225
f 277/220/226 283/238/226 284/239/226 278/222/226
f 278/222/227 284/239/227 285/240/227 279/224/227
f 279/216/228 285/236/228 280/235/228 274/213/228
f 280/233/13 286/241/13 287/242/13 281/234/13
f 281/235/224 287/243/224 288/244/224 282/236/224
f 282/237/225 288/245/225 289/246/225 283/238/225
f 283/238/226 289/246/226 290/247/226 284/239/226
f 284/239/227 290/247/227 291/248/227 285/240/227
f 285/236/228 291/244/228 286/243/228 280/235/228
f 286/241/13 292/249/13 293/250/13 287/242/13
f 287/243/224 293/251/224 294/252/224 288/244/224
f 288/245/225 294/253/225 295/254/225 289/246/225
f 289/246/226 295/254/226 296/255/226 290/247/226
f 290/247/227 296/255/227 297/256/227 291/248/227
f 291/244/228 297/252/228 292/251/228 286/243/228
f 292/249/13 298/257/13 299/258/13 293/250/13
f 293/251/224 299/259/224 300/260/224 294/252/224
f 294/253/225 300/261/225 301/262/225 295/254/225
f 295/254/226 301/262/226 302/263/226 296/255/226
f 296/255/227 302/263/227 303/264/227 297/256/227
f 297/252/228 303/260/228 298/259/228 292/251/228
f 298/257/13 304/201/13 305/202/13 299/258/13
f 299/259/224 305/203/224 306/204/224 300/260/224
f 300/261/225 306/205/225 307/206/225 301/262/225
f 301/262/226 307/206/226 308/207/226 302/263/226
f 302/263/227 308/207/227 309/208/227 303/264/227
f 303/260/228 309/204/228 304/203/228 298/259/228
f 304/209/13 310/265/13 311/266/13 305/212/13
f 305/213/224 311/267/224 312/268/224 306/216/224
f 306/217/225 312/269/225 313/270/225 307/220/225
f 307/220/226 313/270/226 314/271/226 308/222/226
f 308/222/227 314/271/227 315/272/227 309/224/227
f 309/216/228 315/268/228 310/267/228 304/213/228
f 310/265/13 316/210/13 317/211/13 311/266/13
f 311/267/224 317/214/224 318/215/224 312/268/224
f 312/269/225 318/218/225 319/219/225 313/270/225
f 313/270/226 319/219/226 320/221/226 314/271/226
f 314/271/227 320/221/227 321/223/227 315/272/227
f 315/268/228 321/215/228 316/214/228 310/267/228
f 316/210/13 322/273/13 323/274/13 317/211/13
f 317/214/224 323/275/224 324/276/224 318/215/224
f 318/218/225 324/277/225 325/278/225 319/219/225
f 319/219/226 325/278/226 326/279/226 320/221/226
f 320/221/227 326/279/227 327/280/227 321/223/227
f 321/215/228 327/276/228 322/275/228 316/214/228
f 322/273/13 328/281/13 329/282/13 323/274/13
f 323/275/224 329/283/224 330/284/224 324/276/224
f 324/277/225 330/285/225 331/286/225 325/278/225
f 325/278/226 331/286/226 332/287/226 326/279/226
f 326/279/227 332/287/227 333/288/227 327/280/227
f 327/276/228 333/284/228 328/283/228 322/275/228
f 328/281/13 334/201/13 335/202/13 329/282/13
f 329/283/224 335/203/224 336/204/224 330/284/224
f 330/285/225 336/205/225 337/206/225 331/286/225
f 331/286/226 337/206/226 338/207/226 332/287/226
f 332/287/227 338/207/227 339/208/227 333/288/227
f 333/284/228 339/204/228 334/203/228 328/283/228
f 334/209/13 340/289/13 341/290/13 335/212/13
f 335/213/224 341/291/224 342/292/224 336/216/224
f 336/217/225 342/293/225 343/294/225 337/220/225
f 337/220/226 343/294/226 344/295/226 338/222/226
f 338/222/227 344/295/227 345/296/227 339/224/227
f 339/216/228 345/292/228 340/291/228 334/213/228
f 340/289/13 346/249/13 347/250/13 341/290/13
f 341/291/224 347/251/224 348/252/224 342/292/224
f 342/293/225 348/253/225 349/254/225 343/294/225
f 343/294/226 349/254/226 350/255/226 344/295/226
f 344/295/227 350/255/227 351/256/227 345/296/227
f 345/292/228 351/252/228 346/251/228 340/291/228
f 346/249/13 352/201/13 353/202/13 347/250/13
f 347/251/224 353/203/224 354/204/224 348/252/224
f 348/253/225 354/205/225 355/206/225 349/254/225
f 349/254/226 355/206/226 356/207/226 350/255/226
f 350/255/227 356/207/227 357/208/227 351/256/227
f 351/252/228 357/204/228 352/203/228 346/251/228
f 352/209/13 358/297/13 359/298/13 353/212/13
f 353/213/233 359/299/233 360/300/233 354/216/233
f 354/217/234 360/301/234 361/302/234 355/220/234
f 355/220/226 361/302/226 362/303/226 356/222/226
f 356/222/235 362/303/235 363/304/235 357/224/235
f 357/216/236 363/300/236 358/299/236 352/213/236
f 358/297/13 364/305/13 365/306/13 359/298/13
f 359/299/224 365/307/224 366/308/224 360/300/224
f 360/301/225 366/309/225 367/310/225 361/302/225
f 361/302/226 367/310/226 368/311/226 362/303/226
f 362/303/227 368/311/227 369/312/227 363/304/227
f 363/300/228 369/308/228 364/307/228 358/299/228
f 255/313/237 244/314/237 247/315/237
f 255/313/237 247/315/237 249/316/237
f 255/313/237 249/316/237 251/317/237
f 251/317/237 253/318/237 255/313/237
f 364/314/238 369/313/238 368/318/238
f 364/314/238 368/318/238 367/317/238
f 364/314/238 367/317/238 366/316/238
f 366/316/238 365/315/238 364/314/238
g fastener_left
usemtl mat
f 370/319/13 371/320/13 372/321/13
f 370/319/13 372/321/13 373/322/13
f 370/319/13 373/322/13 374/323/13
f 370/319/13 374/323/13 375/324/13
f 370/319/13 375/324/13 376/325/13
f 376/325/13 377/326/13 370/319/13
f 378/327/11 379/328/11 372/329/11 371/330/11
f 379/327/239 380/328/239 373/329/239 372/330/239
f 380/327/238 381/328/238 374/329/238 373/330/238
f 381/327/240 382/328/240 375/329/240 374/330/240
f 382/327/12 383/328/12 376/329/12 375/330/12
f 383/327/241 384/328/241 377/329/241 376/330/241
f 384/327/237 385/328/237 370/329/237 377/330/237
f 385/327/242 378/328/242 371/329/242 370/330/242
f 386/331/226 387/332/226 388/333/226
f 386/331/226 388/333/226 389/334/226
f 386/331/226 389/334/226 390/335/226
f 386/331/226 390/335/226 391/336/226
f 386/331/226 391/336/226 392/337/226
f 392/337/226 393/338/226 386/331/226
f 386/339/11 393/340/11 394/341/11 395/342/11
f 393/339/239 392/340/239 396/341/239 394/342/239
f 392/339/238 391/340/238 397/341/238 396/342/238
f 391/339/240 390/340/240 398/341/240 397/342/240
f 390/339/12 389/340/12 399/341/12 398/342/12
f 389/339/241 388/340/241 400/341/241 399/342/241
f 388/339/237 387/340/237 401/341/237 400/342/237
f 387/339/242 386/340/242 395/341/242 401/342/242
f 402/343/13 403/344/13 404/345/13
f 402/343/13 404/345/13 405/346/13
f 402/343/13 405/346/13 406/347/13
f 402/343/13 406/347/13 407/348/13
f 402/343/13 407/348/13 408/349/13
f 408/349/13 409/350/13 402/343/13
f 410/344/226 411/343/226 412/350/226
f 410/344/226 412/350/226 413/349/226
f 410/344/226 413/349/226 414/348/226
f 410/344/226 414/348/226 415/347/226
f 410/344/226 415/347/226 416/346/226
f 416/346/226 417/345/226 410/344/226
f 410/351/11 417/352/11 404/353/11 403/354/11
f 417/351/239 416/352/239 405/353/239 404/354/239
f 416/351/238 415/352/238 406/353/238 405/354/238
f 415/351/240 414/352/240 407/353/240 406/354/240
f 414/351/12 413/352/12 408/353/12 407/354/12
f 413/351/241 412/352/241 409/353/241 408/354/241
f 412/351/237 411/352/237 402/353/237 409/354/237
f 411/351/242 410/352/242 403/353/242 402/354/242
f 418/355/13 419/356/13 420/357/13
f 418/355/13 420/357/13 421/358/13
f 418/355/13 421/358/13 422/359/13
f 418/355/13 422/359/13 423/360/13
f 418/355/13 423/360/13 424/361/13
f 424/361/13 425/362/13 418/355/13
f 426/356/226 427/355/226 428/362/226
f 426/356/226 428/362/226 429/361/226
f 426/356/226 429/361/226 430/360/226
f 426/356/226 430/360/226 431/359/226
f 426/356/226 431/359/226 432/358/226
f 432/358/226 433/357/226 426/356/226
f 426/327/11 433/328/11 420/329/11 419/330/11
f 433/327/239 432/328/239 421/329/239 420/330/239
f 432/327/238 431/328/238 422/329/238 421/330/238
f 431/327/240 430/328/240 423/329/240 422/330/240
f 430/327/12 429/328/12 424/329/12 423/330/12
f 429/327/241 428/328/241 425/329/241 424/330/241
f 428/327/237 427/328/237 418/329/237 425/330/237
f 427/327/242 426/328/242 419/329/242 418/330/242
f 434/363/12 435/351/12 436/364/12
f 434/363/12 436/364/12 437/365/12
f 434/363/12 437/365/12 438/366/12
f 438/366/12 439/367/12 440/353/12
f 434/363/12 438/366/12 440/353/12
f 440/353/12 441/368/12 442/369/12
f 440/353/12 442/369/12 434/363/12
f 443/351/11 444/363/11 445/369/11
f 445/369/11 446/368/11 447/353/11
f 443/351/11 445/369/11 447/353/11
f 447/353/11 448/367/11 449/366/11
f 447/353/11 449/366/11 450/365/11
f 447/353/11 450/365/11 451/364/11
f 447/353/11 451/364/11 443/351/11
f 444/351/243 445/352/243 442/353/243 434/354/243
f 445/351/244 446/352/244 441/353/244 442/354/244
f 446/351/13 447/352/13 440/353/13 441/354/13
f 447/351/237 448/352/237 439/353/237 440/354/237
f 448/351/226 449/352/226 438/353/226 439/354/226
f 449/351/245 450/352/245 437/353/245 438/354/245
f 450/351/226 451/352/226 436/353/226 437/354/226
f 451/351/246 443/352/246 435/353/246 436/354/246
f 443/351/238 444/352/238 434/353/238 435/354/238
f 452/370/13 453/371/13 454/372/13
f 452/370/13 454/372/13 455/373/13
f 452/370/13 455/373/13 456/374/13
f 452/370/13 456/374/13 457/375/13
f 452/370/13 457/375/13 458/376/13
f 452/370/13 458/376/13 459/377/13
f 452/370/13 459/377/13 460/378/13
f 460/378/13 461/379/13 452/370/13
f 462/371/226 463/370/226 464/379/226
f 462/371/226 464/379/226 465/378/226
f 462/371/226 465/378/226 466/377/226
f 462/371/226 466/377/226 467/376/226
f 462/371/226 467/376/226 468/375/226
f 462/371/226 468/375/226 469/374/226
f 462/371/226 469/374/226 470/373/226
f 470/373/226 471/372/226 462/371/226
f 462/351/247 471/380/247 454/381/247 453/354/247
f 471/380/248 470/382/248 455/383/248 454/381/248
f 470/382/12 469/384/12 456/385/12 455/383/12
f 469/384/249 468/386/249 457/387/249 456/385/249
f 468/386/250 467/388/250 458/389/250 457/387/250
f 467/388/251 466/390/251 459/391/251 458/389/251
f 466/390/252 465/392/252 460/393/252 459/391/252
f 465/392/11 464/394/11 461/395/11 460/393/11
f 464/394/253 463/396/253 452/397/253 461/395/253
f 463/396/254 462/352/254 453/353/254 452/397/254
f 472/398/13 473/371/13 474/399/13
f 472/398/13 474/399/13 475/400/13
f 472/398/13 475/400/13 476/388/13
f 472/398/13 476/388/13 477/401/13
f 472/398/13 477/401/13 478/402/13
f 472/398/13 478/402/13 479/376/13
f 472/398/13 479/376/13 480/403/13
f 472/398/13 480/403/13 481/404/13
f 472/398/13 481/404/13 482/389/13
f 482/389/13 483/405/13 472/398/13
f 484/371/226 485/398/226 486/405/226
f 484/371/226 486/405/226 487/389/226
f 484/371/226 487/389/226 488/404/226
f 484/371/226 488/404/226 489/403/226
f 484/371/226 489/403/226 490/376/226
f 484/371/226 490/376/226 491/402/226
f 484/371/226 491/402/226 492/401/226
f 484/371/226 492/401/226 493/388/226
f 484/371/226 493/388/226 494/400/226
f 494/400/226 495/399/226 484/371/226
f 484/351/255 495/406/255 474/407/255 473/354/255
f 495/406/240 494/408/240 475/409/240 474/407/240
f 494/408/256 493/410/256 476/411/256 475/409/256
f 493/410/257 492/412/257 477/413/257 476/411/257
f 492/412/241 491/414/241 478/415/241 477/413/241
f 491/414/258 490/388/258 479/389/258 478/415/258
f 490/388/259 489/416/259 480/417/259 479/389/259
f 489/416/242 488/418/242 481/419/242 480/417/242
f 488/418/260 487/420/260 482/421/260 481/419/260
f 487/420/261 486/422/261 483/423/261 482/421/261
f 486/422/239 485/424/239 472/425/239 483/423/239
f 485/424/262 484/352/262 473/353/262 472/425/262
f 496/405/13 497/371/13 498/400/13
f 496/405/13 498/400/13 499/401/13
f 496/405/13 499/401/13 500/376/13
f 500/376/13 501/404/13 496/405/13
f 502/371/226 503/405/226 504/404/226
f 502/371/226 504/404/226 505/376/226
f 502/371/226 505/376/226 506/401/226
f 506/401/226 507/400/226 502/371/226
f 502/351/263 507/408/263 498/409/263 497/354/263
f 507/408/12 506/412/12 499/413/12 498/409/12
f 506/412/264 505/388/264 500/389/264 499/413/264
f 505/388/265 504/418/265 501/419/265 500/389/265
f 504/418/11 503/422/11 496/423/11 501/419/11
f 503/422/266 502/352/266 497/353/266 496/423/266
f 508/405/13 509/371/13 510/400/13
f 508/405/13 510/400/13 511/401/13
f 508/405/13 511/401/13 512/376/13
f 512/376/13 513/404/13 508/405/13
f 514/371/226 515/405/226 516/404/226
f 514/371/226 516/404/226 517/376/226
f 514/371/226 517/376/226 518/401/226
f 518/401/226 519/400/226 514/371/226
f 514/351/263 519/408/263 510/409/263 509/354/263
f 519/408/12 518/412/12 511/413/12 510/409/12
f 518/412/264 517/388/264 512/389/264 511/413/264
f 517/388/265 516/418/265 513/419/265 512/389/265
f 516/418/11 515/422/11 508/423/11 513/419/11
f 515/422/266 514/352/266 509/353/266 508/423/266
f 520/426/267 521/354/268 522/409/269
f 522/409/269 523/427/270 520/426/267
f 523/427/270 522/409/269 524/413/271
f 524/413/271 525/428/272 523/427/270
f 525/428/272 524/413/271 526/389/273
f 526/389/273 527/429/274 525/428/272
f 527/429/274 526/389/273 528/419/275
f 528/419/275 529/430/276 527/429/274
f 529/430/276 528/419/275 530/423/277
f 530/423/277 531/431/278 529/430/276
f 531/431/278 530/423/277 521/353/268
f 521/353/268 520/432/267 531/431/278
f 532/433/279 520/426/267 523/427/270
f 523/427/270 533/434/280 532/433/279
f 533/434/280 523/427/270 525/428/272
f 525/428/272 534/435/281 533/434/280
f 534/435/281 525/428/272 527/429/274
f 527/429/274 535/436/282 534/435/281
f 535/436/282 527/429/274 529/430/276
f 529/430/276 536/437/283 535/436/282
f 536/437/283 529/430/276 531/431/278
f 531/431/278 537/438/284 536/437/283
f 537/438/284 531/431/278 520/432/267
f 520/432/267 532/439/279 537/438/284
f 538/440/285 532/433/279 533/434/280
f 533/434/280 539/441/286 538/440/285
f 539/441/286 533/434/280 534/435/281
f 534/435/281 540/442/287 539/441/286
f 540/442/287 534/435/281 535/436/282
f 535/436/282 541/443/288 540/442/287
f 541/443/288 535/436/282 536/437/283
f 536/437/283 542/444/289 541/443/288
f 542/444/289 536/437/283 537/438/284
f 537/438/284 543/445/290 542/444/289
f 543/445/290 537/438/284 532/439/279
f 532/439/279 538/446/285 543/445/290
f 544/447/291 538/440/285 539/441/286
f 539/441/286 545/448/292 544/447/291
f 545/448/292 539/441/286 540/442/287
f 540/442/287 546/449/293 545/448/292
f 546/449/293 540/442/287 541/443/288
f 541/443/288 547/450/294 546/449/293
f 547/450/294 541/443/288 542/444/289
f 542/444/289 548/451/295 547/450/294
f 548/451/295 542/444/289 543/445/290
f 543/445/290 549/452/296 548/451/295
f 549/452/296 543/445/290 538/446/285
f 538/446/285 544/453/291 549/452/296
f 550/454/297 544/447/291 545/448/292
f 545/448/292 551/455/298 550/454/297
f 551/455/298 545/448/292 546/449/293
f 546/449/293 552/456/299 551/455/298
f 552/456/299 546/449/293 547/450/294
f 547/450/294 553/457/300 552/456/299
f 553/457/300 547/450/294 548/451/295
f 548/451/295 554/458/301 553/457/300
f 554/458/301 548/451/295 549/452/296
f 549/452/296 555/459/302 554/458/301
f 555/459/302 549/452/296 544/453/291
f 544/453/291 550/460/297 555/459/302
f 556/461/303 550/454/297 551/455/298
f 551/455/298 557/462/304 556/461/303
f 557/462/304 551/455/298 552/456/299
f 552/456/299 558/463/305 557/462/304
f 558/463/305 552/456/299 553/457/300
f 553/457/300 559/464/306 558/463/305
f 559/464/306 553/457/300 554/458/301
f 554/458/301 560/465/307 559/464/306
f 560/465/307 554/458/301 555/459/302
f 555/459/302 561/466/308 560/465/307
f 561/466/308 555/459/302 550/460/297
f 550/460/297 556/467/303 561/466/308
f 562/468/309 556/461/303 557/462/304
f 557/462/304 563/469/310 562/468/309
f 563/469/310 557/462/304 558/463/305
f 558/463/305 564/470/311 563/469/310
f 564/470/311 558/463/305 559/464/306
f 559/464/306 565/471/312 564/470/311
f 565/471/312 559/464/306 560/465/307
f 560/465/307 566/472/313 565/471/312
f 566/472/313 560/465/307 561/466/308
f 561/466/308 567/473/314 566/472/313
f 567/473/314 561/466/308 556/467/303
f 556/467/303 562/474/309 567/473/314
f 568/475/315 562/468/309 563/469/310
f 563/469/310 569/476/316 568/475/315
f 569/476/316 563/469/310 564/470/311
f 564/470/311 570/477/317 569/476/316
f 570/477/317 564/470/311 565/471/312
f 565/471/312 571/478/318 570/477/317
f 571/478/318 565/471/312 566/472/313
f 566/472/313 572/479/319 571/478/318
f 572/479/319 566/472/313 567/473/314
f 567/473/314 573/480/320 572/479/319
f 573/480/320 567/473/314 562/474/309
f 562/474/309 568/481/315 573/480/320
f 574/376/321 568/475/315 569/476/316
f 569/476/316 575/482/322 574/376/321
f 575/482/322 569/476/316 570/477/317
f 570/477/317 576/483/323 575/482/322
f 576/483/323 570/477/317 571/478/318
f 571/478/318 577/484/324 576/483/323
f 577/484/324 571/478/318 572/479/319
f 572/479/319 578/485/325 577/484/324
f 578/485/325 572/479/319 573/480/320
f 573/480/320 579/486/326 578/485/325
f 579/486/326 573/480/320 568/481/315
f 568/481/315 574/371/321 579/486/326
f 580/487/327 574/376/321 575/482/322
f 575/482/322 581/488/328 580/487/327
f 581/488/328 575/482/322 576/483/323
f 576/483/323 582/489/329 581/488/328
f 582/489/329 576/483/323 577/484/324
f 577/484/324 583/490/330 582/489/329
f 583/490/330 577/484/324 578/485/325
f 578/485/325 584/491/331 583/490/330
f 584/491/331 578/485/325 579/486/326
f 579/486/326 585/492/332 584/491/331
f 585/492/332 579/486/326 574/371/321
f 574/371/321 580/493/327 585/492/332
f 586/494/333 580/487/327 581/488/328
f 581/488/328 587/495/334 586/494/333
f 587/495/334 581/488/328 582/489/329
f 582/489/329 588/496/335 587/495/334
f 588/496/335 582/489/329 583/490/330
f 583/490/330 589/497/336 588/496/335
f 589/497/336 583/490/330 584/491/331
f 584/491/331 590/498/337 589/497/336
f 590/498/337 584/491/331 585/492/332
f 585/492/332 591/499/338 590/498/337
f 591/499/338 585/492/332 580/493/327
f 580/493/327 586/500/333 591/499/338
f 592/501/339 586/494/333 587/495/334
f 587/495/334 593/502/340 592/501/339
f 593/502/340 587/495/334 588/496/335
f 588/496/335 594/503/341 593/502/340
f 594/503/341 588/496/335 589/497/336
f 589/497/336 595/504/342 594/503/341
f 595/504/342 589/497/336 590/498/337
f 590/498/337 596/505/343 595/504/342
f 596/505/343 590/498/337 591/499/338
f 591/499/338 597/506/344 596/505/343
f 597/506/344 591/499/338 586/500/333
f 586/500/333 592/507/339 597/506/344
f 598/508/345 592/501/339 593/502/340
f 593/502/340 599/509/346 598/508/345
f 599/509/346 593/502/340 594/503/341
f 594/503/341 600/510/347 599/509/346
f 600/510/347 594/503/341 595/504/342
f 595/504/342 601/511/348 600/510/347
f 601/511/348 595/504/342 596/505/343
f 596/505/343 602/512/349 601/511/348
f 602/512/349 596/505/343 597/506/344
f 597/506/344 603/513/350 602/512/349
f 603/513/350 597/506/344 592/507/339
f 592/507/339 598/514/345 603/513/350
f 604/515/351 598/508/345 599/509/346
f 599/509/346 605/516/352 604/515/351
f 605/516/352 599/509/346 600/510/347
f 600/510/347 606/517/353 605/516/352
f 606/517/353 600/510/347 601/511/348
f 601/511/348 607/518/354 606/517/353
f 607/518/354 601/511/348 602/512/349
f 602/512/349 608/519/355 607/518/354
f 608/519/355 602/512/349 603/513/350
f 603/513/350 609/520/356 608/519/355
f 609/520/356 603/513/350 598/514/345
f 598/514/345 604/521/351 609/520/356
f 610/522/357 604/515/351 605/516/352
f 605/516/352 611/523/358 610/522/357
f 611/523/358 605/516/352 606/517/353
f 606/517/353 612/524/359 611/523/358
f 612/524/359 606/517/353 607/518/354
f 607/518/354 613/525/360 612/524/359
f 613/525/360 607/518/354 608/519/355
f 608/519/355 614/526/361 613/525/360
f 614/526/361 608/519/355 609/520/356
f 609/520/356 615/527/362 614/526/361
f 615/527/362 609/520/356 604/521/351
f 604/521/351 610/528/357 615/527/362
f 616/529/363 610/522/357 611/523/358
f 611/523/358 617/530/364 616/529/363
f 617/530/364 611/523/358 612/524/359
f 612/524/359 618/531/365 617/530/364
f 618/531/365 612/524/359 613/525/360
f 613/525/360 619/532/366 618/531/365
f 619/532/366 613/525/360 614/526/361
f 614/526/361 620/533/367 619/532/366
f 620/533/367 614/526/361 615/527/362
f 615/527/362 621/534/368 620/533/367
f 621/534/368 615/527/362 610/528/357
f 610/528/357 616/535/363 621/534/368
f 622/536/369 616/529/363 617/530/364
f 617/530/364 623/537/370 622/536/369
f 623/537/370 617/530/364 618/531/365
f 618/531/365 624/538/371 623/537/370
f 624/538/371 618/531/365 619/532/366
f 619/532/366 625/539/372 624/538/371
f 625/539/372 619/532/366 620/533/367
f 620/533/367 626/540/373 625/539/372
f 626/540/373 620/533/367 621/534/368
f 621/534/368 627/541/374 626/540/373
f 627/541/374 621/534/368 616/535/363
f 616/535/363 622/542/369 627/541/374
f 628/351/375 622/536/369 623/537/370
f 623/537/370 629/408/376 628/351/375
f 629/408/376 623/537/370 624/538/371
f 624/538/371 630/412/377 629/408/376
f 630/412/377 624/538/371 625/539/372
f 625/539/372 631/388/378 630/412/377
f 631/388/378 625/539/372 626/540/373
f 626/540/373 632/418/379 631/388/378
f 632/418/379 626/540/373 627/541/374
f 627/541/374 633/422/380 632/418/379
f 633/422/380 627/541/374 622/542/369
f 622/542/369 628/352/375 633/422/380
f 521/371/381 530/543/381 528/404/381
f 521/371/381 528/404/381 526/376/381
f 521/371/381 526/376/381 524/401/381
f 524/401/381 522/544/381 521/371/381
f 633/543/382 628/371/382 629/544/382
f 633/543/382 629/544/382 630/401/382
f 633/543/382 630/401/382 631/376/382
f 631/376/382 632/404/382 633/543/382
f 634/343/13 635/344/13 636/345/13
f 634/343/13 636/345/13 637/346/13
f 634/343/13 637/346/13 638/347/13
f 634/343/13 638/347/13 639/348/13
f 634/343/13 639/348/13 640/349/13
f 640/349/13 641/350/13 634/343/13
f 642/344/226 643/343/226 644/350/226
f 642/344/226 644/350/226 645/349/226
f 642/344/226 645/349/226 646/348/226
f 642/344/226 646/348/226 647/347/226
f 642/344/226 647/347/226 648/346/226
f 648/346/226 649/345/226 642/344/226
f 642/351/11 649/352/11 636/353/11 635/354/11
f 649/351/239 648/352/239 637/353/239 636/354/239
f 648/351/238 647/352/238 638/353/238 637/354/238
f 647/351/240 646/352/240 639/353/240 638/354/240
f 646/351/12 645/352/12 640/353/12 639/354/12
f 645/351/241 644/352/241 641/353/241 640/354/241
f 644/351/237 643/352/237 634/353/237 641/354/237
f 643/351/242 642/352/242 635/353/242 634/354/242
f 650/355/13 651/356/13 652/357/13
f 650/355/13 652/357/13 653/358/13
f 650/355/13 653/358/13 654/359/13
f 650/355/13 654/359/13 655/360/13
f 650/355/13 655/360/13 656/361/13
f 656/361/13 657/362/13 650/355/13
f 658/356/226 659/355/226 660/362/226
f 658/356/226 660/362/226 661/361/226
f 658/356/226 661/361/226 662/360/226
f 658/356/226 662/360/226 663/359/226
f 658/356/226 663/359/226 664/358/226
f 664/358/226 665/357/226 658/356/226
f 658/327/11 665/328/11 652/329/11 651/330/11
f 665/327/239 664/328/239 653/329/239 652/330/239
f 664/327/238 663/328/238 654/329/238 653/330/238
f 663/327/240 662/328/240 655/329/240 654/330/240
f 662/327/12 661/328/12 656/329/12 655/330/12
f 661/327/241 660/328/241 657/329/241 656/330/241
f 660/327/237 659/328/237 650/329/237 657/330/237
f 659/327/242 658/328/242 651/329/242 650/330/242
f 666/351/12 667/363/12 668/369/12
f 668/369/12 669/368/12 670/353/12
f 666/351/12 668/369/12 670/353/12
f 670/353/12 671/367/12 672/366/12
f 670/353/12 672/366/12 673/365/12
f 670/353/12 673/365/12 674/364/12
f 670/353/12 674/364/12 666/351/12
f 675/363/11 676/351/11 677/364/11
f 675/363/11 677/364/11 678/365/11
f 675/363/11 678/365/11 679/366/11
f 679/366/11 680/367/11 681/353/11
f 675/363/11 679/366/11 681/353/11
f 681/353/11 682/368/11 683/369/11
f 681/353/11 683/369/11 675/363/11
f 667/354/383 668/353/383 683/352/383 675/351/383
f 668/354/384 669/353/384 682/352/384 683/351/384
f 669/354/13 670/353/13 681/352/13 682/351/13
f 670/354/238 671/353/238 680/352/238 681/351/238
f 671/354/226 672/353/226 679/352/226 680/351/226
f 672/354/385 673/353/385 678/352/385 679/351/385
f 673/354/226 674/353/226 677/352/226 678/351/226
f 674/354/386 666/353/386 676/352/386 677/351/386
f 666/354/237 667/353/237 675/352/237 676/351/237
f 684/370/13 685/371/13 686/372/13
f 684/370/13 686/372/13 687/373/13
f 684/370/13 687/373/13 688/374/13
f 684/370/13 688/374/13 689/375/13
f 684/370/13 689/375/13 690/376/13
f 684/370/13 690/376/13 691/377/13
f 684/370/13 691/377/13 692/378/13
f 692/378/13 693/379/13 684/370/13
f 694/371/226 695/370/226 696/379/226
f 694/371/226 696/379/226 697/378/226
f 694/371/226 697/378/226 698/377/226
f 694/371/226 698/377/226 699/376/226
f 694/371/226 699/376/226 700/375/226
f 694/371/226 700/375/226 701/374/226
f 694/371/226 701/374/226 702/373/226
f 702/373/226 703/372/226 694/371/226
f 694/351/247 703/380/247 686/381/247 685/354/247
f 703/380/248 702/382/248 687/383/248 686/381/248
f 702/382/12 701/384/12 688/385/12 687/383/12
f 701/384/249 700/386/249 689/387/249 688/385/249
f 700/386/250 699/388/250 690/389/250 689/387/250
f 699/388/251 698/390/251 691/391/251 690/389/251
f 698/390/252 697/392/252 692/393/252 691/391/252
f 697/392/11 696/394/11 693/395/11 692/393/11
f 696/394/253 695/396/253 684/397/253 693/395/253
f 695/396/254 694/352/254 685/353/254 684/397/254
f 704/398/13 705/371/13 706/399/13
f 704/398/13 706/399/13 707/400/13
f 704/398/13 707/400/13 708/388/13
f 704/398/13 708/388/13 709/401/13
f 704/398/13 709/401/13 710/402/13
f 704/398/13 710/402/13 711/376/13
f 704/398/13 711/376/13 712/403/13
f 704/398/13 712/403/13 713/404/13
f 704/398/13 713/404/13 714/389/13
f 714/389/13 715/405/13 704/398/13
f 716/371/226 717/398/226 718/405/226
f 716/371/226 718/405/226 719/389/226
f 716/371/226 719/389/226 720/404/226
f 716/371/226 720/404/226 721/403/226
f 716/371/226 721/403/226 722/376/226
f 716/371/226 722/376/226 723/402/226
f 716/371/226 723/402/226 724/401/226
f 716/371/226 724/401/226 725/388/226
f 716/371/226 725/388/226 726/400/226
f 726/400/226 727/399/226 716/371/226
f 716/351/255 727/406/255 706/407/255 705/354/255
f 727/406/240 726/408/240 707/409/240 706/407/240
f 726/408/256 725/410/256 708/411/256 707/409/256
f 725/410/257 724/412/257 709/413/257 708/411/257
f 724/412/241 723/414/241 710/415/241 709/413/241
f 723/414/258 722/388/258 711/389/258 710/415/258
f 722/388/259 721/416/259 712/417/259 711/389/259
f 721/416/242 720/418/242 713/419/242 712/417/242
f 720/418/260 719/420/260 714/421/260 713/419/260
f 719/420/261 718/422/261 715/423/261 714/421/261
f 718/422/239 717/424/239 704/425/239 715/423/239
f 717/424/262 716/352/262 705/353/262 704/425/262
f 728/405/13 729/371/13 730/400/13
f 728/405/13 730/400/13 731/401/13
f 728/405/13 731/401/13 732/376/13
f 732/376/13 733/404/13 728/405/13
f 734/371/226 735/405/226 736/404/226
f 734/371/226 736/404/226 737/376/226
f 734/371/226 737/376/226 738/401/226
f 738/401/226 739/400/226 734/371/226
f 734/351/263 739/408/263 730/409/263 729/354/263
f 739/408/12 738/412/12 731/413/12 730/409/12
f 738/412/264 737/388/264 732/389/264 731/413/264
f 737/388/265 736/418/265 733/419/265 732/389/265
f 736/418/11 735/422/11 728/423/11 733/419/11
f 735/422/266 734/352/266 729/353/266 728/423/266
f 740/405/13 741/371/13 742/400/13
f 740/405/13 742/400/13 743/401/13
f 740/405/13 743/401/13 744/376/13
f 744/376/13 745/404/13 740/405/13
f 746/371/226 747/405/226 748/404/226
f 746/371/226 748/404/226 749/376/226
f 746/371/226 749/376/226 750/401/226
f 750/401/226 751/400/226 746/371/226
f 746/351/263 751/408/263 742/409/263 741/354/263
f 751/408/12 750/412/12 743/413/12 742/409/12
f 750/412/264 749/388/264 744/389/264 743/413/264
f 749/388/265 748/418/265 745/419/265 744/389/265
f 748/418/11 747/422/11 740/423/11 745/419/11
f 747/422/266 746/352/266 741/353/266 740/423/266
f 752/426/387 753/354/388 754/409/389
f 754/409/389 755/427/390 752/426/387
f 755/427/390 754/409/389 756/413/391
f 756/413/391 757/428/392 755/427/390
f 757/428/392 756/413/391 758/389/393
f 758/389/393 759/429/394 757/428/392
f 759/429/394 758/389/393 760/419/395
f 760/419/395 761/430/396 759/429/394
f 761/430/396 760/419/395 762/423/397
f 762/423/397 763/431/398 761/430/396
f 763/431/398 762/423/397 753/353/388
f 753/353/388 752/432/387 763/431/398
f 764/433/399 752/426/387 755/427/390
f 755/427/390 765/434/400 764/433/399
f 765/434/400 755/427/390 757/428/392
f 757/428/392 766/435/401 765/434/400
f 766/435/401 757/428/392 759/429/394
f 759/429/394 767/436/402 766/435/401
f 767/436/402 759/429/394 761/430/396
f 761/430/396 768/437/403 767/436/402
f 768/437/403 761/430/396 763/431/398
f 763/431/398 769/438/404 768/437/403
f 769/438/404 763/431/398 752/432/387
f 752/432/387 764/439/399 769/438/404
f 770/440/405 764/433/399 765/434/400
f 765/434/400 771/441/406 770/440/405
f 771/441/406 765/434/400 766/435/401
f 766/435/401 772/442/407 771/441/406
f 772/442/407 766/435/401 767/436/402
f 767/436/402 773/443/408 772/442/407
f 773/443/408 767/436/402 768/437/403
f 768/437/403 774/444/409 773/443/408
f 774/444/409 768/437/403 769/438/404
f 769/438/404 775/445/410 774/444/409
f 775/445/410 769/438/404 764/439/399
f 764/439/399 770/446/405 775/445/410
f 776/447/411 770/440/405 771/441/406
f 771/441/406 777/448/412 776/447/411
f 777/448/412 771/441/406 772/442/407
f 772/442/407 778/449/413 777/448/412
f 778/449/413 772/442/407 773/443/408
f 773/443/408 779/450/414 778/449/413
f 779/450/414 773/443/408 774/444/409
f 774/444/409 780/451/415 779/450/414
f 780/451/415 774/444/409 775/445/410
f 775/445/410 781/452/416 780/451/415
f 781/452/416 775/445/410 770/446/405
f 770/446/405 776/453/411 781/452/416
f 782/454/417 776/447/411 777/448/412
f 777/448/412 783/455/418 782/454/417
f 783/455/418 777/448/412 778/449/413
f 778/449/413 784/456/419 783/455/418
f 784/456/419 778/449/413 779/450/414
f 779/450/414 785/457/420 784/456/419
f 785/457/420 779/450/414 780/451/415
f 780/451/415 786/458/421 785/457/420
f 786/458/421 780/451/415 781/452/416
f 781/452/416 787/459/422 786/458/421
f 787/459/422 781/452/416 776/453/411
f 776/453/411 782/460/417 787/459/422
f 788/461/423 782/454/417 783/455/418
f 783/455/418 789/462/424 788/461/423
f 789/462/424 783/455/418 784/456/419
f 784/456/419 790/463/425 789/462/424
f 790/463/425 784/456/419 785/457/420
f 785/457/420 791/464/426 790/463/425
f 791/464/426 785/457/420 786/458/421
f 786/458/421 792/465/427 791/464/426
f 792/465/427 786/458/421 787/459/422
f 787/459/422 793/466/428 792/465/427
f 793/466/428 787/459/422 782/460/417
f 782/460/417 788/467/423 793/466/428
f 794/468/429 788/461/423 789/462/424
f 789/462/424 795/469/430 794/468/429
f 795/469/430 789/462/424 790/463/425
f 790/463/425 796/470/431 795/469/430
f 796/470/431 790/463/425 791/464/426
f 791/464/426 797/471/432 796/470/431
f 797/471/432 791/464/426 792/465/427
f 792/465/427 798/472/433 797/471/432
f 798/472/433 792/465/427 793/466/428
f 793/466/428 799/473/434 798/472/433
f 799/473/434 793/466/428 788/467/423
f 788/467/423 794/474/429 799/473/434
f 800/475/435 794/468/429 795/469/430
f 795/469/430 801/476/436 800/475/435
f 801/476/436 795/469/430 796/470/431
f 796/470/431 802/477/437 801/476/436
f 802/477/437 796/470/431 797/471/432
f 797/471/432 803/478/438 802/477/437
f 803/478/438 797/471/432 798/472/433
f 798/472/433 804/479/439 803/478/438
f 804/479/439 798/472/433 799/473/434
f 799/473/434 805/480/440 804/479/439
f 805/480/440 799/473/434 794/474/429
f 794/474/429 800/481/435 805/480/440
f 806/376/441 800/475/435 801/476/436
f 801/476/436 807/482/442 806/376/441
f 807/482/442 801/476/436 802/477/437
f 802/477/437 808/483/443 807/482/442
f 808/483/443 802/477/437 803/478/438
f 803/478/438 809/484/444 808/483/443
f 809/484/444 803/478/438 804/479/439
f 804/479/439 810/485/445 809/484/444
f 810/485/445 804/479/439 805/480/440
f 805/480/440 811/486/446 810/485/445
f 811/486/446 805/480/440 800/481/435
f 800/481/435 806/371/441 811/486/446
f 812/487/447 806/376/441 807/482/442
f 807/482/442 813/488/448 812/487/447
f 813/488/448 807/482/442 808/483/443
f 808/483/443 814/489/449 813/488/448
f 814/489/449 808/483/443 809/484/444
f 809/484/444 815/490/450 814/489/449
f 815/490/450 809/484/444 810/485/445
f 810/485/445 816/491/451 815/490/450
f 816/491/451 810/485/445 811/486/446
f 811/486/446 817/492/452 816/491/451
f 817/492/452 811/486/446 806/371/441
f 806/371/441 812/493/447 817/492/452
f 818/494/453 812/487/447 813/488/448
f 813/488/448 819/495/454 818/494/453
f 819/495/454 813/488/448 814/489/449
f 814/489/449 820/496/455 819/495/454
f 820/496/455 814/489/449 815/490/450
f 815/490/450 821/497/456 820/496/455
f 821/497/456 815/490/450 816/491/451
f 816/491/451 822/498/457 821/497/456
f 822/498/457 816/491/451 817/492/452
f 817/492/452 823/499/458 822/498/457
f 823/499/458 817/492/452 812/493/447
f 812/493/447 818/500/453 823/499/458
f 824/501/459 818/494/453 819/495/454
f 819/495/454 825/502/460 824/501/459
f 825/502/460 819/495/454 820/496/455
f 820/496/455 826/503/461 825/502/460
f 826/503/461 820/496/455 821/497/456
f 821/497/456 827/504/462 826/503/461
f 827/504/462 821/497/456 822/498/457
f 822/498/457 828/505/463 827/504/462
f 828/505/463 822/498/457 823/499/458
f 823/499/458 829/506/464 828/505/463
f 829/506/464 823/499/458 818/500/453
f 818/500/453 824/507/459 829/506/464
f 830/508/465 824/501/459 825/502/460
f 825/502/460 831/509/466 830/508/465
f 831/509/466 825/502/460 826/503/461
f 826/503/461 832/510/467 831/509/466
f 832/510/467 826/503/461 827/504/462
f 827/504/462 833/511/468 832/510/467
f 833/511/468 827/504/462 828/505/463
f 828/505/463 834/512/469 833/511/468
f 834/512/469 828/505/463 829/506/464
f 829/506/464 835/513/470 834/512/469
f 835/513/470 829/506/464 824/507/459
f 824/507/459 830/514/465 835/513/470
f 836/515/471 830/508/465 831/509/466
f 831/509/466 837/516/472 836/515/471
f 837/516/472 831/509/466 832/510/467
f 832/510/467 838/517/473 837/516/472
f 838/517/473 832/510/467 833/511/468
f 833/511/468 839/518/474 838/517/473
f 839/518/474 833/511/468 834/512/469
f 834/512/469 840/519/475 839/518/474
f 840/519/475 834/512/469 835/513/470
f 835/513/470 841/520/476 840/519/475
f 841/520/476 835/513/470 830/514/465
f 830/514/465 836/521/471 841/520/476
f 842/522/477 836/515/471 837/516/472
f 837/516/472 843/523/478 842/522/477
f 843/523/478 837/516/472 838/517/473
f 838/517/473 844/524/479 843/523/478
f 844/524/479 838/517/473 839/518/474
f 839/518/474 845/525/480 844/524/479
f 845/525/480 839/518/474 840/519/475
f 840/519/475 846/526/481 845/525/480
f 846/526/481 840/519/475 841/520/476
f 841/520/476 847/527/482 846/526/481
f 847/527/482 841/520/476 836/521/471
f 836/521/471 842/528/477 847/527/482
f 848/529/483 842/522/477 843/523/478
f 843/523/478 849/530/484 848/529/483
f 849/530/484 843/523/478 844/524/479
f 844/524/479 850/531/485 849/530/484
f 850/531/485 844/524/479 845/525/480
f 845/525/480 851/532/486 850/531/485
f 851/532/486 845/525/480 846/526/481
f 846/526/481 852/533/487 851/532/486
f 852/533/487 846/526/481 847/527/482
f 847/527/482 853/534/488 852/533/487
f 853/534/488 847/527/482 842/528/477
f 842/528/477 848/535/483 853/534/488
f 854/536/489 848/529/483 849/530/484
f 849/530/484 855/537/490 854/536/489
f 855/537/490 849/530/484 850/531/485
f 850/531/485 856/538/491 855/537/490
f 856/538/491 850/531/485 851/532/486
f 851/532/486 857/539/492 856/538/491
f 857/539/492 851/532/486 852/533/487
f 852/533/487 858/540/493 857/539/492
f 858/540/493 852/533/487 853/534/488
f 853/534/488 859/541/494 858/540/493
f 859/541/494 853/534/488 848/535/483
f 848/535/483 854/542/489 859/541/494
f 860/351/495 854/536/489 855/537/490
f 855/537/490 861/408/496 860/351/495
f 861/408/496 855/537/490 856/538/491
f 856/538/491 862/412/497 861/408/496
f 862/412/497 856/538/491 857/539/492
f 857/539/492 863/388/498 862/412/497
f 863/388/498 857/539/492 858/540/493
f 858/540/493 864/418/499 863/388/498
f 864/418/499 858/540/493 859/541/494
f 859/541/494 865/422/500 864/418/499
f 865/422/500 859/541/494 854/542/489
f 854/542/489 860/352/495 865/422/500
f 753/371/501 762/543/501 760/404/501
f 753/371/501 760/404/501 758/376/501
f 753/371/501 758/376/501 756/401/501
f 756/401/501 754/544/501 753/371/501
f 865/543/502 860/371/502 861/544/502
f 865/543/502 861/544/502 862/401/502
f 865/543/502 862/401/502 863/376/502
f 863/376/502 864/404/502 865/543/502
g rail_left
usemtl mat
f 866/545/238 867/546/238 868/547/238 869/548/238
f 867/546/503 870/549/503 871/550/503 868/547/503
f 870/549/504 872/551/504 873/552/504 871/550/504
f 872/551/505 874/553/505 875/554/505 873/552/505
f 874/553/506 876/555/506 877/556/506 875/554/506
f 876/555/238 878/557/238 879/558/238 877/556/238
f 878/557/507 880/559/507 881/560/507 879/558/507
f 880/559/508 882/561/508 883/562/508 881/560/508
f 882/561/509 884/563/509 885/564/509 883/562/509
f 884/563/510 886/565/510 887/566/510 885/564/510
f 886/565/238 888/567/238 889/568/238 887/566/238
f 888/567/511 890/569/511 891/570/511 889/568/511
f 890/571/512 892/572/512 893/573/512 891/574/512
f 892/572/226 894/575/226 895/576/226 893/573/226
f 894/575/513 896/577/513 897/578/513 895/576/513
f 896/569/514 898/567/514 899/568/514 897/570/514
f 898/567/237 900/565/237 901/566/237 899/568/237
f 900/565/515 902/563/515 903/564/515 901/566/515
f 902/563/516 904/561/516 905/562/516 903/564/516
f 904/561/517 906/559/517 907/560/517 905/562/517
f 906/559/518 908/557/518 909/558/518 907/560/518
f 908/557/237 910/555/237 911/556/237 909/558/237
f 910/555/519 912/553/519 913/554/519 911/556/519
f 912/553/520 914/551/520 915/552/520 913/554/520
f 914/551/521 916/549/521 917/550/521 915/552/521
f 916/549/522 918/546/522 919/547/522 917/550/522
f 918/546/237 920/545/237 921/548/237 919/547/237
f 920/545/13 866/579/13 869/580/13 921/548/13
g rail_left_end
usemtl mat
f 866/581/11 920/582/11 918/583/11
f 866/581/11 918/583/11 916/584/11
f 866/581/11 916/584/11 914/585/11
f 866/581/11 914/585/11 912/586/11
f 906/587/11 904/588/11 902/589/11
f 906/587/11 902/589/11 900/590/11
f 906/587/11 900/590/11 898/591/11
f 906/587/11 898/591/11 896/592/11
f 906/587/11 896/592/11 894/593/11
f 908/594/11 906/587/11 894/593/11
f 908/594/11 894/593/11 892/595/11
f 908/594/11 892/595/11 890/596/11
f 908/594/11 890/596/11 888/597/11
f 908/594/11 888/597/11 886/598/11
f 908/594/11 886/598/11 884/599/11
f 884/599/11 882/600/11 880/601/11
f 908/594/11 884/599/11 880/601/11
f 908/594/11 880/601/11 878/602/11
f 910/603/11 908/594/11 878/602/11
f 912/586/11 910/603/11 878/602/11
f 912/586/11 878/602/11 876/604/11
f 912/586/11 876/604/11 874/605/11
f 912/586/11 874/605/11 872/606/11
f 866/581/11 912/586/11 872/606/11
f 866/581/11 872/606/11 870/607/11
f 870/607/11 867/608/11 866/581/11
f 921/582/12 869/581/12 868/608/12
f 921/582/12 868/608/12 871/607/12
f 921/582/12 871/607/12 873/606/12
f 921/582/12 873/606/12 875/605/12
f 881/601/12 883/600/12 885/599/12
f 881/601/12 885/599/12 887/598/12
f 881/601/12 887/598/12 889/597/12
f 881/601/12 889/597/12 891/596/12
f 881/601/12 891/596/12 893/595/12
f 879/602/12 881/601/12 893/595/12
f 879/602/12 893/595/12 895/593/12
f 879/602/12 895/593/12 897/592/12
f 879/602/12 897/592/12 899/591/12
f 879/602/12 899/591/12 901/590/12
f 879/602/12 901/590/12 903/589/12
f 903/589/12 905/588/12 907/587/12
f 879/602/12 903/589/12 907/587/12
f 879/602/12 907/587/12 909/594/12
f 877/604/12 879/602/12 909/594/12
f 875/605/12 877/604/12 909/594/12
f 875/605/12 909/594/12 911/603/12
f 875/605/12 911/603/12 913/586/12
f 875/605/12 913/586/12 915/585/12
f 921/582/12 875/605/12 915/585/12
f 921/582/12 915/585/12 917/584/12
f 917/584/12 919/583/12 921/582/12
g fastener_right
usemtl mat
f 922/319/13 923/320/13 924/321/13
f 922/319/13 924/321/13 925/322/13
f 922/319/13 925/322/13 926/323/13
f 922/319/13 926/323/13 927/324/13
f 922/319/13 927/324/13 928/325/13
f 928/325/13 929/326/13 922/319/13
f 930/327/11 931/328/11 924/329/11 923/330/11
f 931/327/239 932/328/239 925/329/239 924/330/239
f 932/327/238 933/328/238 926/329/238 925/330/238
f 933/327/240 934/328/240 927/329/240 926/330/240
f 934/327/12 935/328/12 928/329/12 927/330/12
f 935/327/241 936/328/241 929/329/241 928/330/241
f 936/327/237 937/328/237 922/329/237 929/330/237
f 937/327/242 930/328/242 923/329/242 922/330/242
f 938/331/226 939/332/226 940/333/226
f 938/331/226 940/333/226 941/334/226
f 938/331/226 941/334/226 942/335/226
f 938/331/226 942/335/226 943/336/226
f 938/331/226 943/336/226 944/337/226
f 944/337/226 945/338/226 938/331/226
f 938/339/11 945/340/11 946/341/11 947/342/11
f 945/339/239 944/340/239 948/341/239 946/342/239
f 944/339/238 943/340/238 949/341/238 948/342/238
f 943/339/240 942/340/240 950/341/240 949/342/240
f 942/339/12 941/340/12 951/341/12 950/342/12
f 941/339/241 940/340/241 952/341/241 951/342/241
f 940/339/237 939/340/237 953/341/237 952/342/237
f 939/339/242 938/340/242 947/341/242 953/342/242
f 954/343/13 955/344/13 956/345/13
f 954/343/13 956/345/13 957/346/13
f 954/343/13 957/346/13 958/347/13
f 954/343/13 958/347/13 959/348/13
f 954/343/13 959/348/13 960/349/13
f 960/349/13 961/350/13 954/343/13
f 962/344/226 963/343/226 964/350/226
f 962/344/226 964/350/226 965/349/226
f 962/344/226 965/349/226 966/348/226
f 962/344/226 966/348/226 967/347/226
f 962/344/226 967/347/226 968/346/226
f 968/346/226 969/345/226 962/344/226
f 962/351/11 969/352/11 956/353/11 955/354/11
f 969/351/239 968/352/239 957/353/239 956/354/239
f 968/351/238 967/352/238 958/353/238 957/354/238
f 967/351/240 966/352/240 959/353/240 958/354/240
f 966/351/12 965/352/12 960/353/12 959/354/12
f 965/351/241 964/352/241 961/353/241 960/354/241
f 964/351/237 963/352/237 954/353/237 961/354/237
f 963/351/242 962/352/242 955/353/242 954/354/242
f 970/355/13 971/356/13 972/357/13
f 970/355/13 972/357/13 973/358/13
f 970/355/13 973/358/13 974/359/13
f 970/355/13 974/359/13 975/360/13
f 970/355/13 975/360/13 976/361/13
f 976/361/13 977/362/13 970/355/13
f 978/356/226 979/355/226 980/362/226
f 978/356/226 980/362/226 981/361/226
f 978/356/226 981/361/226 982/360/226
f 978/356/226 982/360/226 983/359/226
f 978/356/226 983/359/226 984/358/226
f 984/358/226 985/357/226 978/356/226
f 978/327/11 985/328/11 972/329/11 971/330/11
f 985/327/239 984/328/239 973/329/239 972/330/239
f 984/327/238 983/328/238 974/329/238 973/330/238
f 983/327/240 982/328/240 975/329/240 974/330/240
f 982/327/12 981/328/12 976/329/12 975/330/12
f 981/327/241 980/328/241 977/329/241 976/330/241
f 980/327/237 979/328/237 970/329/237 977/330/237
f 979/327/242 978/328/242 971/329/242 970/330/242
f 986/363/12 987/351/12 988/364/12
f 986/363/12 988/364/12 989/365/12
f 986/363/12 989/365/12 990/366/12
f 990/366/12 991/367/12 992/353/12
f 986/363/12 990/366/12 992/353/12
f 992/353/12 993/368/12 994/369/12
f 992/353/12 994/369/12 986/363/12
f 995/351/11 996/363/11 997/369/11
f 997/369/11 998/368/11 999/353/11
f 995/351/11 997/369/11 999/353/11
f 999/353/11 1000/367/11 1001/366/11
f 999/353/11 1001/366/11 1002/365/11
f 999/353/11 1002/365/11 1003/364/11
f 999/353/11 1003/364/11 995/351/11
f 996/351/243 997/352/243 994/353/243 986/354/243
f 997/351/244 998/352/244 993/353/244 994/354/244
f 998/351/13 999/352/13 992/353/13 993/354/13
f 999/351/237 1000/352/237 991/353/237 992/354/237
f 1000/351/226 1001/352/226 990/353/226 991/354/226
f 1001/351/245 1002/352/245 989/353/245 990/354/245
f 1002/351/226 1003/352/226 988/353/226 989/354/226
f 1003/351/246 995/352/246 987/353/246 988/354/246
f 995/351/238 996/352/238 986/353/238 987/354/238
f 1004/370/13 1005/371/13 1006/372/13
f 1004/370/13 1006/372/13 1007/373/13
f 1004/370/13 1007/373/13 1008/374/13
f 1004/370/13 1008/374/13 1009/375/13
f 1004/370/13 1009/375/13 1010/376/13
f 1004/370/13 1010/376/13 1011/377/13
f 1004/370/13 1011/377/13 1012/378/13
f 1012/378/13 1013/379/13 1004/370/13
f 1014/371/226 1015/370/226 1016/379/226
f 1014/371/226 1016/379/226 1017/378/226
f 1014/371/226 1017/378/226 1018/377/226
f 1014/371/226 1018/377/226 1019/376/226
f 1014/371/226 1019/376/226 1020/375/226
f 1014/371/226 1020/375/226 1021/374/226
f 1014/371/226 1021/374/226 1022/373/226
f 1022/373/226 1023/372/226 1014/371/226
f 1014/351/247 1023/380/247 1006/381/247 1005/354/247
f 1023/380/248 1022/382/248 1007/383/248 1006/381/248
f 1022/382/12 1021/384/12 1008/385/12 1007/383/12
f 1021/384/249 1020/386/249 1009/387/249 1008/385/249
f 1020/386/250 1019/388/250 1010/389/250 1009/387/250
f 1019/388/251 1018/390/251 1011/391/251 1010/389/251
f 1018/390/252 1017/392/252 1012/393/252 1011/391/252
f 1017/392/11 1016/394/11 1013/395/11 1012/393/11
f 1016/394/253 1015/396/253 1004/397/253 1013/395/253
f 1015/396/254 1014/352/254 1005/353/254 1004/397/254
f 1024/398/13 1025/371/13 1026/399/13
f 1024/398/13 1026/399/13 1027/400/13
f 1024/398/13 1027/400/13 1028/388/13
f 1024/398/13 1028/388/13 1029/401/13
f 1024/398/13 1029/401/13 1030/402/13
f 1024/398/13 1030/402/13 1031/376/13
f 1024/398/13 1031/376/13 1032/403/13
f 1024/398/13 1032/403/13 1033/404/13
f 1024/398/13 1033/404/13 1034/389/13
f 1034/389/13 1035/405/13 1024/398/13
f 1036/371/226 1037/398/226 1038/405/226
f 1036/371/226 1038/405/226 1039/389/226
f 1036/371/226 1039/389/226 1040/404/226
f 1036/371/226 1040/404/226 1041/403/226
f 1036/371/226 1041/403/226 1042/376/226
f 1036/371/226 1042/376/226 1043/402/226
f 1036/371/226 1043/402/226 1044/401/226
f 1036/371/226 1044/401/226 1045/388/226
f 1036/371/226 1045/388/226 1046/400/226
f 1046/400/226 1047/399/226 1036/371/226
f 1036/351/255 1047/406/255 1026/407/255 1025/354/255
f 1047/406/240 1046/408/240 1027/409/240 1026/407/240
f 1046/408/256 1045/410/256 1028/411/256 1027/409/256
f 1045/410/257 1044/412/257 1029/413/257 1028/411/257
f 1044/412/241 1043/414/241 1030/415/241 1029/413/241
f 1043/414/258 1042/388/258 1031/389/258 1030/415/258
f 1042/388/259 1041/416/259 1032/417/259 1031/389/259
f 1041/416/242 1040/418/242 1033/419/242 1032/417/242
f 1040/418/260 1039/420/260 1034/421/260 1033/419/260
f 1039/420/261 1038/422/261 1035/423/261 1034/421/261
f 1038/422/239 1037/424/239 1024/425/239 1035/423/239
f 1037/424/262 1036/352/262 1025/353/262 1024/425/262
f 1048/405/13 1049/371/13 1050/400/13
f 1048/405/13 1050/400/13 1051/401/13
f 1048/405/13 1051/401/13 1052/376/13
f 1052/376/13 1053/404/13 1048/405/13
f 1054/371/226 1055/405/226 1056/404/226
f 1054/371/226 1056/404/226 1057/376/226
f 1054/371/226 1057/376/226 1058/401/226
f 1058/401/226 1059/400/226 1054/371/226
f 1054/351/263 1059/408/263 1050/409/263 1049/354/263
f 1059/408/12 1058/412/12 1051/413/12 1050/409/12
f 1058/412/264 1057/388/264 1052/389/264 1051/413/264
f 1057/388/265 1056/418/265 1053/419/265 1052/389/265
f 1056/418/11 1055/422/11 1048/423/11 1053/419/11
f 1055/422/266 1054/352/266 1049/353/266 1048/423/266
f 1060/405/13 1061/371/13 1062/400/13
f 1060/405/13 1062/400/13 1063/401/13
f 1060/405/13 1063/401/13 1064/376/13
f 1064/376/13 1065/404/13 1060/405/13
f 1066/371/226 1067/405/226 1068/404/226
f 1066/371/226 1068/404/226 1069/376/226
f 1066/371/226 1069/376/226 1070/401/226
f 1070/401/226 1071/400/226 1066/371/226
f 1066/351/263 1071/408/263 1062/409/263 1061/354/263
f 1071/408/12 1070/412/12 1063/413/12 1062/409/12
f 1070/412/264 1069/388/264 1064/389/264 1063/413/264
f 1069/388/265 1068/418/265 1065/419/265 1064/389/265
f 1068/418/11 1067/422/11 1060/423/11 1065/419/11
f 1067/422/266 1066/352/266 1061/353/266 1060/423/266
f 1072/426/267 1073/354/268 1074/409/269
f 1074/409/269 1075/427/270 1072/426/267
f 1075/427/270 1074/409/269 1076/413/271
f 1076/413/271 1077/428/272 1075/427/270
f 1077/428/272 1076/413/271 1078/389/273
f 1078/389/273 1079/429/274 1077/428/272
f 1079/429/274 1078/389/273 1080/419/275
f 1080/419/275 1081/430/276 1079/429/274
f 1081/430/276 1080/419/275 1082/423/277
f 1082/423/277 1083/431/278 1081/430/276
f 1083/431/278 1082/423/277 1073/353/268
f 1073/353/268 1072/432/267 1083/431/278
f 1084/433/279 1072/426/267 1075/427/270
f 1075/427/270 1085/434/280 1084/433/279
f 1085/434/280 1075/427/270 1077/428/272
f 1077/428/272 1086/435/281 1085/434/280
f 1086/435/281 1077/428/272 1079/429/274
f 1079/429/274 1087/436/282 1086/435/281
f 1087/436/282 1079/429/274 1081/430/276
f 1081/430/276 1088/437/283 1087/436/282
f 1088/437/283 1081/430/276 1083/431/278
f 1083/431/278 1089/438/284 1088/437/283
f 1089/438/284 1083/431/278 1072/432/267
f 1072/432/267 1084/439/279 1089/438/284
f 1090/440/285 1084/433/279 1085/434/280
f 1085/434/280 1091/441/286 1090/440/285
f 1091/441/286 1085/434/280 1086/435/281
f 1086/435/281 1092/442/287 1091/441/286
f 1092/442/287 1086/435/281 1087/436/282
f 1087/436/282 1093/443/288 1092/442/287
f 1093/443/288 1087/436/282 1088/437/283
f 1088/437/283 1094/444/289 1093/443/288
f 1094/444/289 1088/437/283 1089/438/284
f 1089/438/284 1095/445/290 1094/444/289
f 1095/445/290 1089/438/284 1084/439/279
f 1084/439/279 1090/446/285 1095/445/290
f 1096/447/291 1090/440/285 1091/441/286
f 1091/441/286 1097/448/292 1096/447/291
f 1097/448/292 1091/441/286 1092/442/287
f 1092/442/287 1098/449/293 1097/448/292
f 1098/449/293 1092/442/287 1093/443/288
f 1093/443/288 1099/450/294 1098/449/293
f 1099/450/294 1093/443/288 1094/444/289
f 1094/444/289 1100/451/295 1099/450/294
f 1100/451/295 1094/444/289 1095/445/290
f 1095/445/290 1101/452/296 1100/451/295
f 1101/452/296 1095/445/290 1090/446/285
f 1090/446/285 1096/453/291 1101/452/296
f 1102/454/297 1096/447/291 1097/448/292
f 1097/448/292 1103/455/298 1102/454/297
f 1103/455/298 1097/448/292 1098/449/293
f 1098/449/293 1104/456/299 1103/455/298
f 1104/456/299 1098/449/293 1099/450/294
f 1099/450/294 1105/457/300 1104/456/299
f 1105/457/300 1099/450/294 1100/451/295
f 1100/451/295 1106/458/301 1105/457/300
f 1106/458/301 1100/451/295 1101/452/296
f 1101/452/296 1107/459/302 1106/458/301
f 1107/459/302 1101/452/296 1096/453/291
f 1096/453/291 1102/460/297 1107/459/302
f 1108/461/303 1102/454/297 1103/455/298
f 1103/455/298 1109/462/304 1108/461/303
f 1109/462/304 1103/455/298 1104/456/299
f 1104/456/299 1110/463/305 1109/462/304
f 1110/463/305 1104/456/299 1105/457/300
f 1105/457/300 1111/464/306 1110/463/305
f 1111/464/306 1105/457/300 1106/458/301
f 1106/458/301 1112/465/307 1111/464/306
f 1112/465/307 1106/458/301 1107/459/302
f 1107/459/302 1113/466/308 1112/465/307
f 1113/466/308 1107/459/302 1102/460/297
f 1102/460/297 1108/467/303 1113/466/308
f 1114/468/309 1108/461/303 1109/462/304
f 1109/462/304 1115/469/310 1114/468/309
f 1115/469/310 1109/462/304 1110/463/305
f 1110/463/305 1116/470/311 1115/469/310
f 1116/470/311 1110/463/305 1111/464/306
f 1111/464/306 1117/471/312 1116/470/311
f 1117/471/312 1111/464/306 1112/465/307
f 1112/465/307 1118/472/313 1117/471/312
f 1118/472/313 1112/465/307 1113/466/308
f 1113/466/308 1119/473/314 1118/472/313
f 1119/473/314 1113/466/308 1108/467/303
f 1108/467/303 1114/474/309 1119/473/314
f 1120/475/315 1114/468/309 1115/469/310
f 1115/469/310 1121/476/316 1120/475/315
f 1121/476/316 1115/469/310 1116/470/311
f 1116/470/311 1122/477/317 1121/476/316
f 1122/477/317 1116/470/311 1117/471/312
f 1117/471/312 1123/478/318 1122/477/317
f 1123/478/318 1117/471/312 1118/472/313
f 1118/472/313 1124/479/319 1123/478/318
f 1124/479/319 1118/472/313 1119/473/314
f 1119/473/314 1125/480/320 1124/479/319
f 1125/480/320 1119/473/314 1114/474/309
f 1114/474/309 1120/481/315 1125/480/320
f 1126/376/321 1120/475/315 1121/476/316
f 1121/476/316 1127/482/322 1126/376/321
f 1127/482/322 1121/476/316 1122/477/317
f 1122/477/317 1128/483/323 1127/482/322
f 1128/483/323 1122/477/317 1123/478/318
f 1123/478/318 1129/484/324 1128/483/323
f 1129/484/324 1123/478/318 1124/479/319
f 1124/479/319 1130/485/325 1129/484/324
f 1130/485/325 1124/479/319 1125/480/320
f 1125/480/320 1131/486/326 1130/485/325
f 1131/486/326 1125/480/320 1120/481/315
f 1120/481/315 1126/371/321 1131/486/326
f 1132/487/327 1126/376/321 1127/482/322
f 1127/482/322 1133/488/328 1132/487/327
f 1133/488/328 1127/482/322 1128/483/323
f 1128/483/323 1134/489/329 1133/488/328
f 1134/489/329 1128/483/323 1129/484/324
f 1129/484/324 1135/490/330 1134/489/329
f 1135/490/330 1129/484/324 1130/485/325
f 1130/485/325 1136/491/331 1135/490/330
f 1136/491/331 1130/485/325 1131/486/326
f 1131/486/326 1137/492/332 1136/491/331
f 1137/492/332 1131/486/326 1126/371/321
f 1126/371/321 1132/493/327 1137/492/332
f 1138/494/333 1132/487/327 1133/488/328
f 1133/488/328 1139/495/334 1138/494/333
f 1139/495/334 1133/488/328 1134/489/329
f 1134/489/329 1140/496/335 1139/495/334
f 1140/496/335 1134/489/329 1135/490/330
f 1135/490/330 1141/497/336 1140/496/335
f 1141/497/336 1135/490/330 1136/491/331
f 1136/491/331 1142/498/337 1141/497/336
f 1142/498/337 1136/491/331 1137/492/332
f 1137/492/332 1143/499/338 1142/498/337
f 1143/499/338 1137/492/332 1132/493/327
f 1132/493/327 1138/500/333 1143/499/338
f 1144/501/339 1138/494/333 1139/495/334
f 1139/495/334 1145/502/340 1144/501/339
f 1145/502/340 1139/495/334 1140/496/335
f 1140/496/335 1146/503/341 1145/502/340
f 1146/503/341 1140/496/335 1141/497/336
f 1141/497/336 1147/504/342 1146/503/341
f 1147/504/342 1141/497/336 1142/498/337
f 1142/498/337 1148/505/343 1147/504/342
f 1148/505/343 1142/498/337 1143/499/338
f 1143/499/338 1149/506/344 1148/505/343
f 1149/506/344 1143/499/338 1138/500/333
f 1138/500/333 1144/507/339 1149/506/344
f 1150/508/345 1144/501/339 1145/502/340
f 1145/502/340 1151/509/346 1150/508/345
f 1151/509/346 1145/502/340 1146/503/341
f 1146/503/341 1152/510/347 1151/509/346
f 1152/510/347 1146/503/341 1147/504/342
f 1147/504/342 1153/511/348 1152/510/347
f 1153/511/348 1147/504/342 1148/505/343
f 1148/505/343 1154/512/349 1153/511/348
f 1154/512/349 1148/505/343 1149/506/344
f 1149/506/344 1155/513/350 1154/512/349
f 1155/513/350 1149/506/344 1144/507/339
f 1144/507/339 1150/514/345 1155/513/350
f 1156/515/351 1150/508/345 1151/509/346
f 1151/509/346 1157/516/352 1156/515/351
f 1157/516/352 1151/509/346 1152/510/347
f 1152/510/347 1158/517/353 1157/516/352
f 1158/517/353 1152/510/347 1153/511/348
f 1153/511/348 1159/518/354 1158/517/353
f 1159/518/354 1153/511/348 1154/512/349
f 1154/512/349 1160/519/355 1159/518/354
f 1160/519/355 1154/512/349 1155/513/350
f 1155/513/350 1161/520/356 1160/519/355
f 1161/520/356 1155/513/350 1150/514/345
f 1150/514/345 1156/521/351 1161/520/356
f 1162/522/357 1156/515/351 1157/516/352
f 1157/516/352 1163/523/358 1162/522/357
f 1163/523/358 1157/516/352 1158/517/353
f 1158/517/353 1164/524/359 1163/523/358
f 1164/524/359 1158/517/353 1159/518/354
f 1159/518/354 1165/525/360 1164/524/359
f 1165/525/360 1159/518/354 1160/519/355
f 1160/519/355 1166/526/361 1165/525/360
f 1166/526/361 1160/519/355 1161/520/356
f 1161/520/356 1167/527/362 1166/526/361
f 1167/527/362 1161/520/356 1156/521/351
f 1156/521/351 1162/528/357 1167/527/362
f 1168/529/363 1162/522/357 1163/523/358
f 1163/523/358 1169/530/364 1168/529/363
f 1169/530/364 1163/523/358 1164/524/359
f 1164/524/359 1170/531/365 1169/530/364
f 1170/531/365 1164/524/359 1165/525/360
f 1165/525/360 1171/532/366 1170/531/365
f 1171/532/366 1165/525/360 1166/526/361
f 1166/526/361 1172/533/367 1171/532/366
f 1172/533/367 1166/526/361 1167/527/362
f 1167/527/362 1173/534/368 1172/533/367
f 1173/534/368 1167/527/362 1162/528/357
f 1162/528/357 1168/535/363 1173/534/368
f 1174/536/369 1168/529/363 1169/530/364
f 1169/530/364 1175/537/370 1174/536/369
f 1175/537/370 1169/530/364 1170/531/365
f 1170/531/365 1176/538/371 1175/537/370
f 1176/538/371 1170/531/365 1171/532/366
f 1171/532/366 1177/539/372 1176/538/371
f 1177/539/372 1171/532/366 1172/533/367
f 1172/533/367 1178/540/373 1177/539/372
f 1178/540/373 1172/533/367 1173/534/368
f 1173/534/368 1179/541/374 1178/540/373
f 1179/541/374 1173/534/368 1168/535/363
f 1168/535/363 1174/542/369 1179/541/374
f 1180/351/375 1174/536/369 1175/537/370
f 1175/537/370 1181/408/376 1180/351/375
f 1181/408/376 1175/537/370 1176/538/371
f 1176/538/371 1182/412/377 1181/408/376
f 1182/412/377 1176/538/371 1177/539/372
f 1177/539/372 1183/388/378 1182/412/377
f 1183/388/378 1177/539/372 1178/540/373
f 1178/540/373 1184/418/379 1183/388/378
f 1184/418/379 1178/540/373 1179/541/374
f 1179/541/374 1185/422/380 1184/418/379
f 1185/422/380 1179/541/374 1174/542/369
f 1174/542/369 1180/352/375 1185/422/380
f 1073/371/381 1082/543/381 1080/404/381
f 1073/371/381 1080/404/381 1078/376/381
f 1073/371/381 1078/376/381 1076/401/381
f 1076/401/381 1074/544/381 1073/371/381
f 1185/543/382 1180/371/382 1181/544/382
f 1185/543/382 1181/544/382 1182/401/382
f 1185/543/382 1182/401/382 1183/376/382
f 1183/376/382 1184/404/382 1185/543/382
f 1186/343/13 1187/344/13 1188/345/13
f 1186/343/13 1188/345/13 1189/346/13
f 1186/343/13 1189/346/13 1190/347/13
f 1186/343/13 1190/347/13 1191/348/13
f 1186/343/13 1191/348/13 1192/349/13
f 1192/349/13 1193/350/13 1186/343/13
f 1194/344/226 1195/343/226 1196/350/226
f 1194/344/226 1196/350/226 1197/349/226
f 1194/344/226 1197/349/226 1198/348/226
f 1194/344/226 1198/348/226 1199/347/226
f 1194/344/226 1199/347/226 1200/346/226
f 1200/346/226 1201/345/226 1194/344/226
f 1194/351/11 1201/352/11 1188/353/11 1187/354/11
f 1201/351/239 1200/352/239 1189/353/239 1188/354/239
f 1200/351/238 1199/352/238 1190/353/238 1189/354/238
f 1199/351/240 1198/352/240 1191/353/240 1190/354/240
f 1198/351/12 1197/352/12 1192/353/12 1191/354/12
f 1197/351/241 1196/352/241 1193/353/241 1192/354/241
f 1196/351/237 1195/352/237 1186/353/237 1193/354/237
f 1195/351/242 1194/352/242 1187/353/242 1186/354/242
f 1202/355/13 1203/356/13 1204/357/13
f 1202/355/13 1204/357/13 1205/358/13
f 1202/355/13 1205/358/13 1206/359/13
f 1202/355/13 1206/359/13 1207/360/13
f 1202/355/13 1207/360/13 1208/361/13
f 1208/361/13 1209/362/13 1202/355/13
f 1210/356/226 1211/355/226 1212/362/226
f 1210/356/226 1212/362/226 1213/361/226
f 1210/356/226 1213/361/226 1214/360/226
f 1210/356/226 1214/360/226 1215/359/226
f 1210/356/226 1215/359/226 1216/358/226
f 1216/358/226 1217/357/226 1210/356/226
f 1210/327/11 1217/328/11 1204/329/11 1203/330/11
f 1217/327/239 1216/328/239 1205/329/239 1204/330/239
f 1216/327/238 1215/328/238 1206/329/238 1205/330/238
f 1215/327/240 1214/328/240 1207/329/240 1206/330/240
f 1214/327/12 1213/328/12 1208/329/12 1207/330/12
f 1213/327/241 1212/328/241 1209/329/241 1208/330/241
f 1212/327/237 1211/328/237 1202/329/237 1209/330/237
f 1211/327/242 1210/328/242 1203/329/242 1202/330/242
f 1218/351/12 1219/363/12 1220/369/12
f 1220/369/12 1221/368/12 1222/353/12
f 1218/351/12 1220/369/12 1222/353/12
f 1222/353/12 1223/367/12 1224/366/12
f 1222/353/12 1224/366/12 1225/365/12
f 1222/353/12 1225/365/12 1226/364/12
f 1222/353/12 1226/364/12 1218/351/12
f 1227/363/11 1228/351/11 1229/364/11
f 1227/363/11 1229/364/11 1230/365/11
f 1227/363/11 1230/365/11 1231/366/11
f 1231/366/11 1232/367/11 1233/353/11
f 1227/363/11 1231/366/11 1233/353/11
f 1233/353/11 1234/368/11 1235/369/11
f 1233/353/11 1235/369/11 1227/363/11
f 1219/354/383 1220/353/383 1235/352/383 1227/351/383
f 1220/354/384 1221/353/384 1234/352/384 1235/351/384
f 1221/354/13 1222/353/13 1233/352/13 1234/351/13
f 1222/354/238 1223/353/238 1232/352/238 1233/351/238
f 1223/354/226 1224/353/226 1231/352/226 1232/351/226
f 1224/354/385 1225/353/385 1230/352/385 1231/351/385
f 1225/354/226 1226/353/226 1229/352/226 1230/351/226
f 1226/354/386 1218/353/386 1228/352/386 1229/351/386
f 1218/354/237 1219/353/237 1227/352/237 1228/351/237
f 1236/370/13 1237/371/13 1238/372/13
f 1236/370/13 1238/372/13 1239/373/13
f 1236/370/13 1239/373/13 1240/374/13
f 1236/370/13 1240/374/13 1241/375/13
f 1236/370/13 1241/375/13 1242/376/13
f 1236/370/13 1242/376/13 1243/377/13
f 1236/370/13 1243/377/13 1244/378/13
f 1244/378/13 1245/379/13 1236/370/13
f 1246/371/226 1247/370/226 1248/379/226
f 1246/371/226 1248/379/226 1249/378/226
f 1246/371/226 1249/378/226 1250/377/226
f 1246/371/226 1250/377/226 1251/376/226
f 1246/371/226 1251/376/226 1252/375/226
f 1246/371/226 1252/375/226 1253/374/226
f 1246/371/226 1253/374/226 1254/373/226
f 1254/373/226 1255/372/226 1246/371/226
f 1246/351/247 1255/380/247 1238/381/247 1237/354/247
f 1255/380/248 1254/382/248 1239/383/248 1238/381/248
f 1254/382/12 1253/384/12 1240/385/12 1239/383/12
f 1253/384/249 1252/386/249 1241/387/249 1240/385/249
f 1252/386/250 1251/388/250 1242/389/250 1241/387/250
f 1251/388/251 1250/390/251 1243/391/251 1242/389/251
f 1250/390/252 1249/392/252 1244/393/252 1243/391/252
f 1249/392/11 1248/394/11 1245/395/11 1244/393/11
f 1248/394/253 1247/396/253 1236/397/253 1245/395/253
f 1247/396/254 1246/352/254 1237/353/254 1236/397/254
f 1256/398/13 1257/371/13 1258/399/13
f 1256/398/13 1258/399/13 1259/400/13
f 1256/398/13 1259/400/13 1260/388/13
f 1256/398/13 1260/388/13 1261/401/13
f 1256/398/13 1261/401/13 1262/402/13
f 1256/398/13 1262/402/13 1263/376/13
f 1256/398/13 1263/376/13 1264/403/13
f 1256/398/13 1264/403/13 1265/404/13
f 1256/398/13 1265/404/13 1266/389/13
f 1266/389/13 1267/405/13 1256/398/13
f 1268/371/226 1269/398/226 1270/405/226
f 1268/371/226 1270/405/226 1271/389/226
f 1268/371/226 1271/389/226 1272/404/226
f 1268/371/226 1272/404/226 1273/403/226
f 1268/371/226 1273/403/226 1274/376/226
f 1268/371/226 1274/376/226 1275/402/226
f 1268/371/226 1275/402/226 1276/401/226
f 1268/371/226 1276/401/226 1277/388/226
f 1268/371/226 1277/388/226 1278/400/226
f 1278/400/226 1279/399/226 1268/371/226
f 1268/351/255 1279/406/255 1258/407/255 1257/354/255
f 1279/406/240 1278/408/240 1259/409/240 1258/407/240
f 1278/408/256 1277/410/256 1260/411/256 1259/409/256
f 1277/410/257 1276/412/257 1261/413/257 1260/411/257
f 1276/412/241 1275/414/241 1262/415/241 1261/413/241
f 1275/414/258 1274/388/258 1263/389/258 1262/415/258
f 1274/388/259 1273/416/259 1264/417/259 1263/389/259
f 1273/416/242 1272/418/242 1265/419/242 1264/417/242
f 1272/418/260 1271/420/260 1266/421/260 1265/419/260
f 1271/420/261 1270/422/261 1267/423/261 1266/421/261
f 1270/422/239 1269/424/239 1256/425/239 1267/423/239
f 1269/424/262 1268/352/262 1257/353/262 1256/425/262
f 1280/405/13 1281/371/13 1282/400/13
f 1280/405/13 1282/400/13 1283/401/13
f 1280/405/13 1283/401/13 1284/376/13
f 1284/376/13 1285/404/13 1280/405/13
f 1286/371/226 1287/405/226 1288/404/226
f 1286/371/226 1288/404/226 1289/376/226
f 1286/371/226 1289/376/226 1290/401/226
f 1290/401/226 1291/400/226 1286/371/226
f 1286/351/263 1291/408/263 1282/409/263 1281/354/263
f 1291/408/12 1290/412/12 1283/413/12 1282/409/12
f 1290/412/264 1289/388/264 1284/389/264 1283/413/264
f 1289/388/265 1288/418/265 1285/419/265 1284/389/265
f 1288/418/11 1287/422/11 1280/423/11 1285/419/11
f 1287/422/266 1286/352/266 1281/353/266 1280/423/266
f 1292/405/13 1293/371/13 1294/400/13
f 1292/405/13 1294/400/13 1295/401/13
f 1292/405/13 1295/401/13 1296/376/13
f 1296/376/13 1297/404/13 1292/405/13
f 1298/371/226 1299/405/226 1300/404/226
f 1298/371/226 1300/404/226 1301/376/226
f 1298/371/226 1301/376/226 1302/401/226
f 1302/401/226 1303/400/226 1298/371/226
f 1298/351/263 1303/408/263 1294/409/263 1293/354/263
f 1303/408/12 1302/412/12 1295/413/12 1294/409/12
f 1302/412/264 1301/388/264 1296/389/264 1295/413/264
f 1301/388/265 1300/418/265 1297/419/265 1296/389/265
f 1300/418/11 1299/422/11 1292/423/11 1297/419/11
f 1299/422/266 1298/352/266 1293/353/266 1292/423/266
f 1304/426/387 1305/354/388 1306/409/389
f 1306/409/389 1307/427/390 1304/426/387
f 1307/427/390 1306/409/389 1308/413/391
f 1308/413/391 1309/428/392 1307/427/390
f 1309/428/392 1308/413/391 1310/389/393
f 1310/389/393 1311/429/394 1309/428/392
f 1311/429/394 1310/389/393 1312/419/395
f 1312/419/395 1313/430/396 1311/429/394
f 1313/430/396 1312/419/395 1314/423/397
f 1314/423/397 1315/431/398 1313/430/396
f 1315/431/398 1314/423/397 1305/353/388
f 1305/353/388 1304/432/387 1315/431/398
f 1316/433/399 1304/426/387 1307/427/390
f 1307/427/390 1317/434/400 1316/433/399
f 1317/434/400 1307/427/390 1309/428/392
f 1309/428/392 1318/435/401 1317/434/400
f 1318/435/401 1309/428/392 1311/429/394
f 1311/429/394 1319/436/402 1318/435/401
f 1319/436/402 1311/429/394 1313/430/396
f 1313/430/396 1320/437/403 1319/436/402
f 1320/437/403 1313/430/396 1315/431/398
f 1315/431/398 1321/438/404 1320/437/403
f 1321/438/404 1315/431/398 1304/432/387
f 1304/432/387 1316/439/399 1321/438/404
f 1322/440/405 1316/433/399 1317/434/400
f 1317/434/400 1323/441/406 1322/440/405
f 1323/441/406 1317/434/400 1318/435/401
f 1318/435/401 1324/442/407 1323/441/406
f 1324/442/407 1318/435/401 1319/436/402
f 1319/436/402 1325/443/408 1324/442/407
f 1325/443/408 1319/436/402 1320/437/403
f 1320/437/403 1326/444/409 1325/443/408
f 1326/444/409 1320/437/403 1321/438/404
f 1321/438/404 1327/445/410 1326/444/409
f 1327/445/410 1321/438/404 1316/439/399
f 1316/439/399 1322/446/405 1327/445/410
f 1328/447/411 1322/440/405 1323/441/406
f 1323/441/406 1329/448/412 1328/447/411
f 1329/448/412 1323/441/406 1324/442/407
f 1324/442/407 1330/449/413 1329/448/412
f 1330/449/413 1324/442/407 1325/443/408
f 1325/443/408 1331/450/414 1330/449/413
f 1331/450/414 1325/443/408 1326/444/409
f 1326/444/409 1332/451/415 1331/450/414
f 1332/451/415 1326/444/409 1327/445/410
f 1327/445/410 1333/452/416 1332/451/415
f 1333/452/416 1327/445/410 1322/446/405
f 1322/446/405 1328/453/411 1333/452/416
f 1334/454/417 1328/447/411 1329/448/412
f 1329/448/412 1335/455/418 1334/454/417
f 1335/455/418 1329/448/412 1330/449/413
f 1330/449/413 1336/456/419 1335/455/418
f 1336/456/419 1330/449/413 1331/450/414
f 1331/450/414 1337/457/420 1336/456/419
f 1337/457/420 1331/450/414 1332/451/415
f 1332/451/415 1338/458/421 1337/457/420
f 1338/458/421 1332/451/415 1333/452/416
f 1333/452/416 1339/459/422 1338/458/421
f 1339/459/422 1333/452/416 1328/453/411
f 1328/453/411 1334/460/417 1339/459/422
f 1340/461/423 1334/454/417 1335/455/418
f 1335/455/418 1341/462/424 1340/461/423
f 1341/462/424 1335/455/418 1336/456/419
f 1336/456/419 1342/463/425 1341/462/424
f 1342/463/425 1336/456/419 1337/457/420
f 1337/457/420 1343/464/426 1342/463/425
f 1343/464/426 1337/457/420 1338/458/421
f 1338/458/421 1344/465/427 1343/464/426
f 1344/465/427 1338/458/421 1339/459/422
f 1339/459/422 1345/466/428 1344/465/427
f 1345/466/428 1339/459/422 1334/460/417
f 1334/460/417 1340/467/423 1345/466/428
f 1346/468/429 1340/461/423 1341/462/424
f 1341/462/424 1347/469/430 1346/468/429
f 1347/469/430 1341/462/424 1342/463/425
f 1342/463/425 1348/470/431 1347/469/430
f 1348/470/431 1342/463/425 1343/464/426
f 1343/464/426 1349/471/432 1348/470/431
f 1349/471/432 1343/464/426 1344/465/427
f 1344/465/427 1350/472/433 1349/471/432
f 1350/472/433 1344/465/427 1345/466/428
f 1345/466/428 1351/473/434 1350/472/433
f 1351/473/434 1345/466/428 1340/467/423
f 1340/467/423 1346/474/429 1351/473/434
f 1352/475/435 1346/468/429 1347/469/430
f 1347/469/430 1353/476/436 1352/475/435
f 1353/476/436 1347/469/430 1348/470/431
f 1348/470/431 1354/477/437 1353/476/436
f 1354/477/437 1348/470/431 1349/471/432
f 1349/471/432 1355/478/438 1354/477/437
f 1355/478/438 1349/471/432 1350/472/433
f 1350/472/433 1356/479/439 1355/478/438
f 1356/479/439 1350/472/433 1351/473/434
f 1351/473/434 1357/480/440 1356/479/439
f 1357/480/440 1351/473/434 1346/474/429
f 1346/474/429 1352/481/435 1357/480/440
f 1358/376/441 1352/475/435 1353/476/436
f 1353/476/436 1359/482/442 1358/376/441
f 1359/482/442 1353/476/436 1354/477/437
f 1354/477/437 1360/483/443 1359/482/442
f 1360/483/443 1354/477/437 1355/478/438
f 1355/478/438 1361/484/444 1360/483/443
f 1361/484/444 1355/478/438 1356/479/439
f 1356/479/439 1362/485/445 1361/484/444
f 1362/485/445 1356/479/439 1357/480/440
f 1357/480/440 1363/486/446 1362/485/445
f 1363/486/446 1357/480/440 1352/481/435
f 1352/481/435 1358/371/441 1363/486/446
f 1364/487/447 1358/376/441 1359/482/442
f 1359/482/442 1365/488/448 1364/487/447
f 1365/488/448 1359/482/442 1360/483/443
f 1360/483/443 1366/489/449 1365/488/448
f 1366/489/449 1360/483/443 1361/484/444
f 1361/484/444 1367/490/450 1366/489/449
f 1367/490/450 1361/484/444 1362/485/445
f 1362/485/445 1368/491/451 1367/490/450
f 1368/491/451 1362/485/445 1363/486/446
f 1363/486/446 1369/492/452 1368/491/451
f 1369/492/452 1363/486/446 1358/371/441
f 1358/371/441 1364/493/447 1369/492/452
f 1370/494/453 1364/487/447 1365/488/448
f 1365/488/448 1371/495/454 1370/494/453
f 1371/495/454 1365/488/448 1366/489/449
f 1366/489/449 1372/496/455 1371/495/454
f 1372/496/455 1366/489/449 1367/490/450
f 1367/490/450 1373/497/456 1372/496/455
f 1373/497/456 1367/490/450 1368/491/451
f 1368/491/451 1374/498/457 1373/497/456
f 1374/498/457 1368/491/451 1369/492/452
f 1369/492/452 1375/499/458 1374/498/457
f 1375/499/458 1369/492/452 1364/493/447
f 1364/493/447 1370/500/453 1375/499/458
f 1376/501/459 1370/494/453 1371/495/454
f 1371/495/454 1377/502/460 1376/501/459
f 1377/502/460 1371/495/454 1372/496/455
f 1372/496/455 1378/503/461 1377/502/460
f 1378/503/461 1372/496/455 1373/497/456
f 1373/497/456 1379/504/462 1378/503/461
f 1379/504/462 1373/497/456 1374/498/457
f 1374/498/457 1380/505/463 1379/504/462
f 1380/505/463 1374/498/457 1375/499/458
f 1375/499/458 1381/506/464 1380/505/463
f 1381/506/464 1375/499/458 1370/500/453
f 1370/500/453 1376/507/459 1381/506/464
f 1382/508/465 1376/501/459 1377/502/460
f 1377/502/460 1383/509/466 1382/508/465
f 1383/509/466 1377/502/460 1378/503/461
f 1378/503/461 1384/510/467 1383/509/466
f 1384/510/467 1378/503/461 1379/504/462
f 1379/504/462 1385/511/468 1384/510/467
f 1385/511/468 1379/504/462 1380/505/463
f 1380/505/463 1386/512/469 1385/511/468
f 1386/512/469 1380/505/463 1381/506/464
f 1381/506/464 1387/513/470 1386/512/469
f 1387/513/470 1381/506/464 1376/507/459
f 1376/507/459 1382/514/465 1387/513/470
f 1388/515/471 1382/508/465 1383/509/466
f 1383/509/466 1389/516/472 1388/515/471
f 1389/516/472 1383/509/466 1384/510/467
f 1384/510/467 1390/517/473 1389/516/472
f 1390/517/473 1384/510/467 1385/511/468
f 1385/511/468 1391/518/474 1390/517/473
f 1391/518/474 1385/511/468 1386/512/469
f 1386/512/469 1392/519/475 1391/518/474
f 1392/519/475 1386/512/469 1387/513/470
f 1387/513/470 1393/520/476 1392/519/475
f 1393/520/476 1387/513/470 1382/514/465
f 1382/514/465 1388/521/471 1393/520/476
f 1394/522/477 1388/515/471 1389/516/472
f 1389/516/472 1395/523/478 1394/522/477
f 1395/523/478 1389/516/472 1390/517/473
f 1390/517/473 1396/524/479 1395/523/478
f 1396/524/479 1390/517/473 1391/518/474
f 1391/518/474 1397/525/480 1396/524/479
f 1397/525/480 1391/518/474 1392/519/475
f 1392/519/475 1398/526/481 1397/525/480
f 1398/526/481 1392/519/475 1393/520/476
f 1393/520/476 1399/527/482 1398/526/481
f 1399/527/482 1393/520/476 1388/521/471
f 1388/521/471 1394/528/477 1399/527/482
f 1400/529/483 1394/522/477 1395/523/478
f 1395/523/478 1401/530/484 1400/529/483
f 1401/530/484 1395/523/478 1396/524/479
f 1396/524/479 1402/531/485 1401/530/484
f 1402/531/485 1396/524/479 1397/525/480
f 1397/525/480 1403/532/486 1402/531/485
f 1403/532/486 1397/525/480 1398/526/481
f 1398/526/481 1404/533/487 1403/532/486
f 1404/533/487 1398/526/481 1399/527/482
f 1399/527/482 1405/534/488 1404/533/487
f 1405/534/488 1399/527/482 1394/528/477
f 1394/528/477 1400/535/483 1405/534/488
f 1406/536/489 1400/529/483 1401/530/484
f 1401/530/484 1407/537/490 1406/536/489
f 1407/537/490 1401/530/484 1402/531/485
f 1402/531/485 1408/538/491 1407/537/490
f 1408/538/491 1402/531/485 1403/532/486
f 1403/532/486 1409/539/492 1408/538/491
f 1409/539/492 1403/532/486 1404/533/487
f 1404/533/487 1410/540/493 1409/539/492
f 1410/540/493 1404/533/487 1405/534/488
f 1405/534/488 1411/541/494 1410/540/493
f 1411/541/494 1405/534/488 1400/535/483
f 1400/535/483 1406/542/489 1411/541/494
f 1412/351/495 1406/536/489 1407/537/490
f 1407/537/490 1413/408/496 1412/351/495
f 1413/408/496 1407/537/490 1408/538/491
f 1408/538/491 1414/412/497 1413/408/496
f 1414/412/497 1408/538/491 1409/539/492
f 1409/539/492 1415/388/498 1414/412/497
f 1415/388/498 1409/539/492 1410/540/493
f 1410/540/493 1416/418/499 1415/388/498
f 1416/418/499 1410/540/493 1411/541/494
f 1411/541/494 1417/422/500 1416/418/499
f 1417/422/500 1411/541/494 1406/542/489
f 1406/542/489 1412/352/495 1417/422/500
f 1305/371/501 1314/543/501 1312/404/501
f 1305/371/501 1312/404/501 1310/376/501
f 1305/371/501 1310/376/501 1308/401/501
f 1308/401/501 1306/544/501 1305/371/501
f 1417/543/502 1412/371/502 1413/544/502
f 1417/543/502 1413/544/502 1414/401/502
f 1417/543/502 1414/401/502 1415/376/502
f 1415/376/502 1416/404/502 1417/543/502
g rail_right
usemtl mat
f 1418/545/238 1419/546/238 1420/547/238 1421/548/238
f 1419/546/503 1422/549/503 1423/550/503 1420/547/503
f 1422/549/504 1424/551/504 1425/552/504 1423/550/504
f 1424/551/505 1426/553/505 1427/554/505 1425/552/505
f 1426/553/506 1428/555/506 1429/556/506 1427/554/506
f 1428/555/238 1430/557/238 1431/558/238 1429/556/238
f 1430/557/507 1432/559/507 1433/560/507 1431/558/507
f 1432/559/508 1434/561/508 1435/562/508 1433/560/508
f 1434/561/509 1436/563/509 1437/564/509 1435/562/509
f 1436/563/510 1438/565/510 1439/566/510 1437/564/510
f 1438/565/238 1440/567/238 1441/568/238 1439/566/238
f 1440/567/511 1442/569/511 1443/570/511 1441/568/511
f 1442/571/512 1444/572/512 1445/573/512 1443/574/512
f 1444/572/226 1446/575/226 1447/576/226 1445/573/226
f 1446/575/513 1448/577/513 1449/578/513 1447/576/513
f 1448/569/514 1450/567/514 1451/568/514 1449/570/514
f 1450/567/237 1452/565/237 1453/566/237 1451/568/237
f 1452/565/515 1454/563/515 1455/564/515 1453/566/515
f 1454/563/516 1456/561/516 1457/562/516 1455/564/516
f 1456/561/517 1458/559/517 1459/560/517 1457/562/517
f 1458/559/518 1460/557/518 1461/558/518 1459/560/518
f 1460/557/237 1462/555/237 1463/556/237 1461/558/237
f 1462/555/519 1464/553/519 1465/554/519 1463/556/519
f 1464/553/520 1466/551/520 1467/552/520 1465/554/520
f 1466/551/521 1468/549/521 1469/550/521 1467/552/521
f 1468/549/522 1470/546/522 1471/547/522 1469/550/522
f 1470/546/237 1472/545/237 1473/548/237 1471/547/237
f 1472/545/13 1418/579/13 1421/580/13 1473/548/13
g rail_right_end
usemtl mat
f 1418/581/11 1472/582/11 1470/583/11
f 1418/581/11 1470/583/11 1468/584/11
f 1418/581/11 1468/584/11 1466/585/11
f 1418/581/11 1466/585/11 1464/586/11
f 1458/587/11 1456/588/11 1454/589/11
f 1458/587/11 1454/589/11 1452/590/11
f 1458/587/11 1452/590/11 1450/591/11
f 1458/587/11 1450/591/11 1448/592/11
f 1458/587/11 1448/592/11 1446/593/11
f 1460/594/11 1458/587/11 1446/593/11
f 1460/594/11 1446/593/11 1444/595/11
f 1460/594/11 1444/595/11 1442/596/11
f 1460/594/11 1442/596/11 1440/597/11
f 1460/594/11 1440/597/11 1438/598/11
f 1460/594/11 1438/598/11 1436/599/11
f 1436/599/11 1434/600/11 1432/601/11
f 1460/594/11 1436/599/11 1432/601/11
f 1460/594/11 1432/601/11 1430/602/11
f 1462/603/11 1460/594/11 1430/602/11
f 1464/586/11 1462/603/11 1430/602/11
f 1464/586/11 1430/602/11 1428/604/11
f 1464/586/11 1428/604/11 1426/605/11
f 1464/586/11 1426/605/11 1424/606/11
f 1418/581/11 1464/586/11 1424/606/11
f 1418/581/11 1424/606/11 1422/607/11
f 1422/607/11 1419/608/11 1418/581/11
f 1473/582/12 1421/581/12 1420/608/12
f 1473/582/12 1420/608/12 1423/607/12
f 1473/582/12 1423/607/12 1425/606/12
f 1473/582/12 1425/606/12 1427/605/12
f 1433/601/12 1435/600/12 1437/599/12
f 1433/601/12 1437/599/12 1439/598/12
f 1433/601/12 1439/598/12 1441/597/12
f 1433/601/12 1441/597/12 1443/596/12
f 1433/601/12 1443/596/12 1445/595/12
f 1431/602/12 1433/601/12 1445/595/12
f 1431/602/12 1445/595/12 1447/593/12
f 1431/602/12 1447/593/12 1449/592/12
f 1431/602/12 1449/592/12 1451/591/12
f 1431/602/12 1451/591/12 1453/590/12
f 1431/602/12 1453/590/12 1455/589/12
f 1455/589/12 1457/588/12 1459/587/12
f 1431/602/12 1455/589/12 1459/587/12
f 1431/602/12 1459/587/12 1461/594/12
f 1429/604/12 1431/602/12 1461/594/12
f 1427/605/12 1429/604/12 1461/594/12
f 1427/605/12 1461/594/12 1463/603/12
f 1427/605/12 1463/603/12 1465/586/12
f 1427/605/12 1465/586/12 1467/585/12
f 1473/582/12 1427/605/12 1467/585/12
f 1473/582/12 1467/585/12 1469/584/12
f 1469/584/12 1471/583/12 1473/582/12
g center_fastener_left
usemtl mat
f 1474/609/13 1475/610/13 1476/611/13
f 1474/609/13 1476/611/13 1477/612/13
f 1474/609/13 1477/612/13 1478/613/13
f 1474/609/13 1478/613/13 1479/614/13
f 1474/609/13 1479/614/13 1480/615/13
f 1480/615/13 1481/616/13 1474/609/13
f 1482/610/226 1483/609/226 1484/616/226
f 1482/610/226 1484/616/226 1485/615/226
f 1482/610/226 1485/615/226 1486/614/226
f 1482/610/226 1486/614/226 1487/613/226
f 1482/610/226 1487/613/226 1488/612/226
f 1488/612/226 1489/611/226 1482/610/226
f 1482/351/11 1489/352/11 1476/353/11 1475/354/11
f 1489/351/239 1488/352/239 1477/353/239 1476/354/239
f 1488/351/238 1487/352/238 1478/353/238 1477/354/238
f 1487/351/240 1486/352/240 1479/353/240 1478/354/240
f 1486/351/12 1485/352/12 1480/353/12 1479/354/12
f 1485/351/241 1484/352/241 1481/353/241 1480/354/241
f 1484/351/237 1483/352/237 1474/353/237 1481/354/237
f 1483/351/242 1482/352/242 1475/353/242 1474/354/242
f 1490/331/226 1491/617/226 1492/618/226
f 1490/331/226 1492/618/226 1493/334/226
f 1490/331/226 1493/334/226 1494/335/226
f 1490/331/226 1494/335/226 1495/619/226
f 1490/331/226 1495/619/226 1496/620/226
f 1496/620/226 1497/338/226 1490/331/226
f 1490/339/11 1497/340/11 1498/341/11 1499/342/11
f 1497/339/239 1496/340/239 1500/341/239 1498/342/239
f 1496/339/238 1495/340/238 1501/341/238 1500/342/238
f 1495/339/240 1494/340/240 1502/341/240 1501/342/240
f 1494/339/12 1493/340/12 1503/341/12 1502/342/12
f 1493/339/241 1492/340/241 1504/341/241 1503/342/241
f 1492/339/237 1491/340/237 1505/341/237 1504/342/237
f 1491/339/242 1490/340/242 1499/341/242 1505/342/242
f 1506/621/13 1507/622/13 1508/623/13
f 1506/621/13 1508/623/13 1509/624/13
f 1506/621/13 1509/624/13 1510/625/13
f 1506/621/13 1510/625/13 1511/626/13
f 1506/621/13 1511/626/13 1512/627/13
f 1512/627/13 1513/628/13 1506/621/13
f 1514/622/226 1515/621/226 1516/628/226
f 1514/622/226 1516/628/226 1517/627/226
f 1514/622/226 1517/627/226 1518/626/226
f 1514/622/226 1518/626/226 1519/625/226
f 1514/622/226 1519/625/226 1520/624/226
f 1520/624/226 1521/623/226 1514/622/226
f 1514/351/11 1521/352/11 1508/353/11 1507/354/11
f 1521/351/239 1520/352/239 1509/353/239 1508/354/239
f 1520/351/238 1519/352/238 1510/353/238 1509/354/238
f 1519/351/240 1518/352/240 1511/353/240 1510/354/240
f 1518/351/12 1517/352/12 1512/353/12 1511/354/12
f 1517/351/241 1516/352/241 1513/353/241 1512/354/241
f 1516/351/237 1515/352/237 1506/353/237 1513/354/237
f 1515/351/242 1514/352/242 1507/353/242 1506/354/242
f 1522/405/13 1523/371/13 1524/400/13
f 1522/405/13 1524/400/13 1525/401/13
f 1522/405/13 1525/401/13 1526/376/13
f 1526/376/13 1527/404/13 1522/405/13
f 1528/371/226 1529/405/226 1530/404/226
f 1528/371/226 1530/404/226 1531/376/226
f 1528/371/226 1531/376/226 1532/401/226
f 1532/401/226 1533/400/226 1528/371/226
f 1528/351/263 1533/408/263 1524/409/263 1523/354/263
f 1533/408/12 1532/412/12 1525/413/12 1524/409/12
f 1532/412/264 1531/388/264 1526/389/264 1525/413/264
f 1531/388/265 1530/418/265 1527/419/265 1526/389/265
f 1530/418/11 1529/422/11 1522/423/11 1527/419/11
f 1529/422/266 1528/352/266 1523/353/266 1522/423/266
f 1534/370/13 1535/371/13 1536/372/13
f 1534/370/13 1536/372/13 1537/373/13
f 1534/370/13 1537/373/13 1538/374/13
f 1534/370/13 1538/374/13 1539/375/13
f 1534/370/13 1539/375/13 1540/376/13
f 1534/370/13 1540/376/13 1541/377/13
f 1534/370/13 1541/377/13 1542/378/13
f 1542/378/13 1543/379/13 1534/370/13
f 1544/371/226 1545/370/226 1546/379/226
f 1544/371/226 1546/379/226 1547/378/226
f 1544/371/226 1547/378/226 1548/377/226
f 1544/371/226 1548/377/226 1549/376/226
f 1544/371/226 1549/376/226 1550/375/226
f 1544/371/226 1550/375/226 1551/374/226
f 1544/371/226 1551/374/226 1552/373/226
f 1552/373/226 1553/372/226 1544/371/226
f 1544/351/247 1553/380/247 1536/381/247 1535/354/247
f 1553/380/248 1552/382/248 1537/383/248 1536/381/248
f 1552/382/12 1551/384/12 1538/385/12 1537/383/12
f 1551/384/249 1550/386/249 1539/387/249 1538/385/249
f 1550/386/250 1549/388/250 1540/389/250 1539/387/250
f 1549/388/251 1548/390/251 1541/391/251 1540/389/251
f 1548/390/252 1547/392/252 1542/393/252 1541/391/252
f 1547/392/11 1546/394/11 1543/395/11 1542/393/11
f 1546/394/253 1545/396/253 1534/397/253 1543/395/253
f 1545/396/254 1544/352/254 1535/353/254 1534/397/254
f 1554/629/13 1555/371/13 1556/630/13
f 1554/629/13 1556/630/13 1557/388/13
f 1554/629/13 1557/388/13 1558/631/13
f 1554/629/13 1558/631/13 1559/376/13
f 1554/629/13 1559/376/13 1560/632/13
f 1560/632/13 1561/389/13 1554/629/13
f 1562/371/226 1563/629/226 1564/389/226
f 1562/371/226 1564/389/226 1565/632/226
f 1562/371/226 1565/632/226 1566/376/226
f 1562/371/226 1566/376/226 1567/631/226
f 1562/371/226 1567/631/226 1568/388/226
f 1568/388/226 1569/630/226 1562/371/226
f 1562/351/523 1569/633/523 1556/634/523 1555/354/523
f 1569/633/524 1568/410/524 1557/411/524 1556/634/524
f 1568/410/525 1567/635/525 1558/636/525 1557/411/525
f 1567/635/526 1566/388/526 1559/389/526 1558/636/526
f 1566/388/527 1565/637/527 1560/638/527 1559/389/527
f 1565/637/528 1564/420/528 1561/421/528 1560/638/528
f 1564/420/529 1563/639/529 1554/640/529 1561/421/529
f 1563/639/530 1562/352/530 1555/353/530 1554/640/530
f 1570/621/13 1571/622/13 1572/623/13
f 1570/621/13 1572/623/13 1573/624/13
f 1570/621/13 1573/624/13 1574/625/13
f 1570/621/13 1574/625/13 1575/626/13
f 1570/621/13 1575/626/13 1576/627/13
f 1576/627/13 1577/628/13 1570/621/13
f 1578/622/226 1579/621/226 1580/628/226
f 1578/622/226 1580/628/226 1581/627/226
f 1578/622/226 1581/627/226 1582/626/226
f 1578/622/226 1582/626/226 1583/625/226
f 1578/622/226 1583/625/226 1584/624/226
f 1584/624/226 1585/623/226 1578/622/226
f 1578/351/11 1585/352/11 1572/353/11 1571/354/11
f 1585/351/239 1584/352/239 1573/353/239 1572/354/239
f 1584/351/238 1583/352/238 1574/353/238 1573/354/238
f 1583/351/240 1582/352/240 1575/353/240 1574/354/240
f 1582/351/12 1581/352/12 1576/353/12 1575/354/12
f 1581/351/241 1580/352/241 1577/353/241 1576/354/241
f 1580/351/237 1579/352/237 1570/353/237 1577/354/237
f 1579/351/242 1578/352/242 1571/353/242 1570/354/242
f 1586/405/13 1587/371/13 1588/400/13
f 1586/405/13 1588/400/13 1589/401/13
f 1586/405/13 1589/401/13 1590/376/13
f 1590/376/13 1591/404/13 1586/405/13
f 1592/371/226 1593/405/226 1594/404/226
f 1592/371/226 1594/404/226 1595/376/226
f 1592/371/226 1595/376/226 1596/401/226
f 1596/401/226 1597/400/226 1592/371/226
f 1592/351/263 1597/408/263 1588/409/263 1587/354/263
f 1597/408/12 1596/412/12 1589/413/12 1588/409/12
f 1596/412/264 1595/388/264 1590/389/264 1589/413/264
f 1595/388/265 1594/418/265 1591/419/265 1590/389/265
f 1594/418/11 1593/422/11 1586/423/11 1591/419/11
f 1593/422/266 1592/352/266 1587/353/266 1586/423/266
f 1598/370/13 1599/371/13 1600/372/13
f 1598/370/13 1600/372/13 1601/373/13
f 1598/370/13 1601/373/13 1602/374/13
f 1598/370/13 1602/374/13 1603/375/13
f 1598/370/13 1603/375/13 1604/376/13
f 1598/370/13 1604/376/13 1605/377/13
f 1598/370/13 1605/377/13 1606/378/13
f 1606/378/13 1607/379/13 1598/370/13
f 1608/371/226 1609/370/226 1610/379/226
f 1608/371/226 1610/379/226 1611/378/226
f 1608/371/226 1611/378/226 1612/377/226
f 1608/371/226 1612/377/226 1613/376/226
f 1608/371/226 1613/376/226 1614/375/226
f 1608/371/226 1614/375/226 1615/374/226
f 1608/371/226 1615/374/226 1616/373/226
f 1616/373/226 1617/372/226 1608/371/226
f 1608/351/247 1617/380/247 1600/381/247 1599/354/247
f 1617/380/248 1616/382/248 1601/383/248 1600/381/248
f 1616/382/12 1615/384/12 1602/385/12 1601/383/12
f 1615/384/249 1614/386/249 1603/387/249 1602/385/249
f 1614/386/250 1613/388/250 1604/389/250 1603/387/250
f 1613/388/251 1612/390/251 1605/391/251 1604/389/251
f 1612/390/252 1611/392/252 1606/393/252 1605/391/252
f 1611/392/11 1610/394/11 1607/395/11 1606/393/11
f 1610/394/253 1609/396/253 1598/397/253 1607/395/253
f 1609/396/254 1608/352/254 1599/353/254 1598/397/254
f 1618/629/13 1619/371/13 1620/630/13
f 1618/629/13 1620/630/13 1621/388/13
f 1618/629/13 1621/388/13 1622/631/13
f 1618/629/13 1622/631/13 1623/376/13
f 1618/629/13 1623/376/13 1624/632/13
f 1624/632/13 1625/389/13 1618/629/13
f 1626/371/226 1627/629/226 1628/389/226
f 1626/371/226 1628/389/226 1629/632/226
f 1626/371/226 1629/632/226 1630/376/226
f 1626/371/226 1630/376/226 1631/631/226
f 1626/371/226 1631/631/226 1632/388/226
f 1632/388/226 1633/630/226 1626/371/226
f 1626/351/523 1633/633/523 1620/634/523 1619/354/523
f 1633/633/524 1632/410/524 1621/411/524 1620/634/524
f 1632/410/525 1631/635/525 1622/636/525 1621/411/525
f 1631/635/526 1630/388/526 1623/389/526 1622/636/526
f 1630/388/527 1629/637/527 1624/638/527 1623/389/527
f 1629/637/528 1628/420/528 1625/421/528 1624/638/528
f 1628/420/529 1627/639/529 1618/640/529 1625/421/529
f 1627/639/530 1626/352/530 1619/353/530 1618/640/530
g center_guard_left
usemtl mat
f 1634/545/238 1635/546/238 1636/547/238 1637/548/238
f 1635/546/503 1638/549/503 1639/550/503 1636/547/503
f 1638/549/504 1640/551/504 1641/552/504 1639/550/504
f 1640/551/505 1642/553/505 1643/554/505 1641/552/505
f 1642/553/506 1644/555/506 1645/556/506 1643/554/506
f 1644/555/238 1646/557/238 1647/558/238 1645/556/238
f 1646/557/507 1648/559/507 1649/560/507 1647/558/507
f 1648/559/508 1650/561/508 1651/562/508 1649/560/508
f 1650/561/509 1652/563/509 1653/564/509 1651/562/509
f 1652/563/510 1654/565/510 1655/566/510 1653/564/510
f 1654/565/238 1656/567/238 1657/568/238 1655/566/238
f 1656/567/511 1658/569/511 1659/570/511 1657/568/511
f 1658/569/512 1660/641/512 1661/642/512 1659/570/512
f 1660/545/226 1662/579/226 1663/580/226 1661/548/226
f 1662/641/513 1664/569/513 1665/570/513 1663/642/513
f 1664/569/514 1666/567/514 1667/568/514 1665/570/514
f 1666/567/237 1668/565/237 1669/566/237 1667/568/237
f 1668/565/515 1670/563/515 1671/564/515 1669/566/515
f 1670/563/516 1672/561/516 1673/562/516 1671/564/516
f 1672/561/517 1674/559/517 1675/560/517 1673/562/517
f 1674/559/518 1676/557/518 1677/558/518 1675/560/518
f 1676/557/237 1678/555/237 1679/556/237 1677/558/237
f 1678/555/519 1680/553/519 1681/554/519 1679/556/519
f 1680/553/520 1682/551/520 1683/552/520 1681/554/520
f 1682/551/521 1684/549/521 1685/550/521 1683/552/521
f 1684/549/522 1686/546/522 1687/547/522 1685/550/522
f 1686/546/237 1688/545/237 1689/548/237 1687/547/237
f 1688/545/13 1634/579/13 1637/580/13 1689/548/13
g center_fastener_right
usemtl mat
f 1690/609/13 1691/610/13 1692/611/13
f 1690/609/13 1692/611/13 1693/612/13
f 1690/609/13 1693/612/13 1694/613/13
f 1690/609/13 1694/613/13 1695/614/13
f 1690/609/13 1695/614/13 1696/615/13
f 1696/615/13 1697/616/13 1690/609/13
f 1698/610/226 1699/609/226 1700/616/226
f 1698/610/226 1700/616/226 1701/615/226
f 1698/610/226 1701/615/226 1702/614/226
f 1698/610/226 1702/614/226 1703/613/226
f 1698/610/226 1703/613/226 1704/612/226
f 1704/612/226 1705/611/226 1698/610/226
f 1698/351/11 1705/352/11 1692/353/11 1691/354/11
f 1705/351/239 1704/352/239 1693/353/239 1692/354/239
f 1704/351/238 1703/352/238 1694/353/238 1693/354/238
f 1703/351/240 1702/352/240 1695/353/240 1694/354/240
f 1702/351/12 1701/352/12 1696/353/12 1695/354/12
f 1701/351/241 1700/352/241 1697/353/241 1696/354/241
f 1700/351/237 1699/352/237 1690/353/237 1697/354/237
f 1699/351/242 1698/352/242 1691/353/242 1690/354/242
f 1706/331/226 1707/617/226 1708/618/226
f 1706/331/226 1708/618/226 1709/334/226
f 1706/331/226 1709/334/226 1710/335/226
f 1706/331/226 1710/335/226 1711/619/226
f 1706/331/226 1711/619/226 1712/620/226
f 1712/620/226 1713/338/226 1706/331/226
f 1706/339/11 1713/340/11 1714/341/11 1715/342/11
f 1713/339/239 1712/340/239 1716/341/239 1714/342/239
f 1712/339/238 1711/340/238 1717/341/238 1716/342/238
f 1711/339/240 1710/340/240 1718/341/240 1717/342/240
f 1710/339/12 1709/340/12 1719/341/12 1718/342/12
f 1709/339/241 1708/340/241 1720/341/241 1719/342/241
f 1708/339/237 1707/340/237 1721/341/237 1720/342/237
f 1707/339/242 1706/340/242 1715/341/242 1721/342/242
f 1722/621/13 1723/622/13 1724/623/13
f 1722/621/13 1724/623/13 1725/624/13
f 1722/621/13 1725/624/13 1726/625/13
f 1722/621/13 1726/625/13 1727/626/13
f 1722/621/13 1727/626/13 1728/627/13
f 1728/627/13 1729/628/13 1722/621/13
f 1730/622/226 1731/621/226 1732/628/226
f 1730/622/226 1732/628/226 1733/627/226
f 1730/622/226 1733/627/226 1734/626/226
f 1730/622/226 1734/626/226 1735/625/226
f 1730/622/226 1735/625/226 1736/624/226
f 1736/624/226 1737/623/226 1730/622/226
f 1730/351/11 1737/352/11 1724/353/11 1723/354/11
f 1737/351/239 1736/352/239 1725/353/239 1724/354/239
f 1736/351/238 1735/352/238 1726/353/238 1725/354/238
f 1735/351/240 1734/352/240 1727/353/240 1726/354/240
f 1734/351/12 1733/352/12 1728/353/12 1727/354/12
f 1733/351/241 1732/352/241 1729/353/241 1728/354/241
f 1732/351/237 1731/352/237 1722/353/237 1729/354/237
f 1731/351/242 1730/352/242 1723/353/242 1722/354/242
f 1738/405/13 1739/371/13 1740/400/13
f 1738/405/13 1740/400/13 1741/401/13
f 1738/405/13 1741/401/13 1742/376/13
f 1742/376/13 1743/404/13 1738/405/13
f 1744/371/226 1745/405/226 1746/404/226
f 1744/371/226 1746/404/226 1747/376/226
f 1744/371/226 1747/376/226 1748/401/226
f 1748/401/226 1749/400/226 1744/371/226
f 1744/351/263 1749/408/263 1740/409/263 1739/354/263
f 1749/408/12 1748/412/12 1741/413/12 1740/409/12
f 1748/412/264 1747/388/264 1742/389/264 1741/413/264
f 1747/388/265 1746/418/265 1743/419/265 1742/389/265
f 1746/418/11 1745/422/11 1738/423/11 1743/419/11
f 1745/422/266 1744/352/266 1739/353/266 1738/423/266
f 1750/370/13 1751/371/13 1752/372/13
f 1750/370/13 1752/372/13 1753/373/13
f 1750/370/13 1753/373/13 1754/374/13
f 1750/370/13 1754/374/13 1755/375/13
f 1750/370/13 1755/375/13 1756/376/13
f 1750/370/13 1756/376/13 1757/377/13
f 1750/370/13 1757/377/13 1758/378/13
f 1758/378/13 1759/379/13 1750/370/13
f 1760/371/226 1761/370/226 1762/379/226
f 1760/371/226 1762/379/226 1763/378/226
f 1760/371/226 1763/378/226 1764/377/226
f 1760/371/226 1764/377/226 1765/376/226
f 1760/371/226 1765/376/226 1766/375/226
f 1760/371/226 1766/375/226 1767/374/226
f 1760/371/226 1767/374/226 1768/373/226
f 1768/373/226 1769/372/226 1760/371/226
f 1760/351/247 1769/380/247 1752/381/247 1751/354/247
f 1769/380/248 1768/382/248 1753/383/248 1752/381/248
f 1768/382/12 1767/384/12 1754/385/12 1753/383/12
f 1767/384/249 1766/386/249 1755/387/249 1754/385/249
f 1766/386/250 1765/388/250 1756/389/250 1755/387/250
f 1765/388/251 1764/390/251 1757/391/251 1756/389/251
f 1764/390/252 1763/392/252 1758/393/252 1757/391/252
f 1763/392/11 1762/394/11 1759/395/11 1758/393/11
f 1762/394/253 1761/396/253 1750/397/253 1759/395/253
f 1761/396/254 1760/352/254 1751/353/254 1750/397/254
f 1770/629/13 1771/371/13 1772/630/13
f 1770/629/13 1772/630/13 1773/388/13
f 1770/629/13 1773/388/13 1774/631/13
f 1770/629/13 1774/631/13 1775/376/13
f 1770/629/13 1775/376/13 1776/632/13
f 1776/632/13 1777/389/13 1770/629/13
f 1778/371/226 1779/629/226 1780/389/226
f 1778/371/226 1780/389/226 1781/632/226
f 1778/371/226 1781/632/226 1782/376/226
f 1778/371/226 1782/376/226 1783/631/226
f 1778/371/226 1783/631/226 1784/388/226
f 1784/388/226 1785/630/226 1778/371/226
f 1778/351/523 1785/633/523 1772/634/523 1771/354/523
f 1785/633/524 1784/410/524 1773/411/524 1772/634/524
f 1784/410/525 1783/635/525 1774/636/525 1773/411/525
f 1783/635/526 1782/388/526 1775/389/526 1774/636/526
f 1782/388/527 1781/637/527 1776/638/527 1775/389/527
f 1781/637/528 1780/420/528 1777/421/528 1776/638/528
f 1780/420/529 1779/639/529 1770/640/529 1777/421/529
f 1779/639/530 1778/352/530 1771/353/530 1770/640/530
f 1786/621/13 1787/622/13 1788/623/13
f 1786/621/13 1788/623/13 1789/624/13
f 1786/621/13 1789/624/13 1790/625/13
f 1786/621/13 1790/625/13 1791/626/13
f 1786/621/13 1791/626/13 1792/627/13
f 1792/627/13 1793/628/13 1786/621/13
f 1794/622/226 1795/621/226 1796/628/226
f 1794/622/226 1796/628/226 1797/627/226
f 1794/622/226 1797/627/226 1798/626/226
f 1794/622/226 1798/626/226 1799/625/226
f 1794/622/226 1799/625/226 1800/624/226
f 1800/624/226 1801/623/226 1794/622/226
f 1794/351/11 1801/352/11 1788/353/11 1787/354/11
f 1801/351/239 1800/352/239 1789/353/239 1788/354/239
f 1800/351/238 1799/352/238 1790/353/238 1789/354/238
f 1799/351/240 1798/352/240 1791/353/240 1790/354/240
f 1798/351/12 1797/352/12 1792/353/12 1791/354/12
f 1797/351/241 1796/352/241 1793/353/241 1792/354/241
f 1796/351/237 1795/352/237 1786/353/237 1793/354/237
f 1795/351/242 1794/352/242 1787/353/242 1786/354/242
f 1802/405/13 1803/371/13 1804/400/13
f 1802/405/13 1804/400/13 1805/401/13
f 1802/405/13 1805/401/13 1806/376/13
f 1806/376/13 1807/404/13 1802/405/13
f 1808/371/226 1809/405/226 1810/404/226
f 1808/371/226 1810/404/226 1811/376/226
f 1808/371/226 1811/376/226 1812/401/226
f 1812/401/226 1813/400/226 1808/371/226
f 1808/351/263 1813/408/263 1804/409/263 1803/354/263
f 1813/408/12 1812/412/12 1805/413/12 1804/409/12
f 1812/412/264 1811/388/264 1806/389/264 1805/413/264
f 1811/388/265 1810/418/265 1807/419/265 1806/389/265
f 1810/418/11 1809/422/11 1802/423/11 1807/419/11
f 1809/422/266 1808/352/266 1803/353/266 1802/423/266
f 1814/370/13 1815/371/13 1816/372/13
f 1814/370/13 1816/372/13 1817/373/13
f 1814/370/13 1817/373/13 1818/374/13
f 1814/370/13 1818/374/13 1819/375/13
f 1814/370/13 1819/375/13 1820/376/13
f 1814/370/13 1820/376/13 1821/377/13
f 1814/370/13 1821/377/13 1822/378/13
f 1822/378/13 1823/379/13 1814/370/13
f 1824/371/226 1825/370/226 1826/379/226
f 1824/371/226 1826/379/226 1827/378/226
f 1824/371/226 1827/378/226 1828/377/226
f 1824/371/226 1828/377/226 1829/376/226
f 1824/371/226 1829/376/226 1830/375/226
f 1824/371/226 1830/375/226 1831/374/226
f 1824/371/226 1831/374/226 1832/373/226
f 1832/373/226 1833/372/226 1824/371/226
f 1824/351/247 1833/380/247 1816/381/247 1815/354/247
f 1833/380/248 1832/382/248 1817/383/248 1816/381/248
f 1832/382/12 1831/384/12 1818/385/12 1817/383/12
f 1831/384/249 1830/386/249 1819/387/249 1818/385/249
f 1830/386/250 1829/388/250 1820/389/250 1819/387/250
f 1829/388/251 1828/390/251 1821/391/251 1820/389/251
f 1828/390/252 1827/392/252 1822/393/252 1821/391/252
f 1827/392/11 1826/394/11 1823/395/11 1822/393/11
f 1826/394/253 1825/396/253 1814/397/253 1823/395/253
f 1825/396/254 1824/352/254 1815/353/254 1814/397/254
f 1834/629/13 1835/371/13 1836/630/13
f 1834/629/13 1836/630/13 1837/388/13
f 1834/629/13 1837/388/13 1838/631/13
f 1834/629/13 1838/631/13 1839/376/13
f 1834/629/13 1839/376/13 1840/632/13
f 1840/632/13 1841/389/13 1834/629/13
f 1842/371/226 1843/629/226 1844/389/226
f 1842/371/226 1844/389/226 1845/632/226
f 1842/371/226 1845/632/226 1846/376/226
f 1842/371/226 1846/376/226 1847/631/226
f 1842/371/226 1847/631/226 1848/388/226
f 1848/388/226 1849/630/226 1842/371/226
f 1842/351/523 1849/633/523 1836/634/523 1835/354/523
f 1849/633/524 1848/410/524 1837/411/524 1836/634/524
f 1848/410/525 1847/635/525 1838/636/525 1837/411/525
f 1847/635/526 1846/388/526 1839/389/526 1838/636/526
f 1846/388/527 1845/637/527 1840/638/527 1839/389/527
f 1845/637/528 1844/420/528 1841/421/528 1840/638/528
f 1844/420/529 1843/639/529 1834/640/529 1841/421/529
f 1843/639/530 1842/352/530 1835/353/530 1834/640/530
g center_guard_right
usemtl mat
f 1850/545/238 1851/546/238 1852/547/238 1853/548/238
f 1851/546/503 1854/549/503 1855/550/503 1852/547/503
f 1854/549/504 1856/551/504 1857/552/504 1855/550/504
f 1856/551/505 1858/553/505 1859/554/505 1857/552/505
f 1858/553/506 1860/555/506 1861/556/506 1859/554/506
f 1860/555/238 1862/557/238 1863/558/238 1861/556/238
f 1862/557/507 1864/559/507 1865/560/507 1863/558/507
f 1864/559/508 1866/561/508 1867/562/508 1865/560/508
f 1866/561/509 1868/563/509 1869/564/509 1867/562/509
f 1868/563/510 1870/565/510 1871/566/510 1869/564/510
f 1870/565/238 1872/567/238 1873/568/238 1871/566/238
f 1872/567/511 1874/569/511 1875/570/511 1873/568/511
f 1874/569/512 1876/641/512 1877/642/512 1875/570/512
f 1876/545/226 1878/579/226 1879/580/226 1877/548/226
f 1878/641/513 1880/569/513 1881/570/513 1879/642/513
f 1880/569/514 1882/567/514 1883/568/514 1881/570/514
f 1882/567/237 1884/565/237 1885/566/237 1883/568/237
f 1884/565/515 1886/563/515 1887/564/515 1885/566/515
f 1886/563/516 1888/561/516 1889/562/516 1887/564/516
f 1888/561/517 1890/559/517 1891/560/517 1889/562/517
f 1890/559/518 1892/557/518 1893/558/518 1891/560/518
f 1892/557/237 1894/555/237 1895/556/237 1893/558/237
f 1894/555/519 1896/553/519 1897/554/519 1895/556/519
f 1896/553/520 1898/551/520 1899/552/520 1897/554/520
f 1898/551/521 1900/549/521 1901/550/521 1899/552/521
f 1900/549/522 1902/546/522 1903/547/522 1901/550/522
f 1902/546/237 1904/545/237 1905/548/237 1903/547/237
f 1904/545/13 1850/579/13 1853/580/13 1905/548/13
