# metres; Y up; CCW outward; repeat 0.6 m
mtllib center_guard_mid.mtl
v -1.850000 -0.304000 -0.300000
v -1.850000 -0.304000 0.000000
v -1.800000 -0.258131 0.000000
v -1.800000 -0.258885 -0.300000
v -1.850000 -0.304000 0.300000
v -1.800000 -0.258885 0.300000
v -1.800000 -0.304000 -0.300000
v -1.800000 -0.304000 0.300000
v -1.783750 -0.243412 0.000000
v -1.783750 -0.244412 -0.300000
v -1.783750 -0.244412 0.300000
v -1.783750 -0.304000 -0.300000
v -1.783750 -0.304000 0.300000
v -1.717500 -0.185387 0.000000
v -1.717500 -0.187387 -0.300000
v -1.717500 -0.187387 0.300000
v -1.717500 -0.304000 -0.300000
v -1.717500 -0.304000 0.300000
v -1.651250 -0.132099 0.000000
v -1.651250 -0.135099 -0.300000
v -1.651250 -0.135099 0.300000
v -1.651250 -0.304000 -0.300000
v -1.651250 -0.304000 0.300000
v -1.585000 -0.085000 0.000000
v -1.585000 -0.089000 -0.300000
v -1.585000 -0.089000 0.300000
v -1.585000 -0.304000 -0.300000
v -1.585000 -0.304000 0.300000
v -1.518750 -0.044599 0.000000
v -1.518750 -0.049599 -0.300000
v -1.518750 -0.049599 0.300000
v -1.518750 -0.304000 -0.300000
v -1.518750 -0.304000 0.300000
v -1.452500 -0.010387 0.000000
v -1.452500 -0.016387 -0.300000
v -1.452500 -0.016387 0.300000
v -1.452500 -0.304000 -0.300000
v -1.452500 -0.304000 0.300000
v -1.386250 0.019088 0.000000
v -1.386250 0.012088 -0.300000
v -1.386250 0.012088 0.300000
v -1.414374 0.000000 -0.300000
v -1.386250 0.000000 -0.300000
v -1.386250 -0.304000 -0.300000
v -1.386250 -0.304000 0.300000
v -1.386250 0.000000 0.300000
v -1.414374 0.000000 0.300000
v -1.320000 0.046000 0.000000
v -1.320000 0.038000 -0.300000
v -1.320000 0.038000 0.300000
v -1.320000 0.000000 -0.300000
v -1.320000 -0.304000 -0.300000
v -1.320000 -0.304000 0.300000
v -1.320000 0.000000 0.300000
v -1.200000 0.034000 0.000000
v -1.200000 0.026000 -0.300000
v -1.200000 0.026000 0.300000
v -1.200000 0.000000 -0.300000
v -1.200000 -0.304000 -0.300000
v -1.200000 -0.304000 0.300000
v -1.200000 0.000000 0.300000
v -0.600000 0.034000 0.000000
v -0.600000 0.026000 -0.300000
v -0.600000 0.026000 0.300000
v -0.600000 0.000000 -0.300000
v -0.600000 -0.304000 -0.300000
v -0.600000 -0.304000 0.300000
v -0.600000 0.000000 0.300000
v 0.000000 0.034000 0.000000
v 0.000000 0.026000 -0.300000
v 0.000000 0.026000 0.300000
v 0.000000 0.000000 -0.300000
v 0.000000 -0.304000 -0.300000
v 0.000000 -0.304000 0.300000
v 0.000000 0.000000 0.300000
v 0.600000 0.034000 0.000000
v 0.600000 0.026000 -0.300000
v 0.600000 0.026000 0.300000
v 0.600000 0.000000 -0.300000
v 0.600000 -0.304000 -0.300000
v 0.600000 -0.304000 0.300000
v 0.600000 0.000000 0.300000
v 1.200000 0.034000 0.000000
v 1.200000 0.026000 -0.300000
v 1.200000 0.026000 0.300000
v 1.200000 0.000000 -0.300000
v 1.200000 -0.304000 -0.300000
v 1.200000 -0.304000 0.300000
v 1.200000 0.000000 0.300000
v 1.320000 0.046000 0.000000
v 1.320000 0.038000 -0.300000
v 1.320000 0.038000 0.300000
v 1.320000 0.000000 -0.300000
v 1.320000 -0.304000 -0.300000
v 1.320000 -0.304000 0.300000
v 1.320000 0.000000 0.300000
v 1.386250 0.019088 0.000000
v 1.386250 0.012088 -0.300000
v 1.386250 0.012088 0.300000
v 1.386250 0.000000 -0.300000
v 1.386250 -0.304000 -0.300000
v 1.386250 -0.304000 0.300000
v 1.386250 0.000000 0.300000
v 1.452500 -0.010387 0.000000
v 1.452500 -0.016387 -0.300000
v 1.452500 -0.016387 0.300000
v 1.414374 0.000000 -0.300000
v 1.452500 -0.304000 -0.300000
v 1.452500 -0.304000 0.300000
v 1.414374 0.000000 0.300000
v 1.518750 -0.044599 0.000000
v 1.518750 -0.049599 -0.300000
v 1.518750 -0.049599 0.300000
v 1.518750 -0.304000 -0.300000
v 1.518750 -0.304000 0.300000
v 1.585000 -0.085000 0.000000
v 1.585000 -0.089000 -0.300000
v 1.585000 -0.089000 0.300000
v 1.585000 -0.304000 -0.300000
v 1.585000 -0.304000 0.300000
v 1.651250 -0.132099 0.000000
v 1.651250 -0.135099 -0.300000
v 1.651250 -0.135099 0.300000
v 1.651250 -0.304000 -0.300000
v 1.651250 -0.304000 0.300000
v 1.717500 -0.185387 0.000000
v 1.717500 -0.187387 -0.300000
v 1.717500 -0.187387 0.300000
v 1.717500 -0.304000 -0.300000
v 1.717500 -0.304000 0.300000
v 1.783750 -0.243412 0.000000
v 1.783750 -0.244412 -0.300000
v 1.783750 -0.244412 0.300000
v 1.783750 -0.304000 -0.300000
v 1.783750 -0.304000 0.300000
v 1.800000 -0.258131 0.000000
v 1.800000 -0.258885 -0.300000
v 1.800000 -0.258885 0.300000
v 1.800000 -0.304000 -0.300000
v 1.800000 -0.304000 0.300000
v 1.850000 -0.304000 0.000000
v 1.850000 -0.304000 -0.300000
v 1.850000 -0.304000 0.300000
v -1.250000 -0.034578 -0.105000
v -1.220000 -0.034578 -0.105000
v -1.220000 -0.034578 0.105000
v -1.250000 -0.034578 0.105000
v -1.220000 0.077422 0.096000
v -1.250000 0.077422 0.096000
v -1.220000 0.085422 0.086000
v -1.250000 0.085422 0.086000
v -1.220000 0.085422 -0.086000
v -1.250000 0.085422 -0.086000
v -1.220000 0.077422 -0.096000
v -1.250000 0.077422 -0.096000
v -1.200000 -0.034578 -0.120000
v -1.200000 -0.034578 0.120000
v -1.200000 0.077422 0.111000
v -1.200000 0.085422 0.101000
v -1.200000 0.085422 -0.101000
v -1.200000 0.077422 -0.111000
v -0.930000 -0.034578 -0.120000
v -0.930000 -0.034578 0.120000
v -0.930000 0.077422 0.111000
v -0.930000 0.085422 0.101000
v -0.930000 0.085422 -0.101000
v -0.930000 0.077422 -0.111000
v -0.751500 -0.034578 -0.120000
v -0.751500 -0.034578 0.120000
v -0.751500 0.077422 0.111000
v -0.751500 0.085422 0.101000
v -0.751500 0.085422 -0.101000
v -0.751500 0.077422 -0.111000
v -0.600000 -0.034578 -0.120000
v -0.600000 -0.034578 0.120000
v -0.600000 0.077422 0.111000
v -0.600000 0.085422 0.101000
v -0.600000 0.085422 -0.101000
v -0.600000 0.077422 -0.111000
v -0.530000 -0.034578 -0.120000
v -0.530000 -0.034578 0.120000
v -0.530000 0.077422 0.111000
v -0.530000 0.085422 0.101000
v -0.530000 0.085422 -0.101000
v -0.530000 0.077422 -0.111000
v -0.400000 -0.034578 -0.120000
v -0.400000 -0.034578 0.120000
v -0.400000 0.077422 0.111000
v -0.400000 0.085422 0.101000
v -0.400000 0.085422 -0.101000
v -0.400000 0.077422 -0.111000
v -0.270000 -0.034578 -0.120000
v -0.270000 -0.034578 0.120000
v -0.270000 0.077422 0.111000
v -0.270000 0.085422 0.101000
v -0.270000 0.085422 -0.101000
v -0.270000 0.077422 -0.111000
v -0.130000 -0.034578 -0.120000
v -0.130000 -0.034578 0.120000
v -0.130000 0.077422 0.111000
v -0.130000 0.085422 0.101000
v -0.130000 0.085422 -0.101000
v -0.130000 0.077422 -0.111000
v 0.000000 -0.034578 -0.120000
v 0.000000 -0.034578 0.120000
v 0.000000 0.077422 0.111000
v 0.000000 0.085422 0.101000
v 0.000000 0.085422 -0.101000
v 0.000000 0.077422 -0.111000
v 0.130000 -0.034578 -0.120000
v 0.130000 -0.034578 0.120000
v 0.130000 0.077422 0.111000
v 0.130000 0.085422 0.101000
v 0.130000 0.085422 -0.101000
v 0.130000 0.077422 -0.111000
v 0.270000 -0.034578 -0.120000
v 0.270000 -0.034578 0.120000
v 0.270000 0.077422 0.111000
v 0.270000 0.085422 0.101000
v 0.270000 0.085422 -0.101000
v 0.270000 0.077422 -0.111000
v 0.400000 -0.034578 -0.120000
v 0.400000 -0.034578 0.120000
v 0.400000 0.077422 0.111000
v 0.400000 0.085422 0.101000
v 0.400000 0.085422 -0.101000
v 0.400000 0.077422 -0.111000
v 0.530000 -0.034578 -0.120000
v 0.530000 -0.034578 0.120000
v 0.530000 0.077422 0.111000
v 0.530000 0.085422 0.101000
v 0.530000 0.085422 -0.101000
v 0.530000 0.077422 -0.111000
v 0.600000 -0.034578 -0.120000
v 0.600000 -0.034578 0.120000
v 0.600000 0.077422 0.111000
v 0.600000 0.085422 0.101000
v 0.600000 0.085422 -0.101000
v 0.600000 0.077422 -0.111000
v 0.751500 -0.034578 -0.120000
v 0.751500 -0.034578 0.120000
v 0.751500 0.077422 0.111000
v 0.751500 0.085422 0.101000
v 0.751500 0.085422 -0.101000
v 0.751500 0.077422 -0.111000
v 0.930000 -0.034578 -0.120000
v 0.930000 -0.034578 0.120000
v 0.930000 0.077422 0.111000
v 0.930000 0.085422 0.101000
v 0.930000 0.085422 -0.101000
v 0.930000 0.077422 -0.111000
v 1.200000 -0.034578 -0.120000
v 1.200000 -0.034578 0.120000
v 1.200000 0.077422 0.111000
v 1.200000 0.085422 0.101000
v 1.200000 0.085422 -0.101000
v 1.200000 0.077422 -0.111000
v 1.220000 -0.034578 -0.105000
v 1.220000 -0.034578 0.105000
v 1.220000 0.077422 0.096000
v 1.220000 0.085422 0.086000
v 1.220000 0.085422 -0.086000
v 1.220000 0.077422 -0.096000
v 1.250000 -0.034578 -0.105000
v 1.250000 -0.034578 0.105000
v 1.250000 0.077422 0.096000
v 1.250000 0.085422 0.086000
v 1.250000 0.085422 -0.086000
v 1.250000 0.077422 -0.096000
v -0.827500 0.085422 -0.101000
v -0.821500 0.085422 -0.107000
v -0.681500 0.085422 -0.107000
v -0.675500 0.085422 -0.101000
v -0.675500 0.085422 0.101000
v -0.681500 0.085422 0.107000
v -0.821500 0.085422 0.107000
v -0.827500 0.085422 0.101000
v -0.821500 0.095422 -0.107000
v -0.681500 0.095422 -0.107000
v -0.675500 0.095422 -0.101000
v -0.675500 0.095422 0.101000
v -0.681500 0.095422 0.107000
v -0.821500 0.095422 0.107000
v -0.827500 0.095422 0.101000
v -0.827500 0.095422 -0.101000
v -0.820500 0.099422 -0.106000
v -0.826500 0.099422 -0.100000
v -0.826500 0.099422 0.100000
v -0.820500 0.099422 0.106000
v -0.682500 0.099422 0.106000
v -0.676500 0.099422 0.100000
v -0.676500 0.099422 -0.100000
v -0.682500 0.099422 -0.106000
v -0.682500 0.095422 -0.106000
v -0.820500 0.095422 -0.106000
v -0.676500 0.095422 -0.100000
v -0.676500 0.095422 0.100000
v -0.682500 0.095422 0.106000
v -0.820500 0.095422 0.106000
v -0.826500 0.095422 0.100000
v -0.826500 0.095422 -0.100000
v -0.946500 0.085422 -0.100000
v -0.943500 0.085422 -0.103000
v -0.823500 0.085422 -0.103000
v -0.820500 0.085422 -0.100000
v -0.820500 0.085422 0.100000
v -0.823500 0.085422 0.103000
v -0.943500 0.085422 0.103000
v -0.946500 0.085422 0.100000
v -0.943500 0.095422 -0.103000
v -0.946500 0.095422 -0.100000
v -0.946500 0.095422 0.100000
v -0.943500 0.095422 0.103000
v -0.823500 0.095422 0.103000
v -0.820500 0.095422 0.100000
v -0.820500 0.095422 -0.100000
v -0.823500 0.095422 -0.103000
v -0.950500 0.095422 -0.105000
v -0.948500 0.095422 -0.107000
v -0.936500 0.095422 -0.107000
v -0.934500 0.095422 -0.105000
v -0.934500 0.095422 0.105000
v -0.936500 0.095422 0.107000
v -0.948500 0.095422 0.107000
v -0.950500 0.095422 0.105000
v -0.948500 0.126422 -0.107000
v -0.950500 0.126422 -0.105000
v -0.950500 0.126422 0.105000
v -0.948500 0.126422 0.107000
v -0.936500 0.126422 0.107000
v -0.934500 0.126422 0.105000
v -0.934500 0.126422 -0.105000
v -0.936500 0.126422 -0.107000
v -0.793500 0.119400 -0.105000
v -0.793500 0.129000 -0.105000
v -0.819500 0.123500 -0.105000
v -0.827500 0.123500 -0.105000
v -0.901500 0.109500 -0.105000
v -0.939500 0.109500 -0.105000
v -0.939500 0.095422 -0.105000
v -0.833500 0.095422 -0.105000
v -0.821500 0.108000 -0.105000
v -0.793500 0.129000 0.105000
v -0.793500 0.119400 0.105000
v -0.821500 0.108000 0.105000
v -0.833500 0.095422 0.105000
v -0.939500 0.095422 0.105000
v -0.939500 0.109500 0.105000
v -0.901500 0.109500 0.105000
v -0.827500 0.123500 0.105000
v -0.819500 0.123500 0.105000
v -0.879500 0.095422 -0.008660
v -0.874500 0.095422 0.000000
v -0.879500 0.095422 0.008660
v -0.889500 0.095422 0.008660
v -0.894500 0.095422 0.000000
v -0.889500 0.095422 -0.008660
v -0.874500 0.192000 0.000000
v -0.879500 0.192000 -0.008660
v -0.889500 0.192000 -0.008660
v -0.894500 0.192000 0.000000
v -0.889500 0.192000 0.008660
v -0.879500 0.192000 0.008660
v -0.863287 0.162000 -0.021213
v -0.854500 0.162000 0.000000
v -0.863287 0.162000 0.021213
v -0.884500 0.162000 0.030000
v -0.905713 0.162000 0.021213
v -0.914500 0.162000 0.000000
v -0.905713 0.162000 -0.021213
v -0.884500 0.162000 -0.030000
v -0.854500 0.168000 0.000000
v -0.863287 0.168000 -0.021213
v -0.884500 0.168000 -0.030000
v -0.905713 0.168000 -0.021213
v -0.914500 0.168000 0.000000
v -0.905713 0.168000 0.021213
v -0.884500 0.168000 0.030000
v -0.863287 0.168000 0.021213
v -0.874500 0.168000 -0.017321
v -0.864500 0.168000 0.000000
v -0.874500 0.168000 0.017321
v -0.894500 0.168000 0.017321
v -0.904500 0.168000 0.000000
v -0.894500 0.168000 -0.017321
v -0.864500 0.186000 0.000000
v -0.874500 0.186000 -0.017321
v -0.894500 0.186000 -0.017321
v -0.904500 0.186000 0.000000
v -0.894500 0.186000 0.017321
v -0.874500 0.186000 0.017321
v -0.875500 0.186000 -0.015588
v -0.866500 0.186000 0.000000
v -0.875500 0.186000 0.015588
v -0.893500 0.186000 0.015588
v -0.902500 0.186000 0.000000
v -0.893500 0.186000 -0.015588
v -0.866500 0.189000 0.000000
v -0.875500 0.189000 -0.015588
v -0.893500 0.189000 -0.015588
v -0.902500 0.189000 0.000000
v -0.893500 0.189000 0.015588
v -0.875500 0.189000 0.015588
v -0.682500 0.085422 -0.100000
v -0.679500 0.085422 -0.103000
v -0.559500 0.085422 -0.103000
v -0.556500 0.085422 -0.100000
v -0.556500 0.085422 0.100000
v -0.559500 0.085422 0.103000
v -0.679500 0.085422 0.103000
v -0.682500 0.085422 0.100000
v -0.679500 0.095422 -0.103000
v -0.682500 0.095422 -0.100000
v -0.682500 0.095422 0.100000
v -0.679500 0.095422 0.103000
v -0.559500 0.095422 0.103000
v -0.556500 0.095422 0.100000
v -0.556500 0.095422 -0.100000
v -0.559500 0.095422 -0.103000
v -0.568500 0.095422 -0.105000
v -0.566500 0.095422 -0.107000
v -0.554500 0.095422 -0.107000
v -0.552500 0.095422 -0.105000
v -0.552500 0.095422 0.105000
v -0.554500 0.095422 0.107000
v -0.566500 0.095422 0.107000
v -0.568500 0.095422 0.105000
v -0.566500 0.126422 -0.107000
v -0.568500 0.126422 -0.105000
v -0.568500 0.126422 0.105000
v -0.566500 0.126422 0.107000
v -0.554500 0.126422 0.107000
v -0.552500 0.126422 0.105000
v -0.552500 0.126422 -0.105000
v -0.554500 0.126422 -0.107000
v -0.709500 0.129000 -0.105000
v -0.709500 0.119400 -0.105000
v -0.681500 0.108000 -0.105000
v -0.669500 0.095422 -0.105000
v -0.563500 0.095422 -0.105000
v -0.563500 0.109500 -0.105000
v -0.601500 0.109500 -0.105000
v -0.675500 0.123500 -0.105000
v -0.683500 0.123500 -0.105000
v -0.709500 0.119400 0.105000
v -0.709500 0.129000 0.105000
v -0.683500 0.123500 0.105000
v -0.675500 0.123500 0.105000
v -0.601500 0.109500 0.105000
v -0.563500 0.109500 0.105000
v -0.563500 0.095422 0.105000
v -0.669500 0.095422 0.105000
v -0.681500 0.108000 0.105000
v -0.613500 0.095422 -0.008660
v -0.608500 0.095422 0.000000
v -0.613500 0.095422 0.008660
v -0.623500 0.095422 0.008660
v -0.628500 0.095422 0.000000
v -0.623500 0.095422 -0.008660
v -0.608500 0.192000 0.000000
v -0.613500 0.192000 -0.008660
v -0.623500 0.192000 -0.008660
v -0.628500 0.192000 0.000000
v -0.623500 0.192000 0.008660
v -0.613500 0.192000 0.008660
v -0.597287 0.162000 -0.021213
v -0.588500 0.162000 0.000000
v -0.597287 0.162000 0.021213
v -0.618500 0.162000 0.030000
v -0.639713 0.162000 0.021213
v -0.648500 0.162000 0.000000
v -0.639713 0.162000 -0.021213
v -0.618500 0.162000 -0.030000
v -0.588500 0.168000 0.000000
v -0.597287 0.168000 -0.021213
v -0.618500 0.168000 -0.030000
v -0.639713 0.168000 -0.021213
v -0.648500 0.168000 0.000000
v -0.639713 0.168000 0.021213
v -0.618500 0.168000 0.030000
v -0.597287 0.168000 0.021213
v -0.608500 0.168000 -0.017321
v -0.598500 0.168000 0.000000
v -0.608500 0.168000 0.017321
v -0.628500 0.168000 0.017321
v -0.638500 0.168000 0.000000
v -0.628500 0.168000 -0.017321
v -0.598500 0.186000 0.000000
v -0.608500 0.186000 -0.017321
v -0.628500 0.186000 -0.017321
v -0.638500 0.186000 0.000000
v -0.628500 0.186000 0.017321
v -0.608500 0.186000 0.017321
v -0.609500 0.186000 -0.015588
v -0.600500 0.186000 0.000000
v -0.609500 0.186000 0.015588
v -0.627500 0.186000 0.015588
v -0.636500 0.186000 0.000000
v -0.627500 0.186000 -0.015588
v -0.600500 0.189000 0.000000
v -0.609500 0.189000 -0.015588
v -0.627500 0.189000 -0.015588
v -0.636500 0.189000 0.000000
v -0.627500 0.189000 0.015588
v -0.609500 0.189000 0.015588
v -0.681500 0.099422 -0.300000
v -0.681500 0.108000 -0.300000
v -0.681500 0.108000 0.300000
v -0.681500 0.099422 0.300000
v -0.687500 0.113000 -0.300000
v -0.687500 0.113000 0.300000
v -0.725500 0.124000 -0.300000
v -0.725500 0.124000 0.300000
v -0.739500 0.134000 -0.300000
v -0.739500 0.134000 0.300000
v -0.742500 0.145000 -0.300000
v -0.742500 0.145000 0.300000
v -0.742500 0.207000 -0.300000
v -0.742500 0.207000 0.300000
v -0.738500 0.219000 -0.300000
v -0.738500 0.219000 0.300000
v -0.724500 0.225000 -0.300000
v -0.724500 0.225000 0.300000
v -0.718500 0.231000 -0.300000
v -0.718500 0.231000 0.300000
v -0.717500 0.239000 -0.300000
v -0.717500 0.239000 0.300000
v -0.717500 0.254000 -0.300000
v -0.717500 0.254000 0.300000
v -0.719500 0.260000 -0.300000
v -0.719500 0.260000 0.300000
v -0.725500 0.264280 -0.300000
v -0.725500 0.264280 0.300000
v -0.777500 0.264280 -0.300000
v -0.777500 0.264280 0.300000
v -0.783500 0.260000 -0.300000
v -0.783500 0.260000 0.300000
v -0.785500 0.254000 -0.300000
v -0.785500 0.254000 0.300000
v -0.785500 0.239000 -0.300000
v -0.785500 0.239000 0.300000
v -0.784500 0.231000 -0.300000
v -0.784500 0.231000 0.300000
v -0.778500 0.225000 -0.300000
v -0.778500 0.225000 0.300000
v -0.764500 0.219000 -0.300000
v -0.764500 0.219000 0.300000
v -0.760500 0.207000 -0.300000
v -0.760500 0.207000 0.300000
v -0.760500 0.145000 -0.300000
v -0.760500 0.145000 0.300000
v -0.763500 0.134000 -0.300000
v -0.763500 0.134000 0.300000
v -0.777500 0.124000 -0.300000
v -0.777500 0.124000 0.300000
v -0.815500 0.113000 -0.300000
v -0.815500 0.113000 0.300000
v -0.821500 0.108000 -0.300000
v -0.821500 0.108000 0.300000
v -0.821500 0.099422 -0.300000
v -0.821500 0.099422 0.300000
v 0.675500 0.085422 -0.101000
v 0.681500 0.085422 -0.107000
v 0.821500 0.085422 -0.107000
v 0.827500 0.085422 -0.101000
v 0.827500 0.085422 0.101000
v 0.821500 0.085422 0.107000
v 0.681500 0.085422 0.107000
v 0.675500 0.085422 0.101000
v 0.681500 0.095422 -0.107000
v 0.821500 0.095422 -0.107000
v 0.827500 0.095422 -0.101000
v 0.827500 0.095422 0.101000
v 0.821500 0.095422 0.107000
v 0.681500 0.095422 0.107000
v 0.675500 0.095422 0.101000
v 0.675500 0.095422 -0.101000
v 0.682500 0.099422 -0.106000
v 0.676500 0.099422 -0.100000
v 0.676500 0.099422 0.100000
v 0.682500 0.099422 0.106000
v 0.820500 0.099422 0.106000
v 0.826500 0.099422 0.100000
v 0.826500 0.099422 -0.100000
v 0.820500 0.099422 -0.106000
v 0.820500 0.095422 -0.106000
v 0.682500 0.095422 -0.106000
v 0.826500 0.095422 -0.100000
v 0.826500 0.095422 0.100000
v 0.820500 0.095422 0.106000
v 0.682500 0.095422 0.106000
v 0.676500 0.095422 0.100000
v 0.676500 0.095422 -0.100000
v 0.556500 0.085422 -0.100000
v 0.559500 0.085422 -0.103000
v 0.679500 0.085422 -0.103000
v 0.682500 0.085422 -0.100000
v 0.682500 0.085422 0.100000
v 0.679500 0.085422 0.103000
v 0.559500 0.085422 0.103000
v 0.556500 0.085422 0.100000
v 0.559500 0.095422 -0.103000
v 0.556500 0.095422 -0.100000
v 0.556500 0.095422 0.100000
v 0.559500 0.095422 0.103000
v 0.679500 0.095422 0.103000
v 0.682500 0.095422 0.100000
v 0.682500 0.095422 -0.100000
v 0.679500 0.095422 -0.103000
v 0.552500 0.095422 -0.105000
v 0.554500 0.095422 -0.107000
v 0.566500 0.095422 -0.107000
v 0.568500 0.095422 -0.105000
v 0.568500 0.095422 0.105000
v 0.566500 0.095422 0.107000
v 0.554500 0.095422 0.107000
v 0.552500 0.095422 0.105000
v 0.554500 0.126422 -0.107000
v 0.552500 0.126422 -0.105000
v 0.552500 0.126422 0.105000
v 0.554500 0.126422 0.107000
v 0.566500 0.126422 0.107000
v 0.568500 0.126422 0.105000
v 0.568500 0.126422 -0.105000
v 0.566500 0.126422 -0.107000
v 0.709500 0.119400 -0.105000
v 0.709500 0.129000 -0.105000
v 0.683500 0.123500 -0.105000
v 0.675500 0.123500 -0.105000
v 0.601500 0.109500 -0.105000
v 0.563500 0.109500 -0.105000
v 0.563500 0.095422 -0.105000
v 0.669500 0.095422 -0.105000
v 0.681500 0.108000 -0.105000
v 0.709500 0.129000 0.105000
v 0.709500 0.119400 0.105000
v 0.681500 0.108000 0.105000
v 0.669500 0.095422 0.105000
v 0.563500 0.095422 0.105000
v 0.563500 0.109500 0.105000
v 0.601500 0.109500 0.105000
v 0.675500 0.123500 0.105000
v 0.683500 0.123500 0.105000
v 0.623500 0.095422 -0.008660
v 0.628500 0.095422 0.000000
v 0.623500 0.095422 0.008660
v 0.613500 0.095422 0.008660
v 0.608500 0.095422 0.000000
v 0.613500 0.095422 -0.008660
v 0.628500 0.192000 0.000000
v 0.623500 0.192000 -0.008660
v 0.613500 0.192000 -0.008660
v 0.608500 0.192000 0.000000
v 0.613500 0.192000 0.008660
v 0.623500 0.192000 0.008660
v 0.639713 0.162000 -0.021213
v 0.648500 0.162000 0.000000
v 0.639713 0.162000 0.021213
v 0.618500 0.162000 0.030000
v 0.597287 0.162000 0.021213
v 0.588500 0.162000 0.000000
v 0.597287 0.162000 -0.021213
v 0.618500 0.162000 -0.030000
v 0.648500 0.168000 0.000000
v 0.639713 0.168000 -0.021213
v 0.618500 0.168000 -0.030000
v 0.597287 0.168000 -0.021213
v 0.588500 0.168000 0.000000
v 0.597287 0.168000 0.021213
v 0.618500 0.168000 0.030000
v 0.639713 0.168000 0.021213
v 0.628500 0.168000 -0.017321
v 0.638500 0.168000 0.000000
v 0.628500 0.168000 0.017321
v 0.608500 0.168000 0.017321
v 0.598500 0.168000 0.000000
v 0.608500 0.168000 -0.017321
v 0.638500 0.186000 0.000000
v 0.628500 0.186000 -0.017321
v 0.608500 0.186000 -0.017321
v 0.598500 0.186000 0.000000
v 0.608500 0.186000 0.017321
v 0.628500 0.186000 0.017321
v 0.627500 0.186000 -0.015588
v 0.636500 0.186000 0.000000
v 0.627500 0.186000 0.015588
v 0.609500 0.186000 0.015588
v 0.600500 0.186000 0.000000
v 0.609500 0.186000 -0.015588
v 0.636500 0.189000 0.000000
v 0.627500 0.189000 -0.015588
v 0.609500 0.189000 -0.015588
v 0.600500 0.189000 0.000000
v 0.609500 0.189000 0.015588
v 0.627500 0.189000 0.015588
v 0.820500 0.085422 -0.100000
v 0.823500 0.085422 -0.103000
v 0.943500 0.085422 -0.103000
v 0.946500 0.085422 -0.100000
v 0.946500 0.085422 0.100000
v 0.943500 0.085422 0.103000
v 0.823500 0.085422 0.103000
v 0.820500 0.085422 0.100000
v 0.823500 0.095422 -0.103000
v 0.820500 0.095422 -0.100000
v 0.820500 0.095422 0.100000
v 0.823500 0.095422 0.103000
v 0.943500 0.095422 0.103000
v 0.946500 0.095422 0.100000
v 0.946500 0.095422 -0.100000
v 0.943500 0.095422 -0.103000
v 0.934500 0.095422 -0.105000
v 0.936500 0.095422 -0.107000
v 0.948500 0.095422 -0.107000
v 0.950500 0.095422 -0.105000
v 0.950500 0.095422 0.105000
v 0.948500 0.095422 0.107000
v 0.936500 0.095422 0.107000
v 0.934500 0.095422 0.105000
v 0.936500 0.126422 -0.107000
v 0.934500 0.126422 -0.105000
v 0.934500 0.126422 0.105000
v 0.936500 0.126422 0.107000
v 0.948500 0.126422 0.107000
v 0.950500 0.126422 0.105000
v 0.950500 0.126422 -0.105000
v 0.948500 0.126422 -0.107000
v 0.793500 0.129000 -0.105000
v 0.793500 0.119400 -0.105000
v 0.821500 0.108000 -0.105000
v 0.833500 0.095422 -0.105000
v 0.939500 0.095422 -0.105000
v 0.939500 0.109500 -0.105000
v 0.901500 0.109500 -0.105000
v 0.827500 0.123500 -0.105000
v 0.819500 0.123500 -0.105000
v 0.793500 0.119400 0.105000
v 0.793500 0.129000 0.105000
v 0.819500 0.123500 0.105000
v 0.827500 0.123500 0.105000
v 0.901500 0.109500 0.105000
v 0.939500 0.109500 0.105000
v 0.939500 0.095422 0.105000
v 0.833500 0.095422 0.105000
v 0.821500 0.108000 0.105000
v 0.889500 0.095422 -0.008660
v 0.894500 0.095422 0.000000
v 0.889500 0.095422 0.008660
v 0.879500 0.095422 0.008660
v 0.874500 0.095422 0.000000
v 0.879500 0.095422 -0.008660
v 0.894500 0.192000 0.000000
v 0.889500 0.192000 -0.008660
v 0.879500 0.192000 -0.008660
v 0.874500 0.192000 0.000000
v 0.879500 0.192000 0.008660
v 0.889500 0.192000 0.008660
v 0.905713 0.162000 -0.021213
v 0.914500 0.162000 0.000000
v 0.905713 0.162000 0.021213
v 0.884500 0.162000 0.030000
v 0.863287 0.162000 0.021213
v 0.854500 0.162000 0.000000
v 0.863287 0.162000 -0.021213
v 0.884500 0.162000 -0.030000
v 0.914500 0.168000 0.000000
v 0.905713 0.168000 -0.021213
v 0.884500 0.168000 -0.030000
v 0.863287 0.168000 -0.021213
v 0.854500 0.168000 0.000000
v 0.863287 0.168000 0.021213
v 0.884500 0.168000 0.030000
v 0.905713 0.168000 0.021213
v 0.894500 0.168000 -0.017321
v 0.904500 0.168000 0.000000
v 0.894500 0.168000 0.017321
v 0.874500 0.168000 0.017321
v 0.864500 0.168000 0.000000
v 0.874500 0.168000 -0.017321
v 0.904500 0.186000 0.000000
v 0.894500 0.186000 -0.017321
v 0.874500 0.186000 -0.017321
v 0.864500 0.186000 0.000000
v 0.874500 0.186000 0.017321
v 0.894500 0.186000 0.017321
v 0.893500 0.186000 -0.015588
v 0.902500 0.186000 0.000000
v 0.893500 0.186000 0.015588
v 0.875500 0.186000 0.015588
v 0.866500 0.186000 0.000000
v 0.875500 0.186000 -0.015588
v 0.902500 0.189000 0.000000
v 0.893500 0.189000 -0.015588
v 0.875500 0.189000 -0.015588
v 0.866500 0.189000 0.000000
v 0.875500 0.189000 0.015588
v 0.893500 0.189000 0.015588
v 0.821500 0.099422 -0.300000
v 0.821500 0.108000 -0.300000
v 0.821500 0.108000 0.300000
v 0.821500 0.099422 0.300000
v 0.815500 0.113000 -0.300000
v 0.815500 0.113000 0.300000
v 0.777500 0.124000 -0.300000
v 0.777500 0.124000 0.300000
v 0.763500 0.134000 -0.300000
v 0.763500 0.134000 0.300000
v 0.760500 0.145000 -0.300000
v 0.760500 0.145000 0.300000
v 0.760500 0.207000 -0.300000
v 0.760500 0.207000 0.300000
v 0.764500 0.219000 -0.300000
v 0.764500 0.219000 0.300000
v 0.778500 0.225000 -0.300000
v 0.778500 0.225000 0.300000
v 0.784500 0.231000 -0.300000
v 0.784500 0.231000 0.300000
v 0.785500 0.239000 -0.300000
v 0.785500 0.239000 0.300000
v 0.785500 0.254000 -0.300000
v 0.785500 0.254000 0.300000
v 0.783500 0.260000 -0.300000
v 0.783500 0.260000 0.300000
v 0.777500 0.264280 -0.300000
v 0.777500 0.264280 0.300000
v 0.725500 0.264280 -0.300000
v 0.725500 0.264280 0.300000
v 0.719500 0.260000 -0.300000
v 0.719500 0.260000 0.300000
v 0.717500 0.254000 -0.300000
v 0.717500 0.254000 0.300000
v 0.717500 0.239000 -0.300000
v 0.717500 0.239000 0.300000
v 0.718500 0.231000 -0.300000
v 0.718500 0.231000 0.300000
v 0.724500 0.225000 -0.300000
v 0.724500 0.225000 0.300000
v 0.738500 0.219000 -0.300000
v 0.738500 0.219000 0.300000
v 0.742500 0.207000 -0.300000
v 0.742500 0.207000 0.300000
v 0.742500 0.145000 -0.300000
v 0.742500 0.145000 0.300000
v 0.739500 0.134000 -0.300000
v 0.739500 0.134000 0.300000
v 0.725500 0.124000 -0.300000
v 0.725500 0.124000 0.300000
v 0.687500 0.113000 -0.300000
v 0.687500 0.113000 0.300000
v 0.681500 0.108000 -0.300000
v 0.681500 0.108000 0.300000
v 0.681500 0.099422 -0.300000
v 0.681500 0.099422 0.300000
v -0.488000 0.085422 -0.099000
v -0.482000 0.085422 -0.105000
v -0.230000 0.085422 -0.105000
v -0.224000 0.085422 -0.099000
v -0.224000 0.085422 0.099000
v -0.230000 0.085422 0.105000
v -0.482000 0.085422 0.105000
v -0.488000 0.085422 0.099000
v -0.482000 0.095422 -0.105000
v -0.488000 0.095422 -0.099000
v -0.488000 0.095422 0.099000
v -0.482000 0.095422 0.105000
v -0.230000 0.095422 0.105000
v -0.224000 0.095422 0.099000
v -0.224000 0.095422 -0.099000
v -0.230000 0.095422 -0.105000
v -0.425000 0.099422 -0.102000
v -0.431000 0.099422 -0.096000
v -0.431000 0.099422 0.096000
v -0.425000 0.099422 0.102000
v -0.287000 0.099422 0.102000
v -0.281000 0.099422 0.096000
v -0.281000 0.099422 -0.096000
v -0.287000 0.099422 -0.102000
v -0.287000 0.095422 -0.102000
v -0.425000 0.095422 -0.102000
v -0.281000 0.095422 -0.096000
v -0.281000 0.095422 0.096000
v -0.287000 0.095422 0.102000
v -0.425000 0.095422 0.102000
v -0.431000 0.095422 0.096000
v -0.431000 0.095422 -0.096000
v -0.484000 0.113422 -0.072000
v -0.481000 0.113422 -0.075000
v -0.409000 0.113422 -0.075000
v -0.406000 0.113422 -0.072000
v -0.406000 0.113422 0.072000
v -0.409000 0.113422 0.075000
v -0.481000 0.113422 0.075000
v -0.484000 0.113422 0.072000
v -0.481000 0.124422 -0.075000
v -0.484000 0.124422 -0.072000
v -0.484000 0.124422 0.072000
v -0.481000 0.124422 0.075000
v -0.409000 0.124422 0.075000
v -0.406000 0.124422 0.072000
v -0.406000 0.124422 -0.072000
v -0.409000 0.124422 -0.075000
v -0.453500 0.124422 -0.014722
v -0.445000 0.124422 0.000000
v -0.453500 0.124422 0.014722
v -0.470500 0.124422 0.014722
v -0.479000 0.124422 0.000000
v -0.470500 0.124422 -0.014722
v -0.445000 0.144422 0.000000
v -0.453500 0.144422 -0.014722
v -0.470500 0.144422 -0.014722
v -0.479000 0.144422 0.000000
v -0.470500 0.144422 0.014722
v -0.453500 0.144422 0.014722
v -0.306000 0.113422 -0.072000
v -0.303000 0.113422 -0.075000
v -0.231000 0.113422 -0.075000
v -0.228000 0.113422 -0.072000
v -0.228000 0.113422 0.072000
v -0.231000 0.113422 0.075000
v -0.303000 0.113422 0.075000
v -0.306000 0.113422 0.072000
v -0.303000 0.124422 -0.075000
v -0.306000 0.124422 -0.072000
v -0.306000 0.124422 0.072000
v -0.303000 0.124422 0.075000
v -0.231000 0.124422 0.075000
v -0.228000 0.124422 0.072000
v -0.228000 0.124422 -0.072000
v -0.231000 0.124422 -0.075000
v -0.241500 0.124422 -0.014722
v -0.233000 0.124422 0.000000
v -0.241500 0.124422 0.014722
v -0.258500 0.124422 0.014722
v -0.267000 0.124422 0.000000
v -0.258500 0.124422 -0.014722
v -0.233000 0.144422 0.000000
v -0.241500 0.144422 -0.014722
v -0.258500 0.144422 -0.014722
v -0.267000 0.144422 0.000000
v -0.258500 0.144422 0.014722
v -0.241500 0.144422 0.014722
v -0.286000 0.099422 -0.300000
v -0.286000 0.108000 -0.300000
v -0.286000 0.108000 0.300000
v -0.286000 0.099422 0.300000
v -0.292000 0.113000 -0.300000
v -0.292000 0.113000 0.300000
v -0.330000 0.124000 -0.300000
v -0.330000 0.124000 0.300000
v -0.344000 0.134000 -0.300000
v -0.344000 0.134000 0.300000
v -0.347000 0.145000 -0.300000
v -0.347000 0.145000 0.300000
v -0.347000 0.207000 -0.300000
v -0.347000 0.207000 0.300000
v -0.343000 0.219000 -0.300000
v -0.343000 0.219000 0.300000
v -0.329000 0.225000 -0.300000
v -0.329000 0.225000 0.300000
v -0.323000 0.231000 -0.300000
v -0.323000 0.231000 0.300000
v -0.322000 0.239000 -0.300000
v -0.322000 0.239000 0.300000
v -0.322000 0.254000 -0.300000
v -0.322000 0.254000 0.300000
v -0.324000 0.260000 -0.300000
v -0.324000 0.260000 0.300000
v -0.330000 0.264280 -0.300000
v -0.330000 0.264280 0.300000
v -0.382000 0.264280 -0.300000
v -0.382000 0.264280 0.300000
v -0.388000 0.260000 -0.300000
v -0.388000 0.260000 0.300000
v -0.390000 0.254000 -0.300000
v -0.390000 0.254000 0.300000
v -0.390000 0.239000 -0.300000
v -0.390000 0.239000 0.300000
v -0.389000 0.231000 -0.300000
v -0.389000 0.231000 0.300000
v -0.383000 0.225000 -0.300000
v -0.383000 0.225000 0.300000
v -0.369000 0.219000 -0.300000
v -0.369000 0.219000 0.300000
v -0.365000 0.207000 -0.300000
v -0.365000 0.207000 0.300000
v -0.365000 0.145000 -0.300000
v -0.365000 0.145000 0.300000
v -0.368000 0.134000 -0.300000
v -0.368000 0.134000 0.300000
v -0.382000 0.124000 -0.300000
v -0.382000 0.124000 0.300000
v -0.420000 0.113000 -0.300000
v -0.420000 0.113000 0.300000
v -0.426000 0.108000 -0.300000
v -0.426000 0.108000 0.300000
v -0.426000 0.099422 -0.300000
v -0.426000 0.099422 0.300000
v 0.224000 0.085422 -0.099000
v 0.230000 0.085422 -0.105000
v 0.482000 0.085422 -0.105000
v 0.488000 0.085422 -0.099000
v 0.488000 0.085422 0.099000
v 0.482000 0.085422 0.105000
v 0.230000 0.085422 0.105000
v 0.224000 0.085422 0.099000
v 0.230000 0.095422 -0.105000
v 0.224000 0.095422 -0.099000
v 0.224000 0.095422 0.099000
v 0.230000 0.095422 0.105000
v 0.482000 0.095422 0.105000
v 0.488000 0.095422 0.099000
v 0.488000 0.095422 -0.099000
v 0.482000 0.095422 -0.105000
v 0.287000 0.099422 -0.102000
v 0.281000 0.099422 -0.096000
v 0.281000 0.099422 0.096000
v 0.287000 0.099422 0.102000
v 0.425000 0.099422 0.102000
v 0.431000 0.099422 0.096000
v 0.431000 0.099422 -0.096000
v 0.425000 0.099422 -0.102000
v 0.425000 0.095422 -0.102000
v 0.287000 0.095422 -0.102000
v 0.431000 0.095422 -0.096000
v 0.431000 0.095422 0.096000
v 0.425000 0.095422 0.102000
v 0.287000 0.095422 0.102000
v 0.281000 0.095422 0.096000
v 0.281000 0.095422 -0.096000
v 0.228000 0.113422 -0.072000
v 0.231000 0.113422 -0.075000
v 0.303000 0.113422 -0.075000
v 0.306000 0.113422 -0.072000
v 0.306000 0.113422 0.072000
v 0.303000 0.113422 0.075000
v 0.231000 0.113422 0.075000
v 0.228000 0.113422 0.072000
v 0.231000 0.124422 -0.075000
v 0.228000 0.124422 -0.072000
v 0.228000 0.124422 0.072000
v 0.231000 0.124422 0.075000
v 0.303000 0.124422 0.075000
v 0.306000 0.124422 0.072000
v 0.306000 0.124422 -0.072000
v 0.303000 0.124422 -0.075000
v 0.258500 0.124422 -0.014722
v 0.267000 0.124422 0.000000
v 0.258500 0.124422 0.014722
v 0.241500 0.124422 0.014722
v 0.233000 0.124422 0.000000
v 0.241500 0.124422 -0.014722
v 0.267000 0.144422 0.000000
v 0.258500 0.144422 -0.014722
v 0.241500 0.144422 -0.014722
v 0.233000 0.144422 0.000000
v 0.241500 0.144422 0.014722
v 0.258500 0.144422 0.014722
v 0.406000 0.113422 -0.072000
v 0.409000 0.113422 -0.075000
v 0.481000 0.113422 -0.075000
v 0.484000 0.113422 -0.072000
v 0.484000 0.113422 0.072000
v 0.481000 0.113422 0.075000
v 0.409000 0.113422 0.075000
v 0.406000 0.113422 0.072000
v 0.409000 0.124422 -0.075000
v 0.406000 0.124422 -0.072000
v 0.406000 0.124422 0.072000
v 0.409000 0.124422 0.075000
v 0.481000 0.124422 0.075000
v 0.484000 0.124422 0.072000
v 0.484000 0.124422 -0.072000
v 0.481000 0.124422 -0.075000
v 0.470500 0.124422 -0.014722
v 0.479000 0.124422 0.000000
v 0.470500 0.124422 0.014722
v 0.453500 0.124422 0.014722
v 0.445000 0.124422 0.000000
v 0.453500 0.124422 -0.014722
v 0.479000 0.144422 0.000000
v 0.470500 0.144422 -0.014722
v 0.453500 0.144422 -0.014722
v 0.445000 0.144422 0.000000
v 0.453500 0.144422 0.014722
v 0.470500 0.144422 0.014722
v 0.426000 0.099422 -0.300000
v 0.426000 0.108000 -0.300000
v 0.426000 0.108000 0.300000
v 0.426000 0.099422 0.300000
v 0.420000 0.113000 -0.300000
v 0.420000 0.113000 0.300000
v 0.382000 0.124000 -0.300000
v 0.382000 0.124000 0.300000
v 0.368000 0.134000 -0.300000
v 0.368000 0.134000 0.300000
v 0.365000 0.145000 -0.300000
v 0.365000 0.145000 0.300000
v 0.365000 0.207000 -0.300000
v 0.365000 0.207000 0.300000
v 0.369000 0.219000 -0.300000
v 0.369000 0.219000 0.300000
v 0.383000 0.225000 -0.300000
v 0.383000 0.225000 0.300000
v 0.389000 0.231000 -0.300000
v 0.389000 0.231000 0.300000
v 0.390000 0.239000 -0.300000
v 0.390000 0.239000 0.300000
v 0.390000 0.254000 -0.300000
v 0.390000 0.254000 0.300000
v 0.388000 0.260000 -0.300000
v 0.388000 0.260000 0.300000
v 0.382000 0.264280 -0.300000
v 0.382000 0.264280 0.300000
v 0.330000 0.264280 -0.300000
v 0.330000 0.264280 0.300000
v 0.324000 0.260000 -0.300000
v 0.324000 0.260000 0.300000
v 0.322000 0.254000 -0.300000
v 0.322000 0.254000 0.300000
v 0.322000 0.239000 -0.300000
v 0.322000 0.239000 0.300000
v 0.323000 0.231000 -0.300000
v 0.323000 0.231000 0.300000
v 0.329000 0.225000 -0.300000
v 0.329000 0.225000 0.300000
v 0.343000 0.219000 -0.300000
v 0.343000 0.219000 0.300000
v 0.347000 0.207000 -0.300000
v 0.347000 0.207000 0.300000
v 0.347000 0.145000 -0.300000
v 0.347000 0.145000 0.300000
v 0.344000 0.134000 -0.300000
v 0.344000 0.134000 0.300000
v 0.330000 0.124000 -0.300000
v 0.330000 0.124000 0.300000
v 0.292000 0.113000 -0.300000
v 0.292000 0.113000 0.300000
v 0.286000 0.108000 -0.300000
v 0.286000 0.108000 0.300000
v 0.286000 0.099422 -0.300000
v 0.286000 0.099422 0.300000
vt 0.96281250 0.01585821
vt 0.96281250 0.25373134
vt 0.98937500 0.25373134
vt 0.98937500 0.01585821
vt 0.96281250 0.49160448
vt 0.98937500 0.49160448
vt 0.96281250 0.25055970
vt 0.98937500 0.28633158
vt 0.98937500 0.25055970
vt 0.67062500 0.01585821
vt 0.67062500 0.49160448
vt 0.67062500 0.25373134
vt 0.67925781 0.25373134
vt 0.67925781 0.01585821
vt 0.67925781 0.49160448
vt 0.67062500 0.28633158
vt 0.67925781 0.29780771
vt 0.67925781 0.25055970
vt 0.67062500 0.25055970
vt 0.71445312 0.25373134
vt 0.71445312 0.01585821
vt 0.71445312 0.49160448
vt 0.71445312 0.34302313
vt 0.71445312 0.25055970
vt 0.74964844 0.25373134
vt 0.74964844 0.01585821
vt 0.74964844 0.49160448
vt 0.74964844 0.38448283
vt 0.74964844 0.25055970
vt 0.78484375 0.25373134
vt 0.78484375 0.01585821
vt 0.78484375 0.49160448
vt 0.78484375 0.42103545
vt 0.78484375 0.25055970
vt 0.82003906 0.25373134
vt 0.82003906 0.01585821
vt 0.82003906 0.49160448
vt 0.82003906 0.45227667
vt 0.82003906 0.25055970
vt 0.85523437 0.25373134
vt 0.85523437 0.01585821
vt 0.85523437 0.49160448
vt 0.85523437 0.47861081
vt 0.85523437 0.25055970
vt 0.89042969 0.25373134
vt 0.89042969 0.01585821
vt 0.89042969 0.49160448
vt 0.87548894 0.49160448
vt 0.89042969 0.25055970
vt 0.87548894 0.01585821
vt 0.89042969 0.02544297
vt 0.92562500 0.25373134
vt 0.92562500 0.01585821
vt 0.92562500 0.49160448
vt 0.92562500 0.25055970
vt 0.92562500 0.04598881
vt 0.98937500 0.03647388
vt 0.67062500 0.03647388
vt 0.73437500 0.25373134
vt 0.73437500 0.01585821
vt 0.73437500 0.49160448
vt 0.73437500 0.25055970
vt 0.73437500 0.04598881
vt 0.76957031 0.25373134
vt 0.76957031 0.01585821
vt 0.76957031 0.49160448
vt 0.76957031 0.25055970
vt 0.76957031 0.02544297
vt 0.80476563 0.25373134
vt 0.80476563 0.01585821
vt 0.80476563 0.49160448
vt 0.78451106 0.49160448
vt 0.80476563 0.47861081
vt 0.80476563 0.25055970
vt 0.78451106 0.01585821
vt 0.83996094 0.25373134
vt 0.83996094 0.01585821
vt 0.83996094 0.49160448
vt 0.83996094 0.45227667
vt 0.83996094 0.25055970
vt 0.87515625 0.25373134
vt 0.87515625 0.01585821
vt 0.87515625 0.49160448
vt 0.87515625 0.42103545
vt 0.87515625 0.25055970
vt 0.91035156 0.25373134
vt 0.91035156 0.01585821
vt 0.91035156 0.49160448
vt 0.91035156 0.38448283
vt 0.91035156 0.25055970
vt 0.94554688 0.25373134
vt 0.94554688 0.01585821
vt 0.94554688 0.49160448
vt 0.94554688 0.34302313
vt 0.94554688 0.25055970
vt 0.98074219 0.25373134
vt 0.98074219 0.01585821
vt 0.98074219 0.49160448
vt 0.98074219 0.29780771
vt 0.98074219 0.25055970
vt 0.69718750 0.25373134
vt 0.69718750 0.01585821
vt 0.69718750 0.49160448
vt 0.69718750 0.25055970
vt 0.30281250 0.17047575
vt 0.31875000 0.17047575
vt 0.31875000 0.33698694
vt 0.30281250 0.33698694
vt 0.30281250 0.01585821
vt 0.31875000 0.01585821
vt 0.31875000 0.10466418
vt 0.30281250 0.10466418
vt 0.30281250 0.32985075
vt 0.31875000 0.32985075
vt 0.31875000 0.32192164
vt 0.30281250 0.32192164
vt 0.31875000 0.18554104
vt 0.30281250 0.18554104
vt 0.31875000 0.17761194
vt 0.30281250 0.17761194
vt 0.32937500 0.15858209
vt 0.32937500 0.34888060
vt 0.32937500 0.01585821
vt 0.32937500 0.10466418
vt 0.32937500 0.34174440
vt 0.32937500 0.33381530
vt 0.32937500 0.17364739
vt 0.32937500 0.16571828
vt 0.01062500 0.15858209
vt 0.15406250 0.15858209
vt 0.15406250 0.34888060
vt 0.01062500 0.34888060
vt 0.01062500 0.01585821
vt 0.15406250 0.01585821
vt 0.15406250 0.10466418
vt 0.01062500 0.10466418
vt 0.01062500 0.34174440
vt 0.15406250 0.34174440
vt 0.15406250 0.33381530
vt 0.01062500 0.33381530
vt 0.15406250 0.17364739
vt 0.01062500 0.17364739
vt 0.15406250 0.16571828
vt 0.01062500 0.16571828
vt 0.24889063 0.15858209
vt 0.24889063 0.34888060
vt 0.24889063 0.01585821
vt 0.24889063 0.10466418
vt 0.24889063 0.34174440
vt 0.24889063 0.33381530
vt 0.24889063 0.17364739
vt 0.24889063 0.16571828
vt 0.04781250 0.15858209
vt 0.04781250 0.34888060
vt 0.04781250 0.01585821
vt 0.04781250 0.10466418
vt 0.04781250 0.34174440
vt 0.04781250 0.33381530
vt 0.04781250 0.17364739
vt 0.04781250 0.16571828
vt 0.11687500 0.15858209
vt 0.11687500 0.34888060
vt 0.11687500 0.01585821
vt 0.11687500 0.10466418
vt 0.11687500 0.34174440
vt 0.11687500 0.33381530
vt 0.11687500 0.17364739
vt 0.11687500 0.16571828
vt 0.18593750 0.15858209
vt 0.18593750 0.34888060
vt 0.18593750 0.01585821
vt 0.18593750 0.10466418
vt 0.18593750 0.34174440
vt 0.18593750 0.33381530
vt 0.18593750 0.17364739
vt 0.18593750 0.16571828
vt 0.26031250 0.15858209
vt 0.26031250 0.34888060
vt 0.26031250 0.01585821
vt 0.26031250 0.10466418
vt 0.26031250 0.34174440
vt 0.26031250 0.33381530
vt 0.26031250 0.17364739
vt 0.26031250 0.16571828
vt 0.07968750 0.15858209
vt 0.07968750 0.34888060
vt 0.07968750 0.01585821
vt 0.07968750 0.10466418
vt 0.07968750 0.34174440
vt 0.07968750 0.33381530
vt 0.07968750 0.17364739
vt 0.07968750 0.16571828
vt 0.22312500 0.15858209
vt 0.22312500 0.34888060
vt 0.22312500 0.01585821
vt 0.22312500 0.10466418
vt 0.22312500 0.34174440
vt 0.22312500 0.33381530
vt 0.22312500 0.17364739
vt 0.22312500 0.16571828
vt 0.29218750 0.15858209
vt 0.29218750 0.34888060
vt 0.29218750 0.01585821
vt 0.29218750 0.10466418
vt 0.29218750 0.34174440
vt 0.29218750 0.33381530
vt 0.29218750 0.17364739
vt 0.29218750 0.16571828
vt 0.09110937 0.15858209
vt 0.09110937 0.34888060
vt 0.09110937 0.01585821
vt 0.09110937 0.10466418
vt 0.09110937 0.34174440
vt 0.09110937 0.33381530
vt 0.09110937 0.17364739
vt 0.09110937 0.16571828
vt 0.02125000 0.17047575
vt 0.02125000 0.33698694
vt 0.02125000 0.01585821
vt 0.02125000 0.10466418
vt 0.02125000 0.32985075
vt 0.02125000 0.32192164
vt 0.02125000 0.18554104
vt 0.02125000 0.17761194
vt 0.03718750 0.17047575
vt 0.03718750 0.33698694
vt 0.03718750 0.01585821
vt 0.03718750 0.10466418
vt 0.03718750 0.32985075
vt 0.03718750 0.32192164
vt 0.03718750 0.18554104
vt 0.03718750 0.17761194
vt 0.04250000 0.45988806
vt 0.03054688 0.01585821
vt 0.30945312 0.01585821
vt 0.29750000 0.45988806
vt 0.28421875 0.49160448
vt 0.05578125 0.49160448
vt 0.60837500 0.03017506
vt 0.61013651 0.02537313
vt 0.65123849 0.02537313
vt 0.65300000 0.03017506
vt 0.65300000 0.19183987
vt 0.65123849 0.19664179
vt 0.61013651 0.19664179
vt 0.60837500 0.19183987
vt 0.60837500 0.19664179
vt 0.65300000 0.19664179
vt 0.65300000 0.02537313
vt 0.60837500 0.02537313
vt 0.61016000 0.31082090
vt 0.60837500 0.31566812
vt 0.60837500 0.47724233
vt 0.61016000 0.48208955
vt 0.65121500 0.48208955
vt 0.65300000 0.47724233
vt 0.65300000 0.31566812
vt 0.65121500 0.31082090
vt 0.60837500 0.48208955
vt 0.65300000 0.48208955
vt 0.65300000 0.31082090
vt 0.60837500 0.31082090
vt 0.34062500 0.02278655
vt 0.34631696 0.01585821
vt 0.57399554 0.01585821
vt 0.57968750 0.02278655
vt 0.57968750 0.48467613
vt 0.57399554 0.49160448
vt 0.34631696 0.49160448
vt 0.34062500 0.48467613
vt 0.34062500 0.49160448
vt 0.57968750 0.49160448
vt 0.57968750 0.01585821
vt 0.34062500 0.01585821
vt 0.60837500 0.02697378
vt 0.61395312 0.02537313
vt 0.64742188 0.02537313
vt 0.65300000 0.02697378
vt 0.65300000 0.19504115
vt 0.64742188 0.19664179
vt 0.61395312 0.19664179
vt 0.60837500 0.19504115
vt 0.34062500 0.35558791
vt 0.38319777 0.41367832
vt 0.39629709 0.41367832
vt 0.51746575 0.21532083
vt 0.57968750 0.21532083
vt 0.40612158 0.01585821
vt 0.38647260 0.19406824
vt 0.51992188 0.04772717
vt 0.57968750 0.25373134
vt 0.51992188 0.45973552
vt 0.40039062 0.45973552
vt 0.34062500 0.25373134
vt 0.40039062 0.04772717
vt 0.38046875 0.49160448
vt 0.38046875 0.01585821
vt 0.42031250 0.49160448
vt 0.42031250 0.01585821
vt 0.46015625 0.49160448
vt 0.46015625 0.01585821
vt 0.50000000 0.49160448
vt 0.50000000 0.01585821
vt 0.53984375 0.49160448
vt 0.53984375 0.01585821
vt 0.54467761 0.08552964
vt 0.54467761 0.42193305
vt 0.37563489 0.42193305
vt 0.37563489 0.08552964
vt 0.37050781 0.49160448
vt 0.37050781 0.01585821
vt 0.40039062 0.49160448
vt 0.40039062 0.01585821
vt 0.43027344 0.49160448
vt 0.43027344 0.01585821
vt 0.49003906 0.49160448
vt 0.49003906 0.01585821
vt 0.51992187 0.49160448
vt 0.51992187 0.01585821
vt 0.54980469 0.49160448
vt 0.54980469 0.01585821
vt 0.01062500 0.50839552
vt 0.01062500 0.53314987
vt 0.32937500 0.53314987
vt 0.32937500 0.50839552
vt 0.01062500 0.54757884
vt 0.32937500 0.54757884
vt 0.01062500 0.57932257
vt 0.32937500 0.57932257
vt 0.01062500 0.60818052
vt 0.32937500 0.60818052
vt 0.01062500 0.63992425
vt 0.32937500 0.63992425
vt 0.01062500 0.81884350
vt 0.32937500 0.81884350
vt 0.01062500 0.85347303
vt 0.32937500 0.85347303
vt 0.01062500 0.87078779
vt 0.32937500 0.87078779
vt 0.01062500 0.88810256
vt 0.32937500 0.88810256
vt 0.01062500 0.91118891
vt 0.32937500 0.91118891
vt 0.01062500 0.95447583
vt 0.32937500 0.95447583
vt 0.01062500 0.97179059
vt 0.32937500 0.97179059
vt 0.34062500 0.97014925
vt 0.34062500 0.92817164
vt 0.65937500 0.92817164
vt 0.65937500 0.97014925
vt 0.34062500 0.56436567
vt 0.65937500 0.56436567
vt 0.34062500 0.52238806
vt 0.65937500 0.52238806
vt 0.01062500 0.57500000
vt 0.32937500 0.57500000
vt 0.98937500 0.50839552
vt 0.67062500 0.50839552
vt 0.67062500 0.53314987
vt 0.68428571 0.54757884
vt 0.77080357 0.57932257
vt 0.80267857 0.60818052
vt 0.80040179 0.85347303
vt 0.76852679 0.87078779
vt 0.75486607 0.88810256
vt 0.75258929 0.91118891
vt 0.75258929 0.95447583
vt 0.75714286 0.97179059
vt 0.77080357 0.98414179
vt 0.80950893 0.81884350
vt 0.88919643 0.98414179
vt 0.90285714 0.97179059
vt 0.90741071 0.95447583
vt 0.90741071 0.91118891
vt 0.90513393 0.88810256
vt 0.89147321 0.87078779
vt 0.85959821 0.85347303
vt 0.85049107 0.81884350
vt 0.80950893 0.63992425
vt 0.85049107 0.63992425
vt 0.85732143 0.60818052
vt 0.88919643 0.57932257
vt 0.97571429 0.54757884
vt 0.98937500 0.53314987
vt 0.34062500 0.02945096
vt 0.34605824 0.01585821
vt 0.57425426 0.01585821
vt 0.57968750 0.02945096
vt 0.57968750 0.47801173
vt 0.57425426 0.49160448
vt 0.34605824 0.49160448
vt 0.34062500 0.47801173
vt 0.60837500 0.31585821
vt 0.60837500 0.47705224
vt 0.65300000 0.47705224
vt 0.65300000 0.31585821
vt 0.34062500 0.02537313
vt 0.34981971 0.01585821
vt 0.57049279 0.01585821
vt 0.57968750 0.02537313
vt 0.57968750 0.48208955
vt 0.57049279 0.49160448
vt 0.34981971 0.49160448
vt 0.34062500 0.48208955
vt 0.01062500 0.98414179
vt 0.32937500 0.98414179
vn -0.67601314 0.73688957 0.00000000
vn -0.66990359 0.74244575 -0.00186779
vn -0.66990476 0.74244705 0.00000000
vn -0.67601198 0.73688830 0.00185381
vn 0.00000000 0.00000000 -1.00000000
vn 0.00000000 -0.00000000 1.00000000
vn 0.00000000 -1.00000000 0.00000000
vn -0.67132147 0.74116396 -0.00186456
vn -0.66510533 0.74674541 -0.00248915
vn -0.66510621 0.74674641 0.00187861
vn -0.67132058 0.74116299 0.00247054
vn -0.65886181 0.75225981 -0.00250753
vn -0.65235724 0.75789478 -0.00505263
vn -0.65236349 0.75790204 0.00252634
vn -0.65885560 0.75225272 0.00501502
vn -0.62674989 0.77920318 -0.00519469
vn -0.61951841 0.78494288 -0.00784943
vn -0.61952901 0.78495632 0.00523304
vn -0.62673932 0.77919004 0.00779190
vn -0.57940804 0.81499687 -0.00814997
vn -0.57113334 0.82078434 -0.01094379
vn -0.57114831 0.82080585 0.00820806
vn -0.57939307 0.81497582 0.01086634
vn -0.52061463 0.85371590 -0.01138288
vn -0.51110737 0.85939752 -0.01432329
vn -0.51112625 0.85942926 0.01145906
vn -0.52059566 0.85368479 0.01422808
vn -0.45878801 0.88842238 -0.01480704
vn -0.44808089 0.89381427 -0.01787629
vn -0.44810276 0.89385792 0.01489763
vn -0.45876588 0.88837953 0.01776759
vn -0.40642676 0.91350068 -0.01827001
vn -0.39479511 0.91851918 -0.02143211
vn -0.39481917 0.91857515 0.01837150
vn -0.40640227 0.91344563 0.02131373
vn -0.37626353 0.92626057 -0.02161275
vn -0.36414097 0.93101287 -0.02482701
vn -0.36416728 0.93108013 0.02172520
vn -0.37623663 0.92619435 0.02469852
vn 0.09946871 0.99468709 -0.02652499
vn 0.09946871 0.99468709 0.02652499
vn 0.00000000 0.99964463 -0.02665719
vn -0.00000000 0.99964463 0.02665719
vn -0.09946871 0.99468709 -0.02652499
vn -0.09946871 0.99468709 0.02652499
vn 0.37623663 0.92619435 -0.02469852
vn 0.36416728 0.93108013 -0.02172520
vn 0.36414097 0.93101287 0.02482701
vn 0.37626353 0.92626057 0.02161275
vn 0.40640227 0.91344563 -0.02131373
vn 0.39481917 0.91857515 -0.01837150
vn 0.39479511 0.91851918 0.02143211
vn 0.40642676 0.91350068 0.01827001
vn 0.45876588 0.88837953 -0.01776759
vn 0.44810276 0.89385792 -0.01489763
vn 0.44808089 0.89381427 0.01787629
vn 0.45878801 0.88842238 0.01480704
vn 0.52059566 0.85368479 -0.01422808
vn 0.51112625 0.85942926 -0.01145906
vn 0.51110737 0.85939752 0.01432329
vn 0.52061463 0.85371590 0.01138288
vn 0.57939307 0.81497582 -0.01086634
vn 0.57114831 0.82080585 -0.00820806
vn 0.57113334 0.82078434 0.01094379
vn 0.57940804 0.81499687 0.00814997
vn 0.62673932 0.77919004 -0.00779190
vn 0.61952901 0.78495632 -0.00523304
vn 0.61951841 0.78494288 0.00784943
vn 0.62674989 0.77920318 0.00519469
vn 0.65885560 0.75225272 -0.00501502
vn 0.65236349 0.75790204 -0.00252634
vn 0.65235724 0.75789478 0.00505263
vn 0.65886181 0.75225981 0.00250753
vn 0.67132058 0.74116299 -0.00247054
vn 0.66510621 0.74674641 -0.00187861
vn 0.66510533 0.74674541 0.00248915
vn 0.67132147 0.74116396 0.00186456
vn 0.67601198 0.73688830 -0.00185381
vn 0.66990476 0.74244705 0.00000000
vn 0.66990359 0.74244575 0.00186779
vn 0.67601314 0.73688957 0.00000000
vn -0.00000000 0.08009895 0.99678692
vn -0.00000000 0.78086881 0.62469505
vn -0.00000000 1.00000000 0.00000000
vn 0.00000000 0.78086881 -0.62469505
vn 0.00000000 0.08009895 -0.99678692
vn -0.59876403 0.06415329 0.79835204
vn -0.42426407 0.70710678 0.56568542
vn -0.42426407 0.70710678 -0.56568542
vn -0.59876403 0.06415329 -0.79835204
vn 0.59876403 0.06415329 0.79835204
vn 0.42426407 0.70710678 0.56568542
vn 0.42426407 0.70710678 -0.56568542
vn 0.59876403 0.06415329 -0.79835204
vn -1.00000000 -0.00000000 0.00000000
vn 1.00000000 0.00000000 0.00000000
vn 0.70710678 0.00000000 -0.70710678
vn 0.70710678 0.00000000 0.70710678
vn -0.70710678 0.00000000 0.70710678
vn -0.70710678 0.00000000 -0.70710678
vn 0.37708674 -0.92617795 0.00000000
vn 0.72353574 -0.69028692 0.00000000
vn -0.18589167 0.98257025 0.00000000
vn -0.20695859 0.97834970 0.00000000
vn 0.86602540 0.00000000 0.50000000
vn -0.86602540 0.00000000 0.50000000
vn -0.86602540 0.00000000 -0.50000000
vn 0.86602540 0.00000000 -0.50000000
vn 0.92387953 0.00000000 0.38268343
vn 0.38268343 0.00000000 0.92387953
vn -0.38268343 0.00000000 0.92387953
vn -0.92387953 0.00000000 0.38268343
vn -0.92387953 0.00000000 -0.38268343
vn -0.38268343 0.00000000 -0.92387953
vn 0.38268343 0.00000000 -0.92387953
vn 0.92387953 0.00000000 -0.38268343
vn -0.37708674 -0.92617795 0.00000000
vn -0.72353574 -0.69028692 0.00000000
vn 0.18589167 0.98257025 0.00000000
vn 0.20695859 0.97834970 0.00000000
vn 0.64018440 0.76822128 0.00000000
vn 0.27805808 0.96056426 0.00000000
vn 0.58123819 0.81373347 0.00000000
vn 0.96476382 0.26311741 0.00000000
vn 0.94868330 -0.31622777 0.00000000
vn 0.39391930 -0.91914503 0.00000000
vn 0.70710678 -0.70710678 0.00000000
vn 0.99227788 -0.12403473 0.00000000
vn 0.94868330 0.31622777 0.00000000
vn 0.58072468 0.81410002 0.00000000
vn -0.58072468 0.81410002 0.00000000
vn -0.94868330 0.31622777 0.00000000
vn -0.99227788 -0.12403473 0.00000000
vn -0.70710678 -0.70710678 0.00000000
vn -0.39391930 -0.91914503 0.00000000
vn -0.94868330 -0.31622777 0.00000000
vn -0.96476382 0.26311741 0.00000000
vn -0.58123819 0.81373347 0.00000000
vn -0.27805808 0.96056426 0.00000000
vn -0.64018440 0.76822128 0.00000000
g ballast
usemtl mat
f 1/1/1 2/2/1 3/3/1
f 3/3/2 4/4/2 1/1/2
f 2/2/3 5/5/3 6/6/3
f 6/6/4 3/3/4 2/2/4
f 1/7/5 4/8/5 7/9/5
f 8/9/6 6/8/6 5/7/6
f 1/10/7 7/4/7 8/6/7 5/11/7
f 4/10/8 3/12/8 9/13/8
f 9/13/9 10/14/9 4/10/9
f 3/12/10 6/11/10 11/15/10
f 11/15/11 9/13/11 3/12/11
f 4/16/5 10/17/5 12/18/5 7/19/5
f 8/19/6 13/18/6 11/17/6 6/16/6
f 7/10/7 12/4/7 13/6/7 8/11/7
f 10/14/12 9/13/12 14/20/12
f 14/20/13 15/21/13 10/14/13
f 9/13/14 11/15/14 16/22/14
f 16/22/15 14/20/15 9/13/15
f 10/17/5 15/23/5 17/24/5 12/18/5
f 13/18/6 18/24/6 16/23/6 11/17/6
f 12/10/7 17/4/7 18/6/7 13/11/7
f 15/21/16 14/20/16 19/25/16
f 19/25/17 20/26/17 15/21/17
f 14/20/18 16/22/18 21/27/18
f 21/27/19 19/25/19 14/20/19
f 15/23/5 20/28/5 22/29/5 17/24/5
f 18/24/6 23/29/6 21/28/6 16/23/6
f 17/10/7 22/4/7 23/6/7 18/11/7
f 20/26/20 19/25/20 24/30/20
f 24/30/21 25/31/21 20/26/21
f 19/25/22 21/27/22 26/32/22
f 26/32/23 24/30/23 19/25/23
f 20/28/5 25/33/5 27/34/5 22/29/5
f 23/29/6 28/34/6 26/33/6 21/28/6
f 22/10/7 27/4/7 28/6/7 23/11/7
f 25/31/24 24/30/24 29/35/24
f 29/35/25 30/36/25 25/31/25
f 24/30/26 26/32/26 31/37/26
f 31/37/27 29/35/27 24/30/27
f 25/33/5 30/38/5 32/39/5 27/34/5
f 28/34/6 33/39/6 31/38/6 26/33/6
f 27/10/7 32/4/7 33/6/7 28/11/7
f 30/36/28 29/35/28 34/40/28
f 34/40/29 35/41/29 30/36/29
f 29/35/30 31/37/30 36/42/30
f 36/42/31 34/40/31 29/35/31
f 30/38/5 35/43/5 37/44/5 32/39/5
f 33/39/6 38/44/6 36/43/6 31/38/6
f 32/10/7 37/4/7 38/6/7 33/11/7
f 35/41/32 34/40/32 39/45/32
f 39/45/33 40/46/33 35/41/33
f 34/40/34 36/42/34 41/47/34
f 41/47/35 39/45/35 34/40/35
f 37/44/5 35/43/5 42/48/5
f 37/44/5 42/48/5 43/47/5
f 43/47/5 44/49/5 37/44/5
f 42/50/5 40/51/5 43/46/5
f 36/43/6 38/44/6 45/49/6
f 36/43/6 45/49/6 46/47/6
f 46/47/6 47/48/6 36/43/6
f 46/46/6 41/51/6 47/50/6
f 37/10/7 44/4/7 45/6/7 38/11/7
f 40/46/36 39/45/36 48/52/36
f 48/52/37 49/53/37 40/46/37
f 39/45/38 41/47/38 50/54/38
f 50/54/39 48/52/39 39/45/39
f 43/47/5 51/54/5 52/55/5 44/49/5
f 43/46/5 40/51/5 49/56/5 51/53/5
f 45/49/6 53/55/6 54/54/6 46/47/6
f 54/53/6 50/56/6 41/51/6 46/46/6
f 44/10/7 52/4/7 53/6/7 45/11/7
f 48/52/40 55/3/40 56/4/40 49/53/40
f 50/54/41 57/6/41 55/3/41 48/52/41
f 51/54/5 58/6/5 59/9/5 52/55/5
f 51/53/5 49/56/5 56/57/5 58/4/5
f 53/55/6 60/9/6 61/6/6 54/54/6
f 61/4/6 57/57/6 50/56/6 54/53/6
f 52/10/7 59/4/7 60/6/7 53/11/7
f 55/12/42 62/3/42 63/4/42 56/10/42
f 57/11/43 64/6/43 62/3/43 55/12/43
f 58/11/5 65/6/5 66/9/5 59/19/5
f 58/10/5 56/58/5 63/57/5 65/4/5
f 60/19/6 67/9/6 68/6/6 61/11/6
f 68/4/6 64/57/6 57/58/6 61/10/6
f 59/10/7 66/4/7 67/6/7 60/11/7
f 62/12/42 69/3/42 70/4/42 63/10/42
f 64/11/43 71/6/43 69/3/43 62/12/43
f 65/11/5 72/6/5 73/9/5 66/19/5
f 65/10/5 63/58/5 70/57/5 72/4/5
f 67/19/6 74/9/6 75/6/6 68/11/6
f 75/4/6 71/57/6 64/58/6 68/10/6
f 66/10/7 73/4/7 74/6/7 67/11/7
f 69/12/42 76/3/42 77/4/42 70/10/42
f 71/11/43 78/6/43 76/3/43 69/12/43
f 72/11/5 79/6/5 80/9/5 73/19/5
f 72/10/5 70/58/5 77/57/5 79/4/5
f 74/19/6 81/9/6 82/6/6 75/11/6
f 82/4/6 78/57/6 71/58/6 75/10/6
f 73/10/7 80/4/7 81/6/7 74/11/7
f 76/12/42 83/3/42 84/4/42 77/10/42
f 78/11/43 85/6/43 83/3/43 76/12/43
f 79/11/5 86/6/5 87/9/5 80/19/5
f 79/10/5 77/58/5 84/57/5 86/4/5
f 81/19/6 88/9/6 89/6/6 82/11/6
f 89/4/6 85/57/6 78/58/6 82/10/6
f 80/10/7 87/4/7 88/6/7 81/11/7
f 83/12/44 90/59/44 91/60/44 84/10/44
f 85/11/45 92/61/45 90/59/45 83/12/45
f 86/11/5 93/61/5 94/62/5 87/19/5
f 86/10/5 84/58/5 91/63/5 93/60/5
f 88/19/6 95/62/6 96/61/6 89/11/6
f 96/60/6 92/63/6 85/58/6 89/10/6
f 87/10/7 94/4/7 95/6/7 88/11/7
f 91/60/46 90/59/46 97/64/46
f 97/64/47 98/65/47 91/60/47
f 90/59/48 92/61/48 99/66/48
f 99/66/49 97/64/49 90/59/49
f 93/61/5 100/66/5 101/67/5 94/62/5
f 93/60/5 91/63/5 98/68/5 100/65/5
f 95/62/6 102/67/6 103/66/6 96/61/6
f 103/65/6 99/68/6 92/63/6 96/60/6
f 94/10/7 101/4/7 102/6/7 95/11/7
f 98/65/50 97/64/50 104/69/50
f 104/69/51 105/70/51 98/65/51
f 97/64/52 99/66/52 106/71/52
f 106/71/53 104/69/53 97/64/53
f 101/67/5 100/66/5 107/72/5
f 101/67/5 107/72/5 105/73/5
f 105/73/5 108/74/5 101/67/5
f 100/65/5 98/68/5 107/75/5
f 103/66/6 102/67/6 109/74/6
f 103/66/6 109/74/6 106/73/6
f 106/73/6 110/72/6 103/66/6
f 110/75/6 99/68/6 103/65/6
f 101/10/7 108/4/7 109/6/7 102/11/7
f 105/70/54 104/69/54 111/76/54
f 111/76/55 112/77/55 105/70/55
f 104/69/56 106/71/56 113/78/56
f 113/78/57 111/76/57 104/69/57
f 105/73/5 112/79/5 114/80/5 108/74/5
f 109/74/6 115/80/6 113/79/6 106/73/6
f 108/10/7 114/4/7 115/6/7 109/11/7
f 112/77/58 111/76/58 116/81/58
f 116/81/59 117/82/59 112/77/59
f 111/76/60 113/78/60 118/83/60
f 118/83/61 116/81/61 111/76/61
f 112/79/5 117/84/5 119/85/5 114/80/5
f 115/80/6 120/85/6 118/84/6 113/79/6
f 114/10/7 119/4/7 120/6/7 115/11/7
f 117/82/62 116/81/62 121/86/62
f 121/86/63 122/87/63 117/82/63
f 116/81/64 118/83/64 123/88/64
f 123/88/65 121/86/65 116/81/65
f 117/84/5 122/89/5 124/90/5 119/85/5
f 120/85/6 125/90/6 123/89/6 118/84/6
f 119/10/7 124/4/7 125/6/7 120/11/7
f 122/87/66 121/86/66 126/91/66
f 126/91/67 127/92/67 122/87/67
f 121/86/68 123/88/68 128/93/68
f 128/93/69 126/91/69 121/86/69
f 122/89/5 127/94/5 129/95/5 124/90/5
f 125/90/6 130/95/6 128/94/6 123/89/6
f 124/10/7 129/4/7 130/6/7 125/11/7
f 127/92/70 126/91/70 131/96/70
f 131/96/71 132/97/71 127/92/71
f 126/91/72 128/93/72 133/98/72
f 133/98/73 131/96/73 126/91/73
f 127/94/5 132/99/5 134/100/5 129/95/5
f 130/95/6 135/100/6 133/99/6 128/94/6
f 129/10/7 134/4/7 135/6/7 130/11/7
f 132/97/74 131/96/74 136/3/74
f 136/3/75 137/4/75 132/97/75
f 131/96/76 133/98/76 138/6/76
f 138/6/77 136/3/77 131/96/77
f 132/99/5 137/8/5 139/9/5 134/100/5
f 135/100/6 140/9/6 138/8/6 133/99/6
f 134/10/7 139/4/7 140/6/7 135/11/7
f 137/10/78 136/12/78 141/101/78
f 141/101/79 142/102/79 137/10/79
f 136/12/80 138/11/80 143/103/80
f 143/103/81 141/101/81 136/12/81
f 137/16/5 142/104/5 139/19/5
f 140/19/6 143/104/6 138/16/6
f 139/10/7 142/4/7 143/6/7 140/11/7
g sleeper
usemtl mat
f 144/105/7 145/106/7 146/107/7 147/108/7
f 147/109/82 146/110/82 148/111/82 149/112/82
f 149/113/83 148/114/83 150/115/83 151/116/83
f 151/116/84 150/115/84 152/117/84 153/118/84
f 153/118/85 152/117/85 154/119/85 155/120/85
f 155/112/86 154/111/86 145/110/86 144/109/86
f 145/106/7 156/121/7 157/122/7 146/107/7
f 146/110/87 157/123/87 158/124/87 148/111/87
f 148/114/88 158/125/88 159/126/88 150/115/88
f 150/115/84 159/126/84 160/127/84 152/117/84
f 152/117/89 160/127/89 161/128/89 154/119/89
f 154/111/90 161/124/90 156/123/90 145/110/90
f 156/129/7 162/130/7 163/131/7 157/132/7
f 157/133/82 163/134/82 164/135/82 158/136/82
f 158/137/83 164/138/83 165/139/83 159/140/83
f 159/140/84 165/139/84 166/141/84 160/142/84
f 160/142/85 166/141/85 167/143/85 161/144/85
f 161/136/86 167/135/86 162/134/86 156/133/86
f 162/130/7 168/145/7 169/146/7 163/131/7
f 163/134/82 169/147/82 170/148/82 164/135/82
f 164/138/83 170/149/83 171/150/83 165/139/83
f 165/139/84 171/150/84 172/151/84 166/141/84
f 166/141/85 172/151/85 173/152/85 167/143/85
f 167/135/86 173/148/86 168/147/86 162/134/86
f 168/145/7 174/121/7 175/122/7 169/146/7
f 169/147/82 175/123/82 176/124/82 170/148/82
f 170/149/83 176/125/83 177/126/83 171/150/83
f 171/150/84 177/126/84 178/127/84 172/151/84
f 172/151/85 178/127/85 179/128/85 173/152/85
f 173/148/86 179/124/86 174/123/86 168/147/86
f 174/129/7 180/153/7 181/154/7 175/132/7
f 175/133/82 181/155/82 182/156/82 176/136/82
f 176/137/83 182/157/83 183/158/83 177/140/83
f 177/140/84 183/158/84 184/159/84 178/142/84
f 178/142/85 184/159/85 185/160/85 179/144/85
f 179/136/86 185/156/86 180/155/86 174/133/86
f 180/153/7 186/161/7 187/162/7 181/154/7
f 181/155/82 187/163/82 188/164/82 182/156/82
f 182/157/83 188/165/83 189/166/83 183/158/83
f 183/158/84 189/166/84 190/167/84 184/159/84
f 184/159/85 190/167/85 191/168/85 185/160/85
f 185/156/86 191/164/86 186/163/86 180/155/86
f 186/161/7 192/169/7 193/170/7 187/162/7
f 187/163/82 193/171/82 194/172/82 188/164/82
f 188/165/83 194/173/83 195/174/83 189/166/83
f 189/166/84 195/174/84 196/175/84 190/167/84
f 190/167/85 196/175/85 197/176/85 191/168/85
f 191/164/86 197/172/86 192/171/86 186/163/86
f 192/169/7 198/177/7 199/178/7 193/170/7
f 193/171/82 199/179/82 200/180/82 194/172/82
f 194/173/83 200/181/83 201/182/83 195/174/83
f 195/174/84 201/182/84 202/183/84 196/175/84
f 196/175/85 202/183/85 203/184/85 197/176/85
f 197/172/86 203/180/86 198/179/86 192/171/86
f 198/177/7 204/121/7 205/122/7 199/178/7
f 199/179/82 205/123/82 206/124/82 200/180/82
f 200/181/83 206/125/83 207/126/83 201/182/83
f 201/182/84 207/126/84 208/127/84 202/183/84
f 202/183/85 208/127/85 209/128/85 203/184/85
f 203/180/86 209/124/86 204/123/86 198/179/86
f 204/129/7 210/185/7 211/186/7 205/132/7
f 205/133/82 211/187/82 212/188/82 206/136/82
f 206/137/83 212/189/83 213/190/83 207/140/83
f 207/140/84 213/190/84 214/191/84 208/142/84
f 208/142/85 214/191/85 215/192/85 209/144/85
f 209/136/86 215/188/86 210/187/86 204/133/86
f 210/185/7 216/130/7 217/131/7 211/186/7
f 211/187/82 217/134/82 218/135/82 212/188/82
f 212/189/83 218/138/83 219/139/83 213/190/83
f 213/190/84 219/139/84 220/141/84 214/191/84
f 214/191/85 220/141/85 221/143/85 215/192/85
f 215/188/86 221/135/86 216/134/86 210/187/86
f 216/130/7 222/193/7 223/194/7 217/131/7
f 217/134/82 223/195/82 224/196/82 218/135/82
f 218/138/83 224/197/83 225/198/83 219/139/83
f 219/139/84 225/198/84 226/199/84 220/141/84
f 220/141/85 226/199/85 227/200/85 221/143/85
f 221/135/86 227/196/86 222/195/86 216/134/86
f 222/193/7 228/201/7 229/202/7 223/194/7
f 223/195/82 229/203/82 230/204/82 224/196/82
f 224/197/83 230/205/83 231/206/83 225/198/83
f 225/198/84 231/206/84 232/207/84 226/199/84
f 226/199/85 232/207/85 233/208/85 227/200/85
f 227/196/86 233/204/86 228/203/86 222/195/86
f 228/201/7 234/121/7 235/122/7 229/202/7
f 229/203/82 235/123/82 236/124/82 230/204/82
f 230/205/83 236/125/83 237/126/83 231/206/83
f 231/206/84 237/126/84 238/127/84 232/207/84
f 232/207/85 238/127/85 239/128/85 233/208/85
f 233/204/86 239/124/86 234/123/86 228/203/86
f 234/129/7 240/209/7 241/210/7 235/132/7
f 235/133/82 241/211/82 242/212/82 236/136/82
f 236/137/83 242/213/83 243/214/83 237/140/83
f 237/140/84 243/214/84 244/215/84 238/142/84
f 238/142/85 244/215/85 245/216/85 239/144/85
f 239/136/86 245/212/86 240/211/86 234/133/86
f 240/209/7 246/169/7 247/170/7 241/210/7
f 241/211/82 247/171/82 248/172/82 242/212/82
f 242/213/83 248/173/83 249/174/83 243/214/83
f 243/214/84 249/174/84 250/175/84 244/215/84
f 244/215/85 250/175/85 251/176/85 245/216/85
f 245/212/86 251/172/86 246/171/86 240/211/86
f 246/169/7 252/121/7 253/122/7 247/170/7
f 247/171/82 253/123/82 254/124/82 248/172/82
f 248/173/83 254/125/83 255/126/83 249/174/83
f 249/174/84 255/126/84 256/127/84 250/175/84
f 250/175/85 256/127/85 257/128/85 251/176/85
f 251/172/86 257/124/86 252/123/86 246/171/86
f 252/129/7 258/217/7 259/218/7 253/132/7
f 253/133/91 259/219/91 260/220/91 254/136/91
f 254/137/92 260/221/92 261/222/92 255/140/92
f 255/140/84 261/222/84 262/223/84 256/142/84
f 256/142/93 262/223/93 263/224/93 257/144/93
f 257/136/94 263/220/94 258/219/94 252/133/94
f 258/217/7 264/225/7 265/226/7 259/218/7
f 259/219/82 265/227/82 266/228/82 260/220/82
f 260/221/83 266/229/83 267/230/83 261/222/83
f 261/222/84 267/230/84 268/231/84 262/223/84
f 262/223/85 268/231/85 269/232/85 263/224/85
f 263/220/86 269/228/86 264/227/86 258/219/86
f 155/233/95 144/234/95 147/235/95
f 155/233/95 147/235/95 149/236/95
f 155/233/95 149/236/95 151/237/95
f 151/237/95 153/238/95 155/233/95
f 264/234/96 269/233/96 268/238/96
f 264/234/96 268/238/96 267/237/96
f 264/234/96 267/237/96 266/236/96
f 266/236/96 265/235/96 264/234/96
g fastener_left
usemtl mat
f 270/239/7 271/240/7 272/241/7
f 270/239/7 272/241/7 273/242/7
f 270/239/7 273/242/7 274/243/7
f 270/239/7 274/243/7 275/244/7
f 270/239/7 275/244/7 276/245/7
f 276/245/7 277/246/7 270/239/7
f 278/247/5 279/248/5 272/249/5 271/250/5
f 279/247/97 280/248/97 273/249/97 272/250/97
f 280/247/96 281/248/96 274/249/96 273/250/96
f 281/247/98 282/248/98 275/249/98 274/250/98
f 282/247/6 283/248/6 276/249/6 275/250/6
f 283/247/99 284/248/99 277/249/99 276/250/99
f 284/247/95 285/248/95 270/249/95 277/250/95
f 285/247/100 278/248/100 271/249/100 270/250/100
f 286/251/84 287/252/84 288/253/84
f 286/251/84 288/253/84 289/254/84
f 286/251/84 289/254/84 290/255/84
f 286/251/84 290/255/84 291/256/84
f 286/251/84 291/256/84 292/257/84
f 292/257/84 293/258/84 286/251/84
f 286/259/5 293/260/5 294/261/5 295/262/5
f 293/259/97 292/260/97 296/261/97 294/262/97
f 292/259/96 291/260/96 297/261/96 296/262/96
f 291/259/98 290/260/98 298/261/98 297/262/98
f 290/259/6 289/260/6 299/261/6 298/262/6
f 289/259/99 288/260/99 300/261/99 299/262/99
f 288/259/95 287/260/95 301/261/95 300/262/95
f 287/259/100 286/260/100 295/261/100 301/262/100
f 302/263/7 303/264/7 304/265/7
f 302/263/7 304/265/7 305/266/7
f 302/263/7 305/266/7 306/267/7
f 302/263/7 306/267/7 307/268/7
f 302/263/7 307/268/7 308/269/7
f 308/269/7 309/270/7 302/263/7
f 310/264/84 311/263/84 312/270/84
f 310/264/84 312/270/84 313/269/84
f 310/264/84 313/269/84 314/268/84
f 310/264/84 314/268/84 315/267/84
f 310/264/84 315/267/84 316/266/84
f 316/266/84 317/265/84 310/264/84
f 310/271/5 317/272/5 304/273/5 303/274/5
f 317/271/97 316/272/97 305/273/97 304/274/97
f 316/271/96 315/272/96 306/273/96 305/274/96
f 315/271/98 314/272/98 307/273/98 306/274/98
f 314/271/6 313/272/6 308/273/6 307/274/6
f 313/271/99 312/272/99 309/273/99 308/274/99
f 312/271/95 311/272/95 302/273/95 309/274/95
f 311/271/100 310/272/100 303/273/100 302/274/100
f 318/275/7 319/276/7 320/277/7
f 318/275/7 320/277/7 321/278/7
f 318/275/7 321/278/7 322/279/7
f 318/275/7 322/279/7 323/280/7
f 318/275/7 323/280/7 324/281/7
f 324/281/7 325/282/7 318/275/7
f 326/276/84 327/275/84 328/282/84
f 326/276/84 328/282/84 329/281/84
f 326/276/84 329/281/84 330/280/84
f 326/276/84 330/280/84 331/279/84
f 326/276/84 331/279/84 332/278/84
f 332/278/84 333/277/84 326/276/84
f 326/247/5 333/248/5 320/249/5 319/250/5
f 333/247/97 332/248/97 321/249/97 320/250/97
f 332/247/96 331/248/96 322/249/96 321/250/96
f 331/247/98 330/248/98 323/249/98 322/250/98
f 330/247/6 329/248/6 324/249/6 323/250/6
f 329/247/99 328/248/99 325/249/99 324/250/99
f 328/247/95 327/248/95 318/249/95 325/250/95
f 327/247/100 326/248/100 319/249/100 318/250/100
f 334/283/6 335/271/6 336/284/6
f 334/283/6 336/284/6 337/285/6
f 334/283/6 337/285/6 338/286/6
f 338/286/6 339/287/6 340/273/6
f 334/283/6 338/286/6 340/273/6
f 340/273/6 341/288/6 342/289/6
f 340/273/6 342/289/6 334/283/6
f 343/271/5 344/283/5 345/289/5
f 345/289/5 346/288/5 347/273/5
f 343/271/5 345/289/5 347/273/5
f 347/273/5 348/287/5 349/286/5
f 347/273/5 349/286/5 350/285/5
f 347/273/5 350/285/5 351/284/5
f 347/273/5 351/284/5 343/271/5
f 344/271/101 345/272/101 342/273/101 334/274/101
f 345/271/102 346/272/102 341/273/102 342/274/102
f 346/271/7 347/272/7 340/273/7 341/274/7
f 347/271/95 348/272/95 339/273/95 340/274/95
f 348/271/84 349/272/84 338/273/84 339/274/84
f 349/271/103 350/272/103 337/273/103 338/274/103
f 350/271/84 351/272/84 336/273/84 337/274/84
f 351/271/104 343/272/104 335/273/104 336/274/104
f 343/271/96 344/272/96 334/273/96 335/274/96
f 352/290/7 353/291/7 354/292/7
f 352/290/7 354/292/7 355/293/7
f 352/290/7 355/293/7 356/294/7
f 356/294/7 357/295/7 352/290/7
f 358/291/84 359/290/84 360/295/84
f 358/291/84 360/295/84 361/294/84
f 358/291/84 361/294/84 362/293/84
f 362/293/84 363/292/84 358/291/84
f 358/271/105 363/296/105 354/297/105 353/274/105
f 363/296/6 362/298/6 355/299/6 354/297/6
f 362/298/106 361/300/106 356/301/106 355/299/106
f 361/300/107 360/302/107 357/303/107 356/301/107
f 360/302/5 359/304/5 352/305/5 357/303/5
f 359/304/108 358/272/108 353/273/108 352/305/108
f 364/306/7 365/291/7 366/307/7
f 364/306/7 366/307/7 367/300/7
f 364/306/7 367/300/7 368/308/7
f 364/306/7 368/308/7 369/294/7
f 364/306/7 369/294/7 370/309/7
f 370/309/7 371/301/7 364/306/7
f 372/291/84 373/306/84 374/301/84
f 372/291/84 374/301/84 375/309/84
f 372/291/84 375/309/84 376/294/84
f 372/291/84 376/294/84 377/308/84
f 372/291/84 377/308/84 378/300/84
f 378/300/84 379/307/84 372/291/84
f 372/271/109 379/310/109 366/311/109 365/274/109
f 379/310/110 378/312/110 367/313/110 366/311/110
f 378/312/111 377/314/111 368/315/111 367/313/111
f 377/314/112 376/300/112 369/301/112 368/315/112
f 376/300/113 375/316/113 370/317/113 369/301/113
f 375/316/114 374/318/114 371/319/114 370/317/114
f 374/318/115 373/320/115 364/321/115 371/319/115
f 373/320/116 372/272/116 365/273/116 364/321/116
f 380/290/7 381/291/7 382/292/7
f 380/290/7 382/292/7 383/293/7
f 380/290/7 383/293/7 384/294/7
f 384/294/7 385/295/7 380/290/7
f 386/291/84 387/290/84 388/295/84
f 386/291/84 388/295/84 389/294/84
f 386/291/84 389/294/84 390/293/84
f 390/293/84 391/292/84 386/291/84
f 386/271/105 391/296/105 382/297/105 381/274/105
f 391/296/6 390/298/6 383/299/6 382/297/6
f 390/298/106 389/300/106 384/301/106 383/299/106
f 389/300/107 388/302/107 385/303/107 384/301/107
f 388/302/5 387/304/5 380/305/5 385/303/5
f 387/304/108 386/272/108 381/273/108 380/305/108
f 392/290/7 393/291/7 394/292/7
f 392/290/7 394/292/7 395/293/7
f 392/290/7 395/293/7 396/294/7
f 396/294/7 397/295/7 392/290/7
f 398/291/84 399/290/84 400/295/84
f 398/291/84 400/295/84 401/294/84
f 398/291/84 401/294/84 402/293/84
f 402/293/84 403/292/84 398/291/84
f 398/271/105 403/296/105 394/297/105 393/274/105
f 403/296/6 402/298/6 395/299/6 394/297/6
f 402/298/106 401/300/106 396/301/106 395/299/106
f 401/300/107 400/302/107 397/303/107 396/301/107
f 400/302/5 399/304/5 392/305/5 397/303/5
f 399/304/108 398/272/108 393/273/108 392/305/108
f 404/263/7 405/264/7 406/265/7
f 404/263/7 406/265/7 407/266/7
f 404/263/7 407/266/7 408/267/7
f 404/263/7 408/267/7 409/268/7
f 404/263/7 409/268/7 410/269/7
f 410/269/7 411/270/7 404/263/7
f 412/264/84 413/263/84 414/270/84
f 412/264/84 414/270/84 415/269/84
f 412/264/84 415/269/84 416/268/84
f 412/264/84 416/268/84 417/267/84
f 412/264/84 417/267/84 418/266/84
f 418/266/84 419/265/84 412/264/84
f 412/271/5 419/272/5 406/273/5 405/274/5
f 419/271/97 418/272/97 407/273/97 406/274/97
f 418/271/96 417/272/96 408/273/96 407/274/96
f 417/271/98 416/272/98 409/273/98 408/274/98
f 416/271/6 415/272/6 410/273/6 409/274/6
f 415/271/99 414/272/99 411/273/99 410/274/99
f 414/271/95 413/272/95 404/273/95 411/274/95
f 413/271/100 412/272/100 405/273/100 404/274/100
f 420/275/7 421/276/7 422/277/7
f 420/275/7 422/277/7 423/278/7
f 420/275/7 423/278/7 424/279/7
f 420/275/7 424/279/7 425/280/7
f 420/275/7 425/280/7 426/281/7
f 426/281/7 427/282/7 420/275/7
f 428/276/84 429/275/84 430/282/84
f 428/276/84 430/282/84 431/281/84
f 428/276/84 431/281/84 432/280/84
f 428/276/84 432/280/84 433/279/84
f 428/276/84 433/279/84 434/278/84
f 434/278/84 435/277/84 428/276/84
f 428/247/5 435/248/5 422/249/5 421/250/5
f 435/247/97 434/248/97 423/249/97 422/250/97
f 434/247/96 433/248/96 424/249/96 423/250/96
f 433/247/98 432/248/98 425/249/98 424/250/98
f 432/247/6 431/248/6 426/249/6 425/250/6
f 431/247/99 430/248/99 427/249/99 426/250/99
f 430/247/95 429/248/95 420/249/95 427/250/95
f 429/247/100 428/248/100 421/249/100 420/250/100
f 436/271/6 437/283/6 438/289/6
f 438/289/6 439/288/6 440/273/6
f 436/271/6 438/289/6 440/273/6
f 440/273/6 441/287/6 442/286/6
f 440/273/6 442/286/6 443/285/6
f 440/273/6 443/285/6 444/284/6
f 440/273/6 444/284/6 436/271/6
f 445/283/5 446/271/5 447/284/5
f 445/283/5 447/284/5 448/285/5
f 445/283/5 448/285/5 449/286/5
f 449/286/5 450/287/5 451/273/5
f 445/283/5 449/286/5 451/273/5
f 451/273/5 452/288/5 453/289/5
f 451/273/5 453/289/5 445/283/5
f 437/274/117 438/273/117 453/272/117 445/271/117
f 438/274/118 439/273/118 452/272/118 453/271/118
f 439/274/7 440/273/7 451/272/7 452/271/7
f 440/274/96 441/273/96 450/272/96 451/271/96
f 441/274/84 442/273/84 449/272/84 450/271/84
f 442/274/119 443/273/119 448/272/119 449/271/119
f 443/274/84 444/273/84 447/272/84 448/271/84
f 444/274/120 436/273/120 446/272/120 447/271/120
f 436/274/95 437/273/95 445/272/95 446/271/95
f 454/290/7 455/291/7 456/292/7
f 454/290/7 456/292/7 457/293/7
f 454/290/7 457/293/7 458/294/7
f 458/294/7 459/295/7 454/290/7
f 460/291/84 461/290/84 462/295/84
f 460/291/84 462/295/84 463/294/84
f 460/291/84 463/294/84 464/293/84
f 464/293/84 465/292/84 460/291/84
f 460/271/105 465/296/105 456/297/105 455/274/105
f 465/296/6 464/298/6 457/299/6 456/297/6
f 464/298/106 463/300/106 458/301/106 457/299/106
f 463/300/107 462/302/107 459/303/107 458/301/107
f 462/302/5 461/304/5 454/305/5 459/303/5
f 461/304/108 460/272/108 455/273/108 454/305/108
f 466/306/7 467/291/7 468/307/7
f 466/306/7 468/307/7 469/300/7
f 466/306/7 469/300/7 470/308/7
f 466/306/7 470/308/7 471/294/7
f 466/306/7 471/294/7 472/309/7
f 472/309/7 473/301/7 466/306/7
f 474/291/84 475/306/84 476/301/84
f 474/291/84 476/301/84 477/309/84
f 474/291/84 477/309/84 478/294/84
f 474/291/84 478/294/84 479/308/84
f 474/291/84 479/308/84 480/300/84
f 480/300/84 481/307/84 474/291/84
f 474/271/109 481/310/109 468/311/109 467/274/109
f 481/310/110 480/312/110 469/313/110 468/311/110
f 480/312/111 479/314/111 470/315/111 469/313/111
f 479/314/112 478/300/112 471/301/112 470/315/112
f 478/300/113 477/316/113 472/317/113 471/301/113
f 477/316/114 476/318/114 473/319/114 472/317/114
f 476/318/115 475/320/115 466/321/115 473/319/115
f 475/320/116 474/272/116 467/273/116 466/321/116
f 482/290/7 483/291/7 484/292/7
f 482/290/7 484/292/7 485/293/7
f 482/290/7 485/293/7 486/294/7
f 486/294/7 487/295/7 482/290/7
f 488/291/84 489/290/84 490/295/84
f 488/291/84 490/295/84 491/294/84
f 488/291/84 491/294/84 492/293/84
f 492/293/84 493/292/84 488/291/84
f 488/271/105 493/296/105 484/297/105 483/274/105
f 493/296/6 492/298/6 485/299/6 484/297/6
f 492/298/106 491/300/106 486/301/106 485/299/106
f 491/300/107 490/302/107 487/303/107 486/301/107
f 490/302/5 489/304/5 482/305/5 487/303/5
f 489/304/108 488/272/108 483/273/108 482/305/108
f 494/290/7 495/291/7 496/292/7
f 494/290/7 496/292/7 497/293/7
f 494/290/7 497/293/7 498/294/7
f 498/294/7 499/295/7 494/290/7
f 500/291/84 501/290/84 502/295/84
f 500/291/84 502/295/84 503/294/84
f 500/291/84 503/294/84 504/293/84
f 504/293/84 505/292/84 500/291/84
f 500/271/105 505/296/105 496/297/105 495/274/105
f 505/296/6 504/298/6 497/299/6 496/297/6
f 504/298/106 503/300/106 498/301/106 497/299/106
f 503/300/107 502/302/107 499/303/107 498/301/107
f 502/302/5 501/304/5 494/305/5 499/303/5
f 501/304/108 500/272/108 495/273/108 494/305/108
g rail_left
usemtl mat
f 506/322/96 507/323/96 508/324/96 509/325/96
f 507/323/121 510/326/121 511/327/121 508/324/121
f 510/326/122 512/328/122 513/329/122 511/327/122
f 512/328/123 514/330/123 515/331/123 513/329/123
f 514/330/124 516/332/124 517/333/124 515/331/124
f 516/332/96 518/334/96 519/335/96 517/333/96
f 518/334/125 520/336/125 521/337/125 519/335/125
f 520/336/126 522/338/126 523/339/126 521/337/126
f 522/338/127 524/340/127 525/341/127 523/339/127
f 524/340/128 526/342/128 527/343/128 525/341/128
f 526/342/96 528/344/96 529/345/96 527/343/96
f 528/344/129 530/346/129 531/347/129 529/345/129
f 530/348/130 532/349/130 533/350/130 531/351/130
f 532/349/84 534/352/84 535/353/84 533/350/84
f 534/352/131 536/354/131 537/355/131 535/353/131
f 536/346/132 538/344/132 539/345/132 537/347/132
f 538/344/95 540/342/95 541/343/95 539/345/95
f 540/342/133 542/340/133 543/341/133 541/343/133
f 542/340/134 544/338/134 545/339/134 543/341/134
f 544/338/135 546/336/135 547/337/135 545/339/135
f 546/336/136 548/334/136 549/335/136 547/337/136
f 548/334/95 550/332/95 551/333/95 549/335/95
f 550/332/137 552/330/137 553/331/137 551/333/137
f 552/330/138 554/328/138 555/329/138 553/331/138
f 554/328/139 556/326/139 557/327/139 555/329/139
f 556/326/140 558/323/140 559/324/140 557/327/140
f 558/323/95 560/322/95 561/325/95 559/324/95
f 560/322/7 506/356/7 509/357/7 561/325/7
g rail_left_end
usemtl mat
f 506/358/5 560/359/5 558/360/5
f 506/358/5 558/360/5 556/361/5
f 506/358/5 556/361/5 554/362/5
f 506/358/5 554/362/5 552/363/5
f 546/364/5 544/365/5 542/366/5
f 546/364/5 542/366/5 540/367/5
f 546/364/5 540/367/5 538/368/5
f 546/364/5 538/368/5 536/369/5
f 546/364/5 536/369/5 534/370/5
f 548/371/5 546/364/5 534/370/5
f 548/371/5 534/370/5 532/372/5
f 548/371/5 532/372/5 530/373/5
f 548/371/5 530/373/5 528/374/5
f 548/371/5 528/374/5 526/375/5
f 548/371/5 526/375/5 524/376/5
f 524/376/5 522/377/5 520/378/5
f 548/371/5 524/376/5 520/378/5
f 548/371/5 520/378/5 518/379/5
f 550/380/5 548/371/5 518/379/5
f 552/363/5 550/380/5 518/379/5
f 552/363/5 518/379/5 516/381/5
f 552/363/5 516/381/5 514/382/5
f 552/363/5 514/382/5 512/383/5
f 506/358/5 552/363/5 512/383/5
f 506/358/5 512/383/5 510/384/5
f 510/384/5 507/385/5 506/358/5
f 561/359/6 509/358/6 508/385/6
f 561/359/6 508/385/6 511/384/6
f 561/359/6 511/384/6 513/383/6
f 561/359/6 513/383/6 515/382/6
f 521/378/6 523/377/6 525/376/6
f 521/378/6 525/376/6 527/375/6
f 521/378/6 527/375/6 529/374/6
f 521/378/6 529/374/6 531/373/6
f 521/378/6 531/373/6 533/372/6
f 519/379/6 521/378/6 533/372/6
f 519/379/6 533/372/6 535/370/6
f 519/379/6 535/370/6 537/369/6
f 519/379/6 537/369/6 539/368/6
f 519/379/6 539/368/6 541/367/6
f 519/379/6 541/367/6 543/366/6
f 543/366/6 545/365/6 547/364/6
f 519/379/6 543/366/6 547/364/6
f 519/379/6 547/364/6 549/371/6
f 517/381/6 519/379/6 549/371/6
f 515/382/6 517/381/6 549/371/6
f 515/382/6 549/371/6 551/380/6
f 515/382/6 551/380/6 553/363/6
f 515/382/6 553/363/6 555/362/6
f 561/359/6 515/382/6 555/362/6
f 561/359/6 555/362/6 557/361/6
f 557/361/6 559/360/6 561/359/6
g fastener_right
usemtl mat
f 562/239/7 563/240/7 564/241/7
f 562/239/7 564/241/7 565/242/7
f 562/239/7 565/242/7 566/243/7
f 562/239/7 566/243/7 567/244/7
f 562/239/7 567/244/7 568/245/7
f 568/245/7 569/246/7 562/239/7
f 570/247/5 571/248/5 564/249/5 563/250/5
f 571/247/97 572/248/97 565/249/97 564/250/97
f 572/247/96 573/248/96 566/249/96 565/250/96
f 573/247/98 574/248/98 567/249/98 566/250/98
f 574/247/6 575/248/6 568/249/6 567/250/6
f 575/247/99 576/248/99 569/249/99 568/250/99
f 576/247/95 577/248/95 562/249/95 569/250/95
f 577/247/100 570/248/100 563/249/100 562/250/100
f 578/251/84 579/252/84 580/253/84
f 578/251/84 580/253/84 581/254/84
f 578/251/84 581/254/84 582/255/84
f 578/251/84 582/255/84 583/256/84
f 578/251/84 583/256/84 584/257/84
f 584/257/84 585/258/84 578/251/84
f 578/259/5 585/260/5 586/261/5 587/262/5
f 585/259/97 584/260/97 588/261/97 586/262/97
f 584/259/96 583/260/96 589/261/96 588/262/96
f 583/259/98 582/260/98 590/261/98 589/262/98
f 582/259/6 581/260/6 591/261/6 590/262/6
f 581/259/99 580/260/99 592/261/99 591/262/99
f 580/259/95 579/260/95 593/261/95 592/262/95
f 579/259/100 578/260/100 587/261/100 593/262/100
f 594/263/7 595/264/7 596/265/7
f 594/263/7 596/265/7 597/266/7
f 594/263/7 597/266/7 598/267/7
f 594/263/7 598/267/7 599/268/7
f 594/263/7 599/268/7 600/269/7
f 600/269/7 601/270/7 594/263/7
f 602/264/84 603/263/84 604/270/84
f 602/264/84 604/270/84 605/269/84
f 602/264/84 605/269/84 606/268/84
f 602/264/84 606/268/84 607/267/84
f 602/264/84 607/267/84 608/266/84
f 608/266/84 609/265/84 602/264/84
f 602/271/5 609/272/5 596/273/5 595/274/5
f 609/271/97 608/272/97 597/273/97 596/274/97
f 608/271/96 607/272/96 598/273/96 597/274/96
f 607/271/98 606/272/98 599/273/98 598/274/98
f 606/271/6 605/272/6 600/273/6 599/274/6
f 605/271/99 604/272/99 601/273/99 600/274/99
f 604/271/95 603/272/95 594/273/95 601/274/95
f 603/271/100 602/272/100 595/273/100 594/274/100
f 610/275/7 611/276/7 612/277/7
f 610/275/7 612/277/7 613/278/7
f 610/275/7 613/278/7 614/279/7
f 610/275/7 614/279/7 615/280/7
f 610/275/7 615/280/7 616/281/7
f 616/281/7 617/282/7 610/275/7
f 618/276/84 619/275/84 620/282/84
f 618/276/84 620/282/84 621/281/84
f 618/276/84 621/281/84 622/280/84
f 618/276/84 622/280/84 623/279/84
f 618/276/84 623/279/84 624/278/84
f 624/278/84 625/277/84 618/276/84
f 618/247/5 625/248/5 612/249/5 611/250/5
f 625/247/97 624/248/97 613/249/97 612/250/97
f 624/247/96 623/248/96 614/249/96 613/250/96
f 623/247/98 622/248/98 615/249/98 614/250/98
f 622/247/6 621/248/6 616/249/6 615/250/6
f 621/247/99 620/248/99 617/249/99 616/250/99
f 620/247/95 619/248/95 610/249/95 617/250/95
f 619/247/100 618/248/100 611/249/100 610/250/100
f 626/283/6 627/271/6 628/284/6
f 626/283/6 628/284/6 629/285/6
f 626/283/6 629/285/6 630/286/6
f 630/286/6 631/287/6 632/273/6
f 626/283/6 630/286/6 632/273/6
f 632/273/6 633/288/6 634/289/6
f 632/273/6 634/289/6 626/283/6
f 635/271/5 636/283/5 637/289/5
f 637/289/5 638/288/5 639/273/5
f 635/271/5 637/289/5 639/273/5
f 639/273/5 640/287/5 641/286/5
f 639/273/5 641/286/5 642/285/5
f 639/273/5 642/285/5 643/284/5
f 639/273/5 643/284/5 635/271/5
f 636/271/101 637/272/101 634/273/101 626/274/101
f 637/271/102 638/272/102 633/273/102 634/274/102
f 638/271/7 639/272/7 632/273/7 633/274/7
f 639/271/95 640/272/95 631/273/95 632/274/95
f 640/271/84 641/272/84 630/273/84 631/274/84
f 641/271/103 642/272/103 629/273/103 630/274/103
f 642/271/84 643/272/84 628/273/84 629/274/84
f 643/271/104 635/272/104 627/273/104 628/274/104
f 635/271/96 636/272/96 626/273/96 627/274/96
f 644/290/7 645/291/7 646/292/7
f 644/290/7 646/292/7 647/293/7
f 644/290/7 647/293/7 648/294/7
f 648/294/7 649/295/7 644/290/7
f 650/291/84 651/290/84 652/295/84
f 650/291/84 652/295/84 653/294/84
f 650/291/84 653/294/84 654/293/84
f 654/293/84 655/292/84 650/291/84
f 650/271/105 655/296/105 646/297/105 645/274/105
f 655/296/6 654/298/6 647/299/6 646/297/6
f 654/298/106 653/300/106 648/301/106 647/299/106
f 653/300/107 652/302/107 649/303/107 648/301/107
f 652/302/5 651/304/5 644/305/5 649/303/5
f 651/304/108 650/272/108 645/273/108 644/305/108
f 656/306/7 657/291/7 658/307/7
f 656/306/7 658/307/7 659/300/7
f 656/306/7 659/300/7 660/308/7
f 656/306/7 660/308/7 661/294/7
f 656/306/7 661/294/7 662/309/7
f 662/309/7 663/301/7 656/306/7
f 664/291/84 665/306/84 666/301/84
f 664/291/84 666/301/84 667/309/84
f 664/291/84 667/309/84 668/294/84
f 664/291/84 668/294/84 669/308/84
f 664/291/84 669/308/84 670/300/84
f 670/300/84 671/307/84 664/291/84
f 664/271/109 671/310/109 658/311/109 657/274/109
f 671/310/110 670/312/110 659/313/110 658/311/110
f 670/312/111 669/314/111 660/315/111 659/313/111
f 669/314/112 668/300/112 661/301/112 660/315/112
f 668/300/113 667/316/113 662/317/113 661/301/113
f 667/316/114 666/318/114 663/319/114 662/317/114
f 666/318/115 665/320/115 656/321/115 663/319/115
f 665/320/116 664/272/116 657/273/116 656/321/116
f 672/290/7 673/291/7 674/292/7
f 672/290/7 674/292/7 675/293/7
f 672/290/7 675/293/7 676/294/7
f 676/294/7 677/295/7 672/290/7
f 678/291/84 679/290/84 680/295/84
f 678/291/84 680/295/84 681/294/84
f 678/291/84 681/294/84 682/293/84
f 682/293/84 683/292/84 678/291/84
f 678/271/105 683/296/105 674/297/105 673/274/105
f 683/296/6 682/298/6 675/299/6 674/297/6
f 682/298/106 681/300/106 676/301/106 675/299/106
f 681/300/107 680/302/107 677/303/107 676/301/107
f 680/302/5 679/304/5 672/305/5 677/303/5
f 679/304/108 678/272/108 673/273/108 672/305/108
f 684/290/7 685/291/7 686/292/7
f 684/290/7 686/292/7 687/293/7
f 684/290/7 687/293/7 688/294/7
f 688/294/7 689/295/7 684/290/7
f 690/291/84 691/290/84 692/295/84
f 690/291/84 692/295/84 693/294/84
f 690/291/84 693/294/84 694/293/84
f 694/293/84 695/292/84 690/291/84
f 690/271/105 695/296/105 686/297/105 685/274/105
f 695/296/6 694/298/6 687/299/6 686/297/6
f 694/298/106 693/300/106 688/301/106 687/299/106
f 693/300/107 692/302/107 689/303/107 688/301/107
f 692/302/5 691/304/5 684/305/5 689/303/5
f 691/304/108 690/272/108 685/273/108 684/305/108
f 696/263/7 697/264/7 698/265/7
f 696/263/7 698/265/7 699/266/7
f 696/263/7 699/266/7 700/267/7
f 696/263/7 700/267/7 701/268/7
f 696/263/7 701/268/7 702/269/7
f 702/269/7 703/270/7 696/263/7
f 704/264/84 705/263/84 706/270/84
f 704/264/84 706/270/84 707/269/84
f 704/264/84 707/269/84 708/268/84
f 704/264/84 708/268/84 709/267/84
f 704/264/84 709/267/84 710/266/84
f 710/266/84 711/265/84 704/264/84
f 704/271/5 711/272/5 698/273/5 697/274/5
f 711/271/97 710/272/97 699/273/97 698/274/97
f 710/271/96 709/272/96 700/273/96 699/274/96
f 709/271/98 708/272/98 701/273/98 700/274/98
f 708/271/6 707/272/6 702/273/6 701/274/6
f 707/271/99 706/272/99 703/273/99 702/274/99
f 706/271/95 705/272/95 696/273/95 703/274/95
f 705/271/100 704/272/100 697/273/100 696/274/100
f 712/275/7 713/276/7 714/277/7
f 712/275/7 714/277/7 715/278/7
f 712/275/7 715/278/7 716/279/7
f 712/275/7 716/279/7 717/280/7
f 712/275/7 717/280/7 718/281/7
f 718/281/7 719/282/7 712/275/7
f 720/276/84 721/275/84 722/282/84
f 720/276/84 722/282/84 723/281/84
f 720/276/84 723/281/84 724/280/84
f 720/276/84 724/280/84 725/279/84
f 720/276/84 725/279/84 726/278/84
f 726/278/84 727/277/84 720/276/84
f 720/247/5 727/248/5 714/249/5 713/250/5
f 727/247/97 726/248/97 715/249/97 714/250/97
f 726/247/96 725/248/96 716/249/96 715/250/96
f 725/247/98 724/248/98 717/249/98 716/250/98
f 724/247/6 723/248/6 718/249/6 717/250/6
f 723/247/99 722/248/99 719/249/99 718/250/99
f 722/247/95 721/248/95 712/249/95 719/250/95
f 721/247/100 720/248/100 713/249/100 712/250/100
f 728/271/6 729/283/6 730/289/6
f 730/289/6 731/288/6 732/273/6
f 728/271/6 730/289/6 732/273/6
f 732/273/6 733/287/6 734/286/6
f 732/273/6 734/286/6 735/285/6
f 732/273/6 735/285/6 736/284/6
f 732/273/6 736/284/6 728/271/6
f 737/283/5 738/271/5 739/284/5
f 737/283/5 739/284/5 740/285/5
f 737/283/5 740/285/5 741/286/5
f 741/286/5 742/287/5 743/273/5
f 737/283/5 741/286/5 743/273/5
f 743/273/5 744/288/5 745/289/5
f 743/273/5 745/289/5 737/283/5
f 729/274/117 730/273/117 745/272/117 737/271/117
f 730/274/118 731/273/118 744/272/118 745/271/118
f 731/274/7 732/273/7 743/272/7 744/271/7
f 732/274/96 733/273/96 742/272/96 743/271/96
f 733/274/84 734/273/84 741/272/84 742/271/84
f 734/274/119 735/273/119 740/272/119 741/271/119
f 735/274/84 736/273/84 739/272/84 740/271/84
f 736/274/120 728/273/120 738/272/120 739/271/120
f 728/274/95 729/273/95 737/272/95 738/271/95
f 746/290/7 747/291/7 748/292/7
f 746/290/7 748/292/7 749/293/7
f 746/290/7 749/293/7 750/294/7
f 750/294/7 751/295/7 746/290/7
f 752/291/84 753/290/84 754/295/84
f 752/291/84 754/295/84 755/294/84
f 752/291/84 755/294/84 756/293/84
f 756/293/84 757/292/84 752/291/84
f 752/271/105 757/296/105 748/297/105 747/274/105
f 757/296/6 756/298/6 749/299/6 748/297/6
f 756/298/106 755/300/106 750/301/106 749/299/106
f 755/300/107 754/302/107 751/303/107 750/301/107
f 754/302/5 753/304/5 746/305/5 751/303/5
f 753/304/108 752/272/108 747/273/108 746/305/108
f 758/306/7 759/291/7 760/307/7
f 758/306/7 760/307/7 761/300/7
f 758/306/7 761/300/7 762/308/7
f 758/306/7 762/308/7 763/294/7
f 758/306/7 763/294/7 764/309/7
f 764/309/7 765/301/7 758/306/7
f 766/291/84 767/306/84 768/301/84
f 766/291/84 768/301/84 769/309/84
f 766/291/84 769/309/84 770/294/84
f 766/291/84 770/294/84 771/308/84
f 766/291/84 771/308/84 772/300/84
f 772/300/84 773/307/84 766/291/84
f 766/271/109 773/310/109 760/311/109 759/274/109
f 773/310/110 772/312/110 761/313/110 760/311/110
f 772/312/111 771/314/111 762/315/111 761/313/111
f 771/314/112 770/300/112 763/301/112 762/315/112
f 770/300/113 769/316/113 764/317/113 763/301/113
f 769/316/114 768/318/114 765/319/114 764/317/114
f 768/318/115 767/320/115 758/321/115 765/319/115
f 767/320/116 766/272/116 759/273/116 758/321/116
f 774/290/7 775/291/7 776/292/7
f 774/290/7 776/292/7 777/293/7
f 774/290/7 777/293/7 778/294/7
f 778/294/7 779/295/7 774/290/7
f 780/291/84 781/290/84 782/295/84
f 780/291/84 782/295/84 783/294/84
f 780/291/84 783/294/84 784/293/84
f 784/293/84 785/292/84 780/291/84
f 780/271/105 785/296/105 776/297/105 775/274/105
f 785/296/6 784/298/6 777/299/6 776/297/6
f 784/298/106 783/300/106 778/301/106 777/299/106
f 783/300/107 782/302/107 779/303/107 778/301/107
f 782/302/5 781/304/5 774/305/5 779/303/5
f 781/304/108 780/272/108 775/273/108 774/305/108
f 786/290/7 787/291/7 788/292/7
f 786/290/7 788/292/7 789/293/7
f 786/290/7 789/293/7 790/294/7
f 790/294/7 791/295/7 786/290/7
f 792/291/84 793/290/84 794/295/84
f 792/291/84 794/295/84 795/294/84
f 792/291/84 795/294/84 796/293/84
f 796/293/84 797/292/84 792/291/84
f 792/271/105 797/296/105 788/297/105 787/274/105
f 797/296/6 796/298/6 789/299/6 788/297/6
f 796/298/106 795/300/106 790/301/106 789/299/106
f 795/300/107 794/302/107 791/303/107 790/301/107
f 794/302/5 793/304/5 786/305/5 791/303/5
f 793/304/108 792/272/108 787/273/108 786/305/108
g rail_right
usemtl mat
f 798/322/96 799/323/96 800/324/96 801/325/96
f 799/323/121 802/326/121 803/327/121 800/324/121
f 802/326/122 804/328/122 805/329/122 803/327/122
f 804/328/123 806/330/123 807/331/123 805/329/123
f 806/330/124 808/332/124 809/333/124 807/331/124
f 808/332/96 810/334/96 811/335/96 809/333/96
f 810/334/125 812/336/125 813/337/125 811/335/125
f 812/336/126 814/338/126 815/339/126 813/337/126
f 814/338/127 816/340/127 817/341/127 815/339/127
f 816/340/128 818/342/128 819/343/128 817/341/128
f 818/342/96 820/344/96 821/345/96 819/343/96
f 820/344/129 822/346/129 823/347/129 821/345/129
f 822/348/130 824/349/130 825/350/130 823/351/130
f 824/349/84 826/352/84 827/353/84 825/350/84
f 826/352/131 828/354/131 829/355/131 827/353/131
f 828/346/132 830/344/132 831/345/132 829/347/132
f 830/344/95 832/342/95 833/343/95 831/345/95
f 832/342/133 834/340/133 835/341/133 833/343/133
f 834/340/134 836/338/134 837/339/134 835/341/134
f 836/338/135 838/336/135 839/337/135 837/339/135
f 838/336/136 840/334/136 841/335/136 839/337/136
f 840/334/95 842/332/95 843/333/95 841/335/95
f 842/332/137 844/330/137 845/331/137 843/333/137
f 844/330/138 846/328/138 847/329/138 845/331/138
f 846/328/139 848/326/139 849/327/139 847/329/139
f 848/326/140 850/323/140 851/324/140 849/327/140
f 850/323/95 852/322/95 853/325/95 851/324/95
f 852/322/7 798/356/7 801/357/7 853/325/7
g rail_right_end
usemtl mat
f 798/358/5 852/359/5 850/360/5
f 798/358/5 850/360/5 848/361/5
f 798/358/5 848/361/5 846/362/5
f 798/358/5 846/362/5 844/363/5
f 838/364/5 836/365/5 834/366/5
f 838/364/5 834/366/5 832/367/5
f 838/364/5 832/367/5 830/368/5
f 838/364/5 830/368/5 828/369/5
f 838/364/5 828/369/5 826/370/5
f 840/371/5 838/364/5 826/370/5
f 840/371/5 826/370/5 824/372/5
f 840/371/5 824/372/5 822/373/5
f 840/371/5 822/373/5 820/374/5
f 840/371/5 820/374/5 818/375/5
f 840/371/5 818/375/5 816/376/5
f 816/376/5 814/377/5 812/378/5
f 840/371/5 816/376/5 812/378/5
f 840/371/5 812/378/5 810/379/5
f 842/380/5 840/371/5 810/379/5
f 844/363/5 842/380/5 810/379/5
f 844/363/5 810/379/5 808/381/5
f 844/363/5 808/381/5 806/382/5
f 844/363/5 806/382/5 804/383/5
f 798/358/5 844/363/5 804/383/5
f 798/358/5 804/383/5 802/384/5
f 802/384/5 799/385/5 798/358/5
f 853/359/6 801/358/6 800/385/6
f 853/359/6 800/385/6 803/384/6
f 853/359/6 803/384/6 805/383/6
f 853/359/6 805/383/6 807/382/6
f 813/378/6 815/377/6 817/376/6
f 813/378/6 817/376/6 819/375/6
f 813/378/6 819/375/6 821/374/6
f 813/378/6 821/374/6 823/373/6
f 813/378/6 823/373/6 825/372/6
f 811/379/6 813/378/6 825/372/6
f 811/379/6 825/372/6 827/370/6
f 811/379/6 827/370/6 829/369/6
f 811/379/6 829/369/6 831/368/6
f 811/379/6 831/368/6 833/367/6
f 811/379/6 833/367/6 835/366/6
f 835/366/6 837/365/6 839/364/6
f 811/379/6 835/366/6 839/364/6
f 811/379/6 839/364/6 841/371/6
f 809/381/6 811/379/6 841/371/6
f 807/382/6 809/381/6 841/371/6
f 807/382/6 841/371/6 843/380/6
f 807/382/6 843/380/6 845/363/6
f 807/382/6 845/363/6 847/362/6
f 853/359/6 807/382/6 847/362/6
f 853/359/6 847/362/6 849/361/6
f 849/361/6 851/360/6 853/359/6
g center_fastener_left
usemtl mat
f 854/386/7 855/387/7 856/388/7
f 854/386/7 856/388/7 857/389/7
f 854/386/7 857/389/7 858/390/7
f 854/386/7 858/390/7 859/391/7
f 854/386/7 859/391/7 860/392/7
f 860/392/7 861/393/7 854/386/7
f 862/387/84 863/386/84 864/393/84
f 862/387/84 864/393/84 865/392/84
f 862/387/84 865/392/84 866/391/84
f 862/387/84 866/391/84 867/390/84
f 862/387/84 867/390/84 868/389/84
f 868/389/84 869/388/84 862/387/84
f 862/271/5 869/272/5 856/273/5 855/274/5
f 869/271/97 868/272/97 857/273/97 856/274/97
f 868/271/96 867/272/96 858/273/96 857/274/96
f 867/271/98 866/272/98 859/273/98 858/274/98
f 866/271/6 865/272/6 860/273/6 859/274/6
f 865/271/99 864/272/99 861/273/99 860/274/99
f 864/271/95 863/272/95 854/273/95 861/274/95
f 863/271/100 862/272/100 855/273/100 854/274/100
f 870/251/84 871/394/84 872/395/84
f 870/251/84 872/395/84 873/254/84
f 870/251/84 873/254/84 874/255/84
f 870/251/84 874/255/84 875/396/84
f 870/251/84 875/396/84 876/397/84
f 876/397/84 877/258/84 870/251/84
f 870/259/5 877/260/5 878/261/5 879/262/5
f 877/259/97 876/260/97 880/261/97 878/262/97
f 876/259/96 875/260/96 881/261/96 880/262/96
f 875/259/98 874/260/98 882/261/98 881/262/98
f 874/259/6 873/260/6 883/261/6 882/262/6
f 873/259/99 872/260/99 884/261/99 883/262/99
f 872/259/95 871/260/95 885/261/95 884/262/95
f 871/259/100 870/260/100 879/261/100 885/262/100
f 886/398/7 887/399/7 888/400/7
f 886/398/7 888/400/7 889/401/7
f 886/398/7 889/401/7 890/402/7
f 886/398/7 890/402/7 891/403/7
f 886/398/7 891/403/7 892/404/7
f 892/404/7 893/405/7 886/398/7
f 894/399/84 895/398/84 896/405/84
f 894/399/84 896/405/84 897/404/84
f 894/399/84 897/404/84 898/403/84
f 894/399/84 898/403/84 899/402/84
f 894/399/84 899/402/84 900/401/84
f 900/401/84 901/400/84 894/399/84
f 894/271/5 901/272/5 888/273/5 887/274/5
f 901/271/97 900/272/97 889/273/97 888/274/97
f 900/271/96 899/272/96 890/273/96 889/274/96
f 899/271/98 898/272/98 891/273/98 890/274/98
f 898/271/6 897/272/6 892/273/6 891/274/6
f 897/271/99 896/272/99 893/273/99 892/274/99
f 896/271/95 895/272/95 886/273/95 893/274/95
f 895/271/100 894/272/100 887/273/100 886/274/100
f 902/290/7 903/291/7 904/292/7
f 902/290/7 904/292/7 905/293/7
f 902/290/7 905/293/7 906/294/7
f 906/294/7 907/295/7 902/290/7
f 908/291/84 909/290/84 910/295/84
f 908/291/84 910/295/84 911/294/84
f 908/291/84 911/294/84 912/293/84
f 912/293/84 913/292/84 908/291/84
f 908/271/105 913/296/105 904/297/105 903/274/105
f 913/296/6 912/298/6 905/299/6 904/297/6
f 912/298/106 911/300/106 906/301/106 905/299/106
f 911/300/107 910/302/107 907/303/107 906/301/107
f 910/302/5 909/304/5 902/305/5 907/303/5
f 909/304/108 908/272/108 903/273/108 902/305/108
f 914/398/7 915/399/7 916/400/7
f 914/398/7 916/400/7 917/401/7
f 914/398/7 917/401/7 918/402/7
f 914/398/7 918/402/7 919/403/7
f 914/398/7 919/403/7 920/404/7
f 920/404/7 921/405/7 914/398/7
f 922/399/84 923/398/84 924/405/84
f 922/399/84 924/405/84 925/404/84
f 922/399/84 925/404/84 926/403/84
f 922/399/84 926/403/84 927/402/84
f 922/399/84 927/402/84 928/401/84
f 928/401/84 929/400/84 922/399/84
f 922/271/5 929/272/5 916/273/5 915/274/5
f 929/271/97 928/272/97 917/273/97 916/274/97
f 928/271/96 927/272/96 918/273/96 917/274/96
f 927/271/98 926/272/98 919/273/98 918/274/98
f 926/271/6 925/272/6 920/273/6 919/274/6
f 925/271/99 924/272/99 921/273/99 920/274/99
f 924/271/95 923/272/95 914/273/95 921/274/95
f 923/271/100 922/272/100 915/273/100 914/274/100
f 930/290/7 931/291/7 932/292/7
f 930/290/7 932/292/7 933/293/7
f 930/290/7 933/293/7 934/294/7
f 934/294/7 935/295/7 930/290/7
f 936/291/84 937/290/84 938/295/84
f 936/291/84 938/295/84 939/294/84
f 936/291/84 939/294/84 940/293/84
f 940/293/84 941/292/84 936/291/84
f 936/271/105 941/296/105 932/297/105 931/274/105
f 941/296/6 940/298/6 933/299/6 932/297/6
f 940/298/106 939/300/106 934/301/106 933/299/106
f 939/300/107 938/302/107 935/303/107 934/301/107
f 938/302/5 937/304/5 930/305/5 935/303/5
f 937/304/108 936/272/108 931/273/108 930/305/108
g center_guard_left
usemtl mat
f 942/322/96 943/323/96 944/324/96 945/325/96
f 943/323/121 946/326/121 947/327/121 944/324/121
f 946/326/122 948/328/122 949/329/122 947/327/122
f 948/328/123 950/330/123 951/331/123 949/329/123
f 950/330/124 952/332/124 953/333/124 951/331/124
f 952/332/96 954/334/96 955/335/96 953/333/96
f 954/334/125 956/336/125 957/337/125 955/335/125
f 956/336/126 958/338/126 959/339/126 957/337/126
f 958/338/127 960/340/127 961/341/127 959/339/127
f 960/340/128 962/342/128 963/343/128 961/341/128
f 962/342/96 964/344/96 965/345/96 963/343/96
f 964/344/129 966/346/129 967/347/129 965/345/129
f 966/346/130 968/406/130 969/407/130 967/347/130
f 968/322/84 970/356/84 971/357/84 969/325/84
f 970/406/131 972/346/131 973/347/131 971/407/131
f 972/346/132 974/344/132 975/345/132 973/347/132
f 974/344/95 976/342/95 977/343/95 975/345/95
f 976/342/133 978/340/133 979/341/133 977/343/133
f 978/340/134 980/338/134 981/339/134 979/341/134
f 980/338/135 982/336/135 983/337/135 981/339/135
f 982/336/136 984/334/136 985/335/136 983/337/136
f 984/334/95 986/332/95 987/333/95 985/335/95
f 986/332/137 988/330/137 989/331/137 987/333/137
f 988/330/138 990/328/138 991/329/138 989/331/138
f 990/328/139 992/326/139 993/327/139 991/329/139
f 992/326/140 994/323/140 995/324/140 993/327/140
f 994/323/95 996/322/95 997/325/95 995/324/95
f 996/322/7 942/356/7 945/357/7 997/325/7
g center_fastener_right
usemtl mat
f 998/386/7 999/387/7 1000/388/7
f 998/386/7 1000/388/7 1001/389/7
f 998/386/7 1001/389/7 1002/390/7
f 998/386/7 1002/390/7 1003/391/7
f 998/386/7 1003/391/7 1004/392/7
f 1004/392/7 1005/393/7 998/386/7
f 1006/387/84 1007/386/84 1008/393/84
f 1006/387/84 1008/393/84 1009/392/84
f 1006/387/84 1009/392/84 1010/391/84
f 1006/387/84 1010/391/84 1011/390/84
f 1006/387/84 1011/390/84 1012/389/84
f 1012/389/84 1013/388/84 1006/387/84
f 1006/271/5 1013/272/5 1000/273/5 999/274/5
f 1013/271/97 1012/272/97 1001/273/97 1000/274/97
f 1012/271/96 1011/272/96 1002/273/96 1001/274/96
f 1011/271/98 1010/272/98 1003/273/98 1002/274/98
f 1010/271/6 1009/272/6 1004/273/6 1003/274/6
f 1009/271/99 1008/272/99 1005/273/99 1004/274/99
f 1008/271/95 1007/272/95 998/273/95 1005/274/95
f 1007/271/100 1006/272/100 999/273/100 998/274/100
f 1014/251/84 1015/394/84 1016/395/84
f 1014/251/84 1016/395/84 1017/254/84
f 1014/251/84 1017/254/84 1018/255/84
f 1014/251/84 1018/255/84 1019/396/84
f 1014/251/84 1019/396/84 1020/397/84
f 1020/397/84 1021/258/84 1014/251/84
f 1014/259/5 1021/260/5 1022/261/5 1023/262/5
f 1021/259/97 1020/260/97 1024/261/97 1022/262/97
f 1020/259/96 1019/260/96 1025/261/96 1024/262/96
f 1019/259/98 1018/260/98 1026/261/98 1025/262/98
f 1018/259/6 1017/260/6 1027/261/6 1026/262/6
f 1017/259/99 1016/260/99 1028/261/99 1027/262/99
f 1016/259/95 1015/260/95 1029/261/95 1028/262/95
f 1015/259/100 1014/260/100 1023/261/100 1029/262/100
f 1030/398/7 1031/399/7 1032/400/7
f 1030/398/7 1032/400/7 1033/401/7
f 1030/398/7 1033/401/7 1034/402/7
f 1030/398/7 1034/402/7 1035/403/7
f 1030/398/7 1035/403/7 1036/404/7
f 1036/404/7 1037/405/7 1030/398/7
f 1038/399/84 1039/398/84 1040/405/84
f 1038/399/84 1040/405/84 1041/404/84
f 1038/399/84 1041/404/84 1042/403/84
f 1038/399/84 1042/403/84 1043/402/84
f 1038/399/84 1043/402/84 1044/401/84
f 1044/401/84 1045/400/84 1038/399/84
f 1038/271/5 1045/272/5 1032/273/5 1031/274/5
f 1045/271/97 1044/272/97 1033/273/97 1032/274/97
f 1044/271/96 1043/272/96 1034/273/96 1033/274/96
f 1043/271/98 1042/272/98 1035/273/98 1034/274/98
f 1042/271/6 1041/272/6 1036/273/6 1035/274/6
f 1041/271/99 1040/272/99 1037/273/99 1036/274/99
f 1040/271/95 1039/272/95 1030/273/95 1037/274/95
f 1039/271/100 1038/272/100 1031/273/100 1030/274/100
f 1046/290/7 1047/291/7 1048/292/7
f 1046/290/7 1048/292/7 1049/293/7
f 1046/290/7 1049/293/7 1050/294/7
f 1050/294/7 1051/295/7 1046/290/7
f 1052/291/84 1053/290/84 1054/295/84
f 1052/291/84 1054/295/84 1055/294/84
f 1052/291/84 1055/294/84 1056/293/84
f 1056/293/84 1057/292/84 1052/291/84
f 1052/271/105 1057/296/105 1048/297/105 1047/274/105
f 1057/296/6 1056/298/6 1049/299/6 1048/297/6
f 1056/298/106 1055/300/106 1050/301/106 1049/299/106
f 1055/300/107 1054/302/107 1051/303/107 1050/301/107
f 1054/302/5 1053/304/5 1046/305/5 1051/303/5
f 1053/304/108 1052/272/108 1047/273/108 1046/305/108
f 1058/398/7 1059/399/7 1060/400/7
f 1058/398/7 1060/400/7 1061/401/7
f 1058/398/7 1061/401/7 1062/402/7
f 1058/398/7 1062/402/7 1063/403/7
f 1058/398/7 1063/403/7 1064/404/7
f 1064/404/7 1065/405/7 1058/398/7
f 1066/399/84 1067/398/84 1068/405/84
f 1066/399/84 1068/405/84 1069/404/84
f 1066/399/84 1069/404/84 1070/403/84
f 1066/399/84 1070/403/84 1071/402/84
f 1066/399/84 1071/402/84 1072/401/84
f 1072/401/84 1073/400/84 1066/399/84
f 1066/271/5 1073/272/5 1060/273/5 1059/274/5
f 1073/271/97 1072/272/97 1061/273/97 1060/274/97
f 1072/271/96 1071/272/96 1062/273/96 1061/274/96
f 1071/271/98 1070/272/98 1063/273/98 1062/274/98
f 1070/271/6 1069/272/6 1064/273/6 1063/274/6
f 1069/271/99 1068/272/99 1065/273/99 1064/274/99
f 1068/271/95 1067/272/95 1058/273/95 1065/274/95
f 1067/271/100 1066/272/100 1059/273/100 1058/274/100
f 1074/290/7 1075/291/7 1076/292/7
f 1074/290/7 1076/292/7 1077/293/7
f 1074/290/7 1077/293/7 1078/294/7
f 1078/294/7 1079/295/7 1074/290/7
f 1080/291/84 1081/290/84 1082/295/84
f 1080/291/84 1082/295/84 1083/294/84
f 1080/291/84 1083/294/84 1084/293/84
f 1084/293/84 1085/292/84 1080/291/84
f 1080/271/105 1085/296/105 1076/297/105 1075/274/105
f 1085/296/6 1084/298/6 1077/299/6 1076/297/6
f 1084/298/106 1083/300/106 1078/301/106 1077/299/106
f 1083/300/107 1082/302/107 1079/303/107 1078/301/107
f 1082/302/5 1081/304/5 1074/305/5 1079/303/5
f 1081/304/108 1080/272/108 1075/273/108 1074/305/108
g center_guard_right
usemtl mat
f 1086/322/96 1087/323/96 1088/324/96 1089/325/96
f 1087/323/121 1090/326/121 1091/327/121 1088/324/121
f 1090/326/122 1092/328/122 1093/329/122 1091/327/122
f 1092/328/123 1094/330/123 1095/331/123 1093/329/123
f 1094/330/124 1096/332/124 1097/333/124 1095/331/124
f 1096/332/96 1098/334/96 1099/335/96 1097/333/96
f 1098/334/125 1100/336/125 1101/337/125 1099/335/125
f 1100/336/126 1102/338/126 1103/339/126 1101/337/126
f 1102/338/127 1104/340/127 1105/341/127 1103/339/127
f 1104/340/128 1106/342/128 1107/343/128 1105/341/128
f 1106/342/96 1108/344/96 1109/345/96 1107/343/96
f 1108/344/129 1110/346/129 1111/347/129 1109/345/129
f 1110/346/130 1112/406/130 1113/407/130 1111/347/130
f 1112/322/84 1114/356/84 1115/357/84 1113/325/84
f 1114/406/131 1116/346/131 1117/347/131 1115/407/131
f 1116/346/132 1118/344/132 1119/345/132 1117/347/132
f 1118/344/95 1120/342/95 1121/343/95 1119/345/95
f 1120/342/133 1122/340/133 1123/341/133 1121/343/133
f 1122/340/134 1124/338/134 1125/339/134 1123/341/134
f 1124/338/135 1126/336/135 1127/337/135 1125/339/135
f 1126/336/136 1128/334/136 1129/335/136 1127/337/136
f 1128/334/95 1130/332/95 1131/333/95 1129/335/95
f 1130/332/137 1132/330/137 1133/331/137 1131/333/137
f 1132/330/138 1134/328/138 1135/329/138 1133/331/138
f 1134/328/139 1136/326/139 1137/327/139 1135/329/139
f 1136/326/140 1138/323/140 1139/324/140 1137/327/140
f 1138/323/95 1140/322/95 1141/325/95 1139/324/95
f 1140/322/7 1086/356/7 1089/357/7 1141/325/7
