# metres; Y up; CCW outward; repeat 0.6 m
mtllib direct_high.mtl
v -1.012500 -0.268078 -0.300000
v -0.490500 -0.268078 -0.300000
v -0.490500 -0.268078 0.300000
v -1.012500 -0.268078 0.300000
v -1.012500 0.091422 0.300000
v -0.490500 0.091422 0.300000
v -0.490500 0.091422 -0.300000
v -1.012500 0.091422 -0.300000
v 0.490500 -0.268078 -0.300000
v 1.012500 -0.268078 -0.300000
v 1.012500 -0.268078 0.300000
v 0.490500 -0.268078 0.300000
v 0.490500 0.091422 0.300000
v 1.012500 0.091422 0.300000
v 1.012500 0.091422 -0.300000
v 0.490500 0.091422 -0.300000
v -0.827500 0.085422 -0.101000
v -0.821500 0.085422 -0.107000
v -0.681500 0.085422 -0.107000
v -0.675500 0.085422 -0.101000
v -0.675500 0.085422 0.101000
v -0.681500 0.085422 0.107000
v -0.821500 0.085422 0.107000
v -0.827500 0.085422 0.101000
v -0.821500 0.095422 -0.107000
v -0.681500 0.095422 -0.107000
v -0.675500 0.095422 -0.101000
v -0.675500 0.095422 0.101000
v -0.681500 0.095422 0.107000
v -0.821500 0.095422 0.107000
v -0.827500 0.095422 0.101000
v -0.827500 0.095422 -0.101000
v -0.820500 0.099422 -0.106000
v -0.826500 0.099422 -0.100000
v -0.826500 0.099422 0.100000
v -0.820500 0.099422 0.106000
v -0.682500 0.099422 0.106000
v -0.676500 0.099422 0.100000
v -0.676500 0.099422 -0.100000
v -0.682500 0.099422 -0.106000
v -0.682500 0.095422 -0.106000
v -0.820500 0.095422 -0.106000
v -0.676500 0.095422 -0.100000
v -0.676500 0.095422 0.100000
v -0.682500 0.095422 0.106000
v -0.820500 0.095422 0.106000
v -0.826500 0.095422 0.100000
v -0.826500 0.095422 -0.100000
v -0.946500 0.085422 -0.100000
v -0.943500 0.085422 -0.103000
v -0.823500 0.085422 -0.103000
v -0.820500 0.085422 -0.100000
v -0.820500 0.085422 0.100000
v -0.823500 0.085422 0.103000
v -0.943500 0.085422 0.103000
v -0.946500 0.085422 0.100000
v -0.943500 0.095422 -0.103000
v -0.946500 0.095422 -0.100000
v -0.946500 0.095422 0.100000
v -0.943500 0.095422 0.103000
v -0.823500 0.095422 0.103000
v -0.820500 0.095422 0.100000
v -0.820500 0.095422 -0.100000
v -0.823500 0.095422 -0.103000
v -0.950500 0.095422 -0.105000
v -0.948500 0.095422 -0.107000
v -0.936500 0.095422 -0.107000
v -0.934500 0.095422 -0.105000
v -0.934500 0.095422 0.105000
v -0.936500 0.095422 0.107000
v -0.948500 0.095422 0.107000
v -0.950500 0.095422 0.105000
v -0.948500 0.126422 -0.107000
v -0.950500 0.126422 -0.105000
v -0.950500 0.126422 0.105000
v -0.948500 0.126422 0.107000
v -0.936500 0.126422 0.107000
v -0.934500 0.126422 0.105000
v -0.934500 0.126422 -0.105000
v -0.936500 0.126422 -0.107000
v -0.793500 0.119400 -0.105000
v -0.793500 0.129000 -0.105000
v -0.819500 0.123500 -0.105000
v -0.827500 0.123500 -0.105000
v -0.901500 0.109500 -0.105000
v -0.939500 0.109500 -0.105000
v -0.939500 0.095422 -0.105000
v -0.833500 0.095422 -0.105000
v -0.821500 0.108000 -0.105000
v -0.793500 0.129000 0.105000
v -0.793500 0.119400 0.105000
v -0.821500 0.108000 0.105000
v -0.833500 0.095422 0.105000
v -0.939500 0.095422 0.105000
v -0.939500 0.109500 0.105000
v -0.901500 0.109500 0.105000
v -0.827500 0.123500 0.105000
v -0.819500 0.123500 0.105000
v -0.876410 0.095422 -0.005878
v -0.874500 0.095422 0.000000
v -0.876410 0.095422 0.005878
v -0.881410 0.095422 0.009511
v -0.887590 0.095422 0.009511
v -0.892590 0.095422 0.005878
v -0.894500 0.095422 0.000000
v -0.892590 0.095422 -0.005878
v -0.887590 0.095422 -0.009511
v -0.881410 0.095422 -0.009511
v -0.874500 0.192000 0.000000
v -0.876410 0.192000 -0.005878
v -0.881410 0.192000 -0.009511
v -0.887590 0.192000 -0.009511
v -0.892590 0.192000 -0.005878
v -0.894500 0.192000 0.000000
v -0.892590 0.192000 0.005878
v -0.887590 0.192000 0.009511
v -0.881410 0.192000 0.009511
v -0.876410 0.192000 0.005878
v -0.858519 0.162000 -0.015000
v -0.854500 0.162000 0.000000
v -0.858519 0.162000 0.015000
v -0.869500 0.162000 0.025981
v -0.884500 0.162000 0.030000
v -0.899500 0.162000 0.025981
v -0.910481 0.162000 0.015000
v -0.914500 0.162000 0.000000
v -0.910481 0.162000 -0.015000
v -0.899500 0.162000 -0.025981
v -0.884500 0.162000 -0.030000
v -0.869500 0.162000 -0.025981
v -0.854500 0.168000 0.000000
v -0.858519 0.168000 -0.015000
v -0.869500 0.168000 -0.025981
v -0.884500 0.168000 -0.030000
v -0.899500 0.168000 -0.025981
v -0.910481 0.168000 -0.015000
v -0.914500 0.168000 0.000000
v -0.910481 0.168000 0.015000
v -0.899500 0.168000 0.025981
v -0.884500 0.168000 0.030000
v -0.869500 0.168000 0.025981
v -0.858519 0.168000 0.015000
v -0.874500 0.168000 -0.017321
v -0.864500 0.168000 0.000000
v -0.874500 0.168000 0.017321
v -0.894500 0.168000 0.017321
v -0.904500 0.168000 0.000000
v -0.894500 0.168000 -0.017321
v -0.864500 0.186000 0.000000
v -0.874500 0.186000 -0.017321
v -0.894500 0.186000 -0.017321
v -0.904500 0.186000 0.000000
v -0.894500 0.186000 0.017321
v -0.874500 0.186000 0.017321
v -0.875500 0.186000 -0.015588
v -0.866500 0.186000 0.000000
v -0.875500 0.186000 0.015588
v -0.893500 0.186000 0.015588
v -0.902500 0.186000 0.000000
v -0.893500 0.186000 -0.015588
v -0.866500 0.189000 0.000000
v -0.875500 0.189000 -0.015588
v -0.893500 0.189000 -0.015588
v -0.902500 0.189000 0.000000
v -0.893500 0.189000 0.015588
v -0.875500 0.189000 0.015588
v -0.821573 0.137000 -0.070926
v -0.811468 0.132000 -0.042780
v -0.815914 0.124757 -0.042634
v -0.826424 0.130039 -0.070415
v -0.823947 0.124757 -0.039854
v -0.833352 0.130039 -0.065489
v -0.827532 0.132000 -0.037220
v -0.835427 0.137000 -0.061074
v -0.823086 0.139243 -0.037366
v -0.830576 0.143961 -0.061585
v -0.815053 0.139243 -0.040146
v -0.823648 0.143961 -0.066511
v -0.848202 0.151000 -0.092834
v -0.851938 0.143996 -0.089796
v -0.855237 0.143996 -0.081962
v -0.854798 0.151000 -0.077166
v -0.851062 0.158004 -0.080204
v -0.847763 0.158004 -0.088038
v -0.886306 0.157000 -0.098462
v -0.885556 0.149647 -0.094264
v -0.884750 0.149647 -0.085802
v -0.884694 0.157000 -0.081538
v -0.885444 0.164353 -0.085736
v -0.886250 0.164353 -0.094198
v -0.919600 0.148000 -0.085800
v -0.914158 0.141587 -0.084569
v -0.909058 0.141587 -0.077769
v -0.909400 0.148000 -0.072200
v -0.914842 0.154413 -0.073431
v -0.919942 0.154413 -0.080231
v -0.937946 0.126000 -0.057960
v -0.933257 0.119906 -0.061582
v -0.924811 0.119906 -0.060622
v -0.921054 0.126000 -0.056040
v -0.925743 0.132094 -0.052418
v -0.934189 0.132094 -0.053378
v -0.924959 0.118000 -0.028485
v -0.921879 0.110653 -0.031449
v -0.916421 0.110653 -0.037964
v -0.914041 0.118000 -0.041515
v -0.917121 0.125347 -0.038551
v -0.922579 0.125347 -0.032036
v -0.895280 0.129000 -0.017968
v -0.890393 0.122637 -0.020773
v -0.887613 0.122637 -0.028806
v -0.889720 0.129000 -0.034032
v -0.894607 0.135363 -0.031227
v -0.897387 0.135363 -0.023194
v -0.872860 0.150000 -0.010403
v -0.867133 0.143773 -0.011226
v -0.861773 0.143773 -0.017822
v -0.862140 0.150000 -0.023597
v -0.867867 0.156227 -0.022774
v -0.873227 0.156227 -0.016178
v -0.869000 0.155000 0.000000
v -0.864750 0.147639 0.000000
v -0.856250 0.147639 0.000000
v -0.852000 0.155000 0.000000
v -0.856250 0.162361 0.000000
v -0.864750 0.162361 0.000000
v -0.872860 0.150000 0.010403
v -0.867133 0.143773 0.011226
v -0.861773 0.143773 0.017822
v -0.862140 0.150000 0.023597
v -0.867867 0.156227 0.022774
v -0.873227 0.156227 0.016178
v -0.895280 0.129000 0.017968
v -0.890393 0.122637 0.020773
v -0.887613 0.122637 0.028806
v -0.889720 0.129000 0.034032
v -0.894607 0.135363 0.031227
v -0.897387 0.135363 0.023194
v -0.924959 0.118000 0.028485
v -0.921879 0.110653 0.031449
v -0.916421 0.110653 0.037964
v -0.914041 0.118000 0.041515
v -0.917121 0.125347 0.038551
v -0.922579 0.125347 0.032036
v -0.937946 0.126000 0.057960
v -0.933257 0.119906 0.061582
v -0.924811 0.119906 0.060622
v -0.921054 0.126000 0.056040
v -0.925743 0.132094 0.052418
v -0.934189 0.132094 0.053378
v -0.919600 0.148000 0.085800
v -0.914158 0.141587 0.084569
v -0.909058 0.141587 0.077769
v -0.909400 0.148000 0.072200
v -0.914842 0.154413 0.073431
v -0.919942 0.154413 0.080231
v -0.886306 0.157000 0.098462
v -0.885556 0.149647 0.094264
v -0.884750 0.149647 0.085802
v -0.884694 0.157000 0.081538
v -0.885444 0.164353 0.085736
v -0.886250 0.164353 0.094198
v -0.848202 0.151000 0.092834
v -0.851938 0.143996 0.089796
v -0.855237 0.143996 0.081962
v -0.854798 0.151000 0.077166
v -0.851062 0.158004 0.080204
v -0.847763 0.158004 0.088038
v -0.821573 0.137000 0.070926
v -0.826424 0.130039 0.070415
v -0.833352 0.130039 0.065489
v -0.835427 0.137000 0.061074
v -0.830576 0.143961 0.061585
v -0.823648 0.143961 0.066511
v -0.811468 0.132000 0.042780
v -0.815914 0.124757 0.042634
v -0.823947 0.124757 0.039854
v -0.827532 0.132000 0.037220
v -0.823086 0.139243 0.037366
v -0.815053 0.139243 0.040146
v -0.682500 0.085422 -0.100000
v -0.679500 0.085422 -0.103000
v -0.559500 0.085422 -0.103000
v -0.556500 0.085422 -0.100000
v -0.556500 0.085422 0.100000
v -0.559500 0.085422 0.103000
v -0.679500 0.085422 0.103000
v -0.682500 0.085422 0.100000
v -0.679500 0.095422 -0.103000
v -0.682500 0.095422 -0.100000
v -0.682500 0.095422 0.100000
v -0.679500 0.095422 0.103000
v -0.559500 0.095422 0.103000
v -0.556500 0.095422 0.100000
v -0.556500 0.095422 -0.100000
v -0.559500 0.095422 -0.103000
v -0.568500 0.095422 -0.105000
v -0.566500 0.095422 -0.107000
v -0.554500 0.095422 -0.107000
v -0.552500 0.095422 -0.105000
v -0.552500 0.095422 0.105000
v -0.554500 0.095422 0.107000
v -0.566500 0.095422 0.107000
v -0.568500 0.095422 0.105000
v -0.566500 0.126422 -0.107000
v -0.568500 0.126422 -0.105000
v -0.568500 0.126422 0.105000
v -0.566500 0.126422 0.107000
v -0.554500 0.126422 0.107000
v -0.552500 0.126422 0.105000
v -0.552500 0.126422 -0.105000
v -0.554500 0.126422 -0.107000
v -0.709500 0.129000 -0.105000
v -0.709500 0.119400 -0.105000
v -0.681500 0.108000 -0.105000
v -0.669500 0.095422 -0.105000
v -0.563500 0.095422 -0.105000
v -0.563500 0.109500 -0.105000
v -0.601500 0.109500 -0.105000
v -0.675500 0.123500 -0.105000
v -0.683500 0.123500 -0.105000
v -0.709500 0.119400 0.105000
v -0.709500 0.129000 0.105000
v -0.683500 0.123500 0.105000
v -0.675500 0.123500 0.105000
v -0.601500 0.109500 0.105000
v -0.563500 0.109500 0.105000
v -0.563500 0.095422 0.105000
v -0.669500 0.095422 0.105000
v -0.681500 0.108000 0.105000
v -0.610410 0.095422 -0.005878
v -0.608500 0.095422 0.000000
v -0.610410 0.095422 0.005878
v -0.615410 0.095422 0.009511
v -0.621590 0.095422 0.009511
v -0.626590 0.095422 0.005878
v -0.628500 0.095422 0.000000
v -0.626590 0.095422 -0.005878
v -0.621590 0.095422 -0.009511
v -0.615410 0.095422 -0.009511
v -0.608500 0.192000 0.000000
v -0.610410 0.192000 -0.005878
v -0.615410 0.192000 -0.009511
v -0.621590 0.192000 -0.009511
v -0.626590 0.192000 -0.005878
v -0.628500 0.192000 0.000000
v -0.626590 0.192000 0.005878
v -0.621590 0.192000 0.009511
v -0.615410 0.192000 0.009511
v -0.610410 0.192000 0.005878
v -0.592519 0.162000 -0.015000
v -0.588500 0.162000 0.000000
v -0.592519 0.162000 0.015000
v -0.603500 0.162000 0.025981
v -0.618500 0.162000 0.030000
v -0.633500 0.162000 0.025981
v -0.644481 0.162000 0.015000
v -0.648500 0.162000 0.000000
v -0.644481 0.162000 -0.015000
v -0.633500 0.162000 -0.025981
v -0.618500 0.162000 -0.030000
v -0.603500 0.162000 -0.025981
v -0.588500 0.168000 0.000000
v -0.592519 0.168000 -0.015000
v -0.603500 0.168000 -0.025981
v -0.618500 0.168000 -0.030000
v -0.633500 0.168000 -0.025981
v -0.644481 0.168000 -0.015000
v -0.648500 0.168000 0.000000
v -0.644481 0.168000 0.015000
v -0.633500 0.168000 0.025981
v -0.618500 0.168000 0.030000
v -0.603500 0.168000 0.025981
v -0.592519 0.168000 0.015000
v -0.608500 0.168000 -0.017321
v -0.598500 0.168000 0.000000
v -0.608500 0.168000 0.017321
v -0.628500 0.168000 0.017321
v -0.638500 0.168000 0.000000
v -0.628500 0.168000 -0.017321
v -0.598500 0.186000 0.000000
v -0.608500 0.186000 -0.017321
v -0.628500 0.186000 -0.017321
v -0.638500 0.186000 0.000000
v -0.628500 0.186000 0.017321
v -0.608500 0.186000 0.017321
v -0.609500 0.186000 -0.015588
v -0.600500 0.186000 0.000000
v -0.609500 0.186000 0.015588
v -0.627500 0.186000 0.015588
v -0.636500 0.186000 0.000000
v -0.627500 0.186000 -0.015588
v -0.600500 0.189000 0.000000
v -0.609500 0.189000 -0.015588
v -0.627500 0.189000 -0.015588
v -0.636500 0.189000 0.000000
v -0.627500 0.189000 0.015588
v -0.609500 0.189000 0.015588
v -0.667573 0.137000 -0.061074
v -0.675468 0.132000 -0.037220
v -0.679053 0.124757 -0.039854
v -0.669648 0.130039 -0.065489
v -0.687086 0.124757 -0.042634
v -0.676576 0.130039 -0.070415
v -0.691532 0.132000 -0.042780
v -0.681427 0.137000 -0.070926
v -0.687947 0.139243 -0.040146
v -0.679352 0.143961 -0.066511
v -0.679914 0.139243 -0.037366
v -0.672424 0.143961 -0.061585
v -0.648202 0.151000 -0.077166
v -0.647763 0.143996 -0.081962
v -0.651062 0.143996 -0.089796
v -0.654798 0.151000 -0.092834
v -0.655237 0.158004 -0.088038
v -0.651938 0.158004 -0.080204
v -0.618306 0.157000 -0.081538
v -0.618250 0.149647 -0.085802
v -0.617444 0.149647 -0.094264
v -0.616694 0.157000 -0.098462
v -0.616750 0.164353 -0.094198
v -0.617556 0.164353 -0.085736
v -0.593600 0.148000 -0.072200
v -0.593942 0.141587 -0.077769
v -0.588842 0.141587 -0.084569
v -0.583400 0.148000 -0.085800
v -0.583058 0.154413 -0.080231
v -0.588158 0.154413 -0.073431
v -0.581946 0.126000 -0.056040
v -0.578189 0.119906 -0.060622
v -0.569743 0.119906 -0.061582
v -0.565054 0.126000 -0.057960
v -0.568811 0.132094 -0.053378
v -0.577257 0.132094 -0.052418
v -0.588959 0.118000 -0.041515
v -0.586579 0.110653 -0.037964
v -0.581121 0.110653 -0.031449
v -0.578041 0.118000 -0.028485
v -0.580421 0.125347 -0.032036
v -0.585879 0.125347 -0.038551
v -0.613280 0.129000 -0.034032
v -0.615387 0.122637 -0.028806
v -0.612607 0.122637 -0.020773
v -0.607720 0.129000 -0.017968
v -0.605613 0.135363 -0.023194
v -0.608393 0.135363 -0.031227
v -0.640860 0.150000 -0.023597
v -0.641227 0.143773 -0.017822
v -0.635867 0.143773 -0.011226
v -0.630140 0.150000 -0.010403
v -0.629773 0.156227 -0.016178
v -0.635133 0.156227 -0.022774
v -0.651000 0.155000 0.000000
v -0.646750 0.147639 0.000000
v -0.638250 0.147639 0.000000
v -0.634000 0.155000 0.000000
v -0.638250 0.162361 0.000000
v -0.646750 0.162361 0.000000
v -0.640860 0.150000 0.023597
v -0.641227 0.143773 0.017822
v -0.635867 0.143773 0.011226
v -0.630140 0.150000 0.010403
v -0.629773 0.156227 0.016178
v -0.635133 0.156227 0.022774
v -0.613280 0.129000 0.034032
v -0.615387 0.122637 0.028806
v -0.612607 0.122637 0.020773
v -0.607720 0.129000 0.017968
v -0.605613 0.135363 0.023194
v -0.608393 0.135363 0.031227
v -0.588959 0.118000 0.041515
v -0.586579 0.110653 0.037964
v -0.581121 0.110653 0.031449
v -0.578041 0.118000 0.028485
v -0.580421 0.125347 0.032036
v -0.585879 0.125347 0.038551
v -0.581946 0.126000 0.056040
v -0.578189 0.119906 0.060622
v -0.569743 0.119906 0.061582
v -0.565054 0.126000 0.057960
v -0.568811 0.132094 0.053378
v -0.577257 0.132094 0.052418
v -0.593600 0.148000 0.072200
v -0.593942 0.141587 0.077769
v -0.588842 0.141587 0.084569
v -0.583400 0.148000 0.085800
v -0.583058 0.154413 0.080231
v -0.588158 0.154413 0.073431
v -0.618306 0.157000 0.081538
v -0.618250 0.149647 0.085802
v -0.617444 0.149647 0.094264
v -0.616694 0.157000 0.098462
v -0.616750 0.164353 0.094198
v -0.617556 0.164353 0.085736
v -0.648202 0.151000 0.077166
v -0.647763 0.143996 0.081962
v -0.651062 0.143996 0.089796
v -0.654798 0.151000 0.092834
v -0.655237 0.158004 0.088038
v -0.651938 0.158004 0.080204
v -0.667573 0.137000 0.061074
v -0.669648 0.130039 0.065489
v -0.676576 0.130039 0.070415
v -0.681427 0.137000 0.070926
v -0.679352 0.143961 0.066511
v -0.672424 0.143961 0.061585
v -0.675468 0.132000 0.037220
v -0.679053 0.124757 0.039854
v -0.687086 0.124757 0.042634
v -0.691532 0.132000 0.042780
v -0.687947 0.139243 0.040146
v -0.679914 0.139243 0.037366
v -0.681500 0.099422 -0.300000
v -0.681500 0.108000 -0.300000
v -0.681500 0.108000 0.300000
v -0.681500 0.099422 0.300000
v -0.687500 0.113000 -0.300000
v -0.687500 0.113000 0.300000
v -0.725500 0.124000 -0.300000
v -0.725500 0.124000 0.300000
v -0.739500 0.134000 -0.300000
v -0.739500 0.134000 0.300000
v -0.742500 0.145000 -0.300000
v -0.742500 0.145000 0.300000
v -0.742500 0.207000 -0.300000
v -0.742500 0.207000 0.300000
v -0.738500 0.219000 -0.300000
v -0.738500 0.219000 0.300000
v -0.724500 0.225000 -0.300000
v -0.724500 0.225000 0.300000
v -0.718500 0.231000 -0.300000
v -0.718500 0.231000 0.300000
v -0.717500 0.239000 -0.300000
v -0.717500 0.239000 0.300000
v -0.717500 0.254000 -0.300000
v -0.717500 0.254000 0.300000
v -0.719500 0.260000 -0.300000
v -0.719500 0.260000 0.300000
v -0.725500 0.264280 -0.300000
v -0.725500 0.264280 0.300000
v -0.777500 0.264280 -0.300000
v -0.777500 0.264280 0.300000
v -0.783500 0.260000 -0.300000
v -0.783500 0.260000 0.300000
v -0.785500 0.254000 -0.300000
v -0.785500 0.254000 0.300000
v -0.785500 0.239000 -0.300000
v -0.785500 0.239000 0.300000
v -0.784500 0.231000 -0.300000
v -0.784500 0.231000 0.300000
v -0.778500 0.225000 -0.300000
v -0.778500 0.225000 0.300000
v -0.764500 0.219000 -0.300000
v -0.764500 0.219000 0.300000
v -0.760500 0.207000 -0.300000
v -0.760500 0.207000 0.300000
v -0.760500 0.145000 -0.300000
v -0.760500 0.145000 0.300000
v -0.763500 0.134000 -0.300000
v -0.763500 0.134000 0.300000
v -0.777500 0.124000 -0.300000
v -0.777500 0.124000 0.300000
v -0.815500 0.113000 -0.300000
v -0.815500 0.113000 0.300000
v -0.821500 0.108000 -0.300000
v -0.821500 0.108000 0.300000
v -0.821500 0.099422 -0.300000
v -0.821500 0.099422 0.300000
v 0.675500 0.085422 -0.101000
v 0.681500 0.085422 -0.107000
v 0.821500 0.085422 -0.107000
v 0.827500 0.085422 -0.101000
v 0.827500 0.085422 0.101000
v 0.821500 0.085422 0.107000
v 0.681500 0.085422 0.107000
v 0.675500 0.085422 0.101000
v 0.681500 0.095422 -0.107000
v 0.821500 0.095422 -0.107000
v 0.827500 0.095422 -0.101000
v 0.827500 0.095422 0.101000
v 0.821500 0.095422 0.107000
v 0.681500 0.095422 0.107000
v 0.675500 0.095422 0.101000
v 0.675500 0.095422 -0.101000
v 0.682500 0.099422 -0.106000
v 0.676500 0.099422 -0.100000
v 0.676500 0.099422 0.100000
v 0.682500 0.099422 0.106000
v 0.820500 0.099422 0.106000
v 0.826500 0.099422 0.100000
v 0.826500 0.099422 -0.100000
v 0.820500 0.099422 -0.106000
v 0.820500 0.095422 -0.106000
v 0.682500 0.095422 -0.106000
v 0.826500 0.095422 -0.100000
v 0.826500 0.095422 0.100000
v 0.820500 0.095422 0.106000
v 0.682500 0.095422 0.106000
v 0.676500 0.095422 0.100000
v 0.676500 0.095422 -0.100000
v 0.556500 0.085422 -0.100000
v 0.559500 0.085422 -0.103000
v 0.679500 0.085422 -0.103000
v 0.682500 0.085422 -0.100000
v 0.682500 0.085422 0.100000
v 0.679500 0.085422 0.103000
v 0.559500 0.085422 0.103000
v 0.556500 0.085422 0.100000
v 0.559500 0.095422 -0.103000
v 0.556500 0.095422 -0.100000
v 0.556500 0.095422 0.100000
v 0.559500 0.095422 0.103000
v 0.679500 0.095422 0.103000
v 0.682500 0.095422 0.100000
v 0.682500 0.095422 -0.100000
v 0.679500 0.095422 -0.103000
v 0.552500 0.095422 -0.105000
v 0.554500 0.095422 -0.107000
v 0.566500 0.095422 -0.107000
v 0.568500 0.095422 -0.105000
v 0.568500 0.095422 0.105000
v 0.566500 0.095422 0.107000
v 0.554500 0.095422 0.107000
v 0.552500 0.095422 0.105000
v 0.554500 0.126422 -0.107000
v 0.552500 0.126422 -0.105000
v 0.552500 0.126422 0.105000
v 0.554500 0.126422 0.107000
v 0.566500 0.126422 0.107000
v 0.568500 0.126422 0.105000
v 0.568500 0.126422 -0.105000
v 0.566500 0.126422 -0.107000
v 0.709500 0.119400 -0.105000
v 0.709500 0.129000 -0.105000
v 0.683500 0.123500 -0.105000
v 0.675500 0.123500 -0.105000
v 0.601500 0.109500 -0.105000
v 0.563500 0.109500 -0.105000
v 0.563500 0.095422 -0.105000
v 0.669500 0.095422 -0.105000
v 0.681500 0.108000 -0.105000
v 0.709500 0.129000 0.105000
v 0.709500 0.119400 0.105000
v 0.681500 0.108000 0.105000
v 0.669500 0.095422 0.105000
v 0.563500 0.095422 0.105000
v 0.563500 0.109500 0.105000
v 0.601500 0.109500 0.105000
v 0.675500 0.123500 0.105000
v 0.683500 0.123500 0.105000
v 0.626590 0.095422 -0.005878
v 0.628500 0.095422 0.000000
v 0.626590 0.095422 0.005878
v 0.621590 0.095422 0.009511
v 0.615410 0.095422 0.009511
v 0.610410 0.095422 0.005878
v 0.608500 0.095422 0.000000
v 0.610410 0.095422 -0.005878
v 0.615410 0.095422 -0.009511
v 0.621590 0.095422 -0.009511
v 0.628500 0.192000 0.000000
v 0.626590 0.192000 -0.005878
v 0.621590 0.192000 -0.009511
v 0.615410 0.192000 -0.009511
v 0.610410 0.192000 -0.005878
v 0.608500 0.192000 0.000000
v 0.610410 0.192000 0.005878
v 0.615410 0.192000 0.009511
v 0.621590 0.192000 0.009511
v 0.626590 0.192000 0.005878
v 0.644481 0.162000 -0.015000
v 0.648500 0.162000 0.000000
v 0.644481 0.162000 0.015000
v 0.633500 0.162000 0.025981
v 0.618500 0.162000 0.030000
v 0.603500 0.162000 0.025981
v 0.592519 0.162000 0.015000
v 0.588500 0.162000 0.000000
v 0.592519 0.162000 -0.015000
v 0.603500 0.162000 -0.025981
v 0.618500 0.162000 -0.030000
v 0.633500 0.162000 -0.025981
v 0.648500 0.168000 0.000000
v 0.644481 0.168000 -0.015000
v 0.633500 0.168000 -0.025981
v 0.618500 0.168000 -0.030000
v 0.603500 0.168000 -0.025981
v 0.592519 0.168000 -0.015000
v 0.588500 0.168000 0.000000
v 0.592519 0.168000 0.015000
v 0.603500 0.168000 0.025981
v 0.618500 0.168000 0.030000
v 0.633500 0.168000 0.025981
v 0.644481 0.168000 0.015000
v 0.628500 0.168000 -0.017321
v 0.638500 0.168000 0.000000
v 0.628500 0.168000 0.017321
v 0.608500 0.168000 0.017321
v 0.598500 0.168000 0.000000
v 0.608500 0.168000 -0.017321
v 0.638500 0.186000 0.000000
v 0.628500 0.186000 -0.017321
v 0.608500 0.186000 -0.017321
v 0.598500 0.186000 0.000000
v 0.608500 0.186000 0.017321
v 0.628500 0.186000 0.017321
v 0.627500 0.186000 -0.015588
v 0.636500 0.186000 0.000000
v 0.627500 0.186000 0.015588
v 0.609500 0.186000 0.015588
v 0.600500 0.186000 0.000000
v 0.609500 0.186000 -0.015588
v 0.636500 0.189000 0.000000
v 0.627500 0.189000 -0.015588
v 0.609500 0.189000 -0.015588
v 0.600500 0.189000 0.000000
v 0.609500 0.189000 0.015588
v 0.627500 0.189000 0.015588
v 0.681427 0.137000 -0.070926
v 0.691532 0.132000 -0.042780
v 0.687086 0.124757 -0.042634
v 0.676576 0.130039 -0.070415
v 0.679053 0.124757 -0.039854
v 0.669648 0.130039 -0.065489
v 0.675468 0.132000 -0.037220
v 0.667573 0.137000 -0.061074
v 0.679914 0.139243 -0.037366
v 0.672424 0.143961 -0.061585
v 0.687947 0.139243 -0.040146
v 0.679352 0.143961 -0.066511
v 0.654798 0.151000 -0.092834
v 0.651062 0.143996 -0.089796
v 0.647763 0.143996 -0.081962
v 0.648202 0.151000 -0.077166
v 0.651938 0.158004 -0.080204
v 0.655237 0.158004 -0.088038
v 0.616694 0.157000 -0.098462
v 0.617444 0.149647 -0.094264
v 0.618250 0.149647 -0.085802
v 0.618306 0.157000 -0.081538
v 0.617556 0.164353 -0.085736
v 0.616750 0.164353 -0.094198
v 0.583400 0.148000 -0.085800
v 0.588842 0.141587 -0.084569
v 0.593942 0.141587 -0.077769
v 0.593600 0.148000 -0.072200
v 0.588158 0.154413 -0.073431
v 0.583058 0.154413 -0.080231
v 0.565054 0.126000 -0.057960
v 0.569743 0.119906 -0.061582
v 0.578189 0.119906 -0.060622
v 0.581946 0.126000 -0.056040
v 0.577257 0.132094 -0.052418
v 0.568811 0.132094 -0.053378
v 0.578041 0.118000 -0.028485
v 0.581121 0.110653 -0.031449
v 0.586579 0.110653 -0.037964
v 0.588959 0.118000 -0.041515
v 0.585879 0.125347 -0.038551
v 0.580421 0.125347 -0.032036
v 0.607720 0.129000 -0.017968
v 0.612607 0.122637 -0.020773
v 0.615387 0.122637 -0.028806
v 0.613280 0.129000 -0.034032
v 0.608393 0.135363 -0.031227
v 0.605613 0.135363 -0.023194
v 0.630140 0.150000 -0.010403
v 0.635867 0.143773 -0.011226
v 0.641227 0.143773 -0.017822
v 0.640860 0.150000 -0.023597
v 0.635133 0.156227 -0.022774
v 0.629773 0.156227 -0.016178
v 0.634000 0.155000 0.000000
v 0.638250 0.147639 0.000000
v 0.646750 0.147639 0.000000
v 0.651000 0.155000 0.000000
v 0.646750 0.162361 0.000000
v 0.638250 0.162361 0.000000
v 0.630140 0.150000 0.010403
v 0.635867 0.143773 0.011226
v 0.641227 0.143773 0.017822
v 0.640860 0.150000 0.023597
v 0.635133 0.156227 0.022774
v 0.629773 0.156227 0.016178
v 0.607720 0.129000 0.017968
v 0.612607 0.122637 0.020773
v 0.615387 0.122637 0.028806
v 0.613280 0.129000 0.034032
v 0.608393 0.135363 0.031227
v 0.605613 0.135363 0.023194
v 0.578041 0.118000 0.028485
v 0.581121 0.110653 0.031449
v 0.586579 0.110653 0.037964
v 0.588959 0.118000 0.041515
v 0.585879 0.125347 0.038551
v 0.580421 0.125347 0.032036
v 0.565054 0.126000 0.057960
v 0.569743 0.119906 0.061582
v 0.578189 0.119906 0.060622
v 0.581946 0.126000 0.056040
v 0.577257 0.132094 0.052418
v 0.568811 0.132094 0.053378
v 0.583400 0.148000 0.085800
v 0.588842 0.141587 0.084569
v 0.593942 0.141587 0.077769
v 0.593600 0.148000 0.072200
v 0.588158 0.154413 0.073431
v 0.583058 0.154413 0.080231
v 0.616694 0.157000 0.098462
v 0.617444 0.149647 0.094264
v 0.618250 0.149647 0.085802
v 0.618306 0.157000 0.081538
v 0.617556 0.164353 0.085736
v 0.616750 0.164353 0.094198
v 0.654798 0.151000 0.092834
v 0.651062 0.143996 0.089796
v 0.647763 0.143996 0.081962
v 0.648202 0.151000 0.077166
v 0.651938 0.158004 0.080204
v 0.655237 0.158004 0.088038
v 0.681427 0.137000 0.070926
v 0.676576 0.130039 0.070415
v 0.669648 0.130039 0.065489
v 0.667573 0.137000 0.061074
v 0.672424 0.143961 0.061585
v 0.679352 0.143961 0.066511
v 0.691532 0.132000 0.042780
v 0.687086 0.124757 0.042634
v 0.679053 0.124757 0.039854
v 0.675468 0.132000 0.037220
v 0.679914 0.139243 0.037366
v 0.687947 0.139243 0.040146
v 0.820500 0.085422 -0.100000
v 0.823500 0.085422 -0.103000
v 0.943500 0.085422 -0.103000
v 0.946500 0.085422 -0.100000
v 0.946500 0.085422 0.100000
v 0.943500 0.085422 0.103000
v 0.823500 0.085422 0.103000
v 0.820500 0.085422 0.100000
v 0.823500 0.095422 -0.103000
v 0.820500 0.095422 -0.100000
v 0.820500 0.095422 0.100000
v 0.823500 0.095422 0.103000
v 0.943500 0.095422 0.103000
v 0.946500 0.095422 0.100000
v 0.946500 0.095422 -0.100000
v 0.943500 0.095422 -0.103000
v 0.934500 0.095422 -0.105000
v 0.936500 0.095422 -0.107000
v 0.948500 0.095422 -0.107000
v 0.950500 0.095422 -0.105000
v 0.950500 0.095422 0.105000
v 0.948500 0.095422 0.107000
v 0.936500 0.095422 0.107000
v 0.934500 0.095422 0.105000
v 0.936500 0.126422 -0.107000
v 0.934500 0.126422 -0.105000
v 0.934500 0.126422 0.105000
v 0.936500 0.126422 0.107000
v 0.948500 0.126422 0.107000
v 0.950500 0.126422 0.105000
v 0.950500 0.126422 -0.105000
v 0.948500 0.126422 -0.107000
v 0.793500 0.129000 -0.105000
v 0.793500 0.119400 -0.105000
v 0.821500 0.108000 -0.105000
v 0.833500 0.095422 -0.105000
v 0.939500 0.095422 -0.105000
v 0.939500 0.109500 -0.105000
v 0.901500 0.109500 -0.105000
v 0.827500 0.123500 -0.105000
v 0.819500 0.123500 -0.105000
v 0.793500 0.119400 0.105000
v 0.793500 0.129000 0.105000
v 0.819500 0.123500 0.105000
v 0.827500 0.123500 0.105000
v 0.901500 0.109500 0.105000
v 0.939500 0.109500 0.105000
v 0.939500 0.095422 0.105000
v 0.833500 0.095422 0.105000
v 0.821500 0.108000 0.105000
v 0.892590 0.095422 -0.005878
v 0.894500 0.095422 0.000000
v 0.892590 0.095422 0.005878
v 0.887590 0.095422 0.009511
v 0.881410 0.095422 0.009511
v 0.876410 0.095422 0.005878
v 0.874500 0.095422 0.000000
v 0.876410 0.095422 -0.005878
v 0.881410 0.095422 -0.009511
v 0.887590 0.095422 -0.009511
v 0.894500 0.192000 0.000000
v 0.892590 0.192000 -0.005878
v 0.887590 0.192000 -0.009511
v 0.881410 0.192000 -0.009511
v 0.876410 0.192000 -0.005878
v 0.874500 0.192000 0.000000
v 0.876410 0.192000 0.005878
v 0.881410 0.192000 0.009511
v 0.887590 0.192000 0.009511
v 0.892590 0.192000 0.005878
v 0.910481 0.162000 -0.015000
v 0.914500 0.162000 0.000000
v 0.910481 0.162000 0.015000
v 0.899500 0.162000 0.025981
v 0.884500 0.162000 0.030000
v 0.869500 0.162000 0.025981
v 0.858519 0.162000 0.015000
v 0.854500 0.162000 0.000000
v 0.858519 0.162000 -0.015000
v 0.869500 0.162000 -0.025981
v 0.884500 0.162000 -0.030000
v 0.899500 0.162000 -0.025981
v 0.914500 0.168000 0.000000
v 0.910481 0.168000 -0.015000
v 0.899500 0.168000 -0.025981
v 0.884500 0.168000 -0.030000
v 0.869500 0.168000 -0.025981
v 0.858519 0.168000 -0.015000
v 0.854500 0.168000 0.000000
v 0.858519 0.168000 0.015000
v 0.869500 0.168000 0.025981
v 0.884500 0.168000 0.030000
v 0.899500 0.168000 0.025981
v 0.910481 0.168000 0.015000
v 0.894500 0.168000 -0.017321
v 0.904500 0.168000 0.000000
v 0.894500 0.168000 0.017321
v 0.874500 0.168000 0.017321
v 0.864500 0.168000 0.000000
v 0.874500 0.168000 -0.017321
v 0.904500 0.186000 0.000000
v 0.894500 0.186000 -0.017321
v 0.874500 0.186000 -0.017321
v 0.864500 0.186000 0.000000
v 0.874500 0.186000 0.017321
v 0.894500 0.186000 0.017321
v 0.893500 0.186000 -0.015588
v 0.902500 0.186000 0.000000
v 0.893500 0.186000 0.015588
v 0.875500 0.186000 0.015588
v 0.866500 0.186000 0.000000
v 0.875500 0.186000 -0.015588
v 0.902500 0.189000 0.000000
v 0.893500 0.189000 -0.015588
v 0.875500 0.189000 -0.015588
v 0.866500 0.189000 0.000000
v 0.875500 0.189000 0.015588
v 0.893500 0.189000 0.015588
v 0.835427 0.137000 -0.061074
v 0.827532 0.132000 -0.037220
v 0.823947 0.124757 -0.039854
v 0.833352 0.130039 -0.065489
v 0.815914 0.124757 -0.042634
v 0.826424 0.130039 -0.070415
v 0.811468 0.132000 -0.042780
v 0.821573 0.137000 -0.070926
v 0.815053 0.139243 -0.040146
v 0.823648 0.143961 -0.066511
v 0.823086 0.139243 -0.037366
v 0.830576 0.143961 -0.061585
v 0.854798 0.151000 -0.077166
v 0.855237 0.143996 -0.081962
v 0.851938 0.143996 -0.089796
v 0.848202 0.151000 -0.092834
v 0.847763 0.158004 -0.088038
v 0.851062 0.158004 -0.080204
v 0.884694 0.157000 -0.081538
v 0.884750 0.149647 -0.085802
v 0.885556 0.149647 -0.094264
v 0.886306 0.157000 -0.098462
v 0.886250 0.164353 -0.094198
v 0.885444 0.164353 -0.085736
v 0.909400 0.148000 -0.072200
v 0.909058 0.141587 -0.077769
v 0.914158 0.141587 -0.084569
v 0.919600 0.148000 -0.085800
v 0.919942 0.154413 -0.080231
v 0.914842 0.154413 -0.073431
v 0.921054 0.126000 -0.056040
v 0.924811 0.119906 -0.060622
v 0.933257 0.119906 -0.061582
v 0.937946 0.126000 -0.057960
v 0.934189 0.132094 -0.053378
v 0.925743 0.132094 -0.052418
v 0.914041 0.118000 -0.041515
v 0.916421 0.110653 -0.037964
v 0.921879 0.110653 -0.031449
v 0.924959 0.118000 -0.028485
v 0.922579 0.125347 -0.032036
v 0.917121 0.125347 -0.038551
v 0.889720 0.129000 -0.034032
v 0.887613 0.122637 -0.028806
v 0.890393 0.122637 -0.020773
v 0.895280 0.129000 -0.017968
v 0.897387 0.135363 -0.023194
v 0.894607 0.135363 -0.031227
v 0.862140 0.150000 -0.023597
v 0.861773 0.143773 -0.017822
v 0.867133 0.143773 -0.011226
v 0.872860 0.150000 -0.010403
v 0.873227 0.156227 -0.016178
v 0.867867 0.156227 -0.022774
v 0.852000 0.155000 0.000000
v 0.856250 0.147639 0.000000
v 0.864750 0.147639 0.000000
v 0.869000 0.155000 0.000000
v 0.864750 0.162361 0.000000
v 0.856250 0.162361 0.000000
v 0.862140 0.150000 0.023597
v 0.861773 0.143773 0.017822
v 0.867133 0.143773 0.011226
v 0.872860 0.150000 0.010403
v 0.873227 0.156227 0.016178
v 0.867867 0.156227 0.022774
v 0.889720 0.129000 0.034032
v 0.887613 0.122637 0.028806
v 0.890393 0.122637 0.020773
v 0.895280 0.129000 0.017968
v 0.897387 0.135363 0.023194
v 0.894607 0.135363 0.031227
v 0.914041 0.118000 0.041515
v 0.916421 0.110653 0.037964
v 0.921879 0.110653 0.031449
v 0.924959 0.118000 0.028485
v 0.922579 0.125347 0.032036
v 0.917121 0.125347 0.038551
v 0.921054 0.126000 0.056040
v 0.924811 0.119906 0.060622
v 0.933257 0.119906 0.061582
v 0.937946 0.126000 0.057960
v 0.934189 0.132094 0.053378
v 0.925743 0.132094 0.052418
v 0.909400 0.148000 0.072200
v 0.909058 0.141587 0.077769
v 0.914158 0.141587 0.084569
v 0.919600 0.148000 0.085800
v 0.919942 0.154413 0.080231
v 0.914842 0.154413 0.073431
v 0.884694 0.157000 0.081538
v 0.884750 0.149647 0.085802
v 0.885556 0.149647 0.094264
v 0.886306 0.157000 0.098462
v 0.886250 0.164353 0.094198
v 0.885444 0.164353 0.085736
v 0.854798 0.151000 0.077166
v 0.855237 0.143996 0.081962
v 0.851938 0.143996 0.089796
v 0.848202 0.151000 0.092834
v 0.847763 0.158004 0.088038
v 0.851062 0.158004 0.080204
v 0.835427 0.137000 0.061074
v 0.833352 0.130039 0.065489
v 0.826424 0.130039 0.070415
v 0.821573 0.137000 0.070926
v 0.823648 0.143961 0.066511
v 0.830576 0.143961 0.061585
v 0.827532 0.132000 0.037220
v 0.823947 0.124757 0.039854
v 0.815914 0.124757 0.042634
v 0.811468 0.132000 0.042780
v 0.815053 0.139243 0.040146
v 0.823086 0.139243 0.037366
v 0.821500 0.099422 -0.300000
v 0.821500 0.108000 -0.300000
v 0.821500 0.108000 0.300000
v 0.821500 0.099422 0.300000
v 0.815500 0.113000 -0.300000
v 0.815500 0.113000 0.300000
v 0.777500 0.124000 -0.300000
v 0.777500 0.124000 0.300000
v 0.763500 0.134000 -0.300000
v 0.763500 0.134000 0.300000
v 0.760500 0.145000 -0.300000
v 0.760500 0.145000 0.300000
v 0.760500 0.207000 -0.300000
v 0.760500 0.207000 0.300000
v 0.764500 0.219000 -0.300000
v 0.764500 0.219000 0.300000
v 0.778500 0.225000 -0.300000
v 0.778500 0.225000 0.300000
v 0.784500 0.231000 -0.300000
v 0.784500 0.231000 0.300000
v 0.785500 0.239000 -0.300000
v 0.785500 0.239000 0.300000
v 0.785500 0.254000 -0.300000
v 0.785500 0.254000 0.300000
v 0.783500 0.260000 -0.300000
v 0.783500 0.260000 0.300000
v 0.777500 0.264280 -0.300000
v 0.777500 0.264280 0.300000
v 0.725500 0.264280 -0.300000
v 0.725500 0.264280 0.300000
v 0.719500 0.260000 -0.300000
v 0.719500 0.260000 0.300000
v 0.717500 0.254000 -0.300000
v 0.717500 0.254000 0.300000
v 0.717500 0.239000 -0.300000
v 0.717500 0.239000 0.300000
v 0.718500 0.231000 -0.300000
v 0.718500 0.231000 0.300000
v 0.724500 0.225000 -0.300000
v 0.724500 0.225000 0.300000
v 0.738500 0.219000 -0.300000
v 0.738500 0.219000 0.300000
v 0.742500 0.207000 -0.300000
v 0.742500 0.207000 0.300000
v 0.742500 0.145000 -0.300000
v 0.742500 0.145000 0.300000
v 0.739500 0.134000 -0.300000
v 0.739500 0.134000 0.300000
v 0.725500 0.124000 -0.300000
v 0.725500 0.124000 0.300000
v 0.687500 0.113000 -0.300000
v 0.687500 0.113000 0.300000
v 0.681500 0.108000 -0.300000
v 0.681500 0.108000 0.300000
v 0.681500 0.099422 -0.300000
v 0.681500 0.099422 0.300000
vt 0.01062500 0.01585821
vt 0.32937500 0.01585821
vt 0.32937500 0.49160448
vt 0.01062500 0.49160448
vt 0.60837500 0.03017506
vt 0.61013651 0.02537313
vt 0.65123849 0.02537313
vt 0.65300000 0.03017506
vt 0.65300000 0.19183987
vt 0.65123849 0.19664179
vt 0.61013651 0.19664179
vt 0.60837500 0.19183987
vt 0.60837500 0.19664179
vt 0.65300000 0.19664179
vt 0.65300000 0.02537313
vt 0.60837500 0.02537313
vt 0.61016000 0.31082090
vt 0.60837500 0.31566812
vt 0.60837500 0.47724233
vt 0.61016000 0.48208955
vt 0.65121500 0.48208955
vt 0.65300000 0.47724233
vt 0.65300000 0.31566812
vt 0.65121500 0.31082090
vt 0.60837500 0.48208955
vt 0.65300000 0.48208955
vt 0.65300000 0.31082090
vt 0.60837500 0.31082090
vt 0.34062500 0.02278655
vt 0.34631696 0.01585821
vt 0.57399554 0.01585821
vt 0.57968750 0.02278655
vt 0.57968750 0.48467613
vt 0.57399554 0.49160448
vt 0.34631696 0.49160448
vt 0.34062500 0.48467613
vt 0.34062500 0.49160448
vt 0.57968750 0.49160448
vt 0.57968750 0.01585821
vt 0.34062500 0.01585821
vt 0.60837500 0.02697378
vt 0.61395312 0.02537313
vt 0.64742188 0.02537313
vt 0.65300000 0.02697378
vt 0.65300000 0.19504115
vt 0.64742188 0.19664179
vt 0.61395312 0.19664179
vt 0.60837500 0.19504115
vt 0.34062500 0.35558791
vt 0.38319777 0.41367832
vt 0.39629709 0.41367832
vt 0.51746575 0.21532083
vt 0.57968750 0.21532083
vt 0.40612158 0.01585821
vt 0.38647260 0.19406824
vt 0.55685906 0.11391302
vt 0.57968750 0.25373134
vt 0.55685906 0.39354966
vt 0.49709344 0.47996214
vt 0.42321906 0.47996214
vt 0.36345344 0.39354966
vt 0.34062500 0.25373134
vt 0.36345344 0.11391302
vt 0.42321906 0.02750055
vt 0.49709344 0.02750055
vt 0.36453125 0.49160448
vt 0.36453125 0.01585821
vt 0.38843750 0.49160448
vt 0.38843750 0.01585821
vt 0.41234375 0.49160448
vt 0.41234375 0.01585821
vt 0.43625000 0.49160448
vt 0.43625000 0.01585821
vt 0.46015625 0.49160448
vt 0.46015625 0.01585821
vt 0.48406250 0.49160448
vt 0.48406250 0.01585821
vt 0.50796875 0.49160448
vt 0.50796875 0.01585821
vt 0.53187500 0.49160448
vt 0.53187500 0.01585821
vt 0.55578125 0.49160448
vt 0.55578125 0.01585821
vt 0.56367335 0.13479478
vt 0.56367335 0.37266791
vt 0.51992188 0.45973552
vt 0.40039062 0.45973552
vt 0.35663915 0.37266791
vt 0.35663915 0.13479478
vt 0.40039062 0.04772717
vt 0.51992188 0.04772717
vt 0.36054687 0.49160448
vt 0.36054687 0.01585821
vt 0.38046875 0.49160448
vt 0.38046875 0.01585821
vt 0.40039062 0.49160448
vt 0.40039062 0.01585821
vt 0.42031250 0.49160448
vt 0.42031250 0.01585821
vt 0.44023438 0.49160448
vt 0.44023438 0.01585821
vt 0.48007813 0.49160448
vt 0.48007813 0.01585821
vt 0.50000000 0.49160448
vt 0.50000000 0.01585821
vt 0.51992187 0.49160448
vt 0.51992187 0.01585821
vt 0.53984375 0.49160448
vt 0.53984375 0.01585821
vt 0.55976563 0.49160448
vt 0.55976563 0.01585821
vt 0.34062500 0.04228856
vt 0.38046875 0.04228856
vt 0.42031250 0.04228856
vt 0.46015625 0.04228856
vt 0.50000000 0.04228856
vt 0.53984375 0.04228856
vt 0.57968750 0.04228856
vt 0.34062500 0.06871891
vt 0.38046875 0.06871891
vt 0.42031250 0.06871891
vt 0.46015625 0.06871891
vt 0.50000000 0.06871891
vt 0.53984375 0.06871891
vt 0.57968750 0.06871891
vt 0.34062500 0.09514925
vt 0.38046875 0.09514925
vt 0.42031250 0.09514925
vt 0.46015625 0.09514925
vt 0.50000000 0.09514925
vt 0.53984375 0.09514925
vt 0.57968750 0.09514925
vt 0.34062500 0.12157960
vt 0.38046875 0.12157960
vt 0.42031250 0.12157960
vt 0.46015625 0.12157960
vt 0.50000000 0.12157960
vt 0.53984375 0.12157960
vt 0.57968750 0.12157960
vt 0.34062500 0.14800995
vt 0.38046875 0.14800995
vt 0.42031250 0.14800995
vt 0.46015625 0.14800995
vt 0.50000000 0.14800995
vt 0.53984375 0.14800995
vt 0.57968750 0.14800995
vt 0.34062500 0.17444030
vt 0.38046875 0.17444030
vt 0.42031250 0.17444030
vt 0.46015625 0.17444030
vt 0.50000000 0.17444030
vt 0.53984375 0.17444030
vt 0.57968750 0.17444030
vt 0.34062500 0.20087065
vt 0.38046875 0.20087065
vt 0.42031250 0.20087065
vt 0.46015625 0.20087065
vt 0.50000000 0.20087065
vt 0.53984375 0.20087065
vt 0.57968750 0.20087065
vt 0.34062500 0.22730100
vt 0.38046875 0.22730100
vt 0.42031250 0.22730100
vt 0.46015625 0.22730100
vt 0.50000000 0.22730100
vt 0.53984375 0.22730100
vt 0.57968750 0.22730100
vt 0.38046875 0.25373134
vt 0.42031250 0.25373134
vt 0.46015625 0.25373134
vt 0.50000000 0.25373134
vt 0.53984375 0.25373134
vt 0.34062500 0.28016169
vt 0.38046875 0.28016169
vt 0.42031250 0.28016169
vt 0.46015625 0.28016169
vt 0.50000000 0.28016169
vt 0.53984375 0.28016169
vt 0.57968750 0.28016169
vt 0.34062500 0.30659204
vt 0.38046875 0.30659204
vt 0.42031250 0.30659204
vt 0.46015625 0.30659204
vt 0.50000000 0.30659204
vt 0.53984375 0.30659204
vt 0.57968750 0.30659204
vt 0.34062500 0.33302239
vt 0.38046875 0.33302239
vt 0.42031250 0.33302239
vt 0.46015625 0.33302239
vt 0.50000000 0.33302239
vt 0.53984375 0.33302239
vt 0.57968750 0.33302239
vt 0.34062500 0.35945274
vt 0.38046875 0.35945274
vt 0.42031250 0.35945274
vt 0.46015625 0.35945274
vt 0.50000000 0.35945274
vt 0.53984375 0.35945274
vt 0.57968750 0.35945274
vt 0.34062500 0.38588308
vt 0.38046875 0.38588308
vt 0.42031250 0.38588308
vt 0.46015625 0.38588308
vt 0.50000000 0.38588308
vt 0.53984375 0.38588308
vt 0.57968750 0.38588308
vt 0.34062500 0.41231343
vt 0.38046875 0.41231343
vt 0.42031250 0.41231343
vt 0.46015625 0.41231343
vt 0.50000000 0.41231343
vt 0.53984375 0.41231343
vt 0.57968750 0.41231343
vt 0.34062500 0.43874378
vt 0.38046875 0.43874378
vt 0.42031250 0.43874378
vt 0.46015625 0.43874378
vt 0.50000000 0.43874378
vt 0.53984375 0.43874378
vt 0.57968750 0.43874378
vt 0.34062500 0.46517413
vt 0.38046875 0.46517413
vt 0.42031250 0.46517413
vt 0.46015625 0.46517413
vt 0.50000000 0.46517413
vt 0.53984375 0.46517413
vt 0.57968750 0.46517413
vt 0.51992187 0.04772717
vt 0.51992187 0.45973552
vt 0.01062500 0.50839552
vt 0.01062500 0.53314987
vt 0.32937500 0.53314987
vt 0.32937500 0.50839552
vt 0.01062500 0.54757884
vt 0.32937500 0.54757884
vt 0.01062500 0.57932257
vt 0.32937500 0.57932257
vt 0.01062500 0.60818052
vt 0.32937500 0.60818052
vt 0.01062500 0.63992425
vt 0.32937500 0.63992425
vt 0.01062500 0.81884350
vt 0.32937500 0.81884350
vt 0.01062500 0.85347303
vt 0.32937500 0.85347303
vt 0.01062500 0.87078779
vt 0.32937500 0.87078779
vt 0.01062500 0.88810256
vt 0.32937500 0.88810256
vt 0.01062500 0.91118891
vt 0.32937500 0.91118891
vt 0.01062500 0.95447583
vt 0.32937500 0.95447583
vt 0.01062500 0.97179059
vt 0.32937500 0.97179059
vt 0.34062500 0.97014925
vt 0.34062500 0.92817164
vt 0.65937500 0.92817164
vt 0.65937500 0.97014925
vt 0.34062500 0.56436567
vt 0.65937500 0.56436567
vt 0.34062500 0.52238806
vt 0.65937500 0.52238806
vt 0.01062500 0.57500000
vt 0.32937500 0.57500000
vt 0.98937500 0.50839552
vt 0.67062500 0.50839552
vt 0.67062500 0.53314987
vt 0.68428571 0.54757884
vt 0.77080357 0.57932257
vt 0.80267857 0.60818052
vt 0.80040179 0.85347303
vt 0.76852679 0.87078779
vt 0.75486607 0.88810256
vt 0.75258929 0.91118891
vt 0.75258929 0.95447583
vt 0.75714286 0.97179059
vt 0.77080357 0.98414179
vt 0.80950893 0.81884350
vt 0.88919643 0.98414179
vt 0.90285714 0.97179059
vt 0.90741071 0.95447583
vt 0.90741071 0.91118891
vt 0.90513393 0.88810256
vt 0.89147321 0.87078779
vt 0.85959821 0.85347303
vt 0.85049107 0.81884350
vt 0.80950893 0.63992425
vt 0.85049107 0.63992425
vt 0.85732143 0.60818052
vt 0.88919643 0.57932257
vt 0.97571429 0.54757884
vt 0.98937500 0.53314987
vn 0.00000000 -1.00000000 0.00000000
vn -0.00000000 1.00000000 0.00000000
vn 0.00000000 0.00000000 -1.00000000
vn 1.00000000 0.00000000 -0.00000000
vn 0.00000000 0.00000000 1.00000000
vn -1.00000000 0.00000000 -0.00000000
vn 0.70710678 0.00000000 -0.70710678
vn 0.70710678 0.00000000 0.70710678
vn -0.70710678 0.00000000 0.70710678
vn -0.70710678 0.00000000 -0.70710678
vn 0.37708674 -0.92617795 0.00000000
vn 0.72353574 -0.69028692 0.00000000
vn -0.18589167 0.98257025 0.00000000
vn -0.20695859 0.97834970 0.00000000
vn 0.95105652 0.00000000 0.30901699
vn 0.58778525 0.00000000 0.80901699
vn -0.58778525 0.00000000 0.80901699
vn -0.95105652 0.00000000 0.30901699
vn -0.95105652 0.00000000 -0.30901699
vn -0.58778525 0.00000000 -0.80901699
vn 0.58778525 0.00000000 -0.80901699
vn 0.95105652 0.00000000 -0.30901699
vn 0.96592583 0.00000000 0.25881905
vn 0.25881905 0.00000000 0.96592583
vn -0.25881905 0.00000000 0.96592583
vn -0.96592583 0.00000000 0.25881905
vn -0.96592583 0.00000000 -0.25881905
vn -0.25881905 0.00000000 -0.96592583
vn 0.25881905 0.00000000 -0.96592583
vn 0.96592583 0.00000000 -0.25881905
vn 0.86602540 0.00000000 0.50000000
vn -0.86602540 0.00000000 0.50000000
vn -0.86602540 0.00000000 -0.50000000
vn 0.86602540 0.00000000 -0.50000000
vn 0.82987070 -0.02256954 -0.55749910
vn 0.94139280 0.15465414 -0.29976939
vn 0.55286440 -0.75833983 -0.34534281
vn 0.21474500 -0.83270942 -0.51037202
vn -0.38140167 -0.92335244 -0.04419317
vn -0.60883473 -0.79210139 0.04353912
vn -0.94426104 -0.14992983 0.29307359
vn -0.83645246 0.02636692 0.54740485
vn -0.55837499 0.76108241 0.33010747
vn -0.21456292 0.83185471 0.51184030
vn 0.38042659 0.92359089 0.04749184
vn 0.60567478 0.79461380 -0.04179674
vn 0.38145543 0.01624689 -0.92424445
vn -0.07696492 -0.79864470 -0.59686099
vn -0.46768681 -0.82411526 0.31953575
vn -0.38665941 -0.01561563 0.92209037
vn 0.07114608 0.79765712 0.59890012
vn 0.45428394 0.83032212 -0.32278673
vn -0.15202698 0.02020972 -0.98816970
vn -0.08795545 -0.84248439 -0.53149213
vn 0.06201367 -0.88820796 0.45523721
vn 0.13963151 -0.02039239 0.98999353
vn 0.07120656 0.84423206 0.53122675
vn -0.07910354 0.88650922 -0.45589915
vn -0.64585633 -0.00209221 -0.76345610
vn -0.07945907 -0.78574875 -0.61342086
vn 0.55960549 -0.81914171 0.12589104
vn 0.62631926 -0.01036021 0.77949782
vn 0.04802623 0.77336215 0.63214276
vn -0.58102022 0.80457147 -0.12280169
vn -0.99549658 -0.02938325 -0.09012866
vn -0.39107873 -0.82707907 -0.40372967
vn 0.53593062 -0.78702283 -0.30557069
vn 0.99619124 0.01416903 0.08603629
vn 0.37872770 0.83023329 0.40899634
vn -0.54747220 0.78078120 0.30108953
vn -0.73278527 -0.01749243 0.68023508
vn -0.24941251 -0.90155630 0.35353874
vn 0.46735543 -0.81722676 -0.33722296
vn 0.69998556 0.00610271 -0.71413092
vn 0.19163966 0.90562712 -0.37830379
vn -0.51098312 0.80253017 0.30796360
vn -0.37077982 0.01938099 0.92851855
vn 0.19762752 -0.73389004 0.64988366
vn 0.58093977 -0.75928484 -0.29324992
vn 0.36683764 -0.01632562 -0.93014172
vn -0.19231333 0.73428753 -0.65102796
vn -0.57079181 0.76675638 0.29373689
vn -0.67440493 0.00332895 0.73835419
vn -0.03565561 -0.82071901 0.57021836
vn 0.61262785 -0.77697528 -0.14490178
vn 0.68493274 0.02639209 -0.72812814
vn 0.04972363 0.82088008 -0.56893185
vn -0.58687984 0.79580699 0.14920885
vn -0.99718850 -0.07335081 -0.01532138
vn -0.39894542 -0.91351873 -0.07953671
vn 0.56817983 -0.81341680 -0.12459851
vn 0.99677544 0.06175989 -0.05122924
vn 0.40606619 0.91324396 0.03310152
vn -0.57035240 0.81910980 0.06129662
vn -0.73584706 -0.04737829 -0.67548827
vn -0.01524125 -0.78342047 -0.62130514
vn 0.69772888 -0.71405076 0.05749722
vn 0.72501624 0.03856749 0.68765108
vn 0.00010133 0.77679355 0.62975533
vn -0.71376014 0.69818503 -0.05553498
vn -0.33177750 0.04539592 -0.94226477
vn 0.21532190 -0.72774787 -0.65116781
vn 0.55357009 -0.78109213 0.28888621
vn 0.31946647 -0.05125341 0.94621048
vn -0.24643521 0.71136342 0.65820344
vn -0.56644904 0.77248513 -0.28705785
vn -0.64440959 -0.03477141 -0.76388954
vn -0.28932606 -0.91077774 -0.29457484
vn 0.34092503 -0.82589514 0.44907388
vn 0.64620103 0.03653787 0.76229208
vn 0.29521118 0.91178102 0.28549209
vn -0.31496779 0.82939441 -0.46141109
vn -0.99728564 -0.05627126 0.04748585
vn -0.39437595 -0.76911294 0.50292435
vn 0.58603689 -0.67625626 0.44636110
vn 0.99694454 0.05706736 -0.05333766
vn 0.40571974 0.75939999 -0.50862870
vn -0.57291192 0.68758308 -0.44609578
vn -0.60177992 0.04833772 0.79719784
vn 0.01139102 -0.71154218 0.70255104
vn 0.62468383 -0.77530630 -0.09311417
vn 0.60164128 -0.05323193 -0.79699067
vn -0.00156050 0.70869043 -0.70551785
vn -0.61727076 0.78140565 0.09155339
vn -0.06613754 0.02407676 0.99751999
vn 0.05973012 -0.83691592 0.54406254
vn 0.12643887 -0.88690796 -0.44430563
vn 0.07765951 -0.02541455 -0.99665596
vn -0.04727859 0.83730518 -0.54468777
vn -0.11847837 0.88674258 0.44682264
vn 0.42402392 -0.00283969 0.90564654
vn 0.02303891 -0.83798826 0.54520169
vn -0.39954254 -0.85270153 -0.33654993
vn -0.42000602 0.00218636 -0.90751868
vn -0.01163725 0.83582921 -0.54886619
vn 0.40290626 0.84999043 0.33938594
vn 0.80672197 -0.00306346 0.59092324
vn 0.24600876 -0.85130427 0.46342285
vn -0.55030807 -0.82672544 -0.11698745
vn -0.81490635 0.00754926 -0.57954348
vn -0.25119673 0.85941939 -0.44530722
vn 0.54067976 0.83091422 0.13132767
vn 0.90565225 -0.20707063 0.37002128
vn 0.23392894 -0.93337935 0.27217686
vn -0.68718914 -0.72073072 -0.09120474
vn -0.91649236 0.21308702 -0.33857891
vn -0.24019068 0.93780159 -0.25067233
vn 0.68419901 0.72172585 0.10480228
vn 0.32183934 -0.17879963 0.92975810
vn 0.32183934 -0.17879963 -0.92975810
vn -0.37708674 -0.92617795 0.00000000
vn -0.72353574 -0.69028692 0.00000000
vn 0.18589167 0.98257025 0.00000000
vn 0.20695859 0.97834970 0.00000000
vn 0.81490635 0.00754926 0.57954348
vn 0.91649236 0.21308702 0.33857891
vn 0.68718914 -0.72073072 0.09120474
vn 0.55030807 -0.82672544 0.11698745
vn -0.23392894 -0.93337935 -0.27217686
vn -0.24600876 -0.85130427 -0.46342285
vn -0.90565225 -0.20707063 -0.37002128
vn -0.80672197 -0.00306346 -0.59092324
vn -0.68419901 0.72172585 -0.10480228
vn -0.54067976 0.83091422 -0.13132767
vn 0.24019068 0.93780159 0.25067233
vn 0.25119673 0.85941939 0.44530722
vn 0.42000602 0.00218636 0.90751868
vn 0.39954254 -0.85270153 0.33654993
vn -0.02303891 -0.83798826 -0.54520169
vn -0.42402392 -0.00283969 -0.90564654
vn -0.40290626 0.84999043 -0.33938594
vn 0.01163725 0.83582921 0.54886619
vn -0.07765951 -0.02541455 0.99665596
vn -0.12643887 -0.88690796 0.44430563
vn -0.05973012 -0.83691592 -0.54406254
vn 0.06613754 0.02407676 -0.99751999
vn 0.11847837 0.88674258 -0.44682264
vn 0.04727859 0.83730518 0.54468777
vn -0.60164128 -0.05323193 0.79699067
vn -0.62468383 -0.77530630 0.09311417
vn -0.01139102 -0.71154218 -0.70255104
vn 0.60177992 0.04833772 -0.79719784
vn 0.61727076 0.78140565 -0.09155339
vn 0.00156050 0.70869043 0.70551785
vn -0.99694454 0.05706736 0.05333766
vn -0.58603689 -0.67625626 -0.44636110
vn 0.39437595 -0.76911294 -0.50292435
vn 0.99728564 -0.05627126 -0.04748585
vn 0.57291192 0.68758308 0.44609578
vn -0.40571974 0.75939999 0.50862870
vn -0.64620103 0.03653787 -0.76229208
vn -0.34092503 -0.82589514 -0.44907388
vn 0.28932606 -0.91077774 0.29457484
vn 0.64440959 -0.03477141 0.76388954
vn 0.31496779 0.82939441 0.46141109
vn -0.29521118 0.91178102 -0.28549209
vn -0.31946647 -0.05125341 -0.94621048
vn -0.55357009 -0.78109213 -0.28888621
vn -0.21532190 -0.72774787 0.65116781
vn 0.33177750 0.04539592 0.94226477
vn 0.56644904 0.77248513 0.28705785
vn 0.24643521 0.71136342 -0.65820344
vn -0.72501624 0.03856749 -0.68765108
vn -0.69772888 -0.71405076 -0.05749722
vn 0.01524125 -0.78342047 0.62130514
vn 0.73584706 -0.04737829 0.67548827
vn 0.71376014 0.69818503 0.05553498
vn -0.00010133 0.77679355 -0.62975533
vn -0.99677544 0.06175989 0.05122924
vn -0.56817983 -0.81341680 0.12459851
vn 0.39894542 -0.91351873 0.07953671
vn 0.99718850 -0.07335081 0.01532138
vn 0.57035240 0.81910980 -0.06129662
vn -0.40606619 0.91324396 -0.03310152
vn -0.68493274 0.02639209 0.72812814
vn -0.61262785 -0.77697528 0.14490178
vn 0.03565561 -0.82071901 -0.57021836
vn 0.67440493 0.00332895 -0.73835419
vn 0.58687984 0.79580699 -0.14920885
vn -0.04972363 0.82088008 0.56893185
vn -0.36683764 -0.01632562 0.93014172
vn -0.58093977 -0.75928484 0.29324992
vn -0.19762752 -0.73389004 -0.64988366
vn 0.37077982 0.01938099 -0.92851855
vn 0.57079181 0.76675638 -0.29373689
vn 0.19231333 0.73428753 0.65102796
vn -0.69998556 0.00610271 0.71413092
vn -0.46735543 -0.81722676 0.33722296
vn 0.24941251 -0.90155630 -0.35353874
vn 0.73278527 -0.01749243 -0.68023508
vn 0.51098312 0.80253017 -0.30796360
vn -0.19163966 0.90562712 0.37830379
vn -0.99619124 0.01416903 -0.08603629
vn -0.53593062 -0.78702283 0.30557069
vn 0.39107873 -0.82707907 0.40372967
vn 0.99549658 -0.02938325 0.09012866
vn 0.54747220 0.78078120 -0.30108953
vn -0.37872770 0.83023329 -0.40899634
vn -0.62631926 -0.01036021 -0.77949782
vn -0.55960549 -0.81914171 -0.12589104
vn 0.07945907 -0.78574875 0.61342086
vn 0.64585633 -0.00209221 0.76345610
vn 0.58102022 0.80457147 0.12280169
vn -0.04802623 0.77336215 -0.63214276
vn -0.13963151 -0.02039239 -0.98999353
vn -0.06201367 -0.88820796 -0.45523721
vn 0.08795545 -0.84248439 0.53149213
vn 0.15202698 0.02020972 0.98816970
vn 0.07910354 0.88650922 0.45589915
vn -0.07120656 0.84423206 -0.53122675
vn 0.38665941 -0.01561563 -0.92209037
vn 0.46768681 -0.82411526 -0.31953575
vn 0.07696492 -0.79864470 0.59686099
vn -0.38145543 0.01624689 0.92424445
vn -0.45428394 0.83032212 0.32278673
vn -0.07114608 0.79765712 -0.59890012
vn 0.83645246 0.02636692 -0.54740485
vn 0.60883473 -0.79210139 -0.04353912
vn -0.21474500 -0.83270942 0.51037202
vn -0.82987070 -0.02256954 0.55749910
vn -0.60567478 0.79461380 0.04179674
vn 0.21456292 0.83185471 -0.51184030
vn 0.94426104 -0.14992983 -0.29307359
vn 0.38140167 -0.92335244 0.04419317
vn -0.55286440 -0.75833983 0.34534281
vn -0.94139280 0.15465414 0.29976939
vn -0.38042659 0.92359089 -0.04749184
vn 0.55837499 0.76108241 -0.33010747
vn -0.32183934 -0.17879963 0.92975810
vn -0.32183934 -0.17879963 -0.92975810
vn 0.64018440 0.76822128 0.00000000
vn 0.27805808 0.96056426 0.00000000
vn 0.58123819 0.81373347 0.00000000
vn 0.96476382 0.26311741 0.00000000
vn 0.94868330 -0.31622777 0.00000000
vn 0.39391930 -0.91914503 0.00000000
vn 0.70710678 -0.70710678 0.00000000
vn 0.99227788 -0.12403473 0.00000000
vn 0.94868330 0.31622777 0.00000000
vn 0.58072468 0.81410002 0.00000000
vn -0.58072468 0.81410002 0.00000000
vn -0.94868330 0.31622777 0.00000000
vn -0.99227788 -0.12403473 0.00000000
vn -0.70710678 -0.70710678 0.00000000
vn -0.39391930 -0.91914503 0.00000000
vn -0.94868330 -0.31622777 0.00000000
vn -0.96476382 0.26311741 0.00000000
vn -0.58123819 0.81373347 0.00000000
vn -0.27805808 0.96056426 0.00000000
vn -0.64018440 0.76822128 0.00000000
g direct_bearer
usemtl mat
f 1/1/1 2/2/1 3/3/1 4/4/1
f 5/4/2 6/3/2 7/2/2 8/1/2
f 8/4/3 7/3/3 2/2/3 1/1/3
f 7/4/4 6/3/4 3/2/4 2/1/4
f 6/4/5 5/3/5 4/2/5 3/1/5
f 5/4/6 8/3/6 1/2/6 4/1/6
f 9/1/1 10/2/1 11/3/1 12/4/1
f 13/4/2 14/3/2 15/2/2 16/1/2
f 16/4/3 15/3/3 10/2/3 9/1/3
f 15/4/4 14/3/4 11/2/4 10/1/4
f 14/4/5 13/3/5 12/2/5 11/1/5
f 13/4/6 16/3/6 9/2/6 12/1/6
g fastener_left
usemtl mat
f 17/5/1 18/6/1 19/7/1
f 17/5/1 19/7/1 20/8/1
f 17/5/1 20/8/1 21/9/1
f 17/5/1 21/9/1 22/10/1
f 17/5/1 22/10/1 23/11/1
f 23/11/1 24/12/1 17/5/1
f 25/13/3 26/14/3 19/15/3 18/16/3
f 26/13/7 27/14/7 20/15/7 19/16/7
f 27/13/4 28/14/4 21/15/4 20/16/4
f 28/13/8 29/14/8 22/15/8 21/16/8
f 29/13/5 30/14/5 23/15/5 22/16/5
f 30/13/9 31/14/9 24/15/9 23/16/9
f 31/13/6 32/14/6 17/15/6 24/16/6
f 32/13/10 25/14/10 18/15/10 17/16/10
f 33/17/2 34/18/2 35/19/2
f 33/17/2 35/19/2 36/20/2
f 33/17/2 36/20/2 37/21/2
f 33/17/2 37/21/2 38/22/2
f 33/17/2 38/22/2 39/23/2
f 39/23/2 40/24/2 33/17/2
f 33/25/3 40/26/3 41/27/3 42/28/3
f 40/25/7 39/26/7 43/27/7 41/28/7
f 39/25/4 38/26/4 44/27/4 43/28/4
f 38/25/8 37/26/8 45/27/8 44/28/8
f 37/25/5 36/26/5 46/27/5 45/28/5
f 36/25/9 35/26/9 47/27/9 46/28/9
f 35/25/6 34/26/6 48/27/6 47/28/6
f 34/25/10 33/26/10 42/27/10 48/28/10
f 49/29/1 50/30/1 51/31/1
f 49/29/1 51/31/1 52/32/1
f 49/29/1 52/32/1 53/33/1
f 49/29/1 53/33/1 54/34/1
f 49/29/1 54/34/1 55/35/1
f 55/35/1 56/36/1 49/29/1
f 57/30/2 58/29/2 59/36/2
f 57/30/2 59/36/2 60/35/2
f 57/30/2 60/35/2 61/34/2
f 57/30/2 61/34/2 62/33/2
f 57/30/2 62/33/2 63/32/2
f 63/32/2 64/31/2 57/30/2
f 57/37/3 64/38/3 51/39/3 50/40/3
f 64/37/7 63/38/7 52/39/7 51/40/7
f 63/37/4 62/38/4 53/39/4 52/40/4
f 62/37/8 61/38/8 54/39/8 53/40/8
f 61/37/5 60/38/5 55/39/5 54/40/5
f 60/37/9 59/38/9 56/39/9 55/40/9
f 59/37/6 58/38/6 49/39/6 56/40/6
f 58/37/10 57/38/10 50/39/10 49/40/10
f 65/41/1 66/42/1 67/43/1
f 65/41/1 67/43/1 68/44/1
f 65/41/1 68/44/1 69/45/1
f 65/41/1 69/45/1 70/46/1
f 65/41/1 70/46/1 71/47/1
f 71/47/1 72/48/1 65/41/1
f 73/42/2 74/41/2 75/48/2
f 73/42/2 75/48/2 76/47/2
f 73/42/2 76/47/2 77/46/2
f 73/42/2 77/46/2 78/45/2
f 73/42/2 78/45/2 79/44/2
f 79/44/2 80/43/2 73/42/2
f 73/13/3 80/14/3 67/15/3 66/16/3
f 80/13/7 79/14/7 68/15/7 67/16/7
f 79/13/4 78/14/4 69/15/4 68/16/4
f 78/13/8 77/14/8 70/15/8 69/16/8
f 77/13/5 76/14/5 71/15/5 70/16/5
f 76/13/9 75/14/9 72/15/9 71/16/9
f 75/13/6 74/14/6 65/15/6 72/16/6
f 74/13/10 73/14/10 66/15/10 65/16/10
f 81/49/5 82/37/5 83/50/5
f 81/49/5 83/50/5 84/51/5
f 81/49/5 84/51/5 85/52/5
f 85/52/5 86/53/5 87/39/5
f 81/49/5 85/52/5 87/39/5
f 87/39/5 88/54/5 89/55/5
f 87/39/5 89/55/5 81/49/5
f 90/37/3 91/49/3 92/55/3
f 92/55/3 93/54/3 94/39/3
f 90/37/3 92/55/3 94/39/3
f 94/39/3 95/53/3 96/52/3
f 94/39/3 96/52/3 97/51/3
f 94/39/3 97/51/3 98/50/3
f 94/39/3 98/50/3 90/37/3
f 91/37/11 92/38/11 89/39/11 81/40/11
f 92/37/12 93/38/12 88/39/12 89/40/12
f 93/37/1 94/38/1 87/39/1 88/40/1
f 94/37/6 95/38/6 86/39/6 87/40/6
f 95/37/2 96/38/2 85/39/2 86/40/2
f 96/37/13 97/38/13 84/39/13 85/40/13
f 97/37/2 98/38/2 83/39/2 84/40/2
f 98/37/14 90/38/14 82/39/14 83/40/14
f 90/37/4 91/38/4 81/39/4 82/40/4
f 99/56/1 100/57/1 101/58/1
f 99/56/1 101/58/1 102/59/1
f 99/56/1 102/59/1 103/60/1
f 99/56/1 103/60/1 104/61/1
f 99/56/1 104/61/1 105/62/1
f 99/56/1 105/62/1 106/63/1
f 99/56/1 106/63/1 107/64/1
f 107/64/1 108/65/1 99/56/1
f 109/57/2 110/56/2 111/65/2
f 109/57/2 111/65/2 112/64/2
f 109/57/2 112/64/2 113/63/2
f 109/57/2 113/63/2 114/62/2
f 109/57/2 114/62/2 115/61/2
f 109/57/2 115/61/2 116/60/2
f 109/57/2 116/60/2 117/59/2
f 117/59/2 118/58/2 109/57/2
f 109/37/15 118/66/15 101/67/15 100/40/15
f 118/66/16 117/68/16 102/69/16 101/67/16
f 117/68/5 116/70/5 103/71/5 102/69/5
f 116/70/17 115/72/17 104/73/17 103/71/17
f 115/72/18 114/74/18 105/75/18 104/73/18
f 114/74/19 113/76/19 106/77/19 105/75/19
f 113/76/20 112/78/20 107/79/20 106/77/20
f 112/78/3 111/80/3 108/81/3 107/79/3
f 111/80/21 110/82/21 99/83/21 108/81/21
f 110/82/22 109/38/22 100/39/22 99/83/22
f 119/84/1 120/57/1 121/85/1
f 119/84/1 121/85/1 122/86/1
f 119/84/1 122/86/1 123/74/1
f 119/84/1 123/74/1 124/87/1
f 119/84/1 124/87/1 125/88/1
f 119/84/1 125/88/1 126/62/1
f 119/84/1 126/62/1 127/89/1
f 119/84/1 127/89/1 128/90/1
f 119/84/1 128/90/1 129/75/1
f 129/75/1 130/91/1 119/84/1
f 131/57/2 132/84/2 133/91/2
f 131/57/2 133/91/2 134/75/2
f 131/57/2 134/75/2 135/90/2
f 131/57/2 135/90/2 136/89/2
f 131/57/2 136/89/2 137/62/2
f 131/57/2 137/62/2 138/88/2
f 131/57/2 138/88/2 139/87/2
f 131/57/2 139/87/2 140/74/2
f 131/57/2 140/74/2 141/86/2
f 141/86/2 142/85/2 131/57/2
f 131/37/23 142/92/23 121/93/23 120/40/23
f 142/92/8 141/94/8 122/95/8 121/93/8
f 141/94/24 140/96/24 123/97/24 122/95/24
f 140/96/25 139/98/25 124/99/25 123/97/25
f 139/98/9 138/100/9 125/101/9 124/99/9
f 138/100/26 137/74/26 126/75/26 125/101/26
f 137/74/27 136/102/27 127/103/27 126/75/27
f 136/102/10 135/104/10 128/105/10 127/103/10
f 135/104/28 134/106/28 129/107/28 128/105/28
f 134/106/29 133/108/29 130/109/29 129/107/29
f 133/108/7 132/110/7 119/111/7 130/109/7
f 132/110/30 131/38/30 120/39/30 119/111/30
f 143/91/1 144/57/1 145/86/1
f 143/91/1 145/86/1 146/87/1
f 143/91/1 146/87/1 147/62/1
f 147/62/1 148/90/1 143/91/1
f 149/57/2 150/91/2 151/90/2
f 149/57/2 151/90/2 152/62/2
f 149/57/2 152/62/2 153/87/2
f 153/87/2 154/86/2 149/57/2
f 149/37/31 154/94/31 145/95/31 144/40/31
f 154/94/5 153/98/5 146/99/5 145/95/5
f 153/98/32 152/74/32 147/75/32 146/99/32
f 152/74/33 151/104/33 148/105/33 147/75/33
f 151/104/3 150/108/3 143/109/3 148/105/3
f 150/108/34 149/38/34 144/39/34 143/109/34
f 155/91/1 156/57/1 157/86/1
f 155/91/1 157/86/1 158/87/1
f 155/91/1 158/87/1 159/62/1
f 159/62/1 160/90/1 155/91/1
f 161/57/2 162/91/2 163/90/2
f 161/57/2 163/90/2 164/62/2
f 161/57/2 164/62/2 165/87/2
f 165/87/2 166/86/2 161/57/2
f 161/37/31 166/94/31 157/95/31 156/40/31
f 166/94/5 165/98/5 158/99/5 157/95/5
f 165/98/32 164/74/32 159/75/32 158/99/32
f 164/74/33 163/104/33 160/105/33 159/75/33
f 163/104/3 162/108/3 155/109/3 160/105/3
f 162/108/34 161/38/34 156/39/34 155/109/34
f 167/112/35 168/40/36 169/95/37
f 169/95/37 170/113/38 167/112/35
f 170/113/38 169/95/37 171/99/39
f 171/99/39 172/114/40 170/113/38
f 172/114/40 171/99/39 173/75/41
f 173/75/41 174/115/42 172/114/40
f 174/115/42 173/75/41 175/105/43
f 175/105/43 176/116/44 174/115/42
f 176/116/44 175/105/43 177/109/45
f 177/109/45 178/117/46 176/116/44
f 178/117/46 177/109/45 168/39/36
f 168/39/36 167/118/35 178/117/46
f 179/119/47 167/112/35 170/113/38
f 170/113/38 180/120/48 179/119/47
f 180/120/48 170/113/38 172/114/40
f 172/114/40 181/121/49 180/120/48
f 181/121/49 172/114/40 174/115/42
f 174/115/42 182/122/50 181/121/49
f 182/122/50 174/115/42 176/116/44
f 176/116/44 183/123/51 182/122/50
f 183/123/51 176/116/44 178/117/46
f 178/117/46 184/124/52 183/123/51
f 184/124/52 178/117/46 167/118/35
f 167/118/35 179/125/47 184/124/52
f 185/126/53 179/119/47 180/120/48
f 180/120/48 186/127/54 185/126/53
f 186/127/54 180/120/48 181/121/49
f 181/121/49 187/128/55 186/127/54
f 187/128/55 181/121/49 182/122/50
f 182/122/50 188/129/56 187/128/55
f 188/129/56 182/122/50 183/123/51
f 183/123/51 189/130/57 188/129/56
f 189/130/57 183/123/51 184/124/52
f 184/124/52 190/131/58 189/130/57
f 190/131/58 184/124/52 179/125/47
f 179/125/47 185/132/53 190/131/58
f 191/133/59 185/126/53 186/127/54
f 186/127/54 192/134/60 191/133/59
f 192/134/60 186/127/54 187/128/55
f 187/128/55 193/135/61 192/134/60
f 193/135/61 187/128/55 188/129/56
f 188/129/56 194/136/62 193/135/61
f 194/136/62 188/129/56 189/130/57
f 189/130/57 195/137/63 194/136/62
f 195/137/63 189/130/57 190/131/58
f 190/131/58 196/138/64 195/137/63
f 196/138/64 190/131/58 185/132/53
f 185/132/53 191/139/59 196/138/64
f 197/140/65 191/133/59 192/134/60
f 192/134/60 198/141/66 197/140/65
f 198/141/66 192/134/60 193/135/61
f 193/135/61 199/142/67 198/141/66
f 199/142/67 193/135/61 194/136/62
f 194/136/62 200/143/68 199/142/67
f 200/143/68 194/136/62 195/137/63
f 195/137/63 201/144/69 200/143/68
f 201/144/69 195/137/63 196/138/64
f 196/138/64 202/145/70 201/144/69
f 202/145/70 196/138/64 191/139/59
f 191/139/59 197/146/65 202/145/70
f 203/147/71 197/140/65 198/141/66
f 198/141/66 204/148/72 203/147/71
f 204/148/72 198/141/66 199/142/67
f 199/142/67 205/149/73 204/148/72
f 205/149/73 199/142/67 200/143/68
f 200/143/68 206/150/74 205/149/73
f 206/150/74 200/143/68 201/144/69
f 201/144/69 207/151/75 206/150/74
f 207/151/75 201/144/69 202/145/70
f 202/145/70 208/152/76 207/151/75
f 208/152/76 202/145/70 197/146/65
f 197/146/65 203/153/71 208/152/76
f 209/154/77 203/147/71 204/148/72
f 204/148/72 210/155/78 209/154/77
f 210/155/78 204/148/72 205/149/73
f 205/149/73 211/156/79 210/155/78
f 211/156/79 205/149/73 206/150/74
f 206/150/74 212/157/80 211/156/79
f 212/157/80 206/150/74 207/151/75
f 207/151/75 213/158/81 212/157/80
f 213/158/81 207/151/75 208/152/76
f 208/152/76 214/159/82 213/158/81
f 214/159/82 208/152/76 203/153/71
f 203/153/71 209/160/77 214/159/82
f 215/161/83 209/154/77 210/155/78
f 210/155/78 216/162/84 215/161/83
f 216/162/84 210/155/78 211/156/79
f 211/156/79 217/163/85 216/162/84
f 217/163/85 211/156/79 212/157/80
f 212/157/80 218/164/86 217/163/85
f 218/164/86 212/157/80 213/158/81
f 213/158/81 219/165/87 218/164/86
f 219/165/87 213/158/81 214/159/82
f 214/159/82 220/166/88 219/165/87
f 220/166/88 214/159/82 209/160/77
f 209/160/77 215/167/83 220/166/88
f 221/62/89 215/161/83 216/162/84
f 216/162/84 222/168/90 221/62/89
f 222/168/90 216/162/84 217/163/85
f 217/163/85 223/169/91 222/168/90
f 223/169/91 217/163/85 218/164/86
f 218/164/86 224/170/92 223/169/91
f 224/170/92 218/164/86 219/165/87
f 219/165/87 225/171/93 224/170/92
f 225/171/93 219/165/87 220/166/88
f 220/166/88 226/172/94 225/171/93
f 226/172/94 220/166/88 215/167/83
f 215/167/83 221/57/89 226/172/94
f 227/173/95 221/62/89 222/168/90
f 222/168/90 228/174/96 227/173/95
f 228/174/96 222/168/90 223/169/91
f 223/169/91 229/175/97 228/174/96
f 229/175/97 223/169/91 224/170/92
f 224/170/92 230/176/98 229/175/97
f 230/176/98 224/170/92 225/171/93
f 225/171/93 231/177/99 230/176/98
f 231/177/99 225/171/93 226/172/94
f 226/172/94 232/178/100 231/177/99
f 232/178/100 226/172/94 221/57/89
f 221/57/89 227/179/95 232/178/100
f 233/180/101 227/173/95 228/174/96
f 228/174/96 234/181/102 233/180/101
f 234/181/102 228/174/96 229/175/97
f 229/175/97 235/182/103 234/181/102
f 235/182/103 229/175/97 230/176/98
f 230/176/98 236/183/104 235/182/103
f 236/183/104 230/176/98 231/177/99
f 231/177/99 237/184/105 236/183/104
f 237/184/105 231/177/99 232/178/100
f 232/178/100 238/185/106 237/184/105
f 238/185/106 232/178/100 227/179/95
f 227/179/95 233/186/101 238/185/106
f 239/187/107 233/180/101 234/181/102
f 234/181/102 240/188/108 239/187/107
f 240/188/108 234/181/102 235/182/103
f 235/182/103 241/189/109 240/188/108
f 241/189/109 235/182/103 236/183/104
f 236/183/104 242/190/110 241/189/109
f 242/190/110 236/183/104 237/184/105
f 237/184/105 243/191/111 242/190/110
f 243/191/111 237/184/105 238/185/106
f 238/185/106 244/192/112 243/191/111
f 244/192/112 238/185/106 233/186/101
f 233/186/101 239/193/107 244/192/112
f 245/194/113 239/187/107 240/188/108
f 240/188/108 246/195/114 245/194/113
f 246/195/114 240/188/108 241/189/109
f 241/189/109 247/196/115 246/195/114
f 247/196/115 241/189/109 242/190/110
f 242/190/110 248/197/116 247/196/115
f 248/197/116 242/190/110 243/191/111
f 243/191/111 249/198/117 248/197/116
f 249/198/117 243/191/111 244/192/112
f 244/192/112 250/199/118 249/198/117
f 250/199/118 244/192/112 239/193/107
f 239/193/107 245/200/113 250/199/118
f 251/201/119 245/194/113 246/195/114
f 246/195/114 252/202/120 251/201/119
f 252/202/120 246/195/114 247/196/115
f 247/196/115 253/203/121 252/202/120
f 253/203/121 247/196/115 248/197/116
f 248/197/116 254/204/122 253/203/121
f 254/204/122 248/197/116 249/198/117
f 249/198/117 255/205/123 254/204/122
f 255/205/123 249/198/117 250/199/118
f 250/199/118 256/206/124 255/205/123
f 256/206/124 250/199/118 245/200/113
f 245/200/113 251/207/119 256/206/124
f 257/208/125 251/201/119 252/202/120
f 252/202/120 258/209/126 257/208/125
f 258/209/126 252/202/120 253/203/121
f 253/203/121 259/210/127 258/209/126
f 259/210/127 253/203/121 254/204/122
f 254/204/122 260/211/128 259/210/127
f 260/211/128 254/204/122 255/205/123
f 255/205/123 261/212/129 260/211/128
f 261/212/129 255/205/123 256/206/124
f 256/206/124 262/213/130 261/212/129
f 262/213/130 256/206/124 251/207/119
f 251/207/119 257/214/125 262/213/130
f 263/215/131 257/208/125 258/209/126
f 258/209/126 264/216/132 263/215/131
f 264/216/132 258/209/126 259/210/127
f 259/210/127 265/217/133 264/216/132
f 265/217/133 259/210/127 260/211/128
f 260/211/128 266/218/134 265/217/133
f 266/218/134 260/211/128 261/212/129
f 261/212/129 267/219/135 266/218/134
f 267/219/135 261/212/129 262/213/130
f 262/213/130 268/220/136 267/219/135
f 268/220/136 262/213/130 257/214/125
f 257/214/125 263/221/131 268/220/136
f 269/222/137 263/215/131 264/216/132
f 264/216/132 270/223/138 269/222/137
f 270/223/138 264/216/132 265/217/133
f 265/217/133 271/224/139 270/223/138
f 271/224/139 265/217/133 266/218/134
f 266/218/134 272/225/140 271/224/139
f 272/225/140 266/218/134 267/219/135
f 267/219/135 273/226/141 272/225/140
f 273/226/141 267/219/135 268/220/136
f 268/220/136 274/227/142 273/226/141
f 274/227/142 268/220/136 263/221/131
f 263/221/131 269/228/137 274/227/142
f 275/37/143 269/222/137 270/223/138
f 270/223/138 276/94/144 275/37/143
f 276/94/144 270/223/138 271/224/139
f 271/224/139 277/98/145 276/94/144
f 277/98/145 271/224/139 272/225/140
f 272/225/140 278/74/146 277/98/145
f 278/74/146 272/225/140 273/226/141
f 273/226/141 279/104/147 278/74/146
f 279/104/147 273/226/141 274/227/142
f 274/227/142 280/108/148 279/104/147
f 280/108/148 274/227/142 269/228/137
f 269/228/137 275/38/143 280/108/148
f 168/57/149 177/229/149 175/90/149
f 168/57/149 175/90/149 173/62/149
f 168/57/149 173/62/149 171/87/149
f 171/87/149 169/230/149 168/57/149
f 280/229/150 275/57/150 276/230/150
f 280/229/150 276/230/150 277/87/150
f 280/229/150 277/87/150 278/62/150
f 278/62/150 279/90/150 280/229/150
f 281/29/1 282/30/1 283/31/1
f 281/29/1 283/31/1 284/32/1
f 281/29/1 284/32/1 285/33/1
f 281/29/1 285/33/1 286/34/1
f 281/29/1 286/34/1 287/35/1
f 287/35/1 288/36/1 281/29/1
f 289/30/2 290/29/2 291/36/2
f 289/30/2 291/36/2 292/35/2
f 289/30/2 292/35/2 293/34/2
f 289/30/2 293/34/2 294/33/2
f 289/30/2 294/33/2 295/32/2
f 295/32/2 296/31/2 289/30/2
f 289/37/3 296/38/3 283/39/3 282/40/3
f 296/37/7 295/38/7 284/39/7 283/40/7
f 295/37/4 294/38/4 285/39/4 284/40/4
f 294/37/8 293/38/8 286/39/8 285/40/8
f 293/37/5 292/38/5 287/39/5 286/40/5
f 292/37/9 291/38/9 288/39/9 287/40/9
f 291/37/6 290/38/6 281/39/6 288/40/6
f 290/37/10 289/38/10 282/39/10 281/40/10
f 297/41/1 298/42/1 299/43/1
f 297/41/1 299/43/1 300/44/1
f 297/41/1 300/44/1 301/45/1
f 297/41/1 301/45/1 302/46/1
f 297/41/1 302/46/1 303/47/1
f 303/47/1 304/48/1 297/41/1
f 305/42/2 306/41/2 307/48/2
f 305/42/2 307/48/2 308/47/2
f 305/42/2 308/47/2 309/46/2
f 305/42/2 309/46/2 310/45/2
f 305/42/2 310/45/2 311/44/2
f 311/44/2 312/43/2 305/42/2
f 305/13/3 312/14/3 299/15/3 298/16/3
f 312/13/7 311/14/7 300/15/7 299/16/7
f 311/13/4 310/14/4 301/15/4 300/16/4
f 310/13/8 309/14/8 302/15/8 301/16/8
f 309/13/5 308/14/5 303/15/5 302/16/5
f 308/13/9 307/14/9 304/15/9 303/16/9
f 307/13/6 306/14/6 297/15/6 304/16/6
f 306/13/10 305/14/10 298/15/10 297/16/10
f 313/37/5 314/49/5 315/55/5
f 315/55/5 316/54/5 317/39/5
f 313/37/5 315/55/5 317/39/5
f 317/39/5 318/53/5 319/52/5
f 317/39/5 319/52/5 320/51/5
f 317/39/5 320/51/5 321/50/5
f 317/39/5 321/50/5 313/37/5
f 322/49/3 323/37/3 324/50/3
f 322/49/3 324/50/3 325/51/3
f 322/49/3 325/51/3 326/52/3
f 326/52/3 327/53/3 328/39/3
f 322/49/3 326/52/3 328/39/3
f 328/39/3 329/54/3 330/55/3
f 328/39/3 330/55/3 322/49/3
f 314/40/151 315/39/151 330/38/151 322/37/151
f 315/40/152 316/39/152 329/38/152 330/37/152
f 316/40/1 317/39/1 328/38/1 329/37/1
f 317/40/4 318/39/4 327/38/4 328/37/4
f 318/40/2 319/39/2 326/38/2 327/37/2
f 319/40/153 320/39/153 325/38/153 326/37/153
f 320/40/2 321/39/2 324/38/2 325/37/2
f 321/40/154 313/39/154 323/38/154 324/37/154
f 313/40/6 314/39/6 322/38/6 323/37/6
f 331/56/1 332/57/1 333/58/1
f 331/56/1 333/58/1 334/59/1
f 331/56/1 334/59/1 335/60/1
f 331/56/1 335/60/1 336/61/1
f 331/56/1 336/61/1 337/62/1
f 331/56/1 337/62/1 338/63/1
f 331/56/1 338/63/1 339/64/1
f 339/64/1 340/65/1 331/56/1
f 341/57/2 342/56/2 343/65/2
f 341/57/2 343/65/2 344/64/2
f 341/57/2 344/64/2 345/63/2
f 341/57/2 345/63/2 346/62/2
f 341/57/2 346/62/2 347/61/2
f 341/57/2 347/61/2 348/60/2
f 341/57/2 348/60/2 349/59/2
f 349/59/2 350/58/2 341/57/2
f 341/37/15 350/66/15 333/67/15 332/40/15
f 350/66/16 349/68/16 334/69/16 333/67/16
f 349/68/5 348/70/5 335/71/5 334/69/5
f 348/70/17 347/72/17 336/73/17 335/71/17
f 347/72/18 346/74/18 337/75/18 336/73/18
f 346/74/19 345/76/19 338/77/19 337/75/19
f 345/76/20 344/78/20 339/79/20 338/77/20
f 344/78/3 343/80/3 340/81/3 339/79/3
f 343/80/21 342/82/21 331/83/21 340/81/21
f 342/82/22 341/38/22 332/39/22 331/83/22
f 351/84/1 352/57/1 353/85/1
f 351/84/1 353/85/1 354/86/1
f 351/84/1 354/86/1 355/74/1
f 351/84/1 355/74/1 356/87/1
f 351/84/1 356/87/1 357/88/1
f 351/84/1 357/88/1 358/62/1
f 351/84/1 358/62/1 359/89/1
f 351/84/1 359/89/1 360/90/1
f 351/84/1 360/90/1 361/75/1
f 361/75/1 362/91/1 351/84/1
f 363/57/2 364/84/2 365/91/2
f 363/57/2 365/91/2 366/75/2
f 363/57/2 366/75/2 367/90/2
f 363/57/2 367/90/2 368/89/2
f 363/57/2 368/89/2 369/62/2
f 363/57/2 369/62/2 370/88/2
f 363/57/2 370/88/2 371/87/2
f 363/57/2 371/87/2 372/74/2
f 363/57/2 372/74/2 373/86/2
f 373/86/2 374/85/2 363/57/2
f 363/37/23 374/92/23 353/93/23 352/40/23
f 374/92/8 373/94/8 354/95/8 353/93/8
f 373/94/24 372/96/24 355/97/24 354/95/24
f 372/96/25 371/98/25 356/99/25 355/97/25
f 371/98/9 370/100/9 357/101/9 356/99/9
f 370/100/26 369/74/26 358/75/26 357/101/26
f 369/74/27 368/102/27 359/103/27 358/75/27
f 368/102/10 367/104/10 360/105/10 359/103/10
f 367/104/28 366/106/28 361/107/28 360/105/28
f 366/106/29 365/108/29 362/109/29 361/107/29
f 365/108/7 364/110/7 351/111/7 362/109/7
f 364/110/30 363/38/30 352/39/30 351/111/30
f 375/91/1 376/57/1 377/86/1
f 375/91/1 377/86/1 378/87/1
f 375/91/1 378/87/1 379/62/1
f 379/62/1 380/90/1 375/91/1
f 381/57/2 382/91/2 383/90/2
f 381/57/2 383/90/2 384/62/2
f 381/57/2 384/62/2 385/87/2
f 385/87/2 386/86/2 381/57/2
f 381/37/31 386/94/31 377/95/31 376/40/31
f 386/94/5 385/98/5 378/99/5 377/95/5
f 385/98/32 384/74/32 379/75/32 378/99/32
f 384/74/33 383/104/33 380/105/33 379/75/33
f 383/104/3 382/108/3 375/109/3 380/105/3
f 382/108/34 381/38/34 376/39/34 375/109/34
f 387/91/1 388/57/1 389/86/1
f 387/91/1 389/86/1 390/87/1
f 387/91/1 390/87/1 391/62/1
f 391/62/1 392/90/1 387/91/1
f 393/57/2 394/91/2 395/90/2
f 393/57/2 395/90/2 396/62/2
f 393/57/2 396/62/2 397/87/2
f 397/87/2 398/86/2 393/57/2
f 393/37/31 398/94/31 389/95/31 388/40/31
f 398/94/5 397/98/5 390/99/5 389/95/5
f 397/98/32 396/74/32 391/75/32 390/99/32
f 396/74/33 395/104/33 392/105/33 391/75/33
f 395/104/3 394/108/3 387/109/3 392/105/3
f 394/108/34 393/38/34 388/39/34 387/109/34
f 399/112/155 400/40/156 401/95/157
f 401/95/157 402/113/158 399/112/155
f 402/113/158 401/95/157 403/99/159
f 403/99/159 404/114/160 402/113/158
f 404/114/160 403/99/159 405/75/161
f 405/75/161 406/115/162 404/114/160
f 406/115/162 405/75/161 407/105/163
f 407/105/163 408/116/164 406/115/162
f 408/116/164 407/105/163 409/109/165
f 409/109/165 410/117/166 408/116/164
f 410/117/166 409/109/165 400/39/156
f 400/39/156 399/118/155 410/117/166
f 411/119/167 399/112/155 402/113/158
f 402/113/158 412/120/168 411/119/167
f 412/120/168 402/113/158 404/114/160
f 404/114/160 413/121/169 412/120/168
f 413/121/169 404/114/160 406/115/162
f 406/115/162 414/122/170 413/121/169
f 414/122/170 406/115/162 408/116/164
f 408/116/164 415/123/171 414/122/170
f 415/123/171 408/116/164 410/117/166
f 410/117/166 416/124/172 415/123/171
f 416/124/172 410/117/166 399/118/155
f 399/118/155 411/125/167 416/124/172
f 417/126/173 411/119/167 412/120/168
f 412/120/168 418/127/174 417/126/173
f 418/127/174 412/120/168 413/121/169
f 413/121/169 419/128/175 418/127/174
f 419/128/175 413/121/169 414/122/170
f 414/122/170 420/129/176 419/128/175
f 420/129/176 414/122/170 415/123/171
f 415/123/171 421/130/177 420/129/176
f 421/130/177 415/123/171 416/124/172
f 416/124/172 422/131/178 421/130/177
f 422/131/178 416/124/172 411/125/167
f 411/125/167 417/132/173 422/131/178
f 423/133/179 417/126/173 418/127/174
f 418/127/174 424/134/180 423/133/179
f 424/134/180 418/127/174 419/128/175
f 419/128/175 425/135/181 424/134/180
f 425/135/181 419/128/175 420/129/176
f 420/129/176 426/136/182 425/135/181
f 426/136/182 420/129/176 421/130/177
f 421/130/177 427/137/183 426/136/182
f 427/137/183 421/130/177 422/131/178
f 422/131/178 428/138/184 427/137/183
f 428/138/184 422/131/178 417/132/173
f 417/132/173 423/139/179 428/138/184
f 429/140/185 423/133/179 424/134/180
f 424/134/180 430/141/186 429/140/185
f 430/141/186 424/134/180 425/135/181
f 425/135/181 431/142/187 430/141/186
f 431/142/187 425/135/181 426/136/182
f 426/136/182 432/143/188 431/142/187
f 432/143/188 426/136/182 427/137/183
f 427/137/183 433/144/189 432/143/188
f 433/144/189 427/137/183 428/138/184
f 428/138/184 434/145/190 433/144/189
f 434/145/190 428/138/184 423/139/179
f 423/139/179 429/146/185 434/145/190
f 435/147/191 429/140/185 430/141/186
f 430/141/186 436/148/192 435/147/191
f 436/148/192 430/141/186 431/142/187
f 431/142/187 437/149/193 436/148/192
f 437/149/193 431/142/187 432/143/188
f 432/143/188 438/150/194 437/149/193
f 438/150/194 432/143/188 433/144/189
f 433/144/189 439/151/195 438/150/194
f 439/151/195 433/144/189 434/145/190
f 434/145/190 440/152/196 439/151/195
f 440/152/196 434/145/190 429/146/185
f 429/146/185 435/153/191 440/152/196
f 441/154/197 435/147/191 436/148/192
f 436/148/192 442/155/198 441/154/197
f 442/155/198 436/148/192 437/149/193
f 437/149/193 443/156/199 442/155/198
f 443/156/199 437/149/193 438/150/194
f 438/150/194 444/157/200 443/156/199
f 444/157/200 438/150/194 439/151/195
f 439/151/195 445/158/201 444/157/200
f 445/158/201 439/151/195 440/152/196
f 440/152/196 446/159/202 445/158/201
f 446/159/202 440/152/196 435/153/191
f 435/153/191 441/160/197 446/159/202
f 447/161/203 441/154/197 442/155/198
f 442/155/198 448/162/204 447/161/203
f 448/162/204 442/155/198 443/156/199
f 443/156/199 449/163/205 448/162/204
f 449/163/205 443/156/199 444/157/200
f 444/157/200 450/164/206 449/163/205
f 450/164/206 444/157/200 445/158/201
f 445/158/201 451/165/207 450/164/206
f 451/165/207 445/158/201 446/159/202
f 446/159/202 452/166/208 451/165/207
f 452/166/208 446/159/202 441/160/197
f 441/160/197 447/167/203 452/166/208
f 453/62/209 447/161/203 448/162/204
f 448/162/204 454/168/210 453/62/209
f 454/168/210 448/162/204 449/163/205
f 449/163/205 455/169/211 454/168/210
f 455/169/211 449/163/205 450/164/206
f 450/164/206 456/170/212 455/169/211
f 456/170/212 450/164/206 451/165/207
f 451/165/207 457/171/213 456/170/212
f 457/171/213 451/165/207 452/166/208
f 452/166/208 458/172/214 457/171/213
f 458/172/214 452/166/208 447/167/203
f 447/167/203 453/57/209 458/172/214
f 459/173/215 453/62/209 454/168/210
f 454/168/210 460/174/216 459/173/215
f 460/174/216 454/168/210 455/169/211
f 455/169/211 461/175/217 460/174/216
f 461/175/217 455/169/211 456/170/212
f 456/170/212 462/176/218 461/175/217
f 462/176/218 456/170/212 457/171/213
f 457/171/213 463/177/219 462/176/218
f 463/177/219 457/171/213 458/172/214
f 458/172/214 464/178/220 463/177/219
f 464/178/220 458/172/214 453/57/209
f 453/57/209 459/179/215 464/178/220
f 465/180/221 459/173/215 460/174/216
f 460/174/216 466/181/222 465/180/221
f 466/181/222 460/174/216 461/175/217
f 461/175/217 467/182/223 466/181/222
f 467/182/223 461/175/217 462/176/218
f 462/176/218 468/183/224 467/182/223
f 468/183/224 462/176/218 463/177/219
f 463/177/219 469/184/225 468/183/224
f 469/184/225 463/177/219 464/178/220
f 464/178/220 470/185/226 469/184/225
f 470/185/226 464/178/220 459/179/215
f 459/179/215 465/186/221 470/185/226
f 471/187/227 465/180/221 466/181/222
f 466/181/222 472/188/228 471/187/227
f 472/188/228 466/181/222 467/182/223
f 467/182/223 473/189/229 472/188/228
f 473/189/229 467/182/223 468/183/224
f 468/183/224 474/190/230 473/189/229
f 474/190/230 468/183/224 469/184/225
f 469/184/225 475/191/231 474/190/230
f 475/191/231 469/184/225 470/185/226
f 470/185/226 476/192/232 475/191/231
f 476/192/232 470/185/226 465/186/221
f 465/186/221 471/193/227 476/192/232
f 477/194/233 471/187/227 472/188/228
f 472/188/228 478/195/234 477/194/233
f 478/195/234 472/188/228 473/189/229
f 473/189/229 479/196/235 478/195/234
f 479/196/235 473/189/229 474/190/230
f 474/190/230 480/197/236 479/196/235
f 480/197/236 474/190/230 475/191/231
f 475/191/231 481/198/237 480/197/236
f 481/198/237 475/191/231 476/192/232
f 476/192/232 482/199/238 481/198/237
f 482/199/238 476/192/232 471/193/227
f 471/193/227 477/200/233 482/199/238
f 483/201/239 477/194/233 478/195/234
f 478/195/234 484/202/240 483/201/239
f 484/202/240 478/195/234 479/196/235
f 479/196/235 485/203/241 484/202/240
f 485/203/241 479/196/235 480/197/236
f 480/197/236 486/204/242 485/203/241
f 486/204/242 480/197/236 481/198/237
f 481/198/237 487/205/243 486/204/242
f 487/205/243 481/198/237 482/199/238
f 482/199/238 488/206/244 487/205/243
f 488/206/244 482/199/238 477/200/233
f 477/200/233 483/207/239 488/206/244
f 489/208/245 483/201/239 484/202/240
f 484/202/240 490/209/246 489/208/245
f 490/209/246 484/202/240 485/203/241
f 485/203/241 491/210/247 490/209/246
f 491/210/247 485/203/241 486/204/242
f 486/204/242 492/211/248 491/210/247
f 492/211/248 486/204/242 487/205/243
f 487/205/243 493/212/249 492/211/248
f 493/212/249 487/205/243 488/206/244
f 488/206/244 494/213/250 493/212/249
f 494/213/250 488/206/244 483/207/239
f 483/207/239 489/214/245 494/213/250
f 495/215/251 489/208/245 490/209/246
f 490/209/246 496/216/252 495/215/251
f 496/216/252 490/209/246 491/210/247
f 491/210/247 497/217/253 496/216/252
f 497/217/253 491/210/247 492/211/248
f 492/211/248 498/218/254 497/217/253
f 498/218/254 492/211/248 493/212/249
f 493/212/249 499/219/255 498/218/254
f 499/219/255 493/212/249 494/213/250
f 494/213/250 500/220/256 499/219/255
f 500/220/256 494/213/250 489/214/245
f 489/214/245 495/221/251 500/220/256
f 501/222/257 495/215/251 496/216/252
f 496/216/252 502/223/258 501/222/257
f 502/223/258 496/216/252 497/217/253
f 497/217/253 503/224/259 502/223/258
f 503/224/259 497/217/253 498/218/254
f 498/218/254 504/225/260 503/224/259
f 504/225/260 498/218/254 499/219/255
f 499/219/255 505/226/261 504/225/260
f 505/226/261 499/219/255 500/220/256
f 500/220/256 506/227/262 505/226/261
f 506/227/262 500/220/256 495/221/251
f 495/221/251 501/228/257 506/227/262
f 507/37/263 501/222/257 502/223/258
f 502/223/258 508/94/264 507/37/263
f 508/94/264 502/223/258 503/224/259
f 503/224/259 509/98/265 508/94/264
f 509/98/265 503/224/259 504/225/260
f 504/225/260 510/74/266 509/98/265
f 510/74/266 504/225/260 505/226/261
f 505/226/261 511/104/267 510/74/266
f 511/104/267 505/226/261 506/227/262
f 506/227/262 512/108/268 511/104/267
f 512/108/268 506/227/262 501/228/257
f 501/228/257 507/38/263 512/108/268
f 400/57/269 409/229/269 407/90/269
f 400/57/269 407/90/269 405/62/269
f 400/57/269 405/62/269 403/87/269
f 403/87/269 401/230/269 400/57/269
f 512/229/270 507/57/270 508/230/270
f 512/229/270 508/230/270 509/87/270
f 512/229/270 509/87/270 510/62/270
f 510/62/270 511/90/270 512/229/270
g rail_left
usemtl mat
f 513/231/4 514/232/4 515/233/4 516/234/4
f 514/232/271 517/235/271 518/236/271 515/233/271
f 517/235/272 519/237/272 520/238/272 518/236/272
f 519/237/273 521/239/273 522/240/273 520/238/273
f 521/239/274 523/241/274 524/242/274 522/240/274
f 523/241/4 525/243/4 526/244/4 524/242/4
f 525/243/275 527/245/275 528/246/275 526/244/275
f 527/245/276 529/247/276 530/248/276 528/246/276
f 529/247/277 531/249/277 532/250/277 530/248/277
f 531/249/278 533/251/278 534/252/278 532/250/278
f 533/251/4 535/253/4 536/254/4 534/252/4
f 535/253/279 537/255/279 538/256/279 536/254/279
f 537/257/280 539/258/280 540/259/280 538/260/280
f 539/258/2 541/261/2 542/262/2 540/259/2
f 541/261/281 543/263/281 544/264/281 542/262/281
f 543/255/282 545/253/282 546/254/282 544/256/282
f 545/253/6 547/251/6 548/252/6 546/254/6
f 547/251/283 549/249/283 550/250/283 548/252/283
f 549/249/284 551/247/284 552/248/284 550/250/284
f 551/247/285 553/245/285 554/246/285 552/248/285
f 553/245/286 555/243/286 556/244/286 554/246/286
f 555/243/6 557/241/6 558/242/6 556/244/6
f 557/241/287 559/239/287 560/240/287 558/242/287
f 559/239/288 561/237/288 562/238/288 560/240/288
f 561/237/289 563/235/289 564/236/289 562/238/289
f 563/235/290 565/232/290 566/233/290 564/236/290
f 565/232/6 567/231/6 568/234/6 566/233/6
f 567/231/1 513/265/1 516/266/1 568/234/1
g rail_left_end
usemtl mat
f 513/267/3 567/268/3 565/269/3
f 513/267/3 565/269/3 563/270/3
f 513/267/3 563/270/3 561/271/3
f 513/267/3 561/271/3 559/272/3
f 553/273/3 551/274/3 549/275/3
f 553/273/3 549/275/3 547/276/3
f 553/273/3 547/276/3 545/277/3
f 553/273/3 545/277/3 543/278/3
f 553/273/3 543/278/3 541/279/3
f 555/280/3 553/273/3 541/279/3
f 555/280/3 541/279/3 539/281/3
f 555/280/3 539/281/3 537/282/3
f 555/280/3 537/282/3 535/283/3
f 555/280/3 535/283/3 533/284/3
f 555/280/3 533/284/3 531/285/3
f 531/285/3 529/286/3 527/287/3
f 555/280/3 531/285/3 527/287/3
f 555/280/3 527/287/3 525/288/3
f 557/289/3 555/280/3 525/288/3
f 559/272/3 557/289/3 525/288/3
f 559/272/3 525/288/3 523/290/3
f 559/272/3 523/290/3 521/291/3
f 559/272/3 521/291/3 519/292/3
f 513/267/3 559/272/3 519/292/3
f 513/267/3 519/292/3 517/293/3
f 517/293/3 514/294/3 513/267/3
f 568/268/5 516/267/5 515/294/5
f 568/268/5 515/294/5 518/293/5
f 568/268/5 518/293/5 520/292/5
f 568/268/5 520/292/5 522/291/5
f 528/287/5 530/286/5 532/285/5
f 528/287/5 532/285/5 534/284/5
f 528/287/5 534/284/5 536/283/5
f 528/287/5 536/283/5 538/282/5
f 528/287/5 538/282/5 540/281/5
f 526/288/5 528/287/5 540/281/5
f 526/288/5 540/281/5 542/279/5
f 526/288/5 542/279/5 544/278/5
f 526/288/5 544/278/5 546/277/5
f 526/288/5 546/277/5 548/276/5
f 526/288/5 548/276/5 550/275/5
f 550/275/5 552/274/5 554/273/5
f 526/288/5 550/275/5 554/273/5
f 526/288/5 554/273/5 556/280/5
f 524/290/5 526/288/5 556/280/5
f 522/291/5 524/290/5 556/280/5
f 522/291/5 556/280/5 558/289/5
f 522/291/5 558/289/5 560/272/5
f 522/291/5 560/272/5 562/271/5
f 568/268/5 522/291/5 562/271/5
f 568/268/5 562/271/5 564/270/5
f 564/270/5 566/269/5 568/268/5
g fastener_right
usemtl mat
f 569/5/1 570/6/1 571/7/1
f 569/5/1 571/7/1 572/8/1
f 569/5/1 572/8/1 573/9/1
f 569/5/1 573/9/1 574/10/1
f 569/5/1 574/10/1 575/11/1
f 575/11/1 576/12/1 569/5/1
f 577/13/3 578/14/3 571/15/3 570/16/3
f 578/13/7 579/14/7 572/15/7 571/16/7
f 579/13/4 580/14/4 573/15/4 572/16/4
f 580/13/8 581/14/8 574/15/8 573/16/8
f 581/13/5 582/14/5 575/15/5 574/16/5
f 582/13/9 583/14/9 576/15/9 575/16/9
f 583/13/6 584/14/6 569/15/6 576/16/6
f 584/13/10 577/14/10 570/15/10 569/16/10
f 585/17/2 586/18/2 587/19/2
f 585/17/2 587/19/2 588/20/2
f 585/17/2 588/20/2 589/21/2
f 585/17/2 589/21/2 590/22/2
f 585/17/2 590/22/2 591/23/2
f 591/23/2 592/24/2 585/17/2
f 585/25/3 592/26/3 593/27/3 594/28/3
f 592/25/7 591/26/7 595/27/7 593/28/7
f 591/25/4 590/26/4 596/27/4 595/28/4
f 590/25/8 589/26/8 597/27/8 596/28/8
f 589/25/5 588/26/5 598/27/5 597/28/5
f 588/25/9 587/26/9 599/27/9 598/28/9
f 587/25/6 586/26/6 600/27/6 599/28/6
f 586/25/10 585/26/10 594/27/10 600/28/10
f 601/29/1 602/30/1 603/31/1
f 601/29/1 603/31/1 604/32/1
f 601/29/1 604/32/1 605/33/1
f 601/29/1 605/33/1 606/34/1
f 601/29/1 606/34/1 607/35/1
f 607/35/1 608/36/1 601/29/1
f 609/30/2 610/29/2 611/36/2
f 609/30/2 611/36/2 612/35/2
f 609/30/2 612/35/2 613/34/2
f 609/30/2 613/34/2 614/33/2
f 609/30/2 614/33/2 615/32/2
f 615/32/2 616/31/2 609/30/2
f 609/37/3 616/38/3 603/39/3 602/40/3
f 616/37/7 615/38/7 604/39/7 603/40/7
f 615/37/4 614/38/4 605/39/4 604/40/4
f 614/37/8 613/38/8 606/39/8 605/40/8
f 613/37/5 612/38/5 607/39/5 606/40/5
f 612/37/9 611/38/9 608/39/9 607/40/9
f 611/37/6 610/38/6 601/39/6 608/40/6
f 610/37/10 609/38/10 602/39/10 601/40/10
f 617/41/1 618/42/1 619/43/1
f 617/41/1 619/43/1 620/44/1
f 617/41/1 620/44/1 621/45/1
f 617/41/1 621/45/1 622/46/1
f 617/41/1 622/46/1 623/47/1
f 623/47/1 624/48/1 617/41/1
f 625/42/2 626/41/2 627/48/2
f 625/42/2 627/48/2 628/47/2
f 625/42/2 628/47/2 629/46/2
f 625/42/2 629/46/2 630/45/2
f 625/42/2 630/45/2 631/44/2
f 631/44/2 632/43/2 625/42/2
f 625/13/3 632/14/3 619/15/3 618/16/3
f 632/13/7 631/14/7 620/15/7 619/16/7
f 631/13/4 630/14/4 621/15/4 620/16/4
f 630/13/8 629/14/8 622/15/8 621/16/8
f 629/13/5 628/14/5 623/15/5 622/16/5
f 628/13/9 627/14/9 624/15/9 623/16/9
f 627/13/6 626/14/6 617/15/6 624/16/6
f 626/13/10 625/14/10 618/15/10 617/16/10
f 633/49/5 634/37/5 635/50/5
f 633/49/5 635/50/5 636/51/5
f 633/49/5 636/51/5 637/52/5
f 637/52/5 638/53/5 639/39/5
f 633/49/5 637/52/5 639/39/5
f 639/39/5 640/54/5 641/55/5
f 639/39/5 641/55/5 633/49/5
f 642/37/3 643/49/3 644/55/3
f 644/55/3 645/54/3 646/39/3
f 642/37/3 644/55/3 646/39/3
f 646/39/3 647/53/3 648/52/3
f 646/39/3 648/52/3 649/51/3
f 646/39/3 649/51/3 650/50/3
f 646/39/3 650/50/3 642/37/3
f 643/37/11 644/38/11 641/39/11 633/40/11
f 644/37/12 645/38/12 640/39/12 641/40/12
f 645/37/1 646/38/1 639/39/1 640/40/1
f 646/37/6 647/38/6 638/39/6 639/40/6
f 647/37/2 648/38/2 637/39/2 638/40/2
f 648/37/13 649/38/13 636/39/13 637/40/13
f 649/37/2 650/38/2 635/39/2 636/40/2
f 650/37/14 642/38/14 634/39/14 635/40/14
f 642/37/4 643/38/4 633/39/4 634/40/4
f 651/56/1 652/57/1 653/58/1
f 651/56/1 653/58/1 654/59/1
f 651/56/1 654/59/1 655/60/1
f 651/56/1 655/60/1 656/61/1
f 651/56/1 656/61/1 657/62/1
f 651/56/1 657/62/1 658/63/1
f 651/56/1 658/63/1 659/64/1
f 659/64/1 660/65/1 651/56/1
f 661/57/2 662/56/2 663/65/2
f 661/57/2 663/65/2 664/64/2
f 661/57/2 664/64/2 665/63/2
f 661/57/2 665/63/2 666/62/2
f 661/57/2 666/62/2 667/61/2
f 661/57/2 667/61/2 668/60/2
f 661/57/2 668/60/2 669/59/2
f 669/59/2 670/58/2 661/57/2
f 661/37/15 670/66/15 653/67/15 652/40/15
f 670/66/16 669/68/16 654/69/16 653/67/16
f 669/68/5 668/70/5 655/71/5 654/69/5
f 668/70/17 667/72/17 656/73/17 655/71/17
f 667/72/18 666/74/18 657/75/18 656/73/18
f 666/74/19 665/76/19 658/77/19 657/75/19
f 665/76/20 664/78/20 659/79/20 658/77/20
f 664/78/3 663/80/3 660/81/3 659/79/3
f 663/80/21 662/82/21 651/83/21 660/81/21
f 662/82/22 661/38/22 652/39/22 651/83/22
f 671/84/1 672/57/1 673/85/1
f 671/84/1 673/85/1 674/86/1
f 671/84/1 674/86/1 675/74/1
f 671/84/1 675/74/1 676/87/1
f 671/84/1 676/87/1 677/88/1
f 671/84/1 677/88/1 678/62/1
f 671/84/1 678/62/1 679/89/1
f 671/84/1 679/89/1 680/90/1
f 671/84/1 680/90/1 681/75/1
f 681/75/1 682/91/1 671/84/1
f 683/57/2 684/84/2 685/91/2
f 683/57/2 685/91/2 686/75/2
f 683/57/2 686/75/2 687/90/2
f 683/57/2 687/90/2 688/89/2
f 683/57/2 688/89/2 689/62/2
f 683/57/2 689/62/2 690/88/2
f 683/57/2 690/88/2 691/87/2
f 683/57/2 691/87/2 692/74/2
f 683/57/2 692/74/2 693/86/2
f 693/86/2 694/85/2 683/57/2
f 683/37/23 694/92/23 673/93/23 672/40/23
f 694/92/8 693/94/8 674/95/8 673/93/8
f 693/94/24 692/96/24 675/97/24 674/95/24
f 692/96/25 691/98/25 676/99/25 675/97/25
f 691/98/9 690/100/9 677/101/9 676/99/9
f 690/100/26 689/74/26 678/75/26 677/101/26
f 689/74/27 688/102/27 679/103/27 678/75/27
f 688/102/10 687/104/10 680/105/10 679/103/10
f 687/104/28 686/106/28 681/107/28 680/105/28
f 686/106/29 685/108/29 682/109/29 681/107/29
f 685/108/7 684/110/7 671/111/7 682/109/7
f 684/110/30 683/38/30 672/39/30 671/111/30
f 695/91/1 696/57/1 697/86/1
f 695/91/1 697/86/1 698/87/1
f 695/91/1 698/87/1 699/62/1
f 699/62/1 700/90/1 695/91/1
f 701/57/2 702/91/2 703/90/2
f 701/57/2 703/90/2 704/62/2
f 701/57/2 704/62/2 705/87/2
f 705/87/2 706/86/2 701/57/2
f 701/37/31 706/94/31 697/95/31 696/40/31
f 706/94/5 705/98/5 698/99/5 697/95/5
f 705/98/32 704/74/32 699/75/32 698/99/32
f 704/74/33 703/104/33 700/105/33 699/75/33
f 703/104/3 702/108/3 695/109/3 700/105/3
f 702/108/34 701/38/34 696/39/34 695/109/34
f 707/91/1 708/57/1 709/86/1
f 707/91/1 709/86/1 710/87/1
f 707/91/1 710/87/1 711/62/1
f 711/62/1 712/90/1 707/91/1
f 713/57/2 714/91/2 715/90/2
f 713/57/2 715/90/2 716/62/2
f 713/57/2 716/62/2 717/87/2
f 717/87/2 718/86/2 713/57/2
f 713/37/31 718/94/31 709/95/31 708/40/31
f 718/94/5 717/98/5 710/99/5 709/95/5
f 717/98/32 716/74/32 711/75/32 710/99/32
f 716/74/33 715/104/33 712/105/33 711/75/33
f 715/104/3 714/108/3 707/109/3 712/105/3
f 714/108/34 713/38/34 708/39/34 707/109/34
f 719/112/35 720/40/36 721/95/37
f 721/95/37 722/113/38 719/112/35
f 722/113/38 721/95/37 723/99/39
f 723/99/39 724/114/40 722/113/38
f 724/114/40 723/99/39 725/75/41
f 725/75/41 726/115/42 724/114/40
f 726/115/42 725/75/41 727/105/43
f 727/105/43 728/116/44 726/115/42
f 728/116/44 727/105/43 729/109/45
f 729/109/45 730/117/46 728/116/44
f 730/117/46 729/109/45 720/39/36
f 720/39/36 719/118/35 730/117/46
f 731/119/47 719/112/35 722/113/38
f 722/113/38 732/120/48 731/119/47
f 732/120/48 722/113/38 724/114/40
f 724/114/40 733/121/49 732/120/48
f 733/121/49 724/114/40 726/115/42
f 726/115/42 734/122/50 733/121/49
f 734/122/50 726/115/42 728/116/44
f 728/116/44 735/123/51 734/122/50
f 735/123/51 728/116/44 730/117/46
f 730/117/46 736/124/52 735/123/51
f 736/124/52 730/117/46 719/118/35
f 719/118/35 731/125/47 736/124/52
f 737/126/53 731/119/47 732/120/48
f 732/120/48 738/127/54 737/126/53
f 738/127/54 732/120/48 733/121/49
f 733/121/49 739/128/55 738/127/54
f 739/128/55 733/121/49 734/122/50
f 734/122/50 740/129/56 739/128/55
f 740/129/56 734/122/50 735/123/51
f 735/123/51 741/130/57 740/129/56
f 741/130/57 735/123/51 736/124/52
f 736/124/52 742/131/58 741/130/57
f 742/131/58 736/124/52 731/125/47
f 731/125/47 737/132/53 742/131/58
f 743/133/59 737/126/53 738/127/54
f 738/127/54 744/134/60 743/133/59
f 744/134/60 738/127/54 739/128/55
f 739/128/55 745/135/61 744/134/60
f 745/135/61 739/128/55 740/129/56
f 740/129/56 746/136/62 745/135/61
f 746/136/62 740/129/56 741/130/57
f 741/130/57 747/137/63 746/136/62
f 747/137/63 741/130/57 742/131/58
f 742/131/58 748/138/64 747/137/63
f 748/138/64 742/131/58 737/132/53
f 737/132/53 743/139/59 748/138/64
f 749/140/65 743/133/59 744/134/60
f 744/134/60 750/141/66 749/140/65
f 750/141/66 744/134/60 745/135/61
f 745/135/61 751/142/67 750/141/66
f 751/142/67 745/135/61 746/136/62
f 746/136/62 752/143/68 751/142/67
f 752/143/68 746/136/62 747/137/63
f 747/137/63 753/144/69 752/143/68
f 753/144/69 747/137/63 748/138/64
f 748/138/64 754/145/70 753/144/69
f 754/145/70 748/138/64 743/139/59
f 743/139/59 749/146/65 754/145/70
f 755/147/71 749/140/65 750/141/66
f 750/141/66 756/148/72 755/147/71
f 756/148/72 750/141/66 751/142/67
f 751/142/67 757/149/73 756/148/72
f 757/149/73 751/142/67 752/143/68
f 752/143/68 758/150/74 757/149/73
f 758/150/74 752/143/68 753/144/69
f 753/144/69 759/151/75 758/150/74
f 759/151/75 753/144/69 754/145/70
f 754/145/70 760/152/76 759/151/75
f 760/152/76 754/145/70 749/146/65
f 749/146/65 755/153/71 760/152/76
f 761/154/77 755/147/71 756/148/72
f 756/148/72 762/155/78 761/154/77
f 762/155/78 756/148/72 757/149/73
f 757/149/73 763/156/79 762/155/78
f 763/156/79 757/149/73 758/150/74
f 758/150/74 764/157/80 763/156/79
f 764/157/80 758/150/74 759/151/75
f 759/151/75 765/158/81 764/157/80
f 765/158/81 759/151/75 760/152/76
f 760/152/76 766/159/82 765/158/81
f 766/159/82 760/152/76 755/153/71
f 755/153/71 761/160/77 766/159/82
f 767/161/83 761/154/77 762/155/78
f 762/155/78 768/162/84 767/161/83
f 768/162/84 762/155/78 763/156/79
f 763/156/79 769/163/85 768/162/84
f 769/163/85 763/156/79 764/157/80
f 764/157/80 770/164/86 769/163/85
f 770/164/86 764/157/80 765/158/81
f 765/158/81 771/165/87 770/164/86
f 771/165/87 765/158/81 766/159/82
f 766/159/82 772/166/88 771/165/87
f 772/166/88 766/159/82 761/160/77
f 761/160/77 767/167/83 772/166/88
f 773/62/89 767/161/83 768/162/84
f 768/162/84 774/168/90 773/62/89
f 774/168/90 768/162/84 769/163/85
f 769/163/85 775/169/91 774/168/90
f 775/169/91 769/163/85 770/164/86
f 770/164/86 776/170/92 775/169/91
f 776/170/92 770/164/86 771/165/87
f 771/165/87 777/171/93 776/170/92
f 777/171/93 771/165/87 772/166/88
f 772/166/88 778/172/94 777/171/93
f 778/172/94 772/166/88 767/167/83
f 767/167/83 773/57/89 778/172/94
f 779/173/95 773/62/89 774/168/90
f 774/168/90 780/174/96 779/173/95
f 780/174/96 774/168/90 775/169/91
f 775/169/91 781/175/97 780/174/96
f 781/175/97 775/169/91 776/170/92
f 776/170/92 782/176/98 781/175/97
f 782/176/98 776/170/92 777/171/93
f 777/171/93 783/177/99 782/176/98
f 783/177/99 777/171/93 778/172/94
f 778/172/94 784/178/100 783/177/99
f 784/178/100 778/172/94 773/57/89
f 773/57/89 779/179/95 784/178/100
f 785/180/101 779/173/95 780/174/96
f 780/174/96 786/181/102 785/180/101
f 786/181/102 780/174/96 781/175/97
f 781/175/97 787/182/103 786/181/102
f 787/182/103 781/175/97 782/176/98
f 782/176/98 788/183/104 787/182/103
f 788/183/104 782/176/98 783/177/99
f 783/177/99 789/184/105 788/183/104
f 789/184/105 783/177/99 784/178/100
f 784/178/100 790/185/106 789/184/105
f 790/185/106 784/178/100 779/179/95
f 779/179/95 785/186/101 790/185/106
f 791/187/107 785/180/101 786/181/102
f 786/181/102 792/188/108 791/187/107
f 792/188/108 786/181/102 787/182/103
f 787/182/103 793/189/109 792/188/108
f 793/189/109 787/182/103 788/183/104
f 788/183/104 794/190/110 793/189/109
f 794/190/110 788/183/104 789/184/105
f 789/184/105 795/191/111 794/190/110
f 795/191/111 789/184/105 790/185/106
f 790/185/106 796/192/112 795/191/111
f 796/192/112 790/185/106 785/186/101
f 785/186/101 791/193/107 796/192/112
f 797/194/113 791/187/107 792/188/108
f 792/188/108 798/195/114 797/194/113
f 798/195/114 792/188/108 793/189/109
f 793/189/109 799/196/115 798/195/114
f 799/196/115 793/189/109 794/190/110
f 794/190/110 800/197/116 799/196/115
f 800/197/116 794/190/110 795/191/111
f 795/191/111 801/198/117 800/197/116
f 801/198/117 795/191/111 796/192/112
f 796/192/112 802/199/118 801/198/117
f 802/199/118 796/192/112 791/193/107
f 791/193/107 797/200/113 802/199/118
f 803/201/119 797/194/113 798/195/114
f 798/195/114 804/202/120 803/201/119
f 804/202/120 798/195/114 799/196/115
f 799/196/115 805/203/121 804/202/120
f 805/203/121 799/196/115 800/197/116
f 800/197/116 806/204/122 805/203/121
f 806/204/122 800/197/116 801/198/117
f 801/198/117 807/205/123 806/204/122
f 807/205/123 801/198/117 802/199/118
f 802/199/118 808/206/124 807/205/123
f 808/206/124 802/199/118 797/200/113
f 797/200/113 803/207/119 808/206/124
f 809/208/125 803/201/119 804/202/120
f 804/202/120 810/209/126 809/208/125
f 810/209/126 804/202/120 805/203/121
f 805/203/121 811/210/127 810/209/126
f 811/210/127 805/203/121 806/204/122
f 806/204/122 812/211/128 811/210/127
f 812/211/128 806/204/122 807/205/123
f 807/205/123 813/212/129 812/211/128
f 813/212/129 807/205/123 808/206/124
f 808/206/124 814/213/130 813/212/129
f 814/213/130 808/206/124 803/207/119
f 803/207/119 809/214/125 814/213/130
f 815/215/131 809/208/125 810/209/126
f 810/209/126 816/216/132 815/215/131
f 816/216/132 810/209/126 811/210/127
f 811/210/127 817/217/133 816/216/132
f 817/217/133 811/210/127 812/211/128
f 812/211/128 818/218/134 817/217/133
f 818/218/134 812/211/128 813/212/129
f 813/212/129 819/219/135 818/218/134
f 819/219/135 813/212/129 814/213/130
f 814/213/130 820/220/136 819/219/135
f 820/220/136 814/213/130 809/214/125
f 809/214/125 815/221/131 820/220/136
f 821/222/137 815/215/131 816/216/132
f 816/216/132 822/223/138 821/222/137
f 822/223/138 816/216/132 817/217/133
f 817/217/133 823/224/139 822/223/138
f 823/224/139 817/217/133 818/218/134
f 818/218/134 824/225/140 823/224/139
f 824/225/140 818/218/134 819/219/135
f 819/219/135 825/226/141 824/225/140
f 825/226/141 819/219/135 820/220/136
f 820/220/136 826/227/142 825/226/141
f 826/227/142 820/220/136 815/221/131
f 815/221/131 821/228/137 826/227/142
f 827/37/143 821/222/137 822/223/138
f 822/223/138 828/94/144 827/37/143
f 828/94/144 822/223/138 823/224/139
f 823/224/139 829/98/145 828/94/144
f 829/98/145 823/224/139 824/225/140
f 824/225/140 830/74/146 829/98/145
f 830/74/146 824/225/140 825/226/141
f 825/226/141 831/104/147 830/74/146
f 831/104/147 825/226/141 826/227/142
f 826/227/142 832/108/148 831/104/147
f 832/108/148 826/227/142 821/228/137
f 821/228/137 827/38/143 832/108/148
f 720/57/149 729/229/149 727/90/149
f 720/57/149 727/90/149 725/62/149
f 720/57/149 725/62/149 723/87/149
f 723/87/149 721/230/149 720/57/149
f 832/229/150 827/57/150 828/230/150
f 832/229/150 828/230/150 829/87/150
f 832/229/150 829/87/150 830/62/150
f 830/62/150 831/90/150 832/229/150
f 833/29/1 834/30/1 835/31/1
f 833/29/1 835/31/1 836/32/1
f 833/29/1 836/32/1 837/33/1
f 833/29/1 837/33/1 838/34/1
f 833/29/1 838/34/1 839/35/1
f 839/35/1 840/36/1 833/29/1
f 841/30/2 842/29/2 843/36/2
f 841/30/2 843/36/2 844/35/2
f 841/30/2 844/35/2 845/34/2
f 841/30/2 845/34/2 846/33/2
f 841/30/2 846/33/2 847/32/2
f 847/32/2 848/31/2 841/30/2
f 841/37/3 848/38/3 835/39/3 834/40/3
f 848/37/7 847/38/7 836/39/7 835/40/7
f 847/37/4 846/38/4 837/39/4 836/40/4
f 846/37/8 845/38/8 838/39/8 837/40/8
f 845/37/5 844/38/5 839/39/5 838/40/5
f 844/37/9 843/38/9 840/39/9 839/40/9
f 843/37/6 842/38/6 833/39/6 840/40/6
f 842/37/10 841/38/10 834/39/10 833/40/10
f 849/41/1 850/42/1 851/43/1
f 849/41/1 851/43/1 852/44/1
f 849/41/1 852/44/1 853/45/1
f 849/41/1 853/45/1 854/46/1
f 849/41/1 854/46/1 855/47/1
f 855/47/1 856/48/1 849/41/1
f 857/42/2 858/41/2 859/48/2
f 857/42/2 859/48/2 860/47/2
f 857/42/2 860/47/2 861/46/2
f 857/42/2 861/46/2 862/45/2
f 857/42/2 862/45/2 863/44/2
f 863/44/2 864/43/2 857/42/2
f 857/13/3 864/14/3 851/15/3 850/16/3
f 864/13/7 863/14/7 852/15/7 851/16/7
f 863/13/4 862/14/4 853/15/4 852/16/4
f 862/13/8 861/14/8 854/15/8 853/16/8
f 861/13/5 860/14/5 855/15/5 854/16/5
f 860/13/9 859/14/9 856/15/9 855/16/9
f 859/13/6 858/14/6 849/15/6 856/16/6
f 858/13/10 857/14/10 850/15/10 849/16/10
f 865/37/5 866/49/5 867/55/5
f 867/55/5 868/54/5 869/39/5
f 865/37/5 867/55/5 869/39/5
f 869/39/5 870/53/5 871/52/5
f 869/39/5 871/52/5 872/51/5
f 869/39/5 872/51/5 873/50/5
f 869/39/5 873/50/5 865/37/5
f 874/49/3 875/37/3 876/50/3
f 874/49/3 876/50/3 877/51/3
f 874/49/3 877/51/3 878/52/3
f 878/52/3 879/53/3 880/39/3
f 874/49/3 878/52/3 880/39/3
f 880/39/3 881/54/3 882/55/3
f 880/39/3 882/55/3 874/49/3
f 866/40/151 867/39/151 882/38/151 874/37/151
f 867/40/152 868/39/152 881/38/152 882/37/152
f 868/40/1 869/39/1 880/38/1 881/37/1
f 869/40/4 870/39/4 879/38/4 880/37/4
f 870/40/2 871/39/2 878/38/2 879/37/2
f 871/40/153 872/39/153 877/38/153 878/37/153
f 872/40/2 873/39/2 876/38/2 877/37/2
f 873/40/154 865/39/154 875/38/154 876/37/154
f 865/40/6 866/39/6 874/38/6 875/37/6
f 883/56/1 884/57/1 885/58/1
f 883/56/1 885/58/1 886/59/1
f 883/56/1 886/59/1 887/60/1
f 883/56/1 887/60/1 888/61/1
f 883/56/1 888/61/1 889/62/1
f 883/56/1 889/62/1 890/63/1
f 883/56/1 890/63/1 891/64/1
f 891/64/1 892/65/1 883/56/1
f 893/57/2 894/56/2 895/65/2
f 893/57/2 895/65/2 896/64/2
f 893/57/2 896/64/2 897/63/2
f 893/57/2 897/63/2 898/62/2
f 893/57/2 898/62/2 899/61/2
f 893/57/2 899/61/2 900/60/2
f 893/57/2 900/60/2 901/59/2
f 901/59/2 902/58/2 893/57/2
f 893/37/15 902/66/15 885/67/15 884/40/15
f 902/66/16 901/68/16 886/69/16 885/67/16
f 901/68/5 900/70/5 887/71/5 886/69/5
f 900/70/17 899/72/17 888/73/17 887/71/17
f 899/72/18 898/74/18 889/75/18 888/73/18
f 898/74/19 897/76/19 890/77/19 889/75/19
f 897/76/20 896/78/20 891/79/20 890/77/20
f 896/78/3 895/80/3 892/81/3 891/79/3
f 895/80/21 894/82/21 883/83/21 892/81/21
f 894/82/22 893/38/22 884/39/22 883/83/22
f 903/84/1 904/57/1 905/85/1
f 903/84/1 905/85/1 906/86/1
f 903/84/1 906/86/1 907/74/1
f 903/84/1 907/74/1 908/87/1
f 903/84/1 908/87/1 909/88/1
f 903/84/1 909/88/1 910/62/1
f 903/84/1 910/62/1 911/89/1
f 903/84/1 911/89/1 912/90/1
f 903/84/1 912/90/1 913/75/1
f 913/75/1 914/91/1 903/84/1
f 915/57/2 916/84/2 917/91/2
f 915/57/2 917/91/2 918/75/2
f 915/57/2 918/75/2 919/90/2
f 915/57/2 919/90/2 920/89/2
f 915/57/2 920/89/2 921/62/2
f 915/57/2 921/62/2 922/88/2
f 915/57/2 922/88/2 923/87/2
f 915/57/2 923/87/2 924/74/2
f 915/57/2 924/74/2 925/86/2
f 925/86/2 926/85/2 915/57/2
f 915/37/23 926/92/23 905/93/23 904/40/23
f 926/92/8 925/94/8 906/95/8 905/93/8
f 925/94/24 924/96/24 907/97/24 906/95/24
f 924/96/25 923/98/25 908/99/25 907/97/25
f 923/98/9 922/100/9 909/101/9 908/99/9
f 922/100/26 921/74/26 910/75/26 909/101/26
f 921/74/27 920/102/27 911/103/27 910/75/27
f 920/102/10 919/104/10 912/105/10 911/103/10
f 919/104/28 918/106/28 913/107/28 912/105/28
f 918/106/29 917/108/29 914/109/29 913/107/29
f 917/108/7 916/110/7 903/111/7 914/109/7
f 916/110/30 915/38/30 904/39/30 903/111/30
f 927/91/1 928/57/1 929/86/1
f 927/91/1 929/86/1 930/87/1
f 927/91/1 930/87/1 931/62/1
f 931/62/1 932/90/1 927/91/1
f 933/57/2 934/91/2 935/90/2
f 933/57/2 935/90/2 936/62/2
f 933/57/2 936/62/2 937/87/2
f 937/87/2 938/86/2 933/57/2
f 933/37/31 938/94/31 929/95/31 928/40/31
f 938/94/5 937/98/5 930/99/5 929/95/5
f 937/98/32 936/74/32 931/75/32 930/99/32
f 936/74/33 935/104/33 932/105/33 931/75/33
f 935/104/3 934/108/3 927/109/3 932/105/3
f 934/108/34 933/38/34 928/39/34 927/109/34
f 939/91/1 940/57/1 941/86/1
f 939/91/1 941/86/1 942/87/1
f 939/91/1 942/87/1 943/62/1
f 943/62/1 944/90/1 939/91/1
f 945/57/2 946/91/2 947/90/2
f 945/57/2 947/90/2 948/62/2
f 945/57/2 948/62/2 949/87/2
f 949/87/2 950/86/2 945/57/2
f 945/37/31 950/94/31 941/95/31 940/40/31
f 950/94/5 949/98/5 942/99/5 941/95/5
f 949/98/32 948/74/32 943/75/32 942/99/32
f 948/74/33 947/104/33 944/105/33 943/75/33
f 947/104/3 946/108/3 939/109/3 944/105/3
f 946/108/34 945/38/34 940/39/34 939/109/34
f 951/112/155 952/40/156 953/95/157
f 953/95/157 954/113/158 951/112/155
f 954/113/158 953/95/157 955/99/159
f 955/99/159 956/114/160 954/113/158
f 956/114/160 955/99/159 957/75/161
f 957/75/161 958/115/162 956/114/160
f 958/115/162 957/75/161 959/105/163
f 959/105/163 960/116/164 958/115/162
f 960/116/164 959/105/163 961/109/165
f 961/109/165 962/117/166 960/116/164
f 962/117/166 961/109/165 952/39/156
f 952/39/156 951/118/155 962/117/166
f 963/119/167 951/112/155 954/113/158
f 954/113/158 964/120/168 963/119/167
f 964/120/168 954/113/158 956/114/160
f 956/114/160 965/121/169 964/120/168
f 965/121/169 956/114/160 958/115/162
f 958/115/162 966/122/170 965/121/169
f 966/122/170 958/115/162 960/116/164
f 960/116/164 967/123/171 966/122/170
f 967/123/171 960/116/164 962/117/166
f 962/117/166 968/124/172 967/123/171
f 968/124/172 962/117/166 951/118/155
f 951/118/155 963/125/167 968/124/172
f 969/126/173 963/119/167 964/120/168
f 964/120/168 970/127/174 969/126/173
f 970/127/174 964/120/168 965/121/169
f 965/121/169 971/128/175 970/127/174
f 971/128/175 965/121/169 966/122/170
f 966/122/170 972/129/176 971/128/175
f 972/129/176 966/122/170 967/123/171
f 967/123/171 973/130/177 972/129/176
f 973/130/177 967/123/171 968/124/172
f 968/124/172 974/131/178 973/130/177
f 974/131/178 968/124/172 963/125/167
f 963/125/167 969/132/173 974/131/178
f 975/133/179 969/126/173 970/127/174
f 970/127/174 976/134/180 975/133/179
f 976/134/180 970/127/174 971/128/175
f 971/128/175 977/135/181 976/134/180
f 977/135/181 971/128/175 972/129/176
f 972/129/176 978/136/182 977/135/181
f 978/136/182 972/129/176 973/130/177
f 973/130/177 979/137/183 978/136/182
f 979/137/183 973/130/177 974/131/178
f 974/131/178 980/138/184 979/137/183
f 980/138/184 974/131/178 969/132/173
f 969/132/173 975/139/179 980/138/184
f 981/140/185 975/133/179 976/134/180
f 976/134/180 982/141/186 981/140/185
f 982/141/186 976/134/180 977/135/181
f 977/135/181 983/142/187 982/141/186
f 983/142/187 977/135/181 978/136/182
f 978/136/182 984/143/188 983/142/187
f 984/143/188 978/136/182 979/137/183
f 979/137/183 985/144/189 984/143/188
f 985/144/189 979/137/183 980/138/184
f 980/138/184 986/145/190 985/144/189
f 986/145/190 980/138/184 975/139/179
f 975/139/179 981/146/185 986/145/190
f 987/147/191 981/140/185 982/141/186
f 982/141/186 988/148/192 987/147/191
f 988/148/192 982/141/186 983/142/187
f 983/142/187 989/149/193 988/148/192
f 989/149/193 983/142/187 984/143/188
f 984/143/188 990/150/194 989/149/193
f 990/150/194 984/143/188 985/144/189
f 985/144/189 991/151/195 990/150/194
f 991/151/195 985/144/189 986/145/190
f 986/145/190 992/152/196 991/151/195
f 992/152/196 986/145/190 981/146/185
f 981/146/185 987/153/191 992/152/196
f 993/154/197 987/147/191 988/148/192
f 988/148/192 994/155/198 993/154/197
f 994/155/198 988/148/192 989/149/193
f 989/149/193 995/156/199 994/155/198
f 995/156/199 989/149/193 990/150/194
f 990/150/194 996/157/200 995/156/199
f 996/157/200 990/150/194 991/151/195
f 991/151/195 997/158/201 996/157/200
f 997/158/201 991/151/195 992/152/196
f 992/152/196 998/159/202 997/158/201
f 998/159/202 992/152/196 987/153/191
f 987/153/191 993/160/197 998/159/202
f 999/161/203 993/154/197 994/155/198
f 994/155/198 1000/162/204 999/161/203
f 1000/162/204 994/155/198 995/156/199
f 995/156/199 1001/163/205 1000/162/204
f 1001/163/205 995/156/199 996/157/200
f 996/157/200 1002/164/206 1001/163/205
f 1002/164/206 996/157/200 997/158/201
f 997/158/201 1003/165/207 1002/164/206
f 1003/165/207 997/158/201 998/159/202
f 998/159/202 1004/166/208 1003/165/207
f 1004/166/208 998/159/202 993/160/197
f 993/160/197 999/167/203 1004/166/208
f 1005/62/209 999/161/203 1000/162/204
f 1000/162/204 1006/168/210 1005/62/209
f 1006/168/210 1000/162/204 1001/163/205
f 1001/163/205 1007/169/211 1006/168/210
f 1007/169/211 1001/163/205 1002/164/206
f 1002/164/206 1008/170/212 1007/169/211
f 1008/170/212 1002/164/206 1003/165/207
f 1003/165/207 1009/171/213 1008/170/212
f 1009/171/213 1003/165/207 1004/166/208
f 1004/166/208 1010/172/214 1009/171/213
f 1010/172/214 1004/166/208 999/167/203
f 999/167/203 1005/57/209 1010/172/214
f 1011/173/215 1005/62/209 1006/168/210
f 1006/168/210 1012/174/216 1011/173/215
f 1012/174/216 1006/168/210 1007/169/211
f 1007/169/211 1013/175/217 1012/174/216
f 1013/175/217 1007/169/211 1008/170/212
f 1008/170/212 1014/176/218 1013/175/217
f 1014/176/218 1008/170/212 1009/171/213
f 1009/171/213 1015/177/219 1014/176/218
f 1015/177/219 1009/171/213 1010/172/214
f 1010/172/214 1016/178/220 1015/177/219
f 1016/178/220 1010/172/214 1005/57/209
f 1005/57/209 1011/179/215 1016/178/220
f 1017/180/221 1011/173/215 1012/174/216
f 1012/174/216 1018/181/222 1017/180/221
f 1018/181/222 1012/174/216 1013/175/217
f 1013/175/217 1019/182/223 1018/181/222
f 1019/182/223 1013/175/217 1014/176/218
f 1014/176/218 1020/183/224 1019/182/223
f 1020/183/224 1014/176/218 1015/177/219
f 1015/177/219 1021/184/225 1020/183/224
f 1021/184/225 1015/177/219 1016/178/220
f 1016/178/220 1022/185/226 1021/184/225
f 1022/185/226 1016/178/220 1011/179/215
f 1011/179/215 1017/186/221 1022/185/226
f 1023/187/227 1017/180/221 1018/181/222
f 1018/181/222 1024/188/228 1023/187/227
f 1024/188/228 1018/181/222 1019/182/223
f 1019/182/223 1025/189/229 1024/188/228
f 1025/189/229 1019/182/223 1020/183/224
f 1020/183/224 1026/190/230 1025/189/229
f 1026/190/230 1020/183/224 1021/184/225
f 1021/184/225 1027/191/231 1026/190/230
f 1027/191/231 1021/184/225 1022/185/226
f 1022/185/226 1028/192/232 1027/191/231
f 1028/192/232 1022/185/226 1017/186/221
f 1017/186/221 1023/193/227 1028/192/232
f 1029/194/233 1023/187/227 1024/188/228
f 1024/188/228 1030/195/234 1029/194/233
f 1030/195/234 1024/188/228 1025/189/229
f 1025/189/229 1031/196/235 1030/195/234
f 1031/196/235 1025/189/229 1026/190/230
f 1026/190/230 1032/197/236 1031/196/235
f 1032/197/236 1026/190/230 1027/191/231
f 1027/191/231 1033/198/237 1032/197/236
f 1033/198/237 1027/191/231 1028/192/232
f 1028/192/232 1034/199/238 1033/198/237
f 1034/199/238 1028/192/232 1023/193/227
f 1023/193/227 1029/200/233 1034/199/238
f 1035/201/239 1029/194/233 1030/195/234
f 1030/195/234 1036/202/240 1035/201/239
f 1036/202/240 1030/195/234 1031/196/235
f 1031/196/235 1037/203/241 1036/202/240
f 1037/203/241 1031/196/235 1032/197/236
f 1032/197/236 1038/204/242 1037/203/241
f 1038/204/242 1032/197/236 1033/198/237
f 1033/198/237 1039/205/243 1038/204/242
f 1039/205/243 1033/198/237 1034/199/238
f 1034/199/238 1040/206/244 1039/205/243
f 1040/206/244 1034/199/238 1029/200/233
f 1029/200/233 1035/207/239 1040/206/244
f 1041/208/245 1035/201/239 1036/202/240
f 1036/202/240 1042/209/246 1041/208/245
f 1042/209/246 1036/202/240 1037/203/241
f 1037/203/241 1043/210/247 1042/209/246
f 1043/210/247 1037/203/241 1038/204/242
f 1038/204/242 1044/211/248 1043/210/247
f 1044/211/248 1038/204/242 1039/205/243
f 1039/205/243 1045/212/249 1044/211/248
f 1045/212/249 1039/205/243 1040/206/244
f 1040/206/244 1046/213/250 1045/212/249
f 1046/213/250 1040/206/244 1035/207/239
f 1035/207/239 1041/214/245 1046/213/250
f 1047/215/251 1041/208/245 1042/209/246
f 1042/209/246 1048/216/252 1047/215/251
f 1048/216/252 1042/209/246 1043/210/247
f 1043/210/247 1049/217/253 1048/216/252
f 1049/217/253 1043/210/247 1044/211/248
f 1044/211/248 1050/218/254 1049/217/253
f 1050/218/254 1044/211/248 1045/212/249
f 1045/212/249 1051/219/255 1050/218/254
f 1051/219/255 1045/212/249 1046/213/250
f 1046/213/250 1052/220/256 1051/219/255
f 1052/220/256 1046/213/250 1041/214/245
f 1041/214/245 1047/221/251 1052/220/256
f 1053/222/257 1047/215/251 1048/216/252
f 1048/216/252 1054/223/258 1053/222/257
f 1054/223/258 1048/216/252 1049/217/253
f 1049/217/253 1055/224/259 1054/223/258
f 1055/224/259 1049/217/253 1050/218/254
f 1050/218/254 1056/225/260 1055/224/259
f 1056/225/260 1050/218/254 1051/219/255
f 1051/219/255 1057/226/261 1056/225/260
f 1057/226/261 1051/219/255 1052/220/256
f 1052/220/256 1058/227/262 1057/226/261
f 1058/227/262 1052/220/256 1047/221/251
f 1047/221/251 1053/228/257 1058/227/262
f 1059/37/263 1053/222/257 1054/223/258
f 1054/223/258 1060/94/264 1059/37/263
f 1060/94/264 1054/223/258 1055/224/259
f 1055/224/259 1061/98/265 1060/94/264
f 1061/98/265 1055/224/259 1056/225/260
f 1056/225/260 1062/74/266 1061/98/265
f 1062/74/266 1056/225/260 1057/226/261
f 1057/226/261 1063/104/267 1062/74/266
f 1063/104/267 1057/226/261 1058/227/262
f 1058/227/262 1064/108/268 1063/104/267
f 1064/108/268 1058/227/262 1053/228/257
f 1053/228/257 1059/38/263 1064/108/268
f 952/57/269 961/229/269 959/90/269
f 952/57/269 959/90/269 957/62/269
f 952/57/269 957/62/269 955/87/269
f 955/87/269 953/230/269 952/57/269
f 1064/229/270 1059/57/270 1060/230/270
f 1064/229/270 1060/230/270 1061/87/270
f 1064/229/270 1061/87/270 1062/62/270
f 1062/62/270 1063/90/270 1064/229/270
g rail_right
usemtl mat
f 1065/231/4 1066/232/4 1067/233/4 1068/234/4
f 1066/232/271 1069/235/271 1070/236/271 1067/233/271
f 1069/235/272 1071/237/272 1072/238/272 1070/236/272
f 1071/237/273 1073/239/273 1074/240/273 1072/238/273
f 1073/239/274 1075/241/274 1076/242/274 1074/240/274
f 1075/241/4 1077/243/4 1078/244/4 1076/242/4
f 1077/243/275 1079/245/275 1080/246/275 1078/244/275
f 1079/245/276 1081/247/276 1082/248/276 1080/246/276
f 1081/247/277 1083/249/277 1084/250/277 1082/248/277
f 1083/249/278 1085/251/278 1086/252/278 1084/250/278
f 1085/251/4 1087/253/4 1088/254/4 1086/252/4
f 1087/253/279 1089/255/279 1090/256/279 1088/254/279
f 1089/257/280 1091/258/280 1092/259/280 1090/260/280
f 1091/258/2 1093/261/2 1094/262/2 1092/259/2
f 1093/261/281 1095/263/281 1096/264/281 1094/262/281
f 1095/255/282 1097/253/282 1098/254/282 1096/256/282
f 1097/253/6 1099/251/6 1100/252/6 1098/254/6
f 1099/251/283 1101/249/283 1102/250/283 1100/252/283
f 1101/249/284 1103/247/284 1104/248/284 1102/250/284
f 1103/247/285 1105/245/285 1106/246/285 1104/248/285
f 1105/245/286 1107/243/286 1108/244/286 1106/246/286
f 1107/243/6 1109/241/6 1110/242/6 1108/244/6
f 1109/241/287 1111/239/287 1112/240/287 1110/242/287
f 1111/239/288 1113/237/288 1114/238/288 1112/240/288
f 1113/237/289 1115/235/289 1116/236/289 1114/238/289
f 1115/235/290 1117/232/290 1118/233/290 1116/236/290
f 1117/232/6 1119/231/6 1120/234/6 1118/233/6
f 1119/231/1 1065/265/1 1068/266/1 1120/234/1
g rail_right_end
usemtl mat
f 1065/267/3 1119/268/3 1117/269/3
f 1065/267/3 1117/269/3 1115/270/3
f 1065/267/3 1115/270/3 1113/271/3
f 1065/267/3 1113/271/3 1111/272/3
f 1105/273/3 1103/274/3 1101/275/3
f 1105/273/3 1101/275/3 1099/276/3
f 1105/273/3 1099/276/3 1097/277/3
f 1105/273/3 1097/277/3 1095/278/3
f 1105/273/3 1095/278/3 1093/279/3
f 1107/280/3 1105/273/3 1093/279/3
f 1107/280/3 1093/279/3 1091/281/3
f 1107/280/3 1091/281/3 1089/282/3
f 1107/280/3 1089/282/3 1087/283/3
f 1107/280/3 1087/283/3 1085/284/3
f 1107/280/3 1085/284/3 1083/285/3
f 1083/285/3 1081/286/3 1079/287/3
f 1107/280/3 1083/285/3 1079/287/3
f 1107/280/3 1079/287/3 1077/288/3
f 1109/289/3 1107/280/3 1077/288/3
f 1111/272/3 1109/289/3 1077/288/3
f 1111/272/3 1077/288/3 1075/290/3
f 1111/272/3 1075/290/3 1073/291/3
f 1111/272/3 1073/291/3 1071/292/3
f 1065/267/3 1111/272/3 1071/292/3
f 1065/267/3 1071/292/3 1069/293/3
f 1069/293/3 1066/294/3 1065/267/3
f 1120/268/5 1068/267/5 1067/294/5
f 1120/268/5 1067/294/5 1070/293/5
f 1120/268/5 1070/293/5 1072/292/5
f 1120/268/5 1072/292/5 1074/291/5
f 1080/287/5 1082/286/5 1084/285/5
f 1080/287/5 1084/285/5 1086/284/5
f 1080/287/5 1086/284/5 1088/283/5
f 1080/287/5 1088/283/5 1090/282/5
f 1080/287/5 1090/282/5 1092/281/5
f 1078/288/5 1080/287/5 1092/281/5
f 1078/288/5 1092/281/5 1094/279/5
f 1078/288/5 1094/279/5 1096/278/5
f 1078/288/5 1096/278/5 1098/277/5
f 1078/288/5 1098/277/5 1100/276/5
f 1078/288/5 1100/276/5 1102/275/5
f 1102/275/5 1104/274/5 1106/273/5
f 1078/288/5 1102/275/5 1106/273/5
f 1078/288/5 1106/273/5 1108/280/5
f 1076/290/5 1078/288/5 1108/280/5
f 1074/291/5 1076/290/5 1108/280/5
f 1074/291/5 1108/280/5 1110/289/5
f 1074/291/5 1110/289/5 1112/272/5
f 1074/291/5 1112/272/5 1114/271/5
f 1120/268/5 1074/291/5 1114/271/5
f 1120/268/5 1114/271/5 1116/270/5
f 1116/270/5 1118/269/5 1120/268/5
