# metres; Y up; CCW outward; repeat 0.6 m
mtllib outer_guard_high.mtl
v -1.850000 -0.304000 -0.300000
v -1.850000 -0.304000 -0.200000
v -1.800000 -0.258697 -0.200000
v -1.800000 -0.258885 -0.300000
v -1.850000 -0.304000 -0.100000
v -1.800000 -0.258319 -0.100000
v -1.850000 -0.304000 0.000000
v -1.800000 -0.258131 0.000000
v -1.850000 -0.304000 0.100000
v -1.800000 -0.258319 0.100000
v -1.850000 -0.304000 0.200000
v -1.800000 -0.258697 0.200000
v -1.850000 -0.304000 0.300000
v -1.800000 -0.258885 0.300000
v -1.800000 -0.304000 -0.300000
v -1.800000 -0.304000 0.300000
v -1.783750 -0.244162 -0.200000
v -1.783750 -0.244412 -0.300000
v -1.783750 -0.243662 -0.100000
v -1.783750 -0.243412 0.000000
v -1.783750 -0.243662 0.100000
v -1.783750 -0.244162 0.200000
v -1.783750 -0.244412 0.300000
v -1.783750 -0.304000 -0.300000
v -1.783750 -0.304000 0.300000
v -1.717500 -0.186887 -0.200000
v -1.717500 -0.187387 -0.300000
v -1.717500 -0.185887 -0.100000
v -1.717500 -0.185387 0.000000
v -1.717500 -0.185887 0.100000
v -1.717500 -0.186887 0.200000
v -1.717500 -0.187387 0.300000
v -1.717500 -0.304000 -0.300000
v -1.717500 -0.304000 0.300000
v -1.651250 -0.134349 -0.200000
v -1.651250 -0.135099 -0.300000
v -1.651250 -0.132849 -0.100000
v -1.651250 -0.132099 0.000000
v -1.651250 -0.132849 0.100000
v -1.651250 -0.134349 0.200000
v -1.651250 -0.135099 0.300000
v -1.651250 -0.304000 -0.300000
v -1.651250 -0.304000 0.300000
v -1.585000 -0.088000 -0.200000
v -1.585000 -0.089000 -0.300000
v -1.585000 -0.086000 -0.100000
v -1.585000 -0.085000 0.000000
v -1.585000 -0.086000 0.100000
v -1.585000 -0.088000 0.200000
v -1.585000 -0.089000 0.300000
v -1.585000 -0.304000 -0.300000
v -1.585000 -0.304000 0.300000
v -1.518750 -0.048349 -0.200000
v -1.518750 -0.049599 -0.300000
v -1.518750 -0.045849 -0.100000
v -1.518750 -0.044599 0.000000
v -1.518750 -0.045849 0.100000
v -1.518750 -0.048349 0.200000
v -1.518750 -0.049599 0.300000
v -1.518750 -0.304000 -0.300000
v -1.518750 -0.304000 0.300000
v -1.452500 -0.014887 -0.200000
v -1.452500 -0.016387 -0.300000
v -1.452500 -0.011887 -0.100000
v -1.452500 -0.010387 0.000000
v -1.452500 -0.011887 0.100000
v -1.452500 -0.014887 0.200000
v -1.452500 -0.016387 0.300000
v -1.452500 -0.304000 -0.300000
v -1.452500 -0.304000 0.300000
v -1.386250 0.013838 -0.200000
v -1.386250 0.012088 -0.300000
v -1.386250 0.017338 -0.100000
v -1.386250 0.019088 0.000000
v -1.386250 0.017338 0.100000
v -1.386250 0.013838 0.200000
v -1.386250 0.012088 0.300000
v -1.414374 0.000000 -0.300000
v -1.386250 0.000000 -0.300000
v -1.386250 -0.304000 -0.300000
v -1.386250 -0.304000 0.300000
v -1.386250 0.000000 0.300000
v -1.414374 0.000000 0.300000
v -1.320000 0.040000 -0.200000
v -1.320000 0.038000 -0.300000
v -1.320000 0.044000 -0.100000
v -1.320000 0.046000 0.000000
v -1.320000 0.044000 0.100000
v -1.320000 0.040000 0.200000
v -1.320000 0.038000 0.300000
v -1.320000 0.000000 -0.300000
v -1.320000 -0.304000 -0.300000
v -1.320000 -0.304000 0.300000
v -1.320000 0.000000 0.300000
v -1.200000 0.028000 -0.200000
v -1.200000 0.026000 -0.300000
v -1.200000 0.032000 -0.100000
v -1.200000 0.034000 0.000000
v -1.200000 0.032000 0.100000
v -1.200000 0.028000 0.200000
v -1.200000 0.026000 0.300000
v -1.200000 0.000000 -0.300000
v -1.200000 -0.304000 -0.300000
v -1.200000 -0.304000 0.300000
v -1.200000 0.000000 0.300000
v -0.600000 0.028000 -0.200000
v -0.600000 0.026000 -0.300000
v -0.600000 0.032000 -0.100000
v -0.600000 0.034000 0.000000
v -0.600000 0.032000 0.100000
v -0.600000 0.028000 0.200000
v -0.600000 0.026000 0.300000
v -0.600000 0.000000 -0.300000
v -0.600000 -0.304000 -0.300000
v -0.600000 -0.304000 0.300000
v -0.600000 0.000000 0.300000
v 0.000000 0.028000 -0.200000
v 0.000000 0.026000 -0.300000
v 0.000000 0.032000 -0.100000
v 0.000000 0.034000 0.000000
v 0.000000 0.032000 0.100000
v 0.000000 0.028000 0.200000
v 0.000000 0.026000 0.300000
v 0.000000 0.000000 -0.300000
v 0.000000 -0.304000 -0.300000
v 0.000000 -0.304000 0.300000
v 0.000000 0.000000 0.300000
v 0.600000 0.028000 -0.200000
v 0.600000 0.026000 -0.300000
v 0.600000 0.032000 -0.100000
v 0.600000 0.034000 0.000000
v 0.600000 0.032000 0.100000
v 0.600000 0.028000 0.200000
v 0.600000 0.026000 0.300000
v 0.600000 0.000000 -0.300000
v 0.600000 -0.304000 -0.300000
v 0.600000 -0.304000 0.300000
v 0.600000 0.000000 0.300000
v 1.200000 0.028000 -0.200000
v 1.200000 0.026000 -0.300000
v 1.200000 0.032000 -0.100000
v 1.200000 0.034000 0.000000
v 1.200000 0.032000 0.100000
v 1.200000 0.028000 0.200000
v 1.200000 0.026000 0.300000
v 1.200000 0.000000 -0.300000
v 1.200000 -0.304000 -0.300000
v 1.200000 -0.304000 0.300000
v 1.200000 0.000000 0.300000
v 1.320000 0.040000 -0.200000
v 1.320000 0.038000 -0.300000
v 1.320000 0.044000 -0.100000
v 1.320000 0.046000 0.000000
v 1.320000 0.044000 0.100000
v 1.320000 0.040000 0.200000
v 1.320000 0.038000 0.300000
v 1.320000 0.000000 -0.300000
v 1.320000 -0.304000 -0.300000
v 1.320000 -0.304000 0.300000
v 1.320000 0.000000 0.300000
v 1.386250 0.013838 -0.200000
v 1.386250 0.012088 -0.300000
v 1.386250 0.017338 -0.100000
v 1.386250 0.019088 0.000000
v 1.386250 0.017338 0.100000
v 1.386250 0.013838 0.200000
v 1.386250 0.012088 0.300000
v 1.386250 0.000000 -0.300000
v 1.386250 -0.304000 -0.300000
v 1.386250 -0.304000 0.300000
v 1.386250 0.000000 0.300000
v 1.452500 -0.014887 -0.200000
v 1.452500 -0.016387 -0.300000
v 1.452500 -0.011887 -0.100000
v 1.452500 -0.010387 0.000000
v 1.452500 -0.011887 0.100000
v 1.452500 -0.014887 0.200000
v 1.452500 -0.016387 0.300000
v 1.414374 0.000000 -0.300000
v 1.452500 -0.304000 -0.300000
v 1.452500 -0.304000 0.300000
v 1.414374 0.000000 0.300000
v 1.518750 -0.048349 -0.200000
v 1.518750 -0.049599 -0.300000
v 1.518750 -0.045849 -0.100000
v 1.518750 -0.044599 0.000000
v 1.518750 -0.045849 0.100000
v 1.518750 -0.048349 0.200000
v 1.518750 -0.049599 0.300000
v 1.518750 -0.304000 -0.300000
v 1.518750 -0.304000 0.300000
v 1.585000 -0.088000 -0.200000
v 1.585000 -0.089000 -0.300000
v 1.585000 -0.086000 -0.100000
v 1.585000 -0.085000 0.000000
v 1.585000 -0.086000 0.100000
v 1.585000 -0.088000 0.200000
v 1.585000 -0.089000 0.300000
v 1.585000 -0.304000 -0.300000
v 1.585000 -0.304000 0.300000
v 1.651250 -0.134349 -0.200000
v 1.651250 -0.135099 -0.300000
v 1.651250 -0.132849 -0.100000
v 1.651250 -0.132099 0.000000
v 1.651250 -0.132849 0.100000
v 1.651250 -0.134349 0.200000
v 1.651250 -0.135099 0.300000
v 1.651250 -0.304000 -0.300000
v 1.651250 -0.304000 0.300000
v 1.717500 -0.186887 -0.200000
v 1.717500 -0.187387 -0.300000
v 1.717500 -0.185887 -0.100000
v 1.717500 -0.185387 0.000000
v 1.717500 -0.185887 0.100000
v 1.717500 -0.186887 0.200000
v 1.717500 -0.187387 0.300000
v 1.717500 -0.304000 -0.300000
v 1.717500 -0.304000 0.300000
v 1.783750 -0.244162 -0.200000
v 1.783750 -0.244412 -0.300000
v 1.783750 -0.243662 -0.100000
v 1.783750 -0.243412 0.000000
v 1.783750 -0.243662 0.100000
v 1.783750 -0.244162 0.200000
v 1.783750 -0.244412 0.300000
v 1.783750 -0.304000 -0.300000
v 1.783750 -0.304000 0.300000
v 1.800000 -0.258697 -0.200000
v 1.800000 -0.258885 -0.300000
v 1.800000 -0.258319 -0.100000
v 1.800000 -0.258131 0.000000
v 1.800000 -0.258319 0.100000
v 1.800000 -0.258697 0.200000
v 1.800000 -0.258885 0.300000
v 1.800000 -0.304000 -0.300000
v 1.800000 -0.304000 0.300000
v 1.850000 -0.304000 -0.200000
v 1.850000 -0.304000 -0.300000
v 1.850000 -0.304000 -0.100000
v 1.850000 -0.304000 0.000000
v 1.850000 -0.304000 0.100000
v 1.850000 -0.304000 0.200000
v 1.850000 -0.304000 0.300000
v -1.250000 -0.034578 -0.105000
v -1.220000 -0.034578 -0.105000
v -1.220000 -0.034578 0.105000
v -1.250000 -0.034578 0.105000
v -1.250000 0.065422 0.096000
v -1.220000 0.066547 0.096000
v -1.220000 0.074547 0.086000
v -1.250000 0.073422 0.086000
v -1.220000 0.074547 -0.086000
v -1.250000 0.073422 -0.086000
v -1.220000 0.066547 -0.096000
v -1.250000 0.065422 -0.096000
v -1.200000 -0.034578 -0.120000
v -1.200000 -0.034578 0.120000
v -1.200000 0.067297 0.111000
v -1.200000 0.075297 0.101000
v -1.200000 0.075297 -0.101000
v -1.200000 0.067297 -0.111000
v -0.930000 -0.034578 -0.120000
v -0.930000 -0.034578 0.120000
v -0.930000 0.077422 0.111000
v -0.930000 0.085422 0.101000
v -0.930000 0.085422 -0.101000
v -0.930000 0.077422 -0.111000
v -0.751500 -0.034578 -0.120000
v -0.751500 -0.034578 0.120000
v -0.751500 0.077422 0.111000
v -0.751500 0.085422 0.101000
v -0.751500 0.085422 -0.101000
v -0.751500 0.077422 -0.111000
v -0.600000 -0.034578 -0.120000
v -0.600000 -0.034578 0.120000
v -0.600000 0.077422 0.111000
v -0.600000 0.085422 0.101000
v -0.600000 0.085422 -0.101000
v -0.600000 0.077422 -0.111000
v -0.530000 -0.034578 -0.120000
v -0.530000 -0.034578 0.120000
v -0.530000 0.077422 0.111000
v -0.530000 0.085422 0.101000
v -0.530000 0.085422 -0.101000
v -0.530000 0.077422 -0.111000
v -0.400000 -0.034578 -0.120000
v -0.400000 -0.034578 0.120000
v -0.400000 0.072463 0.111000
v -0.400000 0.080463 0.101000
v -0.400000 0.080463 -0.101000
v -0.400000 0.072463 -0.111000
v -0.270000 -0.034578 -0.120000
v -0.270000 -0.034578 0.120000
v -0.270000 0.060387 0.111000
v -0.270000 0.068387 0.101000
v -0.270000 0.068387 -0.101000
v -0.270000 0.060387 -0.111000
v -0.130000 -0.034578 -0.120000
v -0.130000 -0.034578 0.120000
v -0.130000 0.047270 0.111000
v -0.130000 0.055270 0.101000
v -0.130000 0.055270 -0.101000
v -0.130000 0.047270 -0.111000
v 0.000000 -0.034578 -0.120000
v 0.000000 -0.034578 0.120000
v 0.000000 0.042311 0.111000
v 0.000000 0.050311 0.101000
v 0.000000 0.050311 -0.101000
v 0.000000 0.042311 -0.111000
v 0.130000 -0.034578 -0.120000
v 0.130000 -0.034578 0.120000
v 0.130000 0.047270 0.111000
v 0.130000 0.055270 0.101000
v 0.130000 0.055270 -0.101000
v 0.130000 0.047270 -0.111000
v 0.270000 -0.034578 -0.120000
v 0.270000 -0.034578 0.120000
v 0.270000 0.060387 0.111000
v 0.270000 0.068387 0.101000
v 0.270000 0.068387 -0.101000
v 0.270000 0.060387 -0.111000
v 0.400000 -0.034578 -0.120000
v 0.400000 -0.034578 0.120000
v 0.400000 0.072463 0.111000
v 0.400000 0.080463 0.101000
v 0.400000 0.080463 -0.101000
v 0.400000 0.072463 -0.111000
v 0.530000 -0.034578 -0.120000
v 0.530000 -0.034578 0.120000
v 0.530000 0.077422 0.111000
v 0.530000 0.085422 0.101000
v 0.530000 0.085422 -0.101000
v 0.530000 0.077422 -0.111000
v 0.600000 -0.034578 -0.120000
v 0.600000 -0.034578 0.120000
v 0.600000 0.077422 0.111000
v 0.600000 0.085422 0.101000
v 0.600000 0.085422 -0.101000
v 0.600000 0.077422 -0.111000
v 0.751500 -0.034578 -0.120000
v 0.751500 -0.034578 0.120000
v 0.751500 0.077422 0.111000
v 0.751500 0.085422 0.101000
v 0.751500 0.085422 -0.101000
v 0.751500 0.077422 -0.111000
v 0.930000 -0.034578 -0.120000
v 0.930000 -0.034578 0.120000
v 0.930000 0.077422 0.111000
v 0.930000 0.085422 0.101000
v 0.930000 0.085422 -0.101000
v 0.930000 0.077422 -0.111000
v 1.200000 -0.034578 -0.120000
v 1.200000 -0.034578 0.120000
v 1.200000 0.067297 0.111000
v 1.200000 0.075297 0.101000
v 1.200000 0.075297 -0.101000
v 1.200000 0.067297 -0.111000
v 1.220000 -0.034578 -0.105000
v 1.220000 -0.034578 0.105000
v 1.220000 0.066547 0.096000
v 1.220000 0.074547 0.086000
v 1.220000 0.074547 -0.086000
v 1.220000 0.066547 -0.096000
v 1.250000 -0.034578 -0.105000
v 1.250000 -0.034578 0.105000
v 1.250000 0.065422 0.096000
v 1.250000 0.073422 0.086000
v 1.250000 0.073422 -0.086000
v 1.250000 0.065422 -0.096000
v -0.827500 0.085422 -0.101000
v -0.821500 0.085422 -0.107000
v -0.790700 0.085422 -0.107000
v -0.790700 0.085422 -0.102512
v -0.790700 0.085422 -0.101000
v -0.790700 0.085422 -0.052095
v -0.790700 0.085422 -0.048573
v -0.790700 0.085422 0.107000
v -0.821500 0.085422 0.107000
v -0.827500 0.085422 0.101000
v -0.821500 0.095422 -0.107000
v -0.790700 0.095422 -0.107000
v -0.790700 0.095422 0.107000
v -0.821500 0.095422 0.107000
v -0.827500 0.095422 0.101000
v -0.827500 0.095422 -0.101000
v -0.820500 0.099422 -0.106000
v -0.826500 0.099422 -0.100000
v -0.826500 0.099422 0.100000
v -0.820500 0.099422 0.106000
v -0.790700 0.099422 0.106000
v -0.790700 0.099422 -0.060220
v -0.790700 0.099422 -0.063369
v -0.790700 0.099422 -0.104758
v -0.790700 0.099422 -0.106000
v -0.790700 0.095422 -0.106000
v -0.820500 0.095422 -0.106000
v -0.820500 0.095422 0.106000
v -0.790700 0.095422 0.106000
v -0.826500 0.095422 0.100000
v -0.826500 0.095422 -0.100000
v -0.946500 0.085422 -0.100000
v -0.943500 0.085422 -0.103000
v -0.823500 0.085422 -0.103000
v -0.820500 0.085422 -0.100000
v -0.820500 0.085422 0.100000
v -0.823500 0.085422 0.103000
v -0.943500 0.085422 0.103000
v -0.946500 0.085422 0.100000
v -0.943500 0.095422 -0.103000
v -0.946500 0.095422 -0.100000
v -0.946500 0.095422 0.100000
v -0.943500 0.095422 0.103000
v -0.823500 0.095422 0.103000
v -0.820500 0.095422 0.100000
v -0.820500 0.095422 -0.100000
v -0.823500 0.095422 -0.103000
v -0.950500 0.095422 -0.105000
v -0.948500 0.095422 -0.107000
v -0.936500 0.095422 -0.107000
v -0.934500 0.095422 -0.105000
v -0.934500 0.095422 0.105000
v -0.936500 0.095422 0.107000
v -0.948500 0.095422 0.107000
v -0.950500 0.095422 0.105000
v -0.948500 0.126422 -0.107000
v -0.950500 0.126422 -0.105000
v -0.950500 0.126422 0.105000
v -0.948500 0.126422 0.107000
v -0.936500 0.126422 0.107000
v -0.934500 0.126422 0.105000
v -0.934500 0.126422 -0.105000
v -0.936500 0.126422 -0.107000
v -0.793500 0.119400 -0.105000
v -0.793500 0.129000 -0.105000
v -0.819500 0.123500 -0.105000
v -0.827500 0.123500 -0.105000
v -0.901500 0.109500 -0.105000
v -0.939500 0.109500 -0.105000
v -0.939500 0.095422 -0.105000
v -0.833500 0.095422 -0.105000
v -0.821500 0.108000 -0.105000
v -0.793500 0.129000 0.105000
v -0.793500 0.119400 0.105000
v -0.821500 0.108000 0.105000
v -0.833500 0.095422 0.105000
v -0.939500 0.095422 0.105000
v -0.939500 0.109500 0.105000
v -0.901500 0.109500 0.105000
v -0.827500 0.123500 0.105000
v -0.819500 0.123500 0.105000
v -0.876410 0.095422 -0.005878
v -0.874500 0.095422 0.000000
v -0.876410 0.095422 0.005878
v -0.881410 0.095422 0.009511
v -0.887590 0.095422 0.009511
v -0.892590 0.095422 0.005878
v -0.894500 0.095422 0.000000
v -0.892590 0.095422 -0.005878
v -0.887590 0.095422 -0.009511
v -0.881410 0.095422 -0.009511
v -0.874500 0.192000 0.000000
v -0.876410 0.192000 -0.005878
v -0.881410 0.192000 -0.009511
v -0.887590 0.192000 -0.009511
v -0.892590 0.192000 -0.005878
v -0.894500 0.192000 0.000000
v -0.892590 0.192000 0.005878
v -0.887590 0.192000 0.009511
v -0.881410 0.192000 0.009511
v -0.876410 0.192000 0.005878
v -0.858519 0.162000 -0.015000
v -0.854500 0.162000 0.000000
v -0.858519 0.162000 0.015000
v -0.869500 0.162000 0.025981
v -0.884500 0.162000 0.030000
v -0.899500 0.162000 0.025981
v -0.910481 0.162000 0.015000
v -0.914500 0.162000 0.000000
v -0.910481 0.162000 -0.015000
v -0.899500 0.162000 -0.025981
v -0.884500 0.162000 -0.030000
v -0.869500 0.162000 -0.025981
v -0.854500 0.168000 0.000000
v -0.858519 0.168000 -0.015000
v -0.869500 0.168000 -0.025981
v -0.884500 0.168000 -0.030000
v -0.899500 0.168000 -0.025981
v -0.910481 0.168000 -0.015000
v -0.914500 0.168000 0.000000
v -0.910481 0.168000 0.015000
v -0.899500 0.168000 0.025981
v -0.884500 0.168000 0.030000
v -0.869500 0.168000 0.025981
v -0.858519 0.168000 0.015000
v -0.874500 0.168000 -0.017321
v -0.864500 0.168000 0.000000
v -0.874500 0.168000 0.017321
v -0.894500 0.168000 0.017321
v -0.904500 0.168000 0.000000
v -0.894500 0.168000 -0.017321
v -0.864500 0.186000 0.000000
v -0.874500 0.186000 -0.017321
v -0.894500 0.186000 -0.017321
v -0.904500 0.186000 0.000000
v -0.894500 0.186000 0.017321
v -0.874500 0.186000 0.017321
v -0.875500 0.186000 -0.015588
v -0.866500 0.186000 0.000000
v -0.875500 0.186000 0.015588
v -0.893500 0.186000 0.015588
v -0.902500 0.186000 0.000000
v -0.893500 0.186000 -0.015588
v -0.866500 0.189000 0.000000
v -0.875500 0.189000 -0.015588
v -0.893500 0.189000 -0.015588
v -0.902500 0.189000 0.000000
v -0.893500 0.189000 0.015588
v -0.875500 0.189000 0.015588
v -0.821573 0.137000 -0.070926
v -0.811468 0.132000 -0.042780
v -0.815914 0.124757 -0.042634
v -0.826424 0.130039 -0.070415
v -0.823947 0.124757 -0.039854
v -0.833352 0.130039 -0.065489
v -0.827532 0.132000 -0.037220
v -0.835427 0.137000 -0.061074
v -0.823086 0.139243 -0.037366
v -0.830576 0.143961 -0.061585
v -0.815053 0.139243 -0.040146
v -0.823648 0.143961 -0.066511
v -0.848202 0.151000 -0.092834
v -0.851938 0.143996 -0.089796
v -0.855237 0.143996 -0.081962
v -0.854798 0.151000 -0.077166
v -0.851062 0.158004 -0.080204
v -0.847763 0.158004 -0.088038
v -0.886306 0.157000 -0.098462
v -0.885556 0.149647 -0.094264
v -0.884750 0.149647 -0.085802
v -0.884694 0.157000 -0.081538
v -0.885444 0.164353 -0.085736
v -0.886250 0.164353 -0.094198
v -0.919600 0.148000 -0.085800
v -0.914158 0.141587 -0.084569
v -0.909058 0.141587 -0.077769
v -0.909400 0.148000 -0.072200
v -0.914842 0.154413 -0.073431
v -0.919942 0.154413 -0.080231
v -0.937946 0.126000 -0.057960
v -0.933257 0.119906 -0.061582
v -0.924811 0.119906 -0.060622
v -0.921054 0.126000 -0.056040
v -0.925743 0.132094 -0.052418
v -0.934189 0.132094 -0.053378
v -0.924959 0.118000 -0.028485
v -0.921879 0.110653 -0.031449
v -0.916421 0.110653 -0.037964
v -0.914041 0.118000 -0.041515
v -0.917121 0.125347 -0.038551
v -0.922579 0.125347 -0.032036
v -0.895280 0.129000 -0.017968
v -0.890393 0.122637 -0.020773
v -0.887613 0.122637 -0.028806
v -0.889720 0.129000 -0.034032
v -0.894607 0.135363 -0.031227
v -0.897387 0.135363 -0.023194
v -0.872860 0.150000 -0.010403
v -0.867133 0.143773 -0.011226
v -0.861773 0.143773 -0.017822
v -0.862140 0.150000 -0.023597
v -0.867867 0.156227 -0.022774
v -0.873227 0.156227 -0.016178
v -0.869000 0.155000 0.000000
v -0.864750 0.147639 0.000000
v -0.856250 0.147639 0.000000
v -0.852000 0.155000 0.000000
v -0.856250 0.162361 0.000000
v -0.864750 0.162361 0.000000
v -0.872860 0.150000 0.010403
v -0.867133 0.143773 0.011226
v -0.861773 0.143773 0.017822
v -0.862140 0.150000 0.023597
v -0.867867 0.156227 0.022774
v -0.873227 0.156227 0.016178
v -0.895280 0.129000 0.017968
v -0.890393 0.122637 0.020773
v -0.887613 0.122637 0.028806
v -0.889720 0.129000 0.034032
v -0.894607 0.135363 0.031227
v -0.897387 0.135363 0.023194
v -0.924959 0.118000 0.028485
v -0.921879 0.110653 0.031449
v -0.916421 0.110653 0.037964
v -0.914041 0.118000 0.041515
v -0.917121 0.125347 0.038551
v -0.922579 0.125347 0.032036
v -0.937946 0.126000 0.057960
v -0.933257 0.119906 0.061582
v -0.924811 0.119906 0.060622
v -0.921054 0.126000 0.056040
v -0.925743 0.132094 0.052418
v -0.934189 0.132094 0.053378
v -0.919600 0.148000 0.085800
v -0.914158 0.141587 0.084569
v -0.909058 0.141587 0.077769
v -0.909400 0.148000 0.072200
v -0.914842 0.154413 0.073431
v -0.919942 0.154413 0.080231
v -0.886306 0.157000 0.098462
v -0.885556 0.149647 0.094264
v -0.884750 0.149647 0.085802
v -0.884694 0.157000 0.081538
v -0.885444 0.164353 0.085736
v -0.886250 0.164353 0.094198
v -0.848202 0.151000 0.092834
v -0.851938 0.143996 0.089796
v -0.855237 0.143996 0.081962
v -0.854798 0.151000 0.077166
v -0.851062 0.158004 0.080204
v -0.847763 0.158004 0.088038
v -0.821573 0.137000 0.070926
v -0.826424 0.130039 0.070415
v -0.833352 0.130039 0.065489
v -0.835427 0.137000 0.061074
v -0.830576 0.143961 0.061585
v -0.823648 0.143961 0.066511
v -0.811468 0.132000 0.042780
v -0.815914 0.124757 0.042634
v -0.823947 0.124757 0.039854
v -0.827532 0.132000 0.037220
v -0.823086 0.139243 0.037366
v -0.815053 0.139243 0.040146
v -0.681500 0.099422 -0.300000
v -0.681500 0.108000 -0.300000
v -0.681500 0.108000 0.300000
v -0.681500 0.099422 0.300000
v -0.687500 0.113000 -0.300000
v -0.687500 0.113000 0.300000
v -0.725500 0.124000 -0.300000
v -0.725500 0.124000 0.300000
v -0.739500 0.134000 -0.300000
v -0.739500 0.134000 0.300000
v -0.742500 0.145000 -0.300000
v -0.742500 0.145000 0.300000
v -0.742500 0.207000 -0.300000
v -0.742500 0.207000 0.300000
v -0.738500 0.219000 -0.300000
v -0.738500 0.219000 0.300000
v -0.724500 0.225000 -0.300000
v -0.724500 0.225000 0.300000
v -0.718500 0.231000 -0.300000
v -0.718500 0.231000 0.300000
v -0.717500 0.239000 -0.300000
v -0.717500 0.239000 0.300000
v -0.717500 0.254000 -0.300000
v -0.717500 0.254000 0.300000
v -0.719500 0.260000 -0.300000
v -0.719500 0.260000 0.300000
v -0.725500 0.264280 -0.300000
v -0.725500 0.264280 0.300000
v -0.777500 0.264280 -0.300000
v -0.777500 0.264280 0.300000
v -0.783500 0.260000 -0.300000
v -0.783500 0.260000 0.300000
v -0.785500 0.254000 -0.300000
v -0.785500 0.254000 0.300000
v -0.785500 0.239000 -0.300000
v -0.785500 0.239000 0.300000
v -0.784500 0.231000 -0.300000
v -0.784500 0.231000 0.300000
v -0.778500 0.225000 -0.300000
v -0.778500 0.225000 0.300000
v -0.764500 0.219000 -0.300000
v -0.764500 0.219000 0.300000
v -0.760500 0.207000 -0.300000
v -0.760500 0.207000 0.300000
v -0.760500 0.145000 -0.300000
v -0.760500 0.145000 0.300000
v -0.763500 0.134000 -0.300000
v -0.763500 0.134000 0.300000
v -0.777500 0.124000 -0.300000
v -0.777500 0.124000 0.300000
v -0.815500 0.113000 -0.300000
v -0.815500 0.113000 0.300000
v -0.821500 0.108000 -0.300000
v -0.821500 0.108000 0.300000
v -0.821500 0.099422 -0.300000
v -0.821500 0.099422 0.300000
v 0.790700 0.085422 -0.107000
v 0.821500 0.085422 -0.107000
v 0.790700 0.085422 -0.105734
v 0.827500 0.085422 -0.101000
v 0.790700 0.085422 -0.101000
v 0.827500 0.085422 0.101000
v 0.790700 0.085422 0.052095
v 0.821500 0.085422 0.107000
v 0.790700 0.085422 0.063121
v 0.790700 0.085422 0.107000
v 0.790700 0.095422 -0.107000
v 0.821500 0.095422 -0.107000
v 0.827500 0.095422 -0.101000
v 0.827500 0.095422 0.101000
v 0.821500 0.095422 0.107000
v 0.790700 0.095422 0.107000
v 0.790700 0.099422 0.106000
v 0.820500 0.099422 0.106000
v 0.790700 0.099422 0.060220
v 0.826500 0.099422 0.100000
v 0.790700 0.099422 0.048786
v 0.826500 0.099422 -0.100000
v 0.790700 0.099422 -0.101492
v 0.820500 0.099422 -0.106000
v 0.790700 0.099422 -0.106000
v 0.820500 0.095422 -0.106000
v 0.790700 0.095422 -0.106000
v 0.826500 0.095422 -0.100000
v 0.826500 0.095422 0.100000
v 0.820500 0.095422 0.106000
v 0.790700 0.095422 0.106000
v 0.820500 0.085422 -0.100000
v 0.823500 0.085422 -0.103000
v 0.943500 0.085422 -0.103000
v 0.946500 0.085422 -0.100000
v 0.946500 0.085422 0.100000
v 0.943500 0.085422 0.103000
v 0.823500 0.085422 0.103000
v 0.820500 0.085422 0.100000
v 0.823500 0.095422 -0.103000
v 0.820500 0.095422 -0.100000
v 0.820500 0.095422 0.100000
v 0.823500 0.095422 0.103000
v 0.943500 0.095422 0.103000
v 0.946500 0.095422 0.100000
v 0.946500 0.095422 -0.100000
v 0.943500 0.095422 -0.103000
v 0.934500 0.095422 -0.105000
v 0.936500 0.095422 -0.107000
v 0.948500 0.095422 -0.107000
v 0.950500 0.095422 -0.105000
v 0.950500 0.095422 0.105000
v 0.948500 0.095422 0.107000
v 0.936500 0.095422 0.107000
v 0.934500 0.095422 0.105000
v 0.936500 0.126422 -0.107000
v 0.934500 0.126422 -0.105000
v 0.934500 0.126422 0.105000
v 0.936500 0.126422 0.107000
v 0.948500 0.126422 0.107000
v 0.950500 0.126422 0.105000
v 0.950500 0.126422 -0.105000
v 0.948500 0.126422 -0.107000
v 0.793500 0.129000 -0.105000
v 0.793500 0.119400 -0.105000
v 0.821500 0.108000 -0.105000
v 0.833500 0.095422 -0.105000
v 0.939500 0.095422 -0.105000
v 0.939500 0.109500 -0.105000
v 0.901500 0.109500 -0.105000
v 0.827500 0.123500 -0.105000
v 0.819500 0.123500 -0.105000
v 0.793500 0.119400 0.105000
v 0.793500 0.129000 0.105000
v 0.819500 0.123500 0.105000
v 0.827500 0.123500 0.105000
v 0.901500 0.109500 0.105000
v 0.939500 0.109500 0.105000
v 0.939500 0.095422 0.105000
v 0.833500 0.095422 0.105000
v 0.821500 0.108000 0.105000
v 0.892590 0.095422 -0.005878
v 0.894500 0.095422 0.000000
v 0.892590 0.095422 0.005878
v 0.887590 0.095422 0.009511
v 0.881410 0.095422 0.009511
v 0.876410 0.095422 0.005878
v 0.874500 0.095422 0.000000
v 0.876410 0.095422 -0.005878
v 0.881410 0.095422 -0.009511
v 0.887590 0.095422 -0.009511
v 0.894500 0.192000 0.000000
v 0.892590 0.192000 -0.005878
v 0.887590 0.192000 -0.009511
v 0.881410 0.192000 -0.009511
v 0.876410 0.192000 -0.005878
v 0.874500 0.192000 0.000000
v 0.876410 0.192000 0.005878
v 0.881410 0.192000 0.009511
v 0.887590 0.192000 0.009511
v 0.892590 0.192000 0.005878
v 0.910481 0.162000 -0.015000
v 0.914500 0.162000 0.000000
v 0.910481 0.162000 0.015000
v 0.899500 0.162000 0.025981
v 0.884500 0.162000 0.030000
v 0.869500 0.162000 0.025981
v 0.858519 0.162000 0.015000
v 0.854500 0.162000 0.000000
v 0.858519 0.162000 -0.015000
v 0.869500 0.162000 -0.025981
v 0.884500 0.162000 -0.030000
v 0.899500 0.162000 -0.025981
v 0.914500 0.168000 0.000000
v 0.910481 0.168000 -0.015000
v 0.899500 0.168000 -0.025981
v 0.884500 0.168000 -0.030000
v 0.869500 0.168000 -0.025981
v 0.858519 0.168000 -0.015000
v 0.854500 0.168000 0.000000
v 0.858519 0.168000 0.015000
v 0.869500 0.168000 0.025981
v 0.884500 0.168000 0.030000
v 0.899500 0.168000 0.025981
v 0.910481 0.168000 0.015000
v 0.894500 0.168000 -0.017321
v 0.904500 0.168000 0.000000
v 0.894500 0.168000 0.017321
v 0.874500 0.168000 0.017321
v 0.864500 0.168000 0.000000
v 0.874500 0.168000 -0.017321
v 0.904500 0.186000 0.000000
v 0.894500 0.186000 -0.017321
v 0.874500 0.186000 -0.017321
v 0.864500 0.186000 0.000000
v 0.874500 0.186000 0.017321
v 0.894500 0.186000 0.017321
v 0.893500 0.186000 -0.015588
v 0.902500 0.186000 0.000000
v 0.893500 0.186000 0.015588
v 0.875500 0.186000 0.015588
v 0.866500 0.186000 0.000000
v 0.875500 0.186000 -0.015588
v 0.902500 0.189000 0.000000
v 0.893500 0.189000 -0.015588
v 0.875500 0.189000 -0.015588
v 0.866500 0.189000 0.000000
v 0.875500 0.189000 0.015588
v 0.893500 0.189000 0.015588
v 0.835427 0.137000 -0.061074
v 0.827532 0.132000 -0.037220
v 0.823947 0.124757 -0.039854
v 0.833352 0.130039 -0.065489
v 0.815914 0.124757 -0.042634
v 0.826424 0.130039 -0.070415
v 0.811468 0.132000 -0.042780
v 0.821573 0.137000 -0.070926
v 0.815053 0.139243 -0.040146
v 0.823648 0.143961 -0.066511
v 0.823086 0.139243 -0.037366
v 0.830576 0.143961 -0.061585
v 0.854798 0.151000 -0.077166
v 0.855237 0.143996 -0.081962
v 0.851938 0.143996 -0.089796
v 0.848202 0.151000 -0.092834
v 0.847763 0.158004 -0.088038
v 0.851062 0.158004 -0.080204
v 0.884694 0.157000 -0.081538
v 0.884750 0.149647 -0.085802
v 0.885556 0.149647 -0.094264
v 0.886306 0.157000 -0.098462
v 0.886250 0.164353 -0.094198
v 0.885444 0.164353 -0.085736
v 0.909400 0.148000 -0.072200
v 0.909058 0.141587 -0.077769
v 0.914158 0.141587 -0.084569
v 0.919600 0.148000 -0.085800
v 0.919942 0.154413 -0.080231
v 0.914842 0.154413 -0.073431
v 0.921054 0.126000 -0.056040
v 0.924811 0.119906 -0.060622
v 0.933257 0.119906 -0.061582
v 0.937946 0.126000 -0.057960
v 0.934189 0.132094 -0.053378
v 0.925743 0.132094 -0.052418
v 0.914041 0.118000 -0.041515
v 0.916421 0.110653 -0.037964
v 0.921879 0.110653 -0.031449
v 0.924959 0.118000 -0.028485
v 0.922579 0.125347 -0.032036
v 0.917121 0.125347 -0.038551
v 0.889720 0.129000 -0.034032
v 0.887613 0.122637 -0.028806
v 0.890393 0.122637 -0.020773
v 0.895280 0.129000 -0.017968
v 0.897387 0.135363 -0.023194
v 0.894607 0.135363 -0.031227
v 0.862140 0.150000 -0.023597
v 0.861773 0.143773 -0.017822
v 0.867133 0.143773 -0.011226
v 0.872860 0.150000 -0.010403
v 0.873227 0.156227 -0.016178
v 0.867867 0.156227 -0.022774
v 0.852000 0.155000 0.000000
v 0.856250 0.147639 0.000000
v 0.864750 0.147639 0.000000
v 0.869000 0.155000 0.000000
v 0.864750 0.162361 0.000000
v 0.856250 0.162361 0.000000
v 0.862140 0.150000 0.023597
v 0.861773 0.143773 0.017822
v 0.867133 0.143773 0.011226
v 0.872860 0.150000 0.010403
v 0.873227 0.156227 0.016178
v 0.867867 0.156227 0.022774
v 0.889720 0.129000 0.034032
v 0.887613 0.122637 0.028806
v 0.890393 0.122637 0.020773
v 0.895280 0.129000 0.017968
v 0.897387 0.135363 0.023194
v 0.894607 0.135363 0.031227
v 0.914041 0.118000 0.041515
v 0.916421 0.110653 0.037964
v 0.921879 0.110653 0.031449
v 0.924959 0.118000 0.028485
v 0.922579 0.125347 0.032036
v 0.917121 0.125347 0.038551
v 0.921054 0.126000 0.056040
v 0.924811 0.119906 0.060622
v 0.933257 0.119906 0.061582
v 0.937946 0.126000 0.057960
v 0.934189 0.132094 0.053378
v 0.925743 0.132094 0.052418
v 0.909400 0.148000 0.072200
v 0.909058 0.141587 0.077769
v 0.914158 0.141587 0.084569
v 0.919600 0.148000 0.085800
v 0.919942 0.154413 0.080231
v 0.914842 0.154413 0.073431
v 0.884694 0.157000 0.081538
v 0.884750 0.149647 0.085802
v 0.885556 0.149647 0.094264
v 0.886306 0.157000 0.098462
v 0.886250 0.164353 0.094198
v 0.885444 0.164353 0.085736
v 0.854798 0.151000 0.077166
v 0.855237 0.143996 0.081962
v 0.851938 0.143996 0.089796
v 0.848202 0.151000 0.092834
v 0.847763 0.158004 0.088038
v 0.851062 0.158004 0.080204
v 0.835427 0.137000 0.061074
v 0.833352 0.130039 0.065489
v 0.826424 0.130039 0.070415
v 0.821573 0.137000 0.070926
v 0.823648 0.143961 0.066511
v 0.830576 0.143961 0.061585
v 0.827532 0.132000 0.037220
v 0.823947 0.124757 0.039854
v 0.815914 0.124757 0.042634
v 0.811468 0.132000 0.042780
v 0.815053 0.139243 0.040146
v 0.823086 0.139243 0.037366
v 0.821500 0.099422 -0.300000
v 0.821500 0.108000 -0.300000
v 0.821500 0.108000 0.300000
v 0.821500 0.099422 0.300000
v 0.815500 0.113000 -0.300000
v 0.815500 0.113000 0.300000
v 0.777500 0.124000 -0.300000
v 0.777500 0.124000 0.300000
v 0.763500 0.134000 -0.300000
v 0.763500 0.134000 0.300000
v 0.760500 0.145000 -0.300000
v 0.760500 0.145000 0.300000
v 0.760500 0.207000 -0.300000
v 0.760500 0.207000 0.300000
v 0.764500 0.219000 -0.300000
v 0.764500 0.219000 0.300000
v 0.778500 0.225000 -0.300000
v 0.778500 0.225000 0.300000
v 0.784500 0.231000 -0.300000
v 0.784500 0.231000 0.300000
v 0.785500 0.239000 -0.300000
v 0.785500 0.239000 0.300000
v 0.785500 0.254000 -0.300000
v 0.785500 0.254000 0.300000
v 0.783500 0.260000 -0.300000
v 0.783500 0.260000 0.300000
v 0.777500 0.264280 -0.300000
v 0.777500 0.264280 0.300000
v 0.725500 0.264280 -0.300000
v 0.725500 0.264280 0.300000
v 0.719500 0.260000 -0.300000
v 0.719500 0.260000 0.300000
v 0.717500 0.254000 -0.300000
v 0.717500 0.254000 0.300000
v 0.717500 0.239000 -0.300000
v 0.717500 0.239000 0.300000
v 0.718500 0.231000 -0.300000
v 0.718500 0.231000 0.300000
v 0.724500 0.225000 -0.300000
v 0.724500 0.225000 0.300000
v 0.738500 0.219000 -0.300000
v 0.738500 0.219000 0.300000
v 0.742500 0.207000 -0.300000
v 0.742500 0.207000 0.300000
v 0.742500 0.145000 -0.300000
v 0.742500 0.145000 0.300000
v 0.739500 0.134000 -0.300000
v 0.739500 0.134000 0.300000
v 0.725500 0.124000 -0.300000
v 0.725500 0.124000 0.300000
v 0.687500 0.113000 -0.300000
v 0.687500 0.113000 0.300000
v 0.681500 0.108000 -0.300000
v 0.681500 0.108000 0.300000
v 0.681500 0.099422 -0.300000
v 0.681500 0.099422 0.300000
v -0.961500 0.085422 -0.108000
v -0.428500 0.085422 -0.108000
v -0.428500 0.085422 0.108000
v -0.961500 0.085422 0.108000
v -0.961500 0.099422 0.108000
v -0.428500 0.099422 0.108000
v -0.428500 0.099422 -0.108000
v -0.961500 0.099422 -0.108000
v -0.615500 0.135422 -0.080000
v -0.604500 0.135422 -0.080000
v -0.604500 0.135422 0.080000
v -0.615500 0.135422 0.080000
v -0.615500 0.199422 0.080000
v -0.604500 0.199422 0.080000
v -0.604500 0.199422 -0.080000
v -0.615500 0.199422 -0.080000
v -0.604500 0.194422 -0.064000
v -0.483500 0.111422 -0.064000
v -0.483500 0.099422 -0.064000
v -0.604500 0.099422 -0.064000
v -0.604500 0.099422 -0.046000
v -0.483500 0.099422 -0.046000
v -0.483500 0.111422 -0.046000
v -0.604500 0.194422 -0.046000
v -0.604500 0.194422 -0.009000
v -0.483500 0.111422 -0.009000
v -0.483500 0.099422 -0.009000
v -0.604500 0.099422 -0.009000
v -0.604500 0.099422 0.009000
v -0.483500 0.099422 0.009000
v -0.483500 0.111422 0.009000
v -0.604500 0.194422 0.009000
v -0.604500 0.194422 0.046000
v -0.483500 0.111422 0.046000
v -0.483500 0.099422 0.046000
v -0.604500 0.099422 0.046000
v -0.604500 0.099422 0.064000
v -0.483500 0.099422 0.064000
v -0.483500 0.111422 0.064000
v -0.604500 0.194422 0.064000
v -0.453275 0.099422 -0.014695
v -0.448500 0.099422 0.000000
v -0.453275 0.099422 0.014695
v -0.465775 0.099422 0.023776
v -0.481225 0.099422 0.023776
v -0.493725 0.099422 0.014695
v -0.498500 0.099422 0.000000
v -0.493725 0.099422 -0.014695
v -0.481225 0.099422 -0.023776
v -0.465775 0.099422 -0.023776
v -0.448500 0.105422 0.000000
v -0.453275 0.105422 -0.014695
v -0.465775 0.105422 -0.023776
v -0.481225 0.105422 -0.023776
v -0.493725 0.105422 -0.014695
v -0.498500 0.105422 0.000000
v -0.493725 0.105422 0.014695
v -0.481225 0.105422 0.023776
v -0.465775 0.105422 0.023776
v -0.453275 0.105422 0.014695
v -0.465000 0.105422 -0.014722
v -0.456500 0.105422 0.000000
v -0.465000 0.105422 0.014722
v -0.482000 0.105422 0.014722
v -0.490500 0.105422 0.000000
v -0.482000 0.105422 -0.014722
v -0.456500 0.126422 0.000000
v -0.465000 0.126422 -0.014722
v -0.482000 0.126422 -0.014722
v -0.490500 0.126422 0.000000
v -0.482000 0.126422 0.014722
v -0.465000 0.126422 0.014722
v -0.467843 0.126422 -0.005657
v -0.465500 0.126422 0.000000
v -0.467843 0.126422 0.005657
v -0.473500 0.126422 0.008000
v -0.479157 0.126422 0.005657
v -0.481500 0.126422 0.000000
v -0.479157 0.126422 -0.005657
v -0.473500 0.126422 -0.008000
v -0.465500 0.133422 0.000000
v -0.467843 0.133422 -0.005657
v -0.473500 0.133422 -0.008000
v -0.479157 0.133422 -0.005657
v -0.481500 0.133422 0.000000
v -0.479157 0.133422 0.005657
v -0.473500 0.133422 0.008000
v -0.467843 0.133422 0.005657
v -0.558500 0.099422 -0.300000
v -0.558500 0.108000 -0.300000
v -0.558500 0.108000 0.300000
v -0.558500 0.099422 0.300000
v -0.564500 0.113000 -0.300000
v -0.564500 0.113000 0.300000
v -0.602500 0.124000 -0.300000
v -0.602500 0.124000 0.300000
v -0.616500 0.134000 -0.300000
v -0.616500 0.134000 0.300000
v -0.619500 0.145000 -0.300000
v -0.619500 0.145000 0.300000
v -0.619500 0.207000 -0.300000
v -0.619500 0.207000 0.300000
v -0.615500 0.219000 -0.300000
v -0.615500 0.219000 0.300000
v -0.601500 0.225000 -0.300000
v -0.601500 0.225000 0.300000
v -0.595500 0.231000 -0.300000
v -0.595500 0.231000 0.300000
v -0.594500 0.239000 -0.300000
v -0.594500 0.239000 0.300000
v -0.594500 0.254000 -0.300000
v -0.594500 0.254000 0.300000
v -0.596500 0.260000 -0.300000
v -0.596500 0.260000 0.300000
v -0.602500 0.264280 -0.300000
v -0.602500 0.264280 0.300000
v -0.654500 0.264280 -0.300000
v -0.654500 0.264280 0.300000
v -0.660500 0.260000 -0.300000
v -0.660500 0.260000 0.300000
v -0.662500 0.254000 -0.300000
v -0.662500 0.254000 0.300000
v -0.662500 0.239000 -0.300000
v -0.662500 0.239000 0.300000
v -0.661500 0.231000 -0.300000
v -0.661500 0.231000 0.300000
v -0.655500 0.225000 -0.300000
v -0.655500 0.225000 0.300000
v -0.641500 0.219000 -0.300000
v -0.641500 0.219000 0.300000
v -0.637500 0.207000 -0.300000
v -0.637500 0.207000 0.300000
v -0.637500 0.145000 -0.300000
v -0.637500 0.145000 0.300000
v -0.640500 0.134000 -0.300000
v -0.640500 0.134000 0.300000
v -0.654500 0.124000 -0.300000
v -0.654500 0.124000 0.300000
v -0.692500 0.113000 -0.300000
v -0.692500 0.113000 0.300000
v -0.698500 0.108000 -0.300000
v -0.698500 0.108000 0.300000
v -0.698500 0.099422 -0.300000
v -0.698500 0.099422 0.300000
v 0.428500 0.085422 -0.108000
v 0.961500 0.085422 -0.108000
v 0.961500 0.085422 0.108000
v 0.428500 0.085422 0.108000
v 0.428500 0.099422 0.108000
v 0.961500 0.099422 0.108000
v 0.961500 0.099422 -0.108000
v 0.428500 0.099422 -0.108000
v 0.604500 0.135422 -0.080000
v 0.615500 0.135422 -0.080000
v 0.615500 0.135422 0.080000
v 0.604500 0.135422 0.080000
v 0.604500 0.199422 0.080000
v 0.615500 0.199422 0.080000
v 0.615500 0.199422 -0.080000
v 0.604500 0.199422 -0.080000
v 0.604500 0.099422 -0.064000
v 0.483500 0.099422 -0.064000
v 0.483500 0.111422 -0.064000
v 0.604500 0.194422 -0.064000
v 0.604500 0.194422 -0.046000
v 0.483500 0.111422 -0.046000
v 0.483500 0.099422 -0.046000
v 0.604500 0.099422 -0.046000
v 0.604500 0.099422 -0.009000
v 0.483500 0.099422 -0.009000
v 0.483500 0.111422 -0.009000
v 0.604500 0.194422 -0.009000
v 0.604500 0.194422 0.009000
v 0.483500 0.111422 0.009000
v 0.483500 0.099422 0.009000
v 0.604500 0.099422 0.009000
v 0.604500 0.099422 0.046000
v 0.483500 0.099422 0.046000
v 0.483500 0.111422 0.046000
v 0.604500 0.194422 0.046000
v 0.604500 0.194422 0.064000
v 0.483500 0.111422 0.064000
v 0.483500 0.099422 0.064000
v 0.604500 0.099422 0.064000
v 0.493725 0.099422 -0.014695
v 0.498500 0.099422 0.000000
v 0.493725 0.099422 0.014695
v 0.481225 0.099422 0.023776
v 0.465775 0.099422 0.023776
v 0.453275 0.099422 0.014695
v 0.448500 0.099422 0.000000
v 0.453275 0.099422 -0.014695
v 0.465775 0.099422 -0.023776
v 0.481225 0.099422 -0.023776
v 0.498500 0.105422 0.000000
v 0.493725 0.105422 -0.014695
v 0.481225 0.105422 -0.023776
v 0.465775 0.105422 -0.023776
v 0.453275 0.105422 -0.014695
v 0.448500 0.105422 0.000000
v 0.453275 0.105422 0.014695
v 0.465775 0.105422 0.023776
v 0.481225 0.105422 0.023776
v 0.493725 0.105422 0.014695
v 0.482000 0.105422 -0.014722
v 0.490500 0.105422 0.000000
v 0.482000 0.105422 0.014722
v 0.465000 0.105422 0.014722
v 0.456500 0.105422 0.000000
v 0.465000 0.105422 -0.014722
v 0.490500 0.126422 0.000000
v 0.482000 0.126422 -0.014722
v 0.465000 0.126422 -0.014722
v 0.456500 0.126422 0.000000
v 0.465000 0.126422 0.014722
v 0.482000 0.126422 0.014722
v 0.479157 0.126422 -0.005657
v 0.481500 0.126422 0.000000
v 0.479157 0.126422 0.005657
v 0.473500 0.126422 0.008000
v 0.467843 0.126422 0.005657
v 0.465500 0.126422 0.000000
v 0.467843 0.126422 -0.005657
v 0.473500 0.126422 -0.008000
v 0.481500 0.133422 0.000000
v 0.479157 0.133422 -0.005657
v 0.473500 0.133422 -0.008000
v 0.467843 0.133422 -0.005657
v 0.465500 0.133422 0.000000
v 0.467843 0.133422 0.005657
v 0.473500 0.133422 0.008000
v 0.479157 0.133422 0.005657
v 0.698500 0.099422 -0.300000
v 0.698500 0.108000 -0.300000
v 0.698500 0.108000 0.300000
v 0.698500 0.099422 0.300000
v 0.692500 0.113000 -0.300000
v 0.692500 0.113000 0.300000
v 0.654500 0.124000 -0.300000
v 0.654500 0.124000 0.300000
v 0.640500 0.134000 -0.300000
v 0.640500 0.134000 0.300000
v 0.637500 0.145000 -0.300000
v 0.637500 0.145000 0.300000
v 0.637500 0.207000 -0.300000
v 0.637500 0.207000 0.300000
v 0.641500 0.219000 -0.300000
v 0.641500 0.219000 0.300000
v 0.655500 0.225000 -0.300000
v 0.655500 0.225000 0.300000
v 0.661500 0.231000 -0.300000
v 0.661500 0.231000 0.300000
v 0.662500 0.239000 -0.300000
v 0.662500 0.239000 0.300000
v 0.662500 0.254000 -0.300000
v 0.662500 0.254000 0.300000
v 0.660500 0.260000 -0.300000
v 0.660500 0.260000 0.300000
v 0.654500 0.264280 -0.300000
v 0.654500 0.264280 0.300000
v 0.602500 0.264280 -0.300000
v 0.602500 0.264280 0.300000
v 0.596500 0.260000 -0.300000
v 0.596500 0.260000 0.300000
v 0.594500 0.254000 -0.300000
v 0.594500 0.254000 0.300000
v 0.594500 0.239000 -0.300000
v 0.594500 0.239000 0.300000
v 0.595500 0.231000 -0.300000
v 0.595500 0.231000 0.300000
v 0.601500 0.225000 -0.300000
v 0.601500 0.225000 0.300000
v 0.615500 0.219000 -0.300000
v 0.615500 0.219000 0.300000
v 0.619500 0.207000 -0.300000
v 0.619500 0.207000 0.300000
v 0.619500 0.145000 -0.300000
v 0.619500 0.145000 0.300000
v 0.616500 0.134000 -0.300000
v 0.616500 0.134000 0.300000
v 0.602500 0.124000 -0.300000
v 0.602500 0.124000 0.300000
v 0.564500 0.113000 -0.300000
v 0.564500 0.113000 0.300000
v 0.558500 0.108000 -0.300000
v 0.558500 0.108000 0.300000
v 0.558500 0.099422 -0.300000
v 0.558500 0.099422 0.300000
vt 0.96281250 0.01585821
vt 0.96281250 0.09514925
vt 0.98937500 0.09514925
vt 0.98937500 0.01585821
vt 0.96281250 0.17444030
vt 0.98937500 0.17444030
vt 0.96281250 0.25373134
vt 0.98937500 0.25373134
vt 0.96281250 0.33302239
vt 0.98937500 0.33302239
vt 0.96281250 0.41231343
vt 0.98937500 0.41231343
vt 0.96281250 0.49160448
vt 0.98937500 0.49160448
vt 0.96281250 0.25055970
vt 0.98937500 0.28633158
vt 0.98937500 0.25055970
vt 0.67062500 0.01585821
vt 0.67062500 0.49160448
vt 0.67062500 0.09514925
vt 0.67925781 0.09514925
vt 0.67925781 0.01585821
vt 0.67062500 0.17444030
vt 0.67925781 0.17444030
vt 0.67062500 0.25373134
vt 0.67925781 0.25373134
vt 0.67062500 0.33302239
vt 0.67925781 0.33302239
vt 0.67062500 0.41231343
vt 0.67925781 0.41231343
vt 0.67925781 0.49160448
vt 0.67062500 0.28633158
vt 0.67925781 0.29780771
vt 0.67925781 0.25055970
vt 0.67062500 0.25055970
vt 0.71445312 0.09514925
vt 0.71445312 0.01585821
vt 0.71445312 0.17444030
vt 0.71445312 0.25373134
vt 0.71445312 0.33302239
vt 0.71445312 0.41231343
vt 0.71445312 0.49160448
vt 0.71445312 0.34302313
vt 0.71445312 0.25055970
vt 0.74964844 0.09514925
vt 0.74964844 0.01585821
vt 0.74964844 0.17444030
vt 0.74964844 0.25373134
vt 0.74964844 0.33302239
vt 0.74964844 0.41231343
vt 0.74964844 0.49160448
vt 0.74964844 0.38448283
vt 0.74964844 0.25055970
vt 0.78484375 0.09514925
vt 0.78484375 0.01585821
vt 0.78484375 0.17444030
vt 0.78484375 0.25373134
vt 0.78484375 0.33302239
vt 0.78484375 0.41231343
vt 0.78484375 0.49160448
vt 0.78484375 0.42103545
vt 0.78484375 0.25055970
vt 0.82003906 0.09514925
vt 0.82003906 0.01585821
vt 0.82003906 0.17444030
vt 0.82003906 0.25373134
vt 0.82003906 0.33302239
vt 0.82003906 0.41231343
vt 0.82003906 0.49160448
vt 0.82003906 0.45227667
vt 0.82003906 0.25055970
vt 0.85523437 0.09514925
vt 0.85523437 0.01585821
vt 0.85523437 0.17444030
vt 0.85523437 0.25373134
vt 0.85523437 0.33302239
vt 0.85523437 0.41231343
vt 0.85523437 0.49160448
vt 0.85523437 0.47861081
vt 0.85523437 0.25055970
vt 0.89042969 0.09514925
vt 0.89042969 0.01585821
vt 0.89042969 0.17444030
vt 0.89042969 0.25373134
vt 0.89042969 0.33302239
vt 0.89042969 0.41231343
vt 0.89042969 0.49160448
vt 0.87548894 0.49160448
vt 0.89042969 0.25055970
vt 0.87548894 0.01585821
vt 0.89042969 0.02544297
vt 0.92562500 0.09514925
vt 0.92562500 0.01585821
vt 0.92562500 0.17444030
vt 0.92562500 0.25373134
vt 0.92562500 0.33302239
vt 0.92562500 0.41231343
vt 0.92562500 0.49160448
vt 0.92562500 0.25055970
vt 0.92562500 0.04598881
vt 0.98937500 0.03647388
vt 0.67062500 0.03647388
vt 0.73437500 0.09514925
vt 0.73437500 0.01585821
vt 0.73437500 0.17444030
vt 0.73437500 0.25373134
vt 0.73437500 0.33302239
vt 0.73437500 0.41231343
vt 0.73437500 0.49160448
vt 0.73437500 0.25055970
vt 0.73437500 0.04598881
vt 0.76957031 0.09514925
vt 0.76957031 0.01585821
vt 0.76957031 0.17444030
vt 0.76957031 0.25373134
vt 0.76957031 0.33302239
vt 0.76957031 0.41231343
vt 0.76957031 0.49160448
vt 0.76957031 0.25055970
vt 0.76957031 0.02544297
vt 0.80476563 0.09514925
vt 0.80476563 0.01585821
vt 0.80476563 0.17444030
vt 0.80476563 0.25373134
vt 0.80476563 0.33302239
vt 0.80476563 0.41231343
vt 0.80476563 0.49160448
vt 0.78451106 0.49160448
vt 0.80476563 0.47861081
vt 0.80476563 0.25055970
vt 0.78451106 0.01585821
vt 0.83996094 0.09514925
vt 0.83996094 0.01585821
vt 0.83996094 0.17444030
vt 0.83996094 0.25373134
vt 0.83996094 0.33302239
vt 0.83996094 0.41231343
vt 0.83996094 0.49160448
vt 0.83996094 0.45227667
vt 0.83996094 0.25055970
vt 0.87515625 0.09514925
vt 0.87515625 0.01585821
vt 0.87515625 0.17444030
vt 0.87515625 0.25373134
vt 0.87515625 0.33302239
vt 0.87515625 0.41231343
vt 0.87515625 0.49160448
vt 0.87515625 0.42103545
vt 0.87515625 0.25055970
vt 0.91035156 0.09514925
vt 0.91035156 0.01585821
vt 0.91035156 0.17444030
vt 0.91035156 0.25373134
vt 0.91035156 0.33302239
vt 0.91035156 0.41231343
vt 0.91035156 0.49160448
vt 0.91035156 0.38448283
vt 0.91035156 0.25055970
vt 0.94554688 0.09514925
vt 0.94554688 0.01585821
vt 0.94554688 0.17444030
vt 0.94554688 0.25373134
vt 0.94554688 0.33302239
vt 0.94554688 0.41231343
vt 0.94554688 0.49160448
vt 0.94554688 0.34302313
vt 0.94554688 0.25055970
vt 0.98074219 0.09514925
vt 0.98074219 0.01585821
vt 0.98074219 0.17444030
vt 0.98074219 0.25373134
vt 0.98074219 0.33302239
vt 0.98074219 0.41231343
vt 0.98074219 0.49160448
vt 0.98074219 0.29780771
vt 0.98074219 0.25055970
vt 0.69718750 0.09514925
vt 0.69718750 0.01585821
vt 0.69718750 0.17444030
vt 0.69718750 0.25373134
vt 0.69718750 0.33302239
vt 0.69718750 0.41231343
vt 0.69718750 0.49160448
vt 0.69718750 0.25055970
vt 0.30281250 0.17047575
vt 0.31875000 0.17047575
vt 0.31875000 0.33698694
vt 0.30281250 0.33698694
vt 0.30281250 0.09514925
vt 0.30281250 0.01585821
vt 0.31875000 0.01585821
vt 0.31875000 0.09604128
vt 0.30281250 0.32985075
vt 0.31875000 0.32985075
vt 0.31875000 0.32192164
vt 0.30281250 0.32192164
vt 0.31875000 0.18554104
vt 0.30281250 0.18554104
vt 0.31875000 0.17761194
vt 0.30281250 0.17761194
vt 0.32937500 0.15858209
vt 0.32937500 0.34888060
vt 0.32937500 0.01585821
vt 0.32937500 0.09663596
vt 0.32937500 0.34174440
vt 0.32937500 0.33381530
vt 0.32937500 0.17364739
vt 0.32937500 0.16571828
vt 0.01062500 0.15858209
vt 0.15406250 0.15858209
vt 0.15406250 0.34888060
vt 0.01062500 0.34888060
vt 0.01062500 0.09663596
vt 0.01062500 0.01585821
vt 0.15406250 0.01585821
vt 0.15406250 0.10466418
vt 0.01062500 0.34174440
vt 0.15406250 0.34174440
vt 0.15406250 0.33381530
vt 0.01062500 0.33381530
vt 0.15406250 0.17364739
vt 0.01062500 0.17364739
vt 0.15406250 0.16571828
vt 0.01062500 0.16571828
vt 0.24889063 0.15858209
vt 0.24889063 0.34888060
vt 0.24889063 0.01585821
vt 0.24889063 0.10466418
vt 0.24889063 0.34174440
vt 0.24889063 0.33381530
vt 0.24889063 0.17364739
vt 0.24889063 0.16571828
vt 0.32937500 0.10466418
vt 0.04781250 0.15858209
vt 0.04781250 0.34888060
vt 0.04781250 0.01585821
vt 0.04781250 0.10466418
vt 0.01062500 0.10466418
vt 0.04781250 0.34174440
vt 0.04781250 0.33381530
vt 0.04781250 0.17364739
vt 0.04781250 0.16571828
vt 0.11687500 0.15858209
vt 0.11687500 0.34888060
vt 0.11687500 0.01585821
vt 0.11687500 0.10073190
vt 0.11687500 0.34174440
vt 0.11687500 0.33381530
vt 0.11687500 0.17364739
vt 0.11687500 0.16571828
vt 0.18593750 0.15858209
vt 0.18593750 0.34888060
vt 0.18593750 0.01585821
vt 0.18593750 0.09115673
vt 0.18593750 0.34174440
vt 0.18593750 0.33381530
vt 0.18593750 0.17364739
vt 0.18593750 0.16571828
vt 0.26031250 0.15858209
vt 0.26031250 0.34888060
vt 0.26031250 0.01585821
vt 0.26031250 0.08075658
vt 0.26031250 0.34174440
vt 0.26031250 0.33381530
vt 0.26031250 0.17364739
vt 0.26031250 0.16571828
vt 0.32937500 0.07682430
vt 0.07968750 0.15858209
vt 0.07968750 0.34888060
vt 0.01062500 0.07682430
vt 0.07968750 0.01585821
vt 0.07968750 0.08075658
vt 0.07968750 0.34174440
vt 0.07968750 0.33381530
vt 0.07968750 0.17364739
vt 0.07968750 0.16571828
vt 0.15406250 0.09115673
vt 0.22312500 0.15858209
vt 0.22312500 0.34888060
vt 0.22312500 0.01585821
vt 0.22312500 0.10073190
vt 0.22312500 0.34174440
vt 0.22312500 0.33381530
vt 0.22312500 0.17364739
vt 0.22312500 0.16571828
vt 0.29218750 0.15858209
vt 0.29218750 0.34888060
vt 0.29218750 0.01585821
vt 0.29218750 0.10466418
vt 0.29218750 0.34174440
vt 0.29218750 0.33381530
vt 0.29218750 0.17364739
vt 0.29218750 0.16571828
vt 0.09110937 0.15858209
vt 0.09110937 0.34888060
vt 0.09110937 0.01585821
vt 0.09110937 0.10466418
vt 0.09110937 0.34174440
vt 0.09110937 0.33381530
vt 0.09110937 0.17364739
vt 0.09110937 0.16571828
vt 0.18593750 0.10466418
vt 0.02125000 0.17047575
vt 0.02125000 0.33698694
vt 0.02125000 0.01585821
vt 0.02125000 0.09604128
vt 0.02125000 0.32985075
vt 0.02125000 0.32192164
vt 0.02125000 0.18554104
vt 0.02125000 0.17761194
vt 0.03718750 0.17047575
vt 0.03718750 0.33698694
vt 0.03718750 0.01585821
vt 0.03718750 0.09514925
vt 0.03718750 0.32985075
vt 0.03718750 0.32192164
vt 0.03718750 0.18554104
vt 0.03718750 0.17761194
vt 0.04250000 0.41231343
vt 0.03054688 0.01585821
vt 0.30945312 0.01585821
vt 0.29750000 0.41231343
vt 0.28421875 0.44402985
vt 0.05578125 0.44402985
vt 0.60837500 0.03017506
vt 0.61013651 0.02537313
vt 0.61917895 0.02537313
vt 0.61917895 0.02896471
vt 0.61917895 0.03017506
vt 0.61917895 0.06931496
vt 0.61917895 0.07213380
vt 0.61917895 0.19664179
vt 0.61013651 0.19664179
vt 0.60837500 0.19183987
vt 0.60837500 0.19664179
vt 0.61819250 0.19664179
vt 0.61819250 0.02537313
vt 0.60837500 0.02537313
vt 0.64318250 0.19664179
vt 0.65300000 0.19664179
vt 0.65300000 0.02537313
vt 0.64318250 0.02537313
vt 0.61016000 0.31082090
vt 0.60837500 0.31566812
vt 0.60837500 0.47724233
vt 0.61016000 0.48208955
vt 0.61902550 0.48208955
vt 0.61902550 0.34780500
vt 0.61902550 0.34526089
vt 0.61902550 0.31182400
vt 0.61902550 0.31082090
vt 0.60837500 0.48208955
vt 0.61801141 0.48208955
vt 0.61801141 0.31082090
vt 0.60837500 0.31082090
vt 0.64336359 0.48208955
vt 0.65300000 0.48208955
vt 0.65300000 0.31082090
vt 0.64336359 0.31082090
vt 0.34062500 0.02278655
vt 0.34631696 0.01585821
vt 0.57399554 0.01585821
vt 0.57968750 0.02278655
vt 0.57968750 0.48467613
vt 0.57399554 0.49160448
vt 0.34631696 0.49160448
vt 0.34062500 0.48467613
vt 0.34062500 0.49160448
vt 0.57968750 0.49160448
vt 0.57968750 0.01585821
vt 0.34062500 0.01585821
vt 0.60837500 0.02697378
vt 0.61395312 0.02537313
vt 0.64742188 0.02537313
vt 0.65300000 0.02697378
vt 0.65300000 0.19504115
vt 0.64742188 0.19664179
vt 0.61395312 0.19664179
vt 0.60837500 0.19504115
vt 0.34062500 0.35558791
vt 0.38319777 0.41367832
vt 0.39629709 0.41367832
vt 0.51746575 0.21532083
vt 0.57968750 0.21532083
vt 0.40612158 0.01585821
vt 0.38647260 0.19406824
vt 0.55685906 0.11391302
vt 0.57968750 0.25373134
vt 0.55685906 0.39354966
vt 0.49709344 0.47996214
vt 0.42321906 0.47996214
vt 0.36345344 0.39354966
vt 0.34062500 0.25373134
vt 0.36345344 0.11391302
vt 0.42321906 0.02750055
vt 0.49709344 0.02750055
vt 0.36453125 0.49160448
vt 0.36453125 0.01585821
vt 0.38843750 0.49160448
vt 0.38843750 0.01585821
vt 0.41234375 0.49160448
vt 0.41234375 0.01585821
vt 0.43625000 0.49160448
vt 0.43625000 0.01585821
vt 0.46015625 0.49160448
vt 0.46015625 0.01585821
vt 0.48406250 0.49160448
vt 0.48406250 0.01585821
vt 0.50796875 0.49160448
vt 0.50796875 0.01585821
vt 0.53187500 0.49160448
vt 0.53187500 0.01585821
vt 0.55578125 0.49160448
vt 0.55578125 0.01585821
vt 0.56367335 0.13479478
vt 0.56367335 0.37266791
vt 0.51992188 0.45973552
vt 0.40039062 0.45973552
vt 0.35663915 0.37266791
vt 0.35663915 0.13479478
vt 0.40039062 0.04772717
vt 0.51992188 0.04772717
vt 0.36054687 0.49160448
vt 0.36054687 0.01585821
vt 0.38046875 0.49160448
vt 0.38046875 0.01585821
vt 0.40039062 0.49160448
vt 0.40039062 0.01585821
vt 0.42031250 0.49160448
vt 0.42031250 0.01585821
vt 0.44023438 0.49160448
vt 0.44023438 0.01585821
vt 0.48007813 0.49160448
vt 0.48007813 0.01585821
vt 0.50000000 0.49160448
vt 0.50000000 0.01585821
vt 0.51992187 0.49160448
vt 0.51992187 0.01585821
vt 0.53984375 0.49160448
vt 0.53984375 0.01585821
vt 0.55976563 0.49160448
vt 0.55976563 0.01585821
vt 0.34062500 0.04228856
vt 0.38046875 0.04228856
vt 0.42031250 0.04228856
vt 0.46015625 0.04228856
vt 0.50000000 0.04228856
vt 0.53984375 0.04228856
vt 0.57968750 0.04228856
vt 0.34062500 0.06871891
vt 0.38046875 0.06871891
vt 0.42031250 0.06871891
vt 0.46015625 0.06871891
vt 0.50000000 0.06871891
vt 0.53984375 0.06871891
vt 0.57968750 0.06871891
vt 0.34062500 0.09514925
vt 0.38046875 0.09514925
vt 0.42031250 0.09514925
vt 0.46015625 0.09514925
vt 0.50000000 0.09514925
vt 0.53984375 0.09514925
vt 0.57968750 0.09514925
vt 0.34062500 0.12157960
vt 0.38046875 0.12157960
vt 0.42031250 0.12157960
vt 0.46015625 0.12157960
vt 0.50000000 0.12157960
vt 0.53984375 0.12157960
vt 0.57968750 0.12157960
vt 0.34062500 0.14800995
vt 0.38046875 0.14800995
vt 0.42031250 0.14800995
vt 0.46015625 0.14800995
vt 0.50000000 0.14800995
vt 0.53984375 0.14800995
vt 0.57968750 0.14800995
vt 0.34062500 0.17444030
vt 0.38046875 0.17444030
vt 0.42031250 0.17444030
vt 0.46015625 0.17444030
vt 0.50000000 0.17444030
vt 0.53984375 0.17444030
vt 0.57968750 0.17444030
vt 0.34062500 0.20087065
vt 0.38046875 0.20087065
vt 0.42031250 0.20087065
vt 0.46015625 0.20087065
vt 0.50000000 0.20087065
vt 0.53984375 0.20087065
vt 0.57968750 0.20087065
vt 0.34062500 0.22730100
vt 0.38046875 0.22730100
vt 0.42031250 0.22730100
vt 0.46015625 0.22730100
vt 0.50000000 0.22730100
vt 0.53984375 0.22730100
vt 0.57968750 0.22730100
vt 0.38046875 0.25373134
vt 0.42031250 0.25373134
vt 0.46015625 0.25373134
vt 0.50000000 0.25373134
vt 0.53984375 0.25373134
vt 0.34062500 0.28016169
vt 0.38046875 0.28016169
vt 0.42031250 0.28016169
vt 0.46015625 0.28016169
vt 0.50000000 0.28016169
vt 0.53984375 0.28016169
vt 0.57968750 0.28016169
vt 0.34062500 0.30659204
vt 0.38046875 0.30659204
vt 0.42031250 0.30659204
vt 0.46015625 0.30659204
vt 0.50000000 0.30659204
vt 0.53984375 0.30659204
vt 0.57968750 0.30659204
vt 0.34062500 0.33302239
vt 0.38046875 0.33302239
vt 0.42031250 0.33302239
vt 0.46015625 0.33302239
vt 0.50000000 0.33302239
vt 0.53984375 0.33302239
vt 0.57968750 0.33302239
vt 0.34062500 0.35945274
vt 0.38046875 0.35945274
vt 0.42031250 0.35945274
vt 0.46015625 0.35945274
vt 0.50000000 0.35945274
vt 0.53984375 0.35945274
vt 0.57968750 0.35945274
vt 0.34062500 0.38588308
vt 0.38046875 0.38588308
vt 0.42031250 0.38588308
vt 0.46015625 0.38588308
vt 0.50000000 0.38588308
vt 0.53984375 0.38588308
vt 0.57968750 0.38588308
vt 0.34062500 0.41231343
vt 0.38046875 0.41231343
vt 0.42031250 0.41231343
vt 0.46015625 0.41231343
vt 0.50000000 0.41231343
vt 0.53984375 0.41231343
vt 0.57968750 0.41231343
vt 0.34062500 0.43874378
vt 0.38046875 0.43874378
vt 0.42031250 0.43874378
vt 0.46015625 0.43874378
vt 0.50000000 0.43874378
vt 0.53984375 0.43874378
vt 0.57968750 0.43874378
vt 0.34062500 0.46517413
vt 0.38046875 0.46517413
vt 0.42031250 0.46517413
vt 0.46015625 0.46517413
vt 0.50000000 0.46517413
vt 0.53984375 0.46517413
vt 0.57968750 0.46517413
vt 0.51992187 0.04772717
vt 0.51992187 0.45973552
vt 0.01062500 0.50839552
vt 0.01062500 0.53314987
vt 0.32937500 0.53314987
vt 0.32937500 0.50839552
vt 0.01062500 0.54757884
vt 0.32937500 0.54757884
vt 0.01062500 0.57932257
vt 0.32937500 0.57932257
vt 0.01062500 0.60818052
vt 0.32937500 0.60818052
vt 0.01062500 0.63992425
vt 0.32937500 0.63992425
vt 0.01062500 0.81884350
vt 0.32937500 0.81884350
vt 0.01062500 0.85347303
vt 0.32937500 0.85347303
vt 0.01062500 0.87078779
vt 0.32937500 0.87078779
vt 0.01062500 0.88810256
vt 0.32937500 0.88810256
vt 0.01062500 0.91118891
vt 0.32937500 0.91118891
vt 0.01062500 0.95447583
vt 0.32937500 0.95447583
vt 0.01062500 0.97179059
vt 0.32937500 0.97179059
vt 0.34062500 0.97014925
vt 0.34062500 0.92817164
vt 0.65937500 0.92817164
vt 0.65937500 0.97014925
vt 0.34062500 0.56436567
vt 0.65937500 0.56436567
vt 0.34062500 0.52238806
vt 0.65937500 0.52238806
vt 0.01062500 0.57500000
vt 0.32937500 0.57500000
vt 0.98937500 0.50839552
vt 0.67062500 0.50839552
vt 0.67062500 0.53314987
vt 0.68428571 0.54757884
vt 0.77080357 0.57932257
vt 0.80267857 0.60818052
vt 0.80040179 0.85347303
vt 0.76852679 0.87078779
vt 0.75486607 0.88810256
vt 0.75258929 0.91118891
vt 0.75258929 0.95447583
vt 0.75714286 0.97179059
vt 0.77080357 0.98414179
vt 0.80950893 0.81884350
vt 0.88919643 0.98414179
vt 0.90285714 0.97179059
vt 0.90741071 0.95447583
vt 0.90741071 0.91118891
vt 0.90513393 0.88810256
vt 0.89147321 0.87078779
vt 0.85959821 0.85347303
vt 0.85049107 0.81884350
vt 0.80950893 0.63992425
vt 0.85049107 0.63992425
vt 0.85732143 0.60818052
vt 0.88919643 0.57932257
vt 0.97571429 0.54757884
vt 0.98937500 0.53314987
vt 0.64219605 0.02537313
vt 0.65123849 0.02537313
vt 0.64219605 0.02638614
vt 0.65300000 0.03017506
vt 0.64219605 0.03017506
vt 0.65300000 0.19183987
vt 0.64219605 0.15269997
vt 0.65123849 0.19664179
vt 0.64219605 0.16152415
vt 0.64219605 0.19664179
vt 0.64234950 0.48208955
vt 0.65121500 0.48208955
vt 0.64234950 0.44510545
vt 0.65300000 0.47724233
vt 0.64234950 0.43586811
vt 0.65300000 0.31566812
vt 0.64234950 0.31446305
vt 0.65121500 0.31082090
vt 0.64234950 0.31082090
vt 0.38019397 0.49160448
vt 0.57968750 0.07595247
vt 0.38019397 0.01585821
vt 0.54467761 0.08552964
vt 0.54467761 0.42193305
vt 0.37563489 0.42193305
vt 0.37563489 0.08552964
vt 0.37050781 0.49160448
vt 0.37050781 0.01585821
vt 0.43027344 0.49160448
vt 0.43027344 0.01585821
vt 0.49003906 0.49160448
vt 0.49003906 0.01585821
vt 0.54980469 0.49160448
vt 0.54980469 0.01585821
vn -0.67144478 0.74105459 0.00000000
vn -0.66990410 0.74244632 -0.00140084
vn -0.67449893 0.73827582 0.00000000
vn -0.67144216 0.74105169 -0.00279642
vn -0.67601314 0.73688957 0.00000000
vn -0.67449828 0.73827511 -0.00139297
vn -0.67601249 0.73688885 0.00139036
vn -0.67449631 0.73827296 0.00278594
vn -0.66990476 0.74244705 0.00000000
vn -0.67144413 0.74105386 0.00139821
vn 0.00000000 0.00000000 -1.00000000
vn 0.00000000 -0.00000000 1.00000000
vn 0.00000000 -1.00000000 0.00000000
vn -0.66667368 0.74534839 -0.00140632
vn -0.66510623 0.74674642 -0.00186687
vn -0.66977929 0.74255495 -0.00280209
vn -0.66666971 0.74534395 -0.00372672
vn -0.67132198 0.74116452 -0.00139842
vn -0.66978076 0.74255659 -0.00185639
vn -0.66978126 0.74255714 0.00140105
vn -0.67132148 0.74116397 0.00185291
vn -0.66667170 0.74534618 0.00281263
vn -0.66977730 0.74255275 0.00371276
vn -0.66510673 0.74674698 0.00140896
vn -0.66667318 0.74534784 0.00186337
vn -0.65400266 0.75648988 -0.00189122
vn -0.65236089 0.75789901 -0.00378950
vn -0.65724827 0.75366472 -0.00376832
vn -0.65398512 0.75646959 -0.00756470
vn -0.65886272 0.75226085 -0.00188065
vn -0.65725177 0.75366873 0.00188417
vn -0.65885922 0.75225685 0.00376128
vn -0.65399915 0.75648583 0.00378243
vn -0.65723428 0.75364866 0.00753649
vn -0.65236440 0.75790309 0.00189476
vn -0.62135290 0.78352105 -0.00391761
vn -0.61952676 0.78495346 -0.00588715
vn -0.62494900 0.78062655 -0.00780627
vn -0.62131476 0.78347295 -0.01175209
vn -0.62675359 0.77920778 -0.00389604
vn -0.62495734 0.78063695 -0.00585478
vn -0.62496329 0.78064438 0.00390322
vn -0.62674764 0.77920039 0.00584400
vn -0.62133859 0.78350301 0.00783503
vn -0.62492520 0.78059682 0.01170895
vn -0.61953272 0.78496102 0.00392481
vn -0.62134694 0.78351353 0.00587635
vn -0.57323818 0.81936575 -0.00614524
vn -0.57114831 0.82080585 -0.00820806
vn -0.57733553 0.81641516 -0.01224623
vn -0.57317204 0.81927122 -0.01638542
vn -0.57941646 0.81500871 -0.00611257
vn -0.57735959 0.81644917 -0.00816449
vn -0.57736801 0.81646108 0.00612346
vn -0.57940804 0.81499687 0.00814997
vn -0.57320571 0.81931934 0.01228979
vn -0.57730187 0.81636755 0.01632735
vn -0.57115673 0.82081794 0.00615613
vn -0.57322976 0.81935371 0.00819354
vn -0.51353086 0.85802823 -0.00858028
vn -0.51113031 0.85943609 -0.01074295
vn -0.51821822 0.85507743 -0.01710155
vn -0.51343164 0.85786246 -0.02144656
vn -0.52062939 0.85374010 -0.00853740
vn -0.51826440 0.85515364 -0.01068942
vn -0.51827506 0.85517123 0.00855171
vn -0.52061872 0.85372260 0.01067153
vn -0.51347416 0.85793349 0.01715867
vn -0.51817560 0.85500711 0.02137518
vn -0.51114093 0.85945395 0.00859454
vn -0.51352022 0.85801046 0.01072513
vn -0.45081423 0.89254807 -0.01115685
vn -0.44811221 0.89387676 -0.01340815
vn -0.45607234 0.88966473 -0.02224162
vn -0.45068073 0.89228377 -0.02676851
vn -0.45881001 0.88846499 -0.01110581
vn -0.45614455 0.88980560 -0.01334708
vn -0.45615697 0.88982982 0.01112287
vn -0.45879756 0.88844088 0.01332661
vn -0.45073008 0.89238147 0.02230954
vn -0.45602271 0.88956792 0.02668704
vn -0.44812452 0.89390131 0.01117377
vn -0.45080188 0.89252363 0.01338785
vn -0.39776843 0.91738265 -0.01376074
vn -0.39483478 0.91861149 -0.01607570
vn -0.40345856 0.91458645 -0.02743759
vn -0.39760115 0.91699686 -0.03209489
vn -0.40645644 0.91356739 -0.01370351
vn -0.40355879 0.91481365 -0.01600924
vn -0.40357251 0.91484475 0.01372267
vn -0.40644266 0.91353642 0.01598689
vn -0.39765550 0.91712219 0.02751367
vn -0.40340373 0.91446216 0.03200618
vn -0.39484832 0.91864298 0.01377964
vn -0.39775483 0.91735128 0.01605365
vn -0.36724680 0.92998114 -0.01627467
vn -0.36419008 0.93113843 -0.01862277
vn -0.37314793 0.92720412 -0.03245214
vn -0.36704151 0.92946129 -0.03717845
vn -0.37630198 0.92635523 -0.01621122
vn -0.37328033 0.92753311 -0.01855066
vn -0.37329538 0.92757052 0.01623248
vn -0.37628684 0.92631797 0.01852636
vn -0.36710098 0.92961188 0.03253642
vn -0.37308780 0.92705470 0.03708219
vn -0.36420488 0.93117628 0.01629558
vn -0.36723191 0.92994344 0.01859887
vn 0.09948402 0.99484021 -0.01989680
vn 0.09942500 0.99424998 -0.03977000
vn 0.09948402 0.99484021 0.01989680
vn 0.09942500 0.99424998 0.03977000
vn 0.00000000 0.99980006 -0.01999600
vn 0.00000000 0.99920096 -0.03996804
vn -0.00000000 0.99980006 0.01999600
vn -0.00000000 0.99920096 0.03996804
vn -0.09948402 0.99484021 -0.01989680
vn -0.09942500 0.99424998 -0.03977000
vn -0.09948402 0.99484021 0.01989680
vn -0.09942500 0.99424998 0.03977000
vn 0.36723191 0.92994344 -0.01859887
vn 0.36420488 0.93117628 -0.01629558
vn 0.37308780 0.92705470 -0.03708219
vn 0.36710098 0.92961188 -0.03253642
vn 0.37628684 0.92631797 -0.01852636
vn 0.37329538 0.92757052 -0.01623248
vn 0.37328033 0.92753311 0.01855066
vn 0.37630198 0.92635523 0.01621122
vn 0.36704151 0.92946129 0.03717845
vn 0.37314793 0.92720412 0.03245214
vn 0.36419008 0.93113843 0.01862277
vn 0.36724680 0.92998114 0.01627467
vn 0.39775483 0.91735128 -0.01605365
vn 0.39484832 0.91864298 -0.01377964
vn 0.40340373 0.91446216 -0.03200618
vn 0.39765550 0.91712219 -0.02751367
vn 0.40644266 0.91353642 -0.01598689
vn 0.40357251 0.91484475 -0.01372267
vn 0.40355879 0.91481365 0.01600924
vn 0.40645644 0.91356739 0.01370351
vn 0.39760115 0.91699686 0.03209489
vn 0.40345856 0.91458645 0.02743759
vn 0.39483478 0.91861149 0.01607570
vn 0.39776843 0.91738265 0.01376074
vn 0.45080188 0.89252363 -0.01338785
vn 0.44812452 0.89390131 -0.01117377
vn 0.45602271 0.88956792 -0.02668704
vn 0.45073008 0.89238147 -0.02230954
vn 0.45879756 0.88844088 -0.01332661
vn 0.45615697 0.88982982 -0.01112287
vn 0.45614455 0.88980560 0.01334708
vn 0.45881001 0.88846499 0.01110581
vn 0.45068073 0.89228377 0.02676851
vn 0.45607234 0.88966473 0.02224162
vn 0.44811221 0.89387676 0.01340815
vn 0.45081423 0.89254807 0.01115685
vn 0.51352022 0.85801046 -0.01072513
vn 0.51114093 0.85945395 -0.00859454
vn 0.51817560 0.85500711 -0.02137518
vn 0.51347416 0.85793349 -0.01715867
vn 0.52061872 0.85372260 -0.01067153
vn 0.51827506 0.85517123 -0.00855171
vn 0.51826440 0.85515364 0.01068942
vn 0.52062939 0.85374010 0.00853740
vn 0.51343164 0.85786246 0.02144656
vn 0.51821822 0.85507743 0.01710155
vn 0.51113031 0.85943609 0.01074295
vn 0.51353086 0.85802823 0.00858028
vn 0.57322976 0.81935371 -0.00819354
vn 0.57115673 0.82081794 -0.00615613
vn 0.57730187 0.81636755 -0.01632735
vn 0.57320571 0.81931934 -0.01228979
vn 0.57940804 0.81499687 -0.00814997
vn 0.57736801 0.81646108 -0.00612346
vn 0.57735959 0.81644917 0.00816449
vn 0.57941646 0.81500871 0.00611257
vn 0.57317204 0.81927122 0.01638542
vn 0.57733553 0.81641516 0.01224623
vn 0.57114831 0.82080585 0.00820806
vn 0.57323818 0.81936575 0.00614524
vn 0.62134694 0.78351353 -0.00587635
vn 0.61953272 0.78496102 -0.00392481
vn 0.62492520 0.78059682 -0.01170895
vn 0.62133859 0.78350301 -0.00783503
vn 0.62674764 0.77920039 -0.00584400
vn 0.62496329 0.78064438 -0.00390322
vn 0.62495734 0.78063695 0.00585478
vn 0.62675359 0.77920778 0.00389604
vn 0.62131476 0.78347295 0.01175209
vn 0.62494900 0.78062655 0.00780627
vn 0.61952676 0.78495346 0.00588715
vn 0.62135290 0.78352105 0.00391761
vn 0.65399915 0.75648583 -0.00378243
vn 0.65236440 0.75790309 -0.00189476
vn 0.65723428 0.75364866 -0.00753649
vn 0.65885922 0.75225685 -0.00376128
vn 0.65725177 0.75366873 -0.00188417
vn 0.65724827 0.75366472 0.00376832
vn 0.65886272 0.75226085 0.00188065
vn 0.65398512 0.75646959 0.00756470
vn 0.65236089 0.75789901 0.00378950
vn 0.65400266 0.75648988 0.00189122
vn 0.66667318 0.74534784 -0.00186337
vn 0.66510673 0.74674698 -0.00140896
vn 0.66977730 0.74255275 -0.00371276
vn 0.66667170 0.74534618 -0.00281263
vn 0.67132148 0.74116397 -0.00185291
vn 0.66978126 0.74255714 -0.00140105
vn 0.66978076 0.74255659 0.00185639
vn 0.67132198 0.74116452 0.00139842
vn 0.66666971 0.74534395 0.00372672
vn 0.66977929 0.74255495 0.00280209
vn 0.66510623 0.74674642 0.00186687
vn 0.66667368 0.74534839 0.00140632
vn 0.67144413 0.74105386 -0.00139821
vn 0.66990476 0.74244705 0.00000000
vn 0.67449631 0.73827296 -0.00278594
vn 0.67144478 0.74105459 0.00000000
vn 0.67601249 0.73688885 -0.00139036
vn 0.67449893 0.73827582 0.00000000
vn 0.67449828 0.73827511 0.00139297
vn 0.67601314 0.73688957 0.00000000
vn 0.67144216 0.74105169 0.00279642
vn 0.66990410 0.74244632 0.00140084
vn 0.00000000 0.08963770 0.99597444
vn -0.00332430 0.08864788 0.99605748
vn -0.02927003 0.78053424 0.62442739
vn -0.03747366 0.99929762 0.00000000
vn -0.02927003 0.78053424 -0.62442739
vn -0.00336139 0.08963719 -0.99596881
vn 0.00000000 0.08864837 -0.99606298
vn -0.59848497 0.07101923 0.79797996
vn -0.60019979 0.07038747 0.79674702
vn -0.44564010 0.69904329 0.55923463
vn -0.44564010 0.69904329 -0.55923463
vn -0.60019018 0.07090605 -0.79670828
vn -0.59850711 0.07049900 -0.79800948
vn 0.00000000 0.08800082 0.99612040
vn -0.00300370 0.08009859 0.99678242
vn -0.00330001 0.08800034 -0.99611498
vn 0.00000000 0.08009895 -0.99678692
vn -0.00000000 0.08009895 0.99678692
vn -0.00000000 0.78086881 0.62469505
vn -0.00000000 1.00000000 0.00000000
vn 0.00000000 0.78086881 -0.62469505
vn 0.00319624 0.08378411 0.99647880
vn 0.02977574 0.78052258 0.62441806
vn 0.03812074 0.99927314 0.00000000
vn 0.02977574 0.78052258 -0.62441806
vn 0.00305564 0.08009857 -0.99678226
vn 0.00000000 0.08378453 -0.99648389
vn 0.00000000 0.08378453 0.99648389
vn 0.00876396 0.09434564 0.99550093
vn 0.07234645 0.77882259 0.62305807
vn 0.09249388 0.99571325 0.00000000
vn 0.07234645 0.77882259 -0.62305807
vn 0.00778268 0.08378200 -0.99645372
vn 0.00000000 0.09434927 -0.99553916
vn 0.00000000 0.09434927 0.99553916
vn 0.01023971 0.10929499 0.99395662
vn 0.07296363 0.77878748 0.62302999
vn 0.09328027 0.99563989 0.00000000
vn 0.07296363 0.77878748 -0.62302999
vn 0.00883912 0.09434558 -0.99550027
vn 0.00000000 0.10930072 -0.99400873
vn 0.00000000 0.10930072 0.99400873
vn 0.00443503 0.11625699 0.99320926
vn 0.00416962 0.10929977 -0.99400009
vn 0.00000000 0.11625813 -0.99321903
vn 0.00000000 0.11625813 0.99321903
vn -0.00416962 0.10929977 0.99400009
vn -0.02977574 0.78052258 0.62441806
vn -0.03812074 0.99927314 0.00000000
vn -0.02977574 0.78052258 -0.62441806
vn -0.00443503 0.11625699 -0.99320926
vn -0.00883912 0.09434558 0.99550027
vn -0.07296363 0.77878748 0.62302999
vn -0.09328027 0.99563989 0.00000000
vn -0.07296363 0.77878748 -0.62302999
vn -0.01023971 0.10929499 -0.99395662
vn -0.00778268 0.08378200 0.99645372
vn -0.07234645 0.77882259 0.62305807
vn -0.09249388 0.99571325 0.00000000
vn -0.07234645 0.77882259 -0.62305807
vn -0.00876396 0.09434564 -0.99550093
vn -0.00305564 0.08009857 0.99678226
vn -0.00319624 0.08378411 -0.99647880
vn 0.00330001 0.08800034 0.99611498
vn 0.02927003 0.78053424 0.62442739
vn 0.03747366 0.99929762 0.00000000
vn 0.02927003 0.78053424 -0.62442739
vn 0.00300370 0.08009859 -0.99678242
vn 0.00000000 0.08800082 -0.99612040
vn 0.59850711 0.07049900 0.79800948
vn 0.60019018 0.07090605 0.79670828
vn 0.44564010 0.69904329 0.55923463
vn 0.44564010 0.69904329 -0.55923463
vn 0.60019979 0.07038747 -0.79674702
vn 0.59848497 0.07101923 -0.79797996
vn 0.00000000 0.08864837 0.99606298
vn 0.00336139 0.08963719 0.99596881
vn 0.00332430 0.08864788 -0.99605748
vn 0.00000000 0.08963770 -0.99597444
vn -1.00000000 -0.00000000 0.00000000
vn 1.00000000 0.00000000 0.00000000
vn -0.70710678 0.00000000 0.70710678
vn -0.70710678 0.00000000 -0.70710678
vn 0.70710678 0.00000000 -0.70710678
vn 0.70710678 0.00000000 0.70710678
vn 0.37708674 -0.92617795 0.00000000
vn 0.72353574 -0.69028692 0.00000000
vn -0.18589167 0.98257025 0.00000000
vn -0.20695859 0.97834970 0.00000000
vn 0.95105652 0.00000000 0.30901699
vn 0.58778525 0.00000000 0.80901699
vn -0.58778525 0.00000000 0.80901699
vn -0.95105652 0.00000000 0.30901699
vn -0.95105652 0.00000000 -0.30901699
vn -0.58778525 0.00000000 -0.80901699
vn 0.58778525 0.00000000 -0.80901699
vn 0.95105652 0.00000000 -0.30901699
vn 0.96592583 0.00000000 0.25881905
vn 0.25881905 0.00000000 0.96592583
vn -0.25881905 0.00000000 0.96592583
vn -0.96592583 0.00000000 0.25881905
vn -0.96592583 0.00000000 -0.25881905
vn -0.25881905 0.00000000 -0.96592583
vn 0.25881905 0.00000000 -0.96592583
vn 0.96592583 0.00000000 -0.25881905
vn 0.86602540 0.00000000 0.50000000
vn -0.86602540 0.00000000 0.50000000
vn -0.86602540 0.00000000 -0.50000000
vn 0.86602540 0.00000000 -0.50000000
vn 0.82987070 -0.02256954 -0.55749910
vn 0.94139280 0.15465414 -0.29976939
vn 0.55286440 -0.75833983 -0.34534281
vn 0.21474500 -0.83270942 -0.51037202
vn -0.38140167 -0.92335244 -0.04419317
vn -0.60883473 -0.79210139 0.04353912
vn -0.94426104 -0.14992983 0.29307359
vn -0.83645246 0.02636692 0.54740485
vn -0.55837499 0.76108241 0.33010747
vn -0.21456292 0.83185471 0.51184030
vn 0.38042659 0.92359089 0.04749184
vn 0.60567478 0.79461380 -0.04179674
vn 0.38145543 0.01624689 -0.92424445
vn -0.07696492 -0.79864470 -0.59686099
vn -0.46768681 -0.82411526 0.31953575
vn -0.38665941 -0.01561563 0.92209037
vn 0.07114608 0.79765712 0.59890012
vn 0.45428394 0.83032212 -0.32278673
vn -0.15202698 0.02020972 -0.98816970
vn -0.08795545 -0.84248439 -0.53149213
vn 0.06201367 -0.88820796 0.45523721
vn 0.13963151 -0.02039239 0.98999353
vn 0.07120656 0.84423206 0.53122675
vn -0.07910354 0.88650922 -0.45589915
vn -0.64585633 -0.00209221 -0.76345610
vn -0.07945907 -0.78574875 -0.61342086
vn 0.55960549 -0.81914171 0.12589104
vn 0.62631926 -0.01036021 0.77949782
vn 0.04802623 0.77336215 0.63214276
vn -0.58102022 0.80457147 -0.12280169
vn -0.99549658 -0.02938325 -0.09012866
vn -0.39107873 -0.82707907 -0.40372967
vn 0.53593062 -0.78702283 -0.30557069
vn 0.99619124 0.01416903 0.08603629
vn 0.37872770 0.83023329 0.40899634
vn -0.54747220 0.78078120 0.30108953
vn -0.73278527 -0.01749243 0.68023508
vn -0.24941251 -0.90155630 0.35353874
vn 0.46735543 -0.81722676 -0.33722296
vn 0.69998556 0.00610271 -0.71413092
vn 0.19163966 0.90562712 -0.37830379
vn -0.51098312 0.80253017 0.30796360
vn -0.37077982 0.01938099 0.92851855
vn 0.19762752 -0.73389004 0.64988366
vn 0.58093977 -0.75928484 -0.29324992
vn 0.36683764 -0.01632562 -0.93014172
vn -0.19231333 0.73428753 -0.65102796
vn -0.57079181 0.76675638 0.29373689
vn -0.67440493 0.00332895 0.73835419
vn -0.03565561 -0.82071901 0.57021836
vn 0.61262785 -0.77697528 -0.14490178
vn 0.68493274 0.02639209 -0.72812814
vn 0.04972363 0.82088008 -0.56893185
vn -0.58687984 0.79580699 0.14920885
vn -0.99718850 -0.07335081 -0.01532138
vn -0.39894542 -0.91351873 -0.07953671
vn 0.56817983 -0.81341680 -0.12459851
vn 0.99677544 0.06175989 -0.05122924
vn 0.40606619 0.91324396 0.03310152
vn -0.57035240 0.81910980 0.06129662
vn -0.73584706 -0.04737829 -0.67548827
vn -0.01524125 -0.78342047 -0.62130514
vn 0.69772888 -0.71405076 0.05749722
vn 0.72501624 0.03856749 0.68765108
vn 0.00010133 0.77679355 0.62975533
vn -0.71376014 0.69818503 -0.05553498
vn -0.33177750 0.04539592 -0.94226477
vn 0.21532190 -0.72774787 -0.65116781
vn 0.55357009 -0.78109213 0.28888621
vn 0.31946647 -0.05125341 0.94621048
vn -0.24643521 0.71136342 0.65820344
vn -0.56644904 0.77248513 -0.28705785
vn -0.64440959 -0.03477141 -0.76388954
vn -0.28932606 -0.91077774 -0.29457484
vn 0.34092503 -0.82589514 0.44907388
vn 0.64620103 0.03653787 0.76229208
vn 0.29521118 0.91178102 0.28549209
vn -0.31496779 0.82939441 -0.46141109
vn -0.99728564 -0.05627126 0.04748585
vn -0.39437595 -0.76911294 0.50292435
vn 0.58603689 -0.67625626 0.44636110
vn 0.99694454 0.05706736 -0.05333766
vn 0.40571974 0.75939999 -0.50862870
vn -0.57291192 0.68758308 -0.44609578
vn -0.60177992 0.04833772 0.79719784
vn 0.01139102 -0.71154218 0.70255104
vn 0.62468383 -0.77530630 -0.09311417
vn 0.60164128 -0.05323193 -0.79699067
vn -0.00156050 0.70869043 -0.70551785
vn -0.61727076 0.78140565 0.09155339
vn -0.06613754 0.02407676 0.99751999
vn 0.05973012 -0.83691592 0.54406254
vn 0.12643887 -0.88690796 -0.44430563
vn 0.07765951 -0.02541455 -0.99665596
vn -0.04727859 0.83730518 -0.54468777
vn -0.11847837 0.88674258 0.44682264
vn 0.42402392 -0.00283969 0.90564654
vn 0.02303891 -0.83798826 0.54520169
vn -0.39954254 -0.85270153 -0.33654993
vn -0.42000602 0.00218636 -0.90751868
vn -0.01163725 0.83582921 -0.54886619
vn 0.40290626 0.84999043 0.33938594
vn 0.80672197 -0.00306346 0.59092324
vn 0.24600876 -0.85130427 0.46342285
vn -0.55030807 -0.82672544 -0.11698745
vn -0.81490635 0.00754926 -0.57954348
vn -0.25119673 0.85941939 -0.44530722
vn 0.54067976 0.83091422 0.13132767
vn 0.90565225 -0.20707063 0.37002128
vn 0.23392894 -0.93337935 0.27217686
vn -0.68718914 -0.72073072 -0.09120474
vn -0.91649236 0.21308702 -0.33857891
vn -0.24019068 0.93780159 -0.25067233
vn 0.68419901 0.72172585 0.10480228
vn 0.32183934 -0.17879963 0.92975810
vn 0.32183934 -0.17879963 -0.92975810
vn 0.64018440 0.76822128 0.00000000
vn 0.27805808 0.96056426 0.00000000
vn 0.58123819 0.81373347 0.00000000
vn 0.96476382 0.26311741 0.00000000
vn 0.94868330 -0.31622777 0.00000000
vn 0.39391930 -0.91914503 0.00000000
vn 0.70710678 -0.70710678 0.00000000
vn 0.99227788 -0.12403473 0.00000000
vn 0.94868330 0.31622777 0.00000000
vn 0.58072468 0.81410002 0.00000000
vn -0.58072468 0.81410002 0.00000000
vn -0.94868330 0.31622777 0.00000000
vn -0.99227788 -0.12403473 0.00000000
vn -0.70710678 -0.70710678 0.00000000
vn -0.39391930 -0.91914503 0.00000000
vn -0.94868330 -0.31622777 0.00000000
vn -0.96476382 0.26311741 0.00000000
vn -0.58123819 0.81373347 0.00000000
vn -0.27805808 0.96056426 0.00000000
vn -0.64018440 0.76822128 0.00000000
vn -0.37708674 -0.92617795 0.00000000
vn -0.72353574 -0.69028692 0.00000000
vn 0.18589167 0.98257025 0.00000000
vn 0.20695859 0.97834970 0.00000000
vn 0.81490635 0.00754926 0.57954348
vn 0.91649236 0.21308702 0.33857891
vn 0.68718914 -0.72073072 0.09120474
vn 0.55030807 -0.82672544 0.11698745
vn -0.23392894 -0.93337935 -0.27217686
vn -0.24600876 -0.85130427 -0.46342285
vn -0.90565225 -0.20707063 -0.37002128
vn -0.80672197 -0.00306346 -0.59092324
vn -0.68419901 0.72172585 -0.10480228
vn -0.54067976 0.83091422 -0.13132767
vn 0.24019068 0.93780159 0.25067233
vn 0.25119673 0.85941939 0.44530722
vn 0.42000602 0.00218636 0.90751868
vn 0.39954254 -0.85270153 0.33654993
vn -0.02303891 -0.83798826 -0.54520169
vn -0.42402392 -0.00283969 -0.90564654
vn -0.40290626 0.84999043 -0.33938594
vn 0.01163725 0.83582921 0.54886619
vn -0.07765951 -0.02541455 0.99665596
vn -0.12643887 -0.88690796 0.44430563
vn -0.05973012 -0.83691592 -0.54406254
vn 0.06613754 0.02407676 -0.99751999
vn 0.11847837 0.88674258 -0.44682264
vn 0.04727859 0.83730518 0.54468777
vn -0.60164128 -0.05323193 0.79699067
vn -0.62468383 -0.77530630 0.09311417
vn -0.01139102 -0.71154218 -0.70255104
vn 0.60177992 0.04833772 -0.79719784
vn 0.61727076 0.78140565 -0.09155339
vn 0.00156050 0.70869043 0.70551785
vn -0.99694454 0.05706736 0.05333766
vn -0.58603689 -0.67625626 -0.44636110
vn 0.39437595 -0.76911294 -0.50292435
vn 0.99728564 -0.05627126 -0.04748585
vn 0.57291192 0.68758308 0.44609578
vn -0.40571974 0.75939999 0.50862870
vn -0.64620103 0.03653787 -0.76229208
vn -0.34092503 -0.82589514 -0.44907388
vn 0.28932606 -0.91077774 0.29457484
vn 0.64440959 -0.03477141 0.76388954
vn 0.31496779 0.82939441 0.46141109
vn -0.29521118 0.91178102 -0.28549209
vn -0.31946647 -0.05125341 -0.94621048
vn -0.55357009 -0.78109213 -0.28888621
vn -0.21532190 -0.72774787 0.65116781
vn 0.33177750 0.04539592 0.94226477
vn 0.56644904 0.77248513 0.28705785
vn 0.24643521 0.71136342 -0.65820344
vn -0.72501624 0.03856749 -0.68765108
vn -0.69772888 -0.71405076 -0.05749722
vn 0.01524125 -0.78342047 0.62130514
vn 0.73584706 -0.04737829 0.67548827
vn 0.71376014 0.69818503 0.05553498
vn -0.00010133 0.77679355 -0.62975533
vn -0.99677544 0.06175989 0.05122924
vn -0.56817983 -0.81341680 0.12459851
vn 0.39894542 -0.91351873 0.07953671
vn 0.99718850 -0.07335081 0.01532138
vn 0.57035240 0.81910980 -0.06129662
vn -0.40606619 0.91324396 -0.03310152
vn -0.68493274 0.02639209 0.72812814
vn -0.61262785 -0.77697528 0.14490178
vn 0.03565561 -0.82071901 -0.57021836
vn 0.67440493 0.00332895 -0.73835419
vn 0.58687984 0.79580699 -0.14920885
vn -0.04972363 0.82088008 0.56893185
vn -0.36683764 -0.01632562 0.93014172
vn -0.58093977 -0.75928484 0.29324992
vn -0.19762752 -0.73389004 -0.64988366
vn 0.37077982 0.01938099 -0.92851855
vn 0.57079181 0.76675638 -0.29373689
vn 0.19231333 0.73428753 0.65102796
vn -0.69998556 0.00610271 0.71413092
vn -0.46735543 -0.81722676 0.33722296
vn 0.24941251 -0.90155630 -0.35353874
vn 0.73278527 -0.01749243 -0.68023508
vn 0.51098312 0.80253017 -0.30796360
vn -0.19163966 0.90562712 0.37830379
vn -0.99619124 0.01416903 -0.08603629
vn -0.53593062 -0.78702283 0.30557069
vn 0.39107873 -0.82707907 0.40372967
vn 0.99549658 -0.02938325 0.09012866
vn 0.54747220 0.78078120 -0.30108953
vn -0.37872770 0.83023329 -0.40899634
vn -0.62631926 -0.01036021 -0.77949782
vn -0.55960549 -0.81914171 -0.12589104
vn 0.07945907 -0.78574875 0.61342086
vn 0.64585633 -0.00209221 0.76345610
vn 0.58102022 0.80457147 0.12280169
vn -0.04802623 0.77336215 -0.63214276
vn -0.13963151 -0.02039239 -0.98999353
vn -0.06201367 -0.88820796 -0.45523721
vn 0.08795545 -0.84248439 0.53149213
vn 0.15202698 0.02020972 0.98816970
vn 0.07910354 0.88650922 0.45589915
vn -0.07120656 0.84423206 -0.53122675
vn 0.38665941 -0.01561563 -0.92209037
vn 0.46768681 -0.82411526 -0.31953575
vn 0.07696492 -0.79864470 0.59686099
vn -0.38145543 0.01624689 0.92424445
vn -0.45428394 0.83032212 0.32278673
vn -0.07114608 0.79765712 -0.59890012
vn 0.83645246 0.02636692 -0.54740485
vn 0.60883473 -0.79210139 -0.04353912
vn -0.21474500 -0.83270942 0.51037202
vn -0.82987070 -0.02256954 0.55749910
vn -0.60567478 0.79461380 0.04179674
vn 0.21456292 0.83185471 -0.51184030
vn 0.94426104 -0.14992983 -0.29307359
vn 0.38140167 -0.92335244 0.04419317
vn -0.55286440 -0.75833983 0.34534281
vn -0.94139280 0.15465414 0.29976939
vn -0.38042659 0.92359089 -0.04749184
vn 0.55837499 0.76108241 -0.33010747
vn -0.32183934 -0.17879963 0.92975810
vn -0.32183934 -0.17879963 -0.92975810
vn 0.56566079 0.82463802 0.00000000
vn 0.92387953 0.00000000 0.38268343
vn 0.38268343 0.00000000 0.92387953
vn -0.38268343 0.00000000 0.92387953
vn -0.92387953 0.00000000 0.38268343
vn -0.92387953 0.00000000 -0.38268343
vn -0.38268343 0.00000000 -0.92387953
vn 0.38268343 0.00000000 -0.92387953
vn 0.92387953 0.00000000 -0.38268343
vn -0.56566079 0.82463802 0.00000000
g ballast
usemtl mat
f 1/1/1 2/2/1 3/3/1
f 3/3/2 4/4/2 1/1/2
f 2/2/3 5/5/3 6/6/3
f 6/6/4 3/3/4 2/2/4
f 5/5/5 7/7/5 8/8/5
f 8/8/6 6/6/6 5/5/6
f 7/7/3 9/9/3 10/10/3
f 10/10/7 8/8/7 7/7/7
f 9/9/1 11/11/1 12/12/1
f 12/12/8 10/10/8 9/9/8
f 11/11/9 13/13/9 14/14/9
f 14/14/10 12/12/10 11/11/10
f 1/15/11 4/16/11 15/17/11
f 16/17/12 14/16/12 13/15/12
f 1/18/13 15/4/13 16/14/13 13/19/13
f 4/18/14 3/20/14 17/21/14
f 17/21/15 18/22/15 4/18/15
f 3/20/16 6/23/16 19/24/16
f 19/24/17 17/21/17 3/20/17
f 6/23/18 8/25/18 20/26/18
f 20/26/19 19/24/19 6/23/19
f 8/25/20 10/27/20 21/28/20
f 21/28/21 20/26/21 8/25/21
f 10/27/22 12/29/22 22/30/22
f 22/30/23 21/28/23 10/27/23
f 12/29/24 14/19/24 23/31/24
f 23/31/25 22/30/25 12/29/25
f 4/32/11 18/33/11 24/34/11 15/35/11
f 16/35/12 25/34/12 23/33/12 14/32/12
f 15/18/13 24/4/13 25/14/13 16/19/13
f 18/22/26 17/21/26 26/36/26
f 26/36/27 27/37/27 18/22/27
f 17/21/28 19/24/28 28/38/28
f 28/38/29 26/36/29 17/21/29
f 19/24/30 20/26/30 29/39/30
f 29/39/28 28/38/28 19/24/28
f 20/26/31 21/28/31 30/40/31
f 30/40/32 29/39/32 20/26/32
f 21/28/33 22/30/33 31/41/33
f 31/41/34 30/40/34 21/28/34
f 22/30/35 23/31/35 32/42/35
f 32/42/33 31/41/33 22/30/33
f 18/33/11 27/43/11 33/44/11 24/34/11
f 25/34/12 34/44/12 32/43/12 23/33/12
f 24/18/13 33/4/13 34/14/13 25/19/13
f 27/37/36 26/36/36 35/45/36
f 35/45/37 36/46/37 27/37/37
f 26/36/38 28/38/38 37/47/38
f 37/47/39 35/45/39 26/36/39
f 28/38/40 29/39/40 38/48/40
f 38/48/41 37/47/41 28/38/41
f 29/39/42 30/40/42 39/49/42
f 39/49/43 38/48/43 29/39/43
f 30/40/44 31/41/44 40/50/44
f 40/50/45 39/49/45 30/40/45
f 31/41/46 32/42/46 41/51/46
f 41/51/47 40/50/47 31/41/47
f 27/43/11 36/52/11 42/53/11 33/44/11
f 34/44/12 43/53/12 41/52/12 32/43/12
f 33/18/13 42/4/13 43/14/13 34/19/13
f 36/46/48 35/45/48 44/54/48
f 44/54/49 45/55/49 36/46/49
f 35/45/50 37/47/50 46/56/50
f 46/56/51 44/54/51 35/45/51
f 37/47/52 38/48/52 47/57/52
f 47/57/53 46/56/53 37/47/53
f 38/48/54 39/49/54 48/58/54
f 48/58/55 47/57/55 38/48/55
f 39/49/56 40/50/56 49/59/56
f 49/59/57 48/58/57 39/49/57
f 40/50/58 41/51/58 50/60/58
f 50/60/59 49/59/59 40/50/59
f 36/52/11 45/61/11 51/62/11 42/53/11
f 43/53/12 52/62/12 50/61/12 41/52/12
f 42/18/13 51/4/13 52/14/13 43/19/13
f 45/55/60 44/54/60 53/63/60
f 53/63/61 54/64/61 45/55/61
f 44/54/62 46/56/62 55/65/62
f 55/65/63 53/63/63 44/54/63
f 46/56/64 47/57/64 56/66/64
f 56/66/65 55/65/65 46/56/65
f 47/57/66 48/58/66 57/67/66
f 57/67/67 56/66/67 47/57/67
f 48/58/68 49/59/68 58/68/68
f 58/68/69 57/67/69 48/58/69
f 49/59/70 50/60/70 59/69/70
f 59/69/71 58/68/71 49/59/71
f 45/61/11 54/70/11 60/71/11 51/62/11
f 52/62/12 61/71/12 59/70/12 50/61/12
f 51/18/13 60/4/13 61/14/13 52/19/13
f 54/64/72 53/63/72 62/72/72
f 62/72/73 63/73/73 54/64/73
f 53/63/74 55/65/74 64/74/74
f 64/74/75 62/72/75 53/63/75
f 55/65/76 56/66/76 65/75/76
f 65/75/77 64/74/77 55/65/77
f 56/66/78 57/67/78 66/76/78
f 66/76/79 65/75/79 56/66/79
f 57/67/80 58/68/80 67/77/80
f 67/77/81 66/76/81 57/67/81
f 58/68/82 59/69/82 68/78/82
f 68/78/83 67/77/83 58/68/83
f 54/70/11 63/79/11 69/80/11 60/71/11
f 61/71/12 70/80/12 68/79/12 59/70/12
f 60/18/13 69/4/13 70/14/13 61/19/13
f 63/73/84 62/72/84 71/81/84
f 71/81/85 72/82/85 63/73/85
f 62/72/86 64/74/86 73/83/86
f 73/83/87 71/81/87 62/72/87
f 64/74/88 65/75/88 74/84/88
f 74/84/89 73/83/89 64/74/89
f 65/75/90 66/76/90 75/85/90
f 75/85/91 74/84/91 65/75/91
f 66/76/92 67/77/92 76/86/92
f 76/86/93 75/85/93 66/76/93
f 67/77/94 68/78/94 77/87/94
f 77/87/95 76/86/95 67/77/95
f 69/80/11 63/79/11 78/88/11
f 69/80/11 78/88/11 79/87/11
f 79/87/11 80/89/11 69/80/11
f 78/90/11 72/91/11 79/82/11
f 68/79/12 70/80/12 81/89/12
f 68/79/12 81/89/12 82/87/12
f 82/87/12 83/88/12 68/79/12
f 82/82/12 77/91/12 83/90/12
f 69/18/13 80/4/13 81/14/13 70/19/13
f 72/82/96 71/81/96 84/92/96
f 84/92/97 85/93/97 72/82/97
f 71/81/98 73/83/98 86/94/98
f 86/94/99 84/92/99 71/81/99
f 73/83/100 74/84/100 87/95/100
f 87/95/101 86/94/101 73/83/101
f 74/84/102 75/85/102 88/96/102
f 88/96/103 87/95/103 74/84/103
f 75/85/104 76/86/104 89/97/104
f 89/97/105 88/96/105 75/85/105
f 76/86/106 77/87/106 90/98/106
f 90/98/107 89/97/107 76/86/107
f 79/87/11 91/98/11 92/99/11 80/89/11
f 79/82/11 72/91/11 85/100/11 91/93/11
f 81/89/12 93/99/12 94/98/12 82/87/12
f 94/93/12 90/100/12 77/91/12 82/82/12
f 80/18/13 92/4/13 93/14/13 81/19/13
f 84/92/108 95/3/108 96/4/108 85/93/108
f 86/94/109 97/6/109 95/3/109 84/92/109
f 87/95/108 98/8/108 97/6/108 86/94/108
f 88/96/110 99/10/110 98/8/110 87/95/110
f 89/97/111 100/12/111 99/10/111 88/96/111
f 90/98/110 101/14/110 100/12/110 89/97/110
f 91/98/11 102/14/11 103/17/11 92/99/11
f 91/93/11 85/100/11 96/101/11 102/4/11
f 93/99/12 104/17/12 105/14/12 94/98/12
f 105/4/12 101/101/12 90/100/12 94/93/12
f 92/18/13 103/4/13 104/14/13 93/19/13
f 95/20/112 106/3/112 107/4/112 96/18/112
f 97/23/113 108/6/113 106/3/113 95/20/113
f 98/25/112 109/8/112 108/6/112 97/23/112
f 99/27/114 110/10/114 109/8/114 98/25/114
f 100/29/115 111/12/115 110/10/115 99/27/115
f 101/19/114 112/14/114 111/12/114 100/29/114
f 102/19/11 113/14/11 114/17/11 103/35/11
f 102/18/11 96/102/11 107/101/11 113/4/11
f 104/35/12 115/17/12 116/14/12 105/19/12
f 116/4/12 112/101/12 101/102/12 105/18/12
f 103/18/13 114/4/13 115/14/13 104/19/13
f 106/20/112 117/3/112 118/4/112 107/18/112
f 108/23/113 119/6/113 117/3/113 106/20/113
f 109/25/112 120/8/112 119/6/112 108/23/112
f 110/27/114 121/10/114 120/8/114 109/25/114
f 111/29/115 122/12/115 121/10/115 110/27/115
f 112/19/114 123/14/114 122/12/114 111/29/114
f 113/19/11 124/14/11 125/17/11 114/35/11
f 113/18/11 107/102/11 118/101/11 124/4/11
f 115/35/12 126/17/12 127/14/12 116/19/12
f 127/4/12 123/101/12 112/102/12 116/18/12
f 114/18/13 125/4/13 126/14/13 115/19/13
f 117/20/112 128/3/112 129/4/112 118/18/112
f 119/23/113 130/6/113 128/3/113 117/20/113
f 120/25/112 131/8/112 130/6/112 119/23/112
f 121/27/114 132/10/114 131/8/114 120/25/114
f 122/29/115 133/12/115 132/10/115 121/27/115
f 123/19/114 134/14/114 133/12/114 122/29/114
f 124/19/11 135/14/11 136/17/11 125/35/11
f 124/18/11 118/102/11 129/101/11 135/4/11
f 126/35/12 137/17/12 138/14/12 127/19/12
f 138/4/12 134/101/12 123/102/12 127/18/12
f 125/18/13 136/4/13 137/14/13 126/19/13
f 128/20/112 139/3/112 140/4/112 129/18/112
f 130/23/113 141/6/113 139/3/113 128/20/113
f 131/25/112 142/8/112 141/6/112 130/23/112
f 132/27/114 143/10/114 142/8/114 131/25/114
f 133/29/115 144/12/115 143/10/115 132/27/115
f 134/19/114 145/14/114 144/12/114 133/29/114
f 135/19/11 146/14/11 147/17/11 136/35/11
f 135/18/11 129/102/11 140/101/11 146/4/11
f 137/35/12 148/17/12 149/14/12 138/19/12
f 149/4/12 145/101/12 134/102/12 138/18/12
f 136/18/13 147/4/13 148/14/13 137/19/13
f 139/20/116 150/103/116 151/104/116 140/18/116
f 141/23/117 152/105/117 150/103/117 139/20/117
f 142/25/116 153/106/116 152/105/116 141/23/116
f 143/27/118 154/107/118 153/106/118 142/25/118
f 144/29/119 155/108/119 154/107/119 143/27/119
f 145/19/118 156/109/118 155/108/118 144/29/118
f 146/19/11 157/109/11 158/110/11 147/35/11
f 146/18/11 140/102/11 151/111/11 157/104/11
f 148/35/12 159/110/12 160/109/12 149/19/12
f 160/104/12 156/111/12 145/102/12 149/18/12
f 147/18/13 158/4/13 159/14/13 148/19/13
f 151/104/120 150/103/120 161/112/120
f 161/112/121 162/113/121 151/104/121
f 150/103/122 152/105/122 163/114/122
f 163/114/123 161/112/123 150/103/123
f 152/105/124 153/106/124 164/115/124
f 164/115/125 163/114/125 152/105/125
f 153/106/126 154/107/126 165/116/126
f 165/116/127 164/115/127 153/106/127
f 154/107/128 155/108/128 166/117/128
f 166/117/129 165/116/129 154/107/129
f 155/108/130 156/109/130 167/118/130
f 167/118/131 166/117/131 155/108/131
f 157/109/11 168/118/11 169/119/11 158/110/11
f 157/104/11 151/111/11 162/120/11 168/113/11
f 159/110/12 170/119/12 171/118/12 160/109/12
f 171/113/12 167/120/12 156/111/12 160/104/12
f 158/18/13 169/4/13 170/14/13 159/19/13
f 162/113/132 161/112/132 172/121/132
f 172/121/133 173/122/133 162/113/133
f 161/112/134 163/114/134 174/123/134
f 174/123/135 172/121/135 161/112/135
f 163/114/136 164/115/136 175/124/136
f 175/124/137 174/123/137 163/114/137
f 164/115/138 165/116/138 176/125/138
f 176/125/139 175/124/139 164/115/139
f 165/116/140 166/117/140 177/126/140
f 177/126/141 176/125/141 165/116/141
f 166/117/142 167/118/142 178/127/142
f 178/127/143 177/126/143 166/117/143
f 169/119/11 168/118/11 179/128/11
f 169/119/11 179/128/11 173/129/11
f 173/129/11 180/130/11 169/119/11
f 168/113/11 162/120/11 179/131/11
f 171/118/12 170/119/12 181/130/12
f 171/118/12 181/130/12 178/129/12
f 178/129/12 182/128/12 171/118/12
f 182/131/12 167/120/12 171/113/12
f 169/18/13 180/4/13 181/14/13 170/19/13
f 173/122/144 172/121/144 183/132/144
f 183/132/145 184/133/145 173/122/145
f 172/121/146 174/123/146 185/134/146
f 185/134/147 183/132/147 172/121/147
f 174/123/148 175/124/148 186/135/148
f 186/135/149 185/134/149 174/123/149
f 175/124/150 176/125/150 187/136/150
f 187/136/151 186/135/151 175/124/151
f 176/125/152 177/126/152 188/137/152
f 188/137/153 187/136/153 176/125/153
f 177/126/154 178/127/154 189/138/154
f 189/138/155 188/137/155 177/126/155
f 173/129/11 184/139/11 190/140/11 180/130/11
f 181/130/12 191/140/12 189/139/12 178/129/12
f 180/18/13 190/4/13 191/14/13 181/19/13
f 184/133/156 183/132/156 192/141/156
f 192/141/157 193/142/157 184/133/157
f 183/132/158 185/134/158 194/143/158
f 194/143/159 192/141/159 183/132/159
f 185/134/160 186/135/160 195/144/160
f 195/144/161 194/143/161 185/134/161
f 186/135/162 187/136/162 196/145/162
f 196/145/163 195/144/163 186/135/163
f 187/136/164 188/137/164 197/146/164
f 197/146/165 196/145/165 187/136/165
f 188/137/166 189/138/166 198/147/166
f 198/147/167 197/146/167 188/137/167
f 184/139/11 193/148/11 199/149/11 190/140/11
f 191/140/12 200/149/12 198/148/12 189/139/12
f 190/18/13 199/4/13 200/14/13 191/19/13
f 193/142/168 192/141/168 201/150/168
f 201/150/169 202/151/169 193/142/169
f 192/141/170 194/143/170 203/152/170
f 203/152/171 201/150/171 192/141/171
f 194/143/172 195/144/172 204/153/172
f 204/153/173 203/152/173 194/143/173
f 195/144/174 196/145/174 205/154/174
f 205/154/175 204/153/175 195/144/175
f 196/145/176 197/146/176 206/155/176
f 206/155/177 205/154/177 196/145/177
f 197/146/178 198/147/178 207/156/178
f 207/156/179 206/155/179 197/146/179
f 193/148/11 202/157/11 208/158/11 199/149/11
f 200/149/12 209/158/12 207/157/12 198/148/12
f 199/18/13 208/4/13 209/14/13 200/19/13
f 202/151/180 201/150/180 210/159/180
f 210/159/181 211/160/181 202/151/181
f 201/150/182 203/152/182 212/161/182
f 212/161/183 210/159/183 201/150/183
f 203/152/184 204/153/184 213/162/184
f 213/162/185 212/161/185 203/152/185
f 204/153/186 205/154/186 214/163/186
f 214/163/187 213/162/187 204/153/187
f 205/154/188 206/155/188 215/164/188
f 215/164/189 214/163/189 205/154/189
f 206/155/190 207/156/190 216/165/190
f 216/165/191 215/164/191 206/155/191
f 202/157/11 211/166/11 217/167/11 208/158/11
f 209/158/12 218/167/12 216/166/12 207/157/12
f 208/18/13 217/4/13 218/14/13 209/19/13
f 211/160/192 210/159/192 219/168/192
f 219/168/193 220/169/193 211/160/193
f 210/159/194 212/161/194 221/170/194
f 221/170/192 219/168/192 210/159/192
f 212/161/195 213/162/195 222/171/195
f 222/171/196 221/170/196 212/161/196
f 213/162/197 214/163/197 223/172/197
f 223/172/198 222/171/198 213/162/198
f 214/163/199 215/164/199 224/173/199
f 224/173/197 223/172/197 214/163/197
f 215/164/200 216/165/200 225/174/200
f 225/174/201 224/173/201 215/164/201
f 211/166/11 220/175/11 226/176/11 217/167/11
f 218/167/12 227/176/12 225/175/12 216/166/12
f 217/18/13 226/4/13 227/14/13 218/19/13
f 220/169/202 219/168/202 228/3/202
f 228/3/203 229/4/203 220/169/203
f 219/168/204 221/170/204 230/6/204
f 230/6/205 228/3/205 219/168/205
f 221/170/206 222/171/206 231/8/206
f 231/8/207 230/6/207 221/170/207
f 222/171/208 223/172/208 232/10/208
f 232/10/209 231/8/209 222/171/209
f 223/172/210 224/173/210 233/12/210
f 233/12/211 232/10/211 223/172/211
f 224/173/212 225/174/212 234/14/212
f 234/14/213 233/12/213 224/173/213
f 220/175/11 229/16/11 235/17/11 226/176/11
f 227/176/12 236/17/12 234/16/12 225/175/12
f 226/18/13 235/4/13 236/14/13 227/19/13
f 229/18/214 228/20/214 237/177/214
f 237/177/215 238/178/215 229/18/215
f 228/20/216 230/23/216 239/179/216
f 239/179/217 237/177/217 228/20/217
f 230/23/218 231/25/218 240/180/218
f 240/180/219 239/179/219 230/23/219
f 231/25/220 232/27/220 241/181/220
f 241/181/221 240/180/221 231/25/221
f 232/27/222 233/29/222 242/182/222
f 242/182/219 241/181/219 232/27/219
f 233/29/223 234/19/223 243/183/223
f 243/183/217 242/182/217 233/29/217
f 229/32/11 238/184/11 235/35/11
f 236/35/12 243/184/12 234/32/12
f 235/18/13 238/4/13 243/14/13 236/19/13
g sleeper
usemtl mat
f 244/185/13 245/186/13 246/187/13 247/188/13
f 248/189/224 247/190/224 246/191/224
f 246/191/225 249/192/225 248/189/225
f 248/193/226 249/194/226 250/195/226 251/196/226
f 251/196/227 250/195/227 252/197/227 253/198/227
f 253/198/228 252/197/228 254/199/228 255/200/228
f 244/190/229 255/189/229 254/192/229
f 254/192/230 245/191/230 244/190/230
f 245/186/13 256/201/13 257/202/13 246/187/13
f 249/192/231 246/191/231 257/203/231
f 257/203/232 258/204/232 249/192/232
f 249/194/233 258/205/233 259/206/233 250/195/233
f 250/195/227 259/206/227 260/207/227 252/197/227
f 252/197/234 260/207/234 261/208/234 254/199/234
f 245/191/235 254/192/235 261/204/235
f 261/204/236 256/203/236 245/191/236
f 256/209/13 262/210/13 263/211/13 257/212/13
f 258/213/237 257/214/237 263/215/237
f 263/215/238 264/216/238 258/213/238
f 258/217/226 264/218/226 265/219/226 259/220/226
f 259/220/227 265/219/227 266/221/227 260/222/227
f 260/222/228 266/221/228 267/223/228 261/224/228
f 256/214/239 261/213/239 267/216/239
f 267/216/240 262/215/240 256/214/240
f 262/210/13 268/225/13 269/226/13 263/211/13
f 263/215/241 269/227/241 270/228/241 264/216/241
f 264/218/242 270/229/242 271/230/242 265/219/242
f 265/219/243 271/230/243 272/231/243 266/221/243
f 266/221/244 272/231/244 273/232/244 267/223/244
f 267/216/240 273/228/240 268/227/240 262/215/240
f 268/225/13 274/201/13 275/202/13 269/226/13
f 269/227/241 275/203/241 276/233/241 270/228/241
f 270/229/242 276/205/242 277/206/242 271/230/242
f 271/230/243 277/206/243 278/207/243 272/231/243
f 272/231/244 278/207/244 279/208/244 273/232/244
f 273/228/240 279/233/240 274/203/240 268/227/240
f 274/209/13 280/234/13 281/235/13 275/212/13
f 275/214/241 281/236/241 282/237/241 276/238/241
f 276/217/242 282/239/242 283/240/242 277/220/242
f 277/220/243 283/240/243 284/241/243 278/222/243
f 278/222/244 284/241/244 285/242/244 279/224/244
f 279/238/240 285/237/240 280/236/240 274/214/240
f 280/234/13 286/243/13 287/244/13 281/235/13
f 282/237/241 281/236/241 287/245/241
f 287/245/245 288/246/245 282/237/245
f 282/239/246 288/247/246 289/248/246 283/240/246
f 283/240/247 289/248/247 290/249/247 284/241/247
f 284/241/248 290/249/248 291/250/248 285/242/248
f 280/236/249 285/237/249 291/246/249
f 291/246/250 286/245/250 280/236/250
f 286/243/13 292/251/13 293/252/13 287/244/13
f 288/246/251 287/245/251 293/253/251
f 293/253/252 294/254/252 288/246/252
f 288/247/253 294/255/253 295/256/253 289/248/253
f 289/248/254 295/256/254 296/257/254 290/249/254
f 290/249/255 296/257/255 297/258/255 291/250/255
f 286/245/256 291/246/256 297/254/256
f 297/254/257 292/253/257 286/245/257
f 292/251/13 298/259/13 299/260/13 293/252/13
f 294/254/258 293/253/258 299/261/258
f 299/261/259 300/262/259 294/254/259
f 294/255/260 300/263/260 301/264/260 295/256/260
f 295/256/261 301/264/261 302/265/261 296/257/261
f 296/257/262 302/265/262 303/266/262 297/258/262
f 292/253/263 297/254/263 303/262/263
f 303/262/264 298/261/264 292/253/264
f 298/259/13 304/201/13 305/202/13 299/260/13
f 300/262/265 299/261/265 305/203/265
f 305/203/266 306/267/266 300/262/266
f 300/263/246 306/205/246 307/206/246 301/264/246
f 301/264/247 307/206/247 308/207/247 302/265/247
f 302/265/248 308/207/248 309/208/248 303/266/248
f 298/261/267 303/262/267 309/267/267
f 309/267/268 304/203/268 298/261/268
f 304/209/13 310/268/13 311/269/13 305/212/13
f 306/270/269 305/214/269 311/271/269
f 311/271/270 312/272/270 306/270/270
f 306/217/271 312/273/271 313/274/271 307/220/271
f 307/220/272 313/274/272 314/275/272 308/222/272
f 308/222/273 314/275/273 315/276/273 309/224/273
f 304/214/274 309/270/274 315/272/274
f 315/272/264 310/271/264 304/214/264
f 310/268/13 316/210/13 317/211/13 311/269/13
f 312/272/265 311/271/265 317/215/265
f 317/215/275 318/277/275 312/272/275
f 312/273/276 318/218/276 319/219/276 313/274/276
f 313/274/277 319/219/277 320/221/277 314/275/277
f 314/275/278 320/221/278 321/223/278 315/276/278
f 310/271/279 315/272/279 321/277/279
f 321/277/257 316/215/257 310/271/257
f 316/210/13 322/278/13 323/279/13 317/211/13
f 318/277/258 317/215/258 323/280/258
f 323/280/280 324/281/280 318/277/280
f 318/218/281 324/282/281 325/283/281 319/219/281
f 319/219/282 325/283/282 326/284/282 320/221/282
f 320/221/283 326/284/283 327/285/283 321/223/283
f 316/215/284 321/277/284 327/281/284
f 327/281/250 322/280/250 316/215/250
f 322/278/13 328/286/13 329/287/13 323/279/13
f 324/281/251 323/280/251 329/288/251
f 329/288/285 330/289/285 324/281/285
f 324/282/271 330/290/271 331/291/271 325/283/271
f 325/283/272 331/291/272 332/292/272 326/284/272
f 326/284/273 332/292/273 333/293/273 327/285/273
f 322/280/286 327/281/286 333/289/286
f 333/289/240 328/288/240 322/280/240
f 328/286/13 334/201/13 335/202/13 329/287/13
f 329/288/241 335/203/241 336/233/241 330/289/241
f 330/290/242 336/205/242 337/206/242 331/291/242
f 331/291/243 337/206/243 338/207/243 332/292/243
f 332/292/244 338/207/244 339/208/244 333/293/244
f 333/289/240 339/233/240 334/203/240 328/288/240
f 334/209/13 340/294/13 341/295/13 335/212/13
f 335/214/241 341/296/241 342/297/241 336/238/241
f 336/217/242 342/298/242 343/299/242 337/220/242
f 337/220/243 343/299/243 344/300/243 338/222/243
f 338/222/244 344/300/244 345/301/244 339/224/244
f 339/238/240 345/297/240 340/296/240 334/214/240
f 340/294/13 346/251/13 347/252/13 341/295/13
f 341/296/241 347/253/241 348/302/241 342/297/241
f 342/298/242 348/255/242 349/256/242 343/299/242
f 343/299/243 349/256/243 350/257/243 344/300/243
f 344/300/244 350/257/244 351/258/244 345/301/244
f 345/297/240 351/302/240 346/253/240 340/296/240
f 346/251/13 352/201/13 353/202/13 347/252/13
f 348/302/241 347/253/241 353/203/241
f 353/203/287 354/204/287 348/302/287
f 348/255/288 354/205/288 355/206/288 349/256/288
f 349/256/289 355/206/289 356/207/289 350/257/289
f 350/257/290 356/207/290 357/208/290 351/258/290
f 346/253/291 351/302/291 357/204/291
f 357/204/292 352/203/292 346/253/292
f 352/209/13 358/303/13 359/304/13 353/212/13
f 354/213/293 353/214/293 359/305/293
f 359/305/294 360/306/294 354/213/294
f 354/217/295 360/307/295 361/308/295 355/220/295
f 355/220/289 361/308/289 362/309/289 356/222/289
f 356/222/296 362/309/296 363/310/296 357/224/296
f 352/214/297 357/213/297 363/306/297
f 363/306/298 358/305/298 352/214/298
f 358/303/13 364/311/13 365/312/13 359/304/13
f 360/306/299 359/305/299 365/313/299
f 365/313/300 366/314/300 360/306/300
f 360/307/288 366/315/288 367/316/288 361/308/288
f 361/308/289 367/316/289 368/317/289 362/309/289
f 362/309/290 368/317/290 369/318/290 363/310/290
f 358/305/301 363/306/301 369/314/301
f 369/314/302 364/313/302 358/305/302
f 255/319/303 244/320/303 247/321/303
f 255/319/303 247/321/303 248/322/303
f 255/319/303 248/322/303 251/323/303
f 251/323/303 253/324/303 255/319/303
f 364/320/304 369/319/304 368/324/304
f 364/320/304 368/324/304 367/323/304
f 364/320/304 367/323/304 366/322/304
f 366/322/304 365/321/304 364/320/304
g fastener_left
usemtl mat
f 370/325/13 371/326/13 372/327/13 373/328/13
f 370/325/13 373/328/13 374/329/13
f 370/325/13 374/329/13 375/330/13
f 370/325/13 375/330/13 376/331/13
f 370/325/13 376/331/13 377/332/13 378/333/13
f 378/333/13 379/334/13 370/325/13
f 380/335/11 381/336/11 372/337/11 371/338/11
f 382/339/12 383/340/12 378/341/12 377/342/12
f 383/335/305 384/340/305 379/341/305 378/338/305
f 384/335/303 385/340/303 370/341/303 379/338/303
f 385/335/306 380/340/306 371/341/306 370/338/306
f 386/343/243 387/344/243 388/345/243
f 386/343/243 388/345/243 389/346/243
f 386/343/243 389/346/243 390/347/243 391/348/243
f 386/343/243 391/348/243 392/349/243
f 386/343/243 392/349/243 393/350/243
f 394/351/243 386/343/243 393/350/243
f 386/352/11 394/353/11 395/354/11 396/355/11
f 390/356/12 389/357/12 397/358/12 398/359/12
f 389/352/305 388/357/305 399/358/305 397/355/305
f 388/352/303 387/357/303 400/358/303 399/355/303
f 387/352/306 386/357/306 396/358/306 400/355/306
f 401/360/13 402/361/13 403/362/13
f 401/360/13 403/362/13 404/363/13
f 401/360/13 404/363/13 405/364/13
f 401/360/13 405/364/13 406/365/13
f 401/360/13 406/365/13 407/366/13
f 407/366/13 408/367/13 401/360/13
f 409/361/243 410/360/243 411/367/243
f 409/361/243 411/367/243 412/366/243
f 409/361/243 412/366/243 413/365/243
f 409/361/243 413/365/243 414/364/243
f 409/361/243 414/364/243 415/363/243
f 415/363/243 416/362/243 409/361/243
f 409/368/11 416/369/11 403/370/11 402/371/11
f 416/368/307 415/369/307 404/370/307 403/371/307
f 415/368/304 414/369/304 405/370/304 404/371/304
f 414/368/308 413/369/308 406/370/308 405/371/308
f 413/368/12 412/369/12 407/370/12 406/371/12
f 412/368/305 411/369/305 408/370/305 407/371/305
f 411/368/303 410/369/303 401/370/303 408/371/303
f 410/368/306 409/369/306 402/370/306 401/371/306
f 417/372/13 418/373/13 419/374/13
f 417/372/13 419/374/13 420/375/13
f 417/372/13 420/375/13 421/376/13
f 417/372/13 421/376/13 422/377/13
f 417/372/13 422/377/13 423/378/13
f 423/378/13 424/379/13 417/372/13
f 425/373/243 426/372/243 427/379/243
f 425/373/243 427/379/243 428/378/243
f 425/373/243 428/378/243 429/377/243
f 425/373/243 429/377/243 430/376/243
f 425/373/243 430/376/243 431/375/243
f 431/375/243 432/374/243 425/373/243
f 425/335/11 432/340/11 419/341/11 418/338/11
f 432/335/307 431/340/307 420/341/307 419/338/307
f 431/335/304 430/340/304 421/341/304 420/338/304
f 430/335/308 429/340/308 422/341/308 421/338/308
f 429/335/12 428/340/12 423/341/12 422/338/12
f 428/335/305 427/340/305 424/341/305 423/338/305
f 427/335/303 426/340/303 417/341/303 424/338/303
f 426/335/306 425/340/306 418/341/306 417/338/306
f 433/380/12 434/368/12 435/381/12
f 433/380/12 435/381/12 436/382/12
f 433/380/12 436/382/12 437/383/12
f 437/383/12 438/384/12 439/370/12
f 433/380/12 437/383/12 439/370/12
f 439/370/12 440/385/12 441/386/12
f 439/370/12 441/386/12 433/380/12
f 442/368/11 443/380/11 444/386/11
f 444/386/11 445/385/11 446/370/11
f 442/368/11 444/386/11 446/370/11
f 446/370/11 447/384/11 448/383/11
f 446/370/11 448/383/11 449/382/11
f 446/370/11 449/382/11 450/381/11
f 446/370/11 450/381/11 442/368/11
f 443/368/309 444/369/309 441/370/309 433/371/309
f 444/368/310 445/369/310 440/370/310 441/371/310
f 445/368/13 446/369/13 439/370/13 440/371/13
f 446/368/303 447/369/303 438/370/303 439/371/303
f 447/368/243 448/369/243 437/370/243 438/371/243
f 448/368/311 449/369/311 436/370/311 437/371/311
f 449/368/243 450/369/243 435/370/243 436/371/243
f 450/368/312 442/369/312 434/370/312 435/371/312
f 442/368/304 443/369/304 433/370/304 434/371/304
f 451/387/13 452/388/13 453/389/13
f 451/387/13 453/389/13 454/390/13
f 451/387/13 454/390/13 455/391/13
f 451/387/13 455/391/13 456/392/13
f 451/387/13 456/392/13 457/393/13
f 451/387/13 457/393/13 458/394/13
f 451/387/13 458/394/13 459/395/13
f 459/395/13 460/396/13 451/387/13
f 461/388/243 462/387/243 463/396/243
f 461/388/243 463/396/243 464/395/243
f 461/388/243 464/395/243 465/394/243
f 461/388/243 465/394/243 466/393/243
f 461/388/243 466/393/243 467/392/243
f 461/388/243 467/392/243 468/391/243
f 461/388/243 468/391/243 469/390/243
f 469/390/243 470/389/243 461/388/243
f 461/368/313 470/397/313 453/398/313 452/371/313
f 470/397/314 469/399/314 454/400/314 453/398/314
f 469/399/12 468/401/12 455/402/12 454/400/12
f 468/401/315 467/403/315 456/404/315 455/402/315
f 467/403/316 466/405/316 457/406/316 456/404/316
f 466/405/317 465/407/317 458/408/317 457/406/317
f 465/407/318 464/409/318 459/410/318 458/408/318
f 464/409/11 463/411/11 460/412/11 459/410/11
f 463/411/319 462/413/319 451/414/319 460/412/319
f 462/413/320 461/369/320 452/370/320 451/414/320
f 471/415/13 472/388/13 473/416/13
f 471/415/13 473/416/13 474/417/13
f 471/415/13 474/417/13 475/405/13
f 471/415/13 475/405/13 476/418/13
f 471/415/13 476/418/13 477/419/13
f 471/415/13 477/419/13 478/393/13
f 471/415/13 478/393/13 479/420/13
f 471/415/13 479/420/13 480/421/13
f 471/415/13 480/421/13 481/406/13
f 481/406/13 482/422/13 471/415/13
f 483/388/243 484/415/243 485/422/243
f 483/388/243 485/422/243 486/406/243
f 483/388/243 486/406/243 487/421/243
f 483/388/243 487/421/243 488/420/243
f 483/388/243 488/420/243 489/393/243
f 483/388/243 489/393/243 490/419/243
f 483/388/243 490/419/243 491/418/243
f 483/388/243 491/418/243 492/405/243
f 483/388/243 492/405/243 493/417/243
f 493/417/243 494/416/243 483/388/243
f 483/368/321 494/423/321 473/424/321 472/371/321
f 494/423/308 493/425/308 474/426/308 473/424/308
f 493/425/322 492/427/322 475/428/322 474/426/322
f 492/427/323 491/429/323 476/430/323 475/428/323
f 491/429/305 490/431/305 477/432/305 476/430/305
f 490/431/324 489/405/324 478/406/324 477/432/324
f 489/405/325 488/433/325 479/434/325 478/406/325
f 488/433/306 487/435/306 480/436/306 479/434/306
f 487/435/326 486/437/326 481/438/326 480/436/326
f 486/437/327 485/439/327 482/440/327 481/438/327
f 485/439/307 484/441/307 471/442/307 482/440/307
f 484/441/328 483/369/328 472/370/328 471/442/328
f 495/422/13 496/388/13 497/417/13
f 495/422/13 497/417/13 498/418/13
f 495/422/13 498/418/13 499/393/13
f 499/393/13 500/421/13 495/422/13
f 501/388/243 502/422/243 503/421/243
f 501/388/243 503/421/243 504/393/243
f 501/388/243 504/393/243 505/418/243
f 505/418/243 506/417/243 501/388/243
f 501/368/329 506/425/329 497/426/329 496/371/329
f 506/425/12 505/429/12 498/430/12 497/426/12
f 505/429/330 504/405/330 499/406/330 498/430/330
f 504/405/331 503/435/331 500/436/331 499/406/331
f 503/435/11 502/439/11 495/440/11 500/436/11
f 502/439/332 501/369/332 496/370/332 495/440/332
f 507/422/13 508/388/13 509/417/13
f 507/422/13 509/417/13 510/418/13
f 507/422/13 510/418/13 511/393/13
f 511/393/13 512/421/13 507/422/13
f 513/388/243 514/422/243 515/421/243
f 513/388/243 515/421/243 516/393/243
f 513/388/243 516/393/243 517/418/243
f 517/418/243 518/417/243 513/388/243
f 513/368/329 518/425/329 509/426/329 508/371/329
f 518/425/12 517/429/12 510/430/12 509/426/12
f 517/429/330 516/405/330 511/406/330 510/430/330
f 516/405/331 515/435/331 512/436/331 511/406/331
f 515/435/11 514/439/11 507/440/11 512/436/11
f 514/439/332 513/369/332 508/370/332 507/440/332
f 519/443/333 520/371/334 521/426/335
f 521/426/335 522/444/336 519/443/333
f 522/444/336 521/426/335 523/430/337
f 523/430/337 524/445/338 522/444/336
f 524/445/338 523/430/337 525/406/339
f 525/406/339 526/446/340 524/445/338
f 526/446/340 525/406/339 527/436/341
f 527/436/341 528/447/342 526/446/340
f 528/447/342 527/436/341 529/440/343
f 529/440/343 530/448/344 528/447/342
f 530/448/344 529/440/343 520/370/334
f 520/370/334 519/449/333 530/448/344
f 531/450/345 519/443/333 522/444/336
f 522/444/336 532/451/346 531/450/345
f 532/451/346 522/444/336 524/445/338
f 524/445/338 533/452/347 532/451/346
f 533/452/347 524/445/338 526/446/340
f 526/446/340 534/453/348 533/452/347
f 534/453/348 526/446/340 528/447/342
f 528/447/342 535/454/349 534/453/348
f 535/454/349 528/447/342 530/448/344
f 530/448/344 536/455/350 535/454/349
f 536/455/350 530/448/344 519/449/333
f 519/449/333 531/456/345 536/455/350
f 537/457/351 531/450/345 532/451/346
f 532/451/346 538/458/352 537/457/351
f 538/458/352 532/451/346 533/452/347
f 533/452/347 539/459/353 538/458/352
f 539/459/353 533/452/347 534/453/348
f 534/453/348 540/460/354 539/459/353
f 540/460/354 534/453/348 535/454/349
f 535/454/349 541/461/355 540/460/354
f 541/461/355 535/454/349 536/455/350
f 536/455/350 542/462/356 541/461/355
f 542/462/356 536/455/350 531/456/345
f 531/456/345 537/463/351 542/462/356
f 543/464/357 537/457/351 538/458/352
f 538/458/352 544/465/358 543/464/357
f 544/465/358 538/458/352 539/459/353
f 539/459/353 545/466/359 544/465/358
f 545/466/359 539/459/353 540/460/354
f 540/460/354 546/467/360 545/466/359
f 546/467/360 540/460/354 541/461/355
f 541/461/355 547/468/361 546/467/360
f 547/468/361 541/461/355 542/462/356
f 542/462/356 548/469/362 547/468/361
f 548/469/362 542/462/356 537/463/351
f 537/463/351 543/470/357 548/469/362
f 549/471/363 543/464/357 544/465/358
f 544/465/358 550/472/364 549/471/363
f 550/472/364 544/465/358 545/466/359
f 545/466/359 551/473/365 550/472/364
f 551/473/365 545/466/359 546/467/360
f 546/467/360 552/474/366 551/473/365
f 552/474/366 546/467/360 547/468/361
f 547/468/361 553/475/367 552/474/366
f 553/475/367 547/468/361 548/469/362
f 548/469/362 554/476/368 553/475/367
f 554/476/368 548/469/362 543/470/357
f 543/470/357 549/477/363 554/476/368
f 555/478/369 549/471/363 550/472/364
f 550/472/364 556/479/370 555/478/369
f 556/479/370 550/472/364 551/473/365
f 551/473/365 557/480/371 556/479/370
f 557/480/371 551/473/365 552/474/366
f 552/474/366 558/481/372 557/480/371
f 558/481/372 552/474/366 553/475/367
f 553/475/367 559/482/373 558/481/372
f 559/482/373 553/475/367 554/476/368
f 554/476/368 560/483/374 559/482/373
f 560/483/374 554/476/368 549/477/363
f 549/477/363 555/484/369 560/483/374
f 561/485/375 555/478/369 556/479/370
f 556/479/370 562/486/376 561/485/375
f 562/486/376 556/479/370 557/480/371
f 557/480/371 563/487/377 562/486/376
f 563/487/377 557/480/371 558/481/372
f 558/481/372 564/488/378 563/487/377
f 564/488/378 558/481/372 559/482/373
f 559/482/373 565/489/379 564/488/378
f 565/489/379 559/482/373 560/483/374
f 560/483/374 566/490/380 565/489/379
f 566/490/380 560/483/374 555/484/369
f 555/484/369 561/491/375 566/490/380
f 567/492/381 561/485/375 562/486/376
f 562/486/376 568/493/382 567/492/381
f 568/493/382 562/486/376 563/487/377
f 563/487/377 569/494/383 568/493/382
f 569/494/383 563/487/377 564/488/378
f 564/488/378 570/495/384 569/494/383
f 570/495/384 564/488/378 565/489/379
f 565/489/379 571/496/385 570/495/384
f 571/496/385 565/489/379 566/490/380
f 566/490/380 572/497/386 571/496/385
f 572/497/386 566/490/380 561/491/375
f 561/491/375 567/498/381 572/497/386
f 573/393/387 567/492/381 568/493/382
f 568/493/382 574/499/388 573/393/387
f 574/499/388 568/493/382 569/494/383
f 569/494/383 575/500/389 574/499/388
f 575/500/389 569/494/383 570/495/384
f 570/495/384 576/501/390 575/500/389
f 576/501/390 570/495/384 571/496/385
f 571/496/385 577/502/391 576/501/390
f 577/502/391 571/496/385 572/497/386
f 572/497/386 578/503/392 577/502/391
f 578/503/392 572/497/386 567/498/381
f 567/498/381 573/388/387 578/503/392
f 579/504/393 573/393/387 574/499/388
f 574/499/388 580/505/394 579/504/393
f 580/505/394 574/499/388 575/500/389
f 575/500/389 581/506/395 580/505/394
f 581/506/395 575/500/389 576/501/390
f 576/501/390 582/507/396 581/506/395
f 582/507/396 576/501/390 577/502/391
f 577/502/391 583/508/397 582/507/396
f 583/508/397 577/502/391 578/503/392
f 578/503/392 584/509/398 583/508/397
f 584/509/398 578/503/392 573/388/387
f 573/388/387 579/510/393 584/509/398
f 585/511/399 579/504/393 580/505/394
f 580/505/394 586/512/400 585/511/399
f 586/512/400 580/505/394 581/506/395
f 581/506/395 587/513/401 586/512/400
f 587/513/401 581/506/395 582/507/396
f 582/507/396 588/514/402 587/513/401
f 588/514/402 582/507/396 583/508/397
f 583/508/397 589/515/403 588/514/402
f 589/515/403 583/508/397 584/509/398
f 584/509/398 590/516/404 589/515/403
f 590/516/404 584/509/398 579/510/393
f 579/510/393 585/517/399 590/516/404
f 591/518/405 585/511/399 586/512/400
f 586/512/400 592/519/406 591/518/405
f 592/519/406 586/512/400 587/513/401
f 587/513/401 593/520/407 592/519/406
f 593/520/407 587/513/401 588/514/402
f 588/514/402 594/521/408 593/520/407
f 594/521/408 588/514/402 589/515/403
f 589/515/403 595/522/409 594/521/408
f 595/522/409 589/515/403 590/516/404
f 590/516/404 596/523/410 595/522/409
f 596/523/410 590/516/404 585/517/399
f 585/517/399 591/524/405 596/523/410
f 597/525/411 591/518/405 592/519/406
f 592/519/406 598/526/412 597/525/411
f 598/526/412 592/519/406 593/520/407
f 593/520/407 599/527/413 598/526/412
f 599/527/413 593/520/407 594/521/408
f 594/521/408 600/528/414 599/527/413
f 600/528/414 594/521/408 595/522/409
f 595/522/409 601/529/415 600/528/414
f 601/529/415 595/522/409 596/523/410
f 596/523/410 602/530/416 601/529/415
f 602/530/416 596/523/410 591/524/405
f 591/524/405 597/531/411 602/530/416
f 603/532/417 597/525/411 598/526/412
f 598/526/412 604/533/418 603/532/417
f 604/533/418 598/526/412 599/527/413
f 599/527/413 605/534/419 604/533/418
f 605/534/419 599/527/413 600/528/414
f 600/528/414 606/535/420 605/534/419
f 606/535/420 600/528/414 601/529/415
f 601/529/415 607/536/421 606/535/420
f 607/536/421 601/529/415 602/530/416
f 602/530/416 608/537/422 607/536/421
f 608/537/422 602/530/416 597/531/411
f 597/531/411 603/538/417 608/537/422
f 609/539/423 603/532/417 604/533/418
f 604/533/418 610/540/424 609/539/423
f 610/540/424 604/533/418 605/534/419
f 605/534/419 611/541/425 610/540/424
f 611/541/425 605/534/419 606/535/420
f 606/535/420 612/542/426 611/541/425
f 612/542/426 606/535/420 607/536/421
f 607/536/421 613/543/427 612/542/426
f 613/543/427 607/536/421 608/537/422
f 608/537/422 614/544/428 613/543/427
f 614/544/428 608/537/422 603/538/417
f 603/538/417 609/545/423 614/544/428
f 615/546/429 609/539/423 610/540/424
f 610/540/424 616/547/430 615/546/429
f 616/547/430 610/540/424 611/541/425
f 611/541/425 617/548/431 616/547/430
f 617/548/431 611/541/425 612/542/426
f 612/542/426 618/549/432 617/548/431
f 618/549/432 612/542/426 613/543/427
f 613/543/427 619/550/433 618/549/432
f 619/550/433 613/543/427 614/544/428
f 614/544/428 620/551/434 619/550/433
f 620/551/434 614/544/428 609/545/423
f 609/545/423 615/552/429 620/551/434
f 621/553/435 615/546/429 616/547/430
f 616/547/430 622/554/436 621/553/435
f 622/554/436 616/547/430 617/548/431
f 617/548/431 623/555/437 622/554/436
f 623/555/437 617/548/431 618/549/432
f 618/549/432 624/556/438 623/555/437
f 624/556/438 618/549/432 619/550/433
f 619/550/433 625/557/439 624/556/438
f 625/557/439 619/550/433 620/551/434
f 620/551/434 626/558/440 625/557/439
f 626/558/440 620/551/434 615/552/429
f 615/552/429 621/559/435 626/558/440
f 627/368/441 621/553/435 622/554/436
f 622/554/436 628/425/442 627/368/441
f 628/425/442 622/554/436 623/555/437
f 623/555/437 629/429/443 628/425/442
f 629/429/443 623/555/437 624/556/438
f 624/556/438 630/405/444 629/429/443
f 630/405/444 624/556/438 625/557/439
f 625/557/439 631/435/445 630/405/444
f 631/435/445 625/557/439 626/558/440
f 626/558/440 632/439/446 631/435/445
f 632/439/446 626/558/440 621/559/435
f 621/559/435 627/369/441 632/439/446
f 520/388/447 529/560/447 527/421/447
f 520/388/447 527/421/447 525/393/447
f 520/388/447 525/393/447 523/418/447
f 523/418/447 521/561/447 520/388/447
f 632/560/448 627/388/448 628/561/448
f 632/560/448 628/561/448 629/418/448
f 632/560/448 629/418/448 630/393/448
f 630/393/448 631/421/448 632/560/448
g rail_left
usemtl mat
f 633/562/304 634/563/304 635/564/304 636/565/304
f 634/563/449 637/566/449 638/567/449 635/564/449
f 637/566/450 639/568/450 640/569/450 638/567/450
f 639/568/451 641/570/451 642/571/451 640/569/451
f 641/570/452 643/572/452 644/573/452 642/571/452
f 643/572/304 645/574/304 646/575/304 644/573/304
f 645/574/453 647/576/453 648/577/453 646/575/453
f 647/576/454 649/578/454 650/579/454 648/577/454
f 649/578/455 651/580/455 652/581/455 650/579/455
f 651/580/456 653/582/456 654/583/456 652/581/456
f 653/582/304 655/584/304 656/585/304 654/583/304
f 655/584/457 657/586/457 658/587/457 656/585/457
f 657/588/458 659/589/458 660/590/458 658/591/458
f 659/589/243 661/592/243 662/593/243 660/590/243
f 661/592/459 663/594/459 664/595/459 662/593/459
f 663/586/460 665/584/460 666/585/460 664/587/460
f 665/584/303 667/582/303 668/583/303 666/585/303
f 667/582/461 669/580/461 670/581/461 668/583/461
f 669/580/462 671/578/462 672/579/462 670/581/462
f 671/578/463 673/576/463 674/577/463 672/579/463
f 673/576/464 675/574/464 676/575/464 674/577/464
f 675/574/303 677/572/303 678/573/303 676/575/303
f 677/572/465 679/570/465 680/571/465 678/573/465
f 679/570/466 681/568/466 682/569/466 680/571/466
f 681/568/467 683/566/467 684/567/467 682/569/467
f 683/566/468 685/563/468 686/564/468 684/567/468
f 685/563/303 687/562/303 688/565/303 686/564/303
f 687/562/13 633/596/13 636/597/13 688/565/13
g rail_left_end
usemtl mat
f 633/598/11 687/599/11 685/600/11
f 633/598/11 685/600/11 683/601/11
f 633/598/11 683/601/11 681/602/11
f 633/598/11 681/602/11 679/603/11
f 673/604/11 671/605/11 669/606/11
f 673/604/11 669/606/11 667/607/11
f 673/604/11 667/607/11 665/608/11
f 673/604/11 665/608/11 663/609/11
f 673/604/11 663/609/11 661/610/11
f 675/611/11 673/604/11 661/610/11
f 675/611/11 661/610/11 659/612/11
f 675/611/11 659/612/11 657/613/11
f 675/611/11 657/613/11 655/614/11
f 675/611/11 655/614/11 653/615/11
f 675/611/11 653/615/11 651/616/11
f 651/616/11 649/617/11 647/618/11
f 675/611/11 651/616/11 647/618/11
f 675/611/11 647/618/11 645/619/11
f 677/620/11 675/611/11 645/619/11
f 679/603/11 677/620/11 645/619/11
f 679/603/11 645/619/11 643/621/11
f 679/603/11 643/621/11 641/622/11
f 679/603/11 641/622/11 639/623/11
f 633/598/11 679/603/11 639/623/11
f 633/598/11 639/623/11 637/624/11
f 637/624/11 634/625/11 633/598/11
f 688/599/12 636/598/12 635/625/12
f 688/599/12 635/625/12 638/624/12
f 688/599/12 638/624/12 640/623/12
f 688/599/12 640/623/12 642/622/12
f 648/618/12 650/617/12 652/616/12
f 648/618/12 652/616/12 654/615/12
f 648/618/12 654/615/12 656/614/12
f 648/618/12 656/614/12 658/613/12
f 648/618/12 658/613/12 660/612/12
f 646/619/12 648/618/12 660/612/12
f 646/619/12 660/612/12 662/610/12
f 646/619/12 662/610/12 664/609/12
f 646/619/12 664/609/12 666/608/12
f 646/619/12 666/608/12 668/607/12
f 646/619/12 668/607/12 670/606/12
f 670/606/12 672/605/12 674/604/12
f 646/619/12 670/606/12 674/604/12
f 646/619/12 674/604/12 676/611/12
f 644/621/12 646/619/12 676/611/12
f 642/622/12 644/621/12 676/611/12
f 642/622/12 676/611/12 678/620/12
f 642/622/12 678/620/12 680/603/12
f 642/622/12 680/603/12 682/602/12
f 688/599/12 642/622/12 682/602/12
f 688/599/12 682/602/12 684/601/12
f 684/601/12 686/600/12 688/599/12
g fastener_right
usemtl mat
f 689/626/13 690/627/13 691/628/13
f 691/628/13 690/627/13 692/629/13 693/630/13
f 693/630/13 692/629/13 694/631/13 695/632/13
f 695/632/13 694/631/13 696/633/13 697/634/13
f 697/634/13 696/633/13 698/635/13
f 699/339/11 700/340/11 690/341/11 689/342/11
f 700/335/307 701/340/307 692/341/307 690/338/307
f 701/335/304 702/340/304 694/341/304 692/338/304
f 702/335/308 703/340/308 696/341/308 694/338/308
f 703/335/12 704/336/12 698/337/12 696/338/12
f 705/636/243 706/637/243 707/638/243
f 707/638/243 706/637/243 708/639/243 709/640/243
f 709/640/243 708/639/243 710/641/243 711/642/243
f 710/641/243 712/643/243 713/644/243 711/642/243
f 713/356/11 712/357/11 714/358/11 715/359/11
f 712/352/307 710/357/307 716/358/307 714/355/307
f 710/352/304 708/357/304 717/358/304 716/355/304
f 708/352/308 706/357/308 718/358/308 717/355/308
f 706/352/12 705/353/12 719/354/12 718/355/12
f 720/360/13 721/361/13 722/362/13
f 720/360/13 722/362/13 723/363/13
f 720/360/13 723/363/13 724/364/13
f 720/360/13 724/364/13 725/365/13
f 720/360/13 725/365/13 726/366/13
f 726/366/13 727/367/13 720/360/13
f 728/361/243 729/360/243 730/367/243
f 728/361/243 730/367/243 731/366/243
f 728/361/243 731/366/243 732/365/243
f 728/361/243 732/365/243 733/364/243
f 728/361/243 733/364/243 734/363/243
f 734/363/243 735/362/243 728/361/243
f 728/368/11 735/369/11 722/370/11 721/371/11
f 735/368/307 734/369/307 723/370/307 722/371/307
f 734/368/304 733/369/304 724/370/304 723/371/304
f 733/368/308 732/369/308 725/370/308 724/371/308
f 732/368/12 731/369/12 726/370/12 725/371/12
f 731/368/305 730/369/305 727/370/305 726/371/305
f 730/368/303 729/369/303 720/370/303 727/371/303
f 729/368/306 728/369/306 721/370/306 720/371/306
f 736/372/13 737/373/13 738/374/13
f 736/372/13 738/374/13 739/375/13
f 736/372/13 739/375/13 740/376/13
f 736/372/13 740/376/13 741/377/13
f 736/372/13 741/377/13 742/378/13
f 742/378/13 743/379/13 736/372/13
f 744/373/243 745/372/243 746/379/243
f 744/373/243 746/379/243 747/378/243
f 744/373/243 747/378/243 748/377/243
f 744/373/243 748/377/243 749/376/243
f 744/373/243 749/376/243 750/375/243
f 750/375/243 751/374/243 744/373/243
f 744/335/11 751/340/11 738/341/11 737/338/11
f 751/335/307 750/340/307 739/341/307 738/338/307
f 750/335/304 749/340/304 740/341/304 739/338/304
f 749/335/308 748/340/308 741/341/308 740/338/308
f 748/335/12 747/340/12 742/341/12 741/338/12
f 747/335/305 746/340/305 743/341/305 742/338/305
f 746/335/303 745/340/303 736/341/303 743/338/303
f 745/335/306 744/340/306 737/341/306 736/338/306
f 752/368/12 753/380/12 754/386/12
f 754/386/12 755/385/12 756/370/12
f 752/368/12 754/386/12 756/370/12
f 756/370/12 757/384/12 758/383/12
f 756/370/12 758/383/12 759/382/12
f 756/370/12 759/382/12 760/381/12
f 756/370/12 760/381/12 752/368/12
f 761/380/11 762/368/11 763/381/11
f 761/380/11 763/381/11 764/382/11
f 761/380/11 764/382/11 765/383/11
f 765/383/11 766/384/11 767/370/11
f 761/380/11 765/383/11 767/370/11
f 767/370/11 768/385/11 769/386/11
f 767/370/11 769/386/11 761/380/11
f 753/371/469 754/370/469 769/369/469 761/368/469
f 754/371/470 755/370/470 768/369/470 769/368/470
f 755/371/13 756/370/13 767/369/13 768/368/13
f 756/371/304 757/370/304 766/369/304 767/368/304
f 757/371/243 758/370/243 765/369/243 766/368/243
f 758/371/471 759/370/471 764/369/471 765/368/471
f 759/371/243 760/370/243 763/369/243 764/368/243
f 760/371/472 752/370/472 762/369/472 763/368/472
f 752/371/303 753/370/303 761/369/303 762/368/303
f 770/387/13 771/388/13 772/389/13
f 770/387/13 772/389/13 773/390/13
f 770/387/13 773/390/13 774/391/13
f 770/387/13 774/391/13 775/392/13
f 770/387/13 775/392/13 776/393/13
f 770/387/13 776/393/13 777/394/13
f 770/387/13 777/394/13 778/395/13
f 778/395/13 779/396/13 770/387/13
f 780/388/243 781/387/243 782/396/243
f 780/388/243 782/396/243 783/395/243
f 780/388/243 783/395/243 784/394/243
f 780/388/243 784/394/243 785/393/243
f 780/388/243 785/393/243 786/392/243
f 780/388/243 786/392/243 787/391/243
f 780/388/243 787/391/243 788/390/243
f 788/390/243 789/389/243 780/388/243
f 780/368/313 789/397/313 772/398/313 771/371/313
f 789/397/314 788/399/314 773/400/314 772/398/314
f 788/399/12 787/401/12 774/402/12 773/400/12
f 787/401/315 786/403/315 775/404/315 774/402/315
f 786/403/316 785/405/316 776/406/316 775/404/316
f 785/405/317 784/407/317 777/408/317 776/406/317
f 784/407/318 783/409/318 778/410/318 777/408/318
f 783/409/11 782/411/11 779/412/11 778/410/11
f 782/411/319 781/413/319 770/414/319 779/412/319
f 781/413/320 780/369/320 771/370/320 770/414/320
f 790/415/13 791/388/13 792/416/13
f 790/415/13 792/416/13 793/417/13
f 790/415/13 793/417/13 794/405/13
f 790/415/13 794/405/13 795/418/13
f 790/415/13 795/418/13 796/419/13
f 790/415/13 796/419/13 797/393/13
f 790/415/13 797/393/13 798/420/13
f 790/415/13 798/420/13 799/421/13
f 790/415/13 799/421/13 800/406/13
f 800/406/13 801/422/13 790/415/13
f 802/388/243 803/415/243 804/422/243
f 802/388/243 804/422/243 805/406/243
f 802/388/243 805/406/243 806/421/243
f 802/388/243 806/421/243 807/420/243
f 802/388/243 807/420/243 808/393/243
f 802/388/243 808/393/243 809/419/243
f 802/388/243 809/419/243 810/418/243
f 802/388/243 810/418/243 811/405/243
f 802/388/243 811/405/243 812/417/243
f 812/417/243 813/416/243 802/388/243
f 802/368/321 813/423/321 792/424/321 791/371/321
f 813/423/308 812/425/308 793/426/308 792/424/308
f 812/425/322 811/427/322 794/428/322 793/426/322
f 811/427/323 810/429/323 795/430/323 794/428/323
f 810/429/305 809/431/305 796/432/305 795/430/305
f 809/431/324 808/405/324 797/406/324 796/432/324
f 808/405/325 807/433/325 798/434/325 797/406/325
f 807/433/306 806/435/306 799/436/306 798/434/306
f 806/435/326 805/437/326 800/438/326 799/436/326
f 805/437/327 804/439/327 801/440/327 800/438/327
f 804/439/307 803/441/307 790/442/307 801/440/307
f 803/441/328 802/369/328 791/370/328 790/442/328
f 814/422/13 815/388/13 816/417/13
f 814/422/13 816/417/13 817/418/13
f 814/422/13 817/418/13 818/393/13
f 818/393/13 819/421/13 814/422/13
f 820/388/243 821/422/243 822/421/243
f 820/388/243 822/421/243 823/393/243
f 820/388/243 823/393/243 824/418/243
f 824/418/243 825/417/243 820/388/243
f 820/368/329 825/425/329 816/426/329 815/371/329
f 825/425/12 824/429/12 817/430/12 816/426/12
f 824/429/330 823/405/330 818/406/330 817/430/330
f 823/405/331 822/435/331 819/436/331 818/406/331
f 822/435/11 821/439/11 814/440/11 819/436/11
f 821/439/332 820/369/332 815/370/332 814/440/332
f 826/422/13 827/388/13 828/417/13
f 826/422/13 828/417/13 829/418/13
f 826/422/13 829/418/13 830/393/13
f 830/393/13 831/421/13 826/422/13
f 832/388/243 833/422/243 834/421/243
f 832/388/243 834/421/243 835/393/243
f 832/388/243 835/393/243 836/418/243
f 836/418/243 837/417/243 832/388/243
f 832/368/329 837/425/329 828/426/329 827/371/329
f 837/425/12 836/429/12 829/430/12 828/426/12
f 836/429/330 835/405/330 830/406/330 829/430/330
f 835/405/331 834/435/331 831/436/331 830/406/331
f 834/435/11 833/439/11 826/440/11 831/436/11
f 833/439/332 832/369/332 827/370/332 826/440/332
f 838/443/473 839/371/474 840/426/475
f 840/426/475 841/444/476 838/443/473
f 841/444/476 840/426/475 842/430/477
f 842/430/477 843/445/478 841/444/476
f 843/445/478 842/430/477 844/406/479
f 844/406/479 845/446/480 843/445/478
f 845/446/480 844/406/479 846/436/481
f 846/436/481 847/447/482 845/446/480
f 847/447/482 846/436/481 848/440/483
f 848/440/483 849/448/484 847/447/482
f 849/448/484 848/440/483 839/370/474
f 839/370/474 838/449/473 849/448/484
f 850/450/485 838/443/473 841/444/476
f 841/444/476 851/451/486 850/450/485
f 851/451/486 841/444/476 843/445/478
f 843/445/478 852/452/487 851/451/486
f 852/452/487 843/445/478 845/446/480
f 845/446/480 853/453/488 852/452/487
f 853/453/488 845/446/480 847/447/482
f 847/447/482 854/454/489 853/453/488
f 854/454/489 847/447/482 849/448/484
f 849/448/484 855/455/490 854/454/489
f 855/455/490 849/448/484 838/449/473
f 838/449/473 850/456/485 855/455/490
f 856/457/491 850/450/485 851/451/486
f 851/451/486 857/458/492 856/457/491
f 857/458/492 851/451/486 852/452/487
f 852/452/487 858/459/493 857/458/492
f 858/459/493 852/452/487 853/453/488
f 853/453/488 859/460/494 858/459/493
f 859/460/494 853/453/488 854/454/489
f 854/454/489 860/461/495 859/460/494
f 860/461/495 854/454/489 855/455/490
f 855/455/490 861/462/496 860/461/495
f 861/462/496 855/455/490 850/456/485
f 850/456/485 856/463/491 861/462/496
f 862/464/497 856/457/491 857/458/492
f 857/458/492 863/465/498 862/464/497
f 863/465/498 857/458/492 858/459/493
f 858/459/493 864/466/499 863/465/498
f 864/466/499 858/459/493 859/460/494
f 859/460/494 865/467/500 864/466/499
f 865/467/500 859/460/494 860/461/495
f 860/461/495 866/468/501 865/467/500
f 866/468/501 860/461/495 861/462/496
f 861/462/496 867/469/502 866/468/501
f 867/469/502 861/462/496 856/463/491
f 856/463/491 862/470/497 867/469/502
f 868/471/503 862/464/497 863/465/498
f 863/465/498 869/472/504 868/471/503
f 869/472/504 863/465/498 864/466/499
f 864/466/499 870/473/505 869/472/504
f 870/473/505 864/466/499 865/467/500
f 865/467/500 871/474/506 870/473/505
f 871/474/506 865/467/500 866/468/501
f 866/468/501 872/475/507 871/474/506
f 872/475/507 866/468/501 867/469/502
f 867/469/502 873/476/508 872/475/507
f 873/476/508 867/469/502 862/470/497
f 862/470/497 868/477/503 873/476/508
f 874/478/509 868/471/503 869/472/504
f 869/472/504 875/479/510 874/478/509
f 875/479/510 869/472/504 870/473/505
f 870/473/505 876/480/511 875/479/510
f 876/480/511 870/473/505 871/474/506
f 871/474/506 877/481/512 876/480/511
f 877/481/512 871/474/506 872/475/507
f 872/475/507 878/482/513 877/481/512
f 878/482/513 872/475/507 873/476/508
f 873/476/508 879/483/514 878/482/513
f 879/483/514 873/476/508 868/477/503
f 868/477/503 874/484/509 879/483/514
f 880/485/515 874/478/509 875/479/510
f 875/479/510 881/486/516 880/485/515
f 881/486/516 875/479/510 876/480/511
f 876/480/511 882/487/517 881/486/516
f 882/487/517 876/480/511 877/481/512
f 877/481/512 883/488/518 882/487/517
f 883/488/518 877/481/512 878/482/513
f 878/482/513 884/489/519 883/488/518
f 884/489/519 878/482/513 879/483/514
f 879/483/514 885/490/520 884/489/519
f 885/490/520 879/483/514 874/484/509
f 874/484/509 880/491/515 885/490/520
f 886/492/521 880/485/515 881/486/516
f 881/486/516 887/493/522 886/492/521
f 887/493/522 881/486/516 882/487/517
f 882/487/517 888/494/523 887/493/522
f 888/494/523 882/487/517 883/488/518
f 883/488/518 889/495/524 888/494/523
f 889/495/524 883/488/518 884/489/519
f 884/489/519 890/496/525 889/495/524
f 890/496/525 884/489/519 885/490/520
f 885/490/520 891/497/526 890/496/525
f 891/497/526 885/490/520 880/491/515
f 880/491/515 886/498/521 891/497/526
f 892/393/527 886/492/521 887/493/522
f 887/493/522 893/499/528 892/393/527
f 893/499/528 887/493/522 888/494/523
f 888/494/523 894/500/529 893/499/528
f 894/500/529 888/494/523 889/495/524
f 889/495/524 895/501/530 894/500/529
f 895/501/530 889/495/524 890/496/525
f 890/496/525 896/502/531 895/501/530
f 896/502/531 890/496/525 891/497/526
f 891/497/526 897/503/532 896/502/531
f 897/503/532 891/497/526 886/498/521
f 886/498/521 892/388/527 897/503/532
f 898/504/533 892/393/527 893/499/528
f 893/499/528 899/505/534 898/504/533
f 899/505/534 893/499/528 894/500/529
f 894/500/529 900/506/535 899/505/534
f 900/506/535 894/500/529 895/501/530
f 895/501/530 901/507/536 900/506/535
f 901/507/536 895/501/530 896/502/531
f 896/502/531 902/508/537 901/507/536
f 902/508/537 896/502/531 897/503/532
f 897/503/532 903/509/538 902/508/537
f 903/509/538 897/503/532 892/388/527
f 892/388/527 898/510/533 903/509/538
f 904/511/539 898/504/533 899/505/534
f 899/505/534 905/512/540 904/511/539
f 905/512/540 899/505/534 900/506/535
f 900/506/535 906/513/541 905/512/540
f 906/513/541 900/506/535 901/507/536
f 901/507/536 907/514/542 906/513/541
f 907/514/542 901/507/536 902/508/537
f 902/508/537 908/515/543 907/514/542
f 908/515/543 902/508/537 903/509/538
f 903/509/538 909/516/544 908/515/543
f 909/516/544 903/509/538 898/510/533
f 898/510/533 904/517/539 909/516/544
f 910/518/545 904/511/539 905/512/540
f 905/512/540 911/519/546 910/518/545
f 911/519/546 905/512/540 906/513/541
f 906/513/541 912/520/547 911/519/546
f 912/520/547 906/513/541 907/514/542
f 907/514/542 913/521/548 912/520/547
f 913/521/548 907/514/542 908/515/543
f 908/515/543 914/522/549 913/521/548
f 914/522/549 908/515/543 909/516/544
f 909/516/544 915/523/550 914/522/549
f 915/523/550 909/516/544 904/517/539
f 904/517/539 910/524/545 915/523/550
f 916/525/551 910/518/545 911/519/546
f 911/519/546 917/526/552 916/525/551
f 917/526/552 911/519/546 912/520/547
f 912/520/547 918/527/553 917/526/552
f 918/527/553 912/520/547 913/521/548
f 913/521/548 919/528/554 918/527/553
f 919/528/554 913/521/548 914/522/549
f 914/522/549 920/529/555 919/528/554
f 920/529/555 914/522/549 915/523/550
f 915/523/550 921/530/556 920/529/555
f 921/530/556 915/523/550 910/524/545
f 910/524/545 916/531/551 921/530/556
f 922/532/557 916/525/551 917/526/552
f 917/526/552 923/533/558 922/532/557
f 923/533/558 917/526/552 918/527/553
f 918/527/553 924/534/559 923/533/558
f 924/534/559 918/527/553 919/528/554
f 919/528/554 925/535/560 924/534/559
f 925/535/560 919/528/554 920/529/555
f 920/529/555 926/536/561 925/535/560
f 926/536/561 920/529/555 921/530/556
f 921/530/556 927/537/562 926/536/561
f 927/537/562 921/530/556 916/531/551
f 916/531/551 922/538/557 927/537/562
f 928/539/563 922/532/557 923/533/558
f 923/533/558 929/540/564 928/539/563
f 929/540/564 923/533/558 924/534/559
f 924/534/559 930/541/565 929/540/564
f 930/541/565 924/534/559 925/535/560
f 925/535/560 931/542/566 930/541/565
f 931/542/566 925/535/560 926/536/561
f 926/536/561 932/543/567 931/542/566
f 932/543/567 926/536/561 927/537/562
f 927/537/562 933/544/568 932/543/567
f 933/544/568 927/537/562 922/538/557
f 922/538/557 928/545/563 933/544/568
f 934/546/569 928/539/563 929/540/564
f 929/540/564 935/547/570 934/546/569
f 935/547/570 929/540/564 930/541/565
f 930/541/565 936/548/571 935/547/570
f 936/548/571 930/541/565 931/542/566
f 931/542/566 937/549/572 936/548/571
f 937/549/572 931/542/566 932/543/567
f 932/543/567 938/550/573 937/549/572
f 938/550/573 932/543/567 933/544/568
f 933/544/568 939/551/574 938/550/573
f 939/551/574 933/544/568 928/545/563
f 928/545/563 934/552/569 939/551/574
f 940/553/575 934/546/569 935/547/570
f 935/547/570 941/554/576 940/553/575
f 941/554/576 935/547/570 936/548/571
f 936/548/571 942/555/577 941/554/576
f 942/555/577 936/548/571 937/549/572
f 937/549/572 943/556/578 942/555/577
f 943/556/578 937/549/572 938/550/573
f 938/550/573 944/557/579 943/556/578
f 944/557/579 938/550/573 939/551/574
f 939/551/574 945/558/580 944/557/579
f 945/558/580 939/551/574 934/552/569
f 934/552/569 940/559/575 945/558/580
f 946/368/581 940/553/575 941/554/576
f 941/554/576 947/425/582 946/368/581
f 947/425/582 941/554/576 942/555/577
f 942/555/577 948/429/583 947/425/582
f 948/429/583 942/555/577 943/556/578
f 943/556/578 949/405/584 948/429/583
f 949/405/584 943/556/578 944/557/579
f 944/557/579 950/435/585 949/405/584
f 950/435/585 944/557/579 945/558/580
f 945/558/580 951/439/586 950/435/585
f 951/439/586 945/558/580 940/559/575
f 940/559/575 946/369/581 951/439/586
f 839/388/587 848/560/587 846/421/587
f 839/388/587 846/421/587 844/393/587
f 839/388/587 844/393/587 842/418/587
f 842/418/587 840/561/587 839/388/587
f 951/560/588 946/388/588 947/561/588
f 951/560/588 947/561/588 948/418/588
f 951/560/588 948/418/588 949/393/588
f 949/393/588 950/421/588 951/560/588
g rail_right
usemtl mat
f 952/562/304 953/563/304 954/564/304 955/565/304
f 953/563/449 956/566/449 957/567/449 954/564/449
f 956/566/450 958/568/450 959/569/450 957/567/450
f 958/568/451 960/570/451 961/571/451 959/569/451
f 960/570/452 962/572/452 963/573/452 961/571/452
f 962/572/304 964/574/304 965/575/304 963/573/304
f 964/574/453 966/576/453 967/577/453 965/575/453
f 966/576/454 968/578/454 969/579/454 967/577/454
f 968/578/455 970/580/455 971/581/455 969/579/455
f 970/580/456 972/582/456 973/583/456 971/581/456
f 972/582/304 974/584/304 975/585/304 973/583/304
f 974/584/457 976/586/457 977/587/457 975/585/457
f 976/588/458 978/589/458 979/590/458 977/591/458
f 978/589/243 980/592/243 981/593/243 979/590/243
f 980/592/459 982/594/459 983/595/459 981/593/459
f 982/586/460 984/584/460 985/585/460 983/587/460
f 984/584/303 986/582/303 987/583/303 985/585/303
f 986/582/461 988/580/461 989/581/461 987/583/461
f 988/580/462 990/578/462 991/579/462 989/581/462
f 990/578/463 992/576/463 993/577/463 991/579/463
f 992/576/464 994/574/464 995/575/464 993/577/464
f 994/574/303 996/572/303 997/573/303 995/575/303
f 996/572/465 998/570/465 999/571/465 997/573/465
f 998/570/466 1000/568/466 1001/569/466 999/571/466
f 1000/568/467 1002/566/467 1003/567/467 1001/569/467
f 1002/566/468 1004/563/468 1005/564/468 1003/567/468
f 1004/563/303 1006/562/303 1007/565/303 1005/564/303
f 1006/562/13 952/596/13 955/597/13 1007/565/13
g rail_right_end
usemtl mat
f 952/598/11 1006/599/11 1004/600/11
f 952/598/11 1004/600/11 1002/601/11
f 952/598/11 1002/601/11 1000/602/11
f 952/598/11 1000/602/11 998/603/11
f 992/604/11 990/605/11 988/606/11
f 992/604/11 988/606/11 986/607/11
f 992/604/11 986/607/11 984/608/11
f 992/604/11 984/608/11 982/609/11
f 992/604/11 982/609/11 980/610/11
f 994/611/11 992/604/11 980/610/11
f 994/611/11 980/610/11 978/612/11
f 994/611/11 978/612/11 976/613/11
f 994/611/11 976/613/11 974/614/11
f 994/611/11 974/614/11 972/615/11
f 994/611/11 972/615/11 970/616/11
f 970/616/11 968/617/11 966/618/11
f 994/611/11 970/616/11 966/618/11
f 994/611/11 966/618/11 964/619/11
f 996/620/11 994/611/11 964/619/11
f 998/603/11 996/620/11 964/619/11
f 998/603/11 964/619/11 962/621/11
f 998/603/11 962/621/11 960/622/11
f 998/603/11 960/622/11 958/623/11
f 952/598/11 998/603/11 958/623/11
f 952/598/11 958/623/11 956/624/11
f 956/624/11 953/625/11 952/598/11
f 1007/599/12 955/598/12 954/625/12
f 1007/599/12 954/625/12 957/624/12
f 1007/599/12 957/624/12 959/623/12
f 1007/599/12 959/623/12 961/622/12
f 967/618/12 969/617/12 971/616/12
f 967/618/12 971/616/12 973/615/12
f 967/618/12 973/615/12 975/614/12
f 967/618/12 975/614/12 977/613/12
f 967/618/12 977/613/12 979/612/12
f 965/619/12 967/618/12 979/612/12
f 965/619/12 979/612/12 981/610/12
f 965/619/12 981/610/12 983/609/12
f 965/619/12 983/609/12 985/608/12
f 965/619/12 985/608/12 987/607/12
f 965/619/12 987/607/12 989/606/12
f 989/606/12 991/605/12 993/604/12
f 965/619/12 989/606/12 993/604/12
f 965/619/12 993/604/12 995/611/12
f 963/621/12 965/619/12 995/611/12
f 961/622/12 963/621/12 995/611/12
f 961/622/12 995/611/12 997/620/12
f 961/622/12 997/620/12 999/603/12
f 961/622/12 999/603/12 1001/602/12
f 1007/599/12 961/622/12 1001/602/12
f 1007/599/12 1001/602/12 1003/601/12
f 1003/601/12 1005/600/12 1007/599/12
g outer_fastener_left
usemtl mat
f 1008/371/13 1009/370/13 1010/369/13 1011/368/13
f 1012/368/243 1013/369/243 1014/370/243 1015/371/243
f 1015/368/11 1014/369/11 1009/370/11 1008/371/11
f 1014/368/304 1013/369/304 1010/370/304 1009/371/304
f 1013/368/12 1012/369/12 1011/370/12 1010/371/12
f 1012/368/303 1015/369/303 1008/370/303 1011/371/303
f 1016/371/13 1017/370/13 1018/369/13 1019/368/13
f 1020/368/243 1021/369/243 1022/370/243 1023/371/243
f 1023/368/11 1022/369/11 1017/370/11 1016/371/11
f 1022/368/304 1021/369/304 1018/370/304 1017/371/304
f 1021/368/12 1020/369/12 1019/370/12 1018/371/12
f 1020/368/303 1023/369/303 1016/370/303 1019/371/303
f 1024/645/11 1025/646/11 1026/370/11 1027/647/11
f 1028/647/12 1029/370/12 1030/646/12 1031/645/12
f 1027/371/13 1026/370/13 1029/369/13 1028/368/13
f 1026/371/304 1025/370/304 1030/369/304 1029/368/304
f 1025/371/589 1024/370/589 1031/369/589 1030/368/589
f 1024/371/303 1027/370/303 1028/369/303 1031/368/303
f 1032/645/11 1033/646/11 1034/370/11 1035/647/11
f 1036/647/12 1037/370/12 1038/646/12 1039/645/12
f 1035/371/13 1034/370/13 1037/369/13 1036/368/13
f 1034/371/304 1033/370/304 1038/369/304 1037/368/304
f 1033/371/589 1032/370/589 1039/369/589 1038/368/589
f 1032/371/303 1035/370/303 1036/369/303 1039/368/303
f 1040/645/11 1041/646/11 1042/370/11 1043/647/11
f 1044/647/12 1045/370/12 1046/646/12 1047/645/12
f 1043/371/13 1042/370/13 1045/369/13 1044/368/13
f 1042/371/304 1041/370/304 1046/369/304 1045/368/304
f 1041/371/589 1040/370/589 1047/369/589 1046/368/589
f 1040/371/303 1043/370/303 1044/369/303 1047/368/303
f 1048/387/13 1049/388/13 1050/389/13
f 1048/387/13 1050/389/13 1051/390/13
f 1048/387/13 1051/390/13 1052/391/13
f 1048/387/13 1052/391/13 1053/392/13
f 1048/387/13 1053/392/13 1054/393/13
f 1048/387/13 1054/393/13 1055/394/13
f 1048/387/13 1055/394/13 1056/395/13
f 1056/395/13 1057/396/13 1048/387/13
f 1058/388/243 1059/387/243 1060/396/243
f 1058/388/243 1060/396/243 1061/395/243
f 1058/388/243 1061/395/243 1062/394/243
f 1058/388/243 1062/394/243 1063/393/243
f 1058/388/243 1063/393/243 1064/392/243
f 1058/388/243 1064/392/243 1065/391/243
f 1058/388/243 1065/391/243 1066/390/243
f 1066/390/243 1067/389/243 1058/388/243
f 1058/368/313 1067/397/313 1050/398/313 1049/371/313
f 1067/397/314 1066/399/314 1051/400/314 1050/398/314
f 1066/399/12 1065/401/12 1052/402/12 1051/400/12
f 1065/401/315 1064/403/315 1053/404/315 1052/402/315
f 1064/403/316 1063/405/316 1054/406/316 1053/404/316
f 1063/405/317 1062/407/317 1055/408/317 1054/406/317
f 1062/407/318 1061/409/318 1056/410/318 1055/408/318
f 1061/409/11 1060/411/11 1057/412/11 1056/410/11
f 1060/411/319 1059/413/319 1048/414/319 1057/412/319
f 1059/413/320 1058/369/320 1049/370/320 1048/414/320
f 1068/422/13 1069/388/13 1070/417/13
f 1068/422/13 1070/417/13 1071/418/13
f 1068/422/13 1071/418/13 1072/393/13
f 1072/393/13 1073/421/13 1068/422/13
f 1074/388/243 1075/422/243 1076/421/243
f 1074/388/243 1076/421/243 1077/393/243
f 1074/388/243 1077/393/243 1078/418/243
f 1078/418/243 1079/417/243 1074/388/243
f 1074/368/329 1079/425/329 1070/426/329 1069/371/329
f 1079/425/12 1078/429/12 1071/430/12 1070/426/12
f 1078/429/330 1077/405/330 1072/406/330 1071/430/330
f 1077/405/331 1076/435/331 1073/436/331 1072/406/331
f 1076/435/11 1075/439/11 1068/440/11 1073/436/11
f 1075/439/332 1074/369/332 1069/370/332 1068/440/332
f 1080/648/13 1081/388/13 1082/649/13
f 1080/648/13 1082/649/13 1083/405/13
f 1080/648/13 1083/405/13 1084/650/13
f 1080/648/13 1084/650/13 1085/393/13
f 1080/648/13 1085/393/13 1086/651/13
f 1086/651/13 1087/406/13 1080/648/13
f 1088/388/243 1089/648/243 1090/406/243
f 1088/388/243 1090/406/243 1091/651/243
f 1088/388/243 1091/651/243 1092/393/243
f 1088/388/243 1092/393/243 1093/650/243
f 1088/388/243 1093/650/243 1094/405/243
f 1094/405/243 1095/649/243 1088/388/243
f 1088/368/590 1095/652/590 1082/653/590 1081/371/590
f 1095/652/591 1094/427/591 1083/428/591 1082/653/591
f 1094/427/592 1093/654/592 1084/655/592 1083/428/592
f 1093/654/593 1092/405/593 1085/406/593 1084/655/593
f 1092/405/594 1091/656/594 1086/657/594 1085/406/594
f 1091/656/595 1090/437/595 1087/438/595 1086/657/595
f 1090/437/596 1089/658/596 1080/659/596 1087/438/596
f 1089/658/597 1088/369/597 1081/370/597 1080/659/597
g outer_guard_left
usemtl mat
f 1096/562/304 1097/563/304 1098/564/304 1099/565/304
f 1097/563/449 1100/566/449 1101/567/449 1098/564/449
f 1100/566/450 1102/568/450 1103/569/450 1101/567/450
f 1102/568/451 1104/570/451 1105/571/451 1103/569/451
f 1104/570/452 1106/572/452 1107/573/452 1105/571/452
f 1106/572/304 1108/574/304 1109/575/304 1107/573/304
f 1108/574/453 1110/576/453 1111/577/453 1109/575/453
f 1110/576/454 1112/578/454 1113/579/454 1111/577/454
f 1112/578/455 1114/580/455 1115/581/455 1113/579/455
f 1114/580/456 1116/582/456 1117/583/456 1115/581/456
f 1116/582/304 1118/584/304 1119/585/304 1117/583/304
f 1118/584/457 1120/586/457 1121/587/457 1119/585/457
f 1120/588/458 1122/589/458 1123/590/458 1121/591/458
f 1122/589/243 1124/592/243 1125/593/243 1123/590/243
f 1124/592/459 1126/594/459 1127/595/459 1125/593/459
f 1126/586/460 1128/584/460 1129/585/460 1127/587/460
f 1128/584/303 1130/582/303 1131/583/303 1129/585/303
f 1130/582/461 1132/580/461 1133/581/461 1131/583/461
f 1132/580/462 1134/578/462 1135/579/462 1133/581/462
f 1134/578/463 1136/576/463 1137/577/463 1135/579/463
f 1136/576/464 1138/574/464 1139/575/464 1137/577/464
f 1138/574/303 1140/572/303 1141/573/303 1139/575/303
f 1140/572/465 1142/570/465 1143/571/465 1141/573/465
f 1142/570/466 1144/568/466 1145/569/466 1143/571/466
f 1144/568/467 1146/566/467 1147/567/467 1145/569/467
f 1146/566/468 1148/563/468 1149/564/468 1147/567/468
f 1148/563/303 1150/562/303 1151/565/303 1149/564/303
f 1150/562/13 1096/596/13 1099/597/13 1151/565/13
g outer_fastener_right
usemtl mat
f 1152/371/13 1153/370/13 1154/369/13 1155/368/13
f 1156/368/243 1157/369/243 1158/370/243 1159/371/243
f 1159/368/11 1158/369/11 1153/370/11 1152/371/11
f 1158/368/304 1157/369/304 1154/370/304 1153/371/304
f 1157/368/12 1156/369/12 1155/370/12 1154/371/12
f 1156/368/303 1159/369/303 1152/370/303 1155/371/303
f 1160/371/13 1161/370/13 1162/369/13 1163/368/13
f 1164/368/243 1165/369/243 1166/370/243 1167/371/243
f 1167/368/11 1166/369/11 1161/370/11 1160/371/11
f 1166/368/304 1165/369/304 1162/370/304 1161/371/304
f 1165/368/12 1164/369/12 1163/370/12 1162/371/12
f 1164/368/303 1167/369/303 1160/370/303 1163/371/303
f 1168/647/11 1169/370/11 1170/646/11 1171/645/11
f 1172/645/12 1173/646/12 1174/370/12 1175/647/12
f 1175/368/13 1174/369/13 1169/370/13 1168/371/13
f 1174/368/303 1173/369/303 1170/370/303 1169/371/303
f 1173/368/598 1172/369/598 1171/370/598 1170/371/598
f 1172/368/304 1175/369/304 1168/370/304 1171/371/304
f 1176/647/11 1177/370/11 1178/646/11 1179/645/11
f 1180/645/12 1181/646/12 1182/370/12 1183/647/12
f 1183/368/13 1182/369/13 1177/370/13 1176/371/13
f 1182/368/303 1181/369/303 1178/370/303 1177/371/303
f 1181/368/598 1180/369/598 1179/370/598 1178/371/598
f 1180/368/304 1183/369/304 1176/370/304 1179/371/304
f 1184/647/11 1185/370/11 1186/646/11 1187/645/11
f 1188/645/12 1189/646/12 1190/370/12 1191/647/12
f 1191/368/13 1190/369/13 1185/370/13 1184/371/13
f 1190/368/303 1189/369/303 1186/370/303 1185/371/303
f 1189/368/598 1188/369/598 1187/370/598 1186/371/598
f 1188/368/304 1191/369/304 1184/370/304 1187/371/304
f 1192/387/13 1193/388/13 1194/389/13
f 1192/387/13 1194/389/13 1195/390/13
f 1192/387/13 1195/390/13 1196/391/13
f 1192/387/13 1196/391/13 1197/392/13
f 1192/387/13 1197/392/13 1198/393/13
f 1192/387/13 1198/393/13 1199/394/13
f 1192/387/13 1199/394/13 1200/395/13
f 1200/395/13 1201/396/13 1192/387/13
f 1202/388/243 1203/387/243 1204/396/243
f 1202/388/243 1204/396/243 1205/395/243
f 1202/388/243 1205/395/243 1206/394/243
f 1202/388/243 1206/394/243 1207/393/243
f 1202/388/243 1207/393/243 1208/392/243
f 1202/388/243 1208/392/243 1209/391/243
f 1202/388/243 1209/391/243 1210/390/243
f 1210/390/243 1211/389/243 1202/388/243
f 1202/368/313 1211/397/313 1194/398/313 1193/371/313
f 1211/397/314 1210/399/314 1195/400/314 1194/398/314
f 1210/399/12 1209/401/12 1196/402/12 1195/400/12
f 1209/401/315 1208/403/315 1197/404/315 1196/402/315
f 1208/403/316 1207/405/316 1198/406/316 1197/404/316
f 1207/405/317 1206/407/317 1199/408/317 1198/406/317
f 1206/407/318 1205/409/318 1200/410/318 1199/408/318
f 1205/409/11 1204/411/11 1201/412/11 1200/410/11
f 1204/411/319 1203/413/319 1192/414/319 1201/412/319
f 1203/413/320 1202/369/320 1193/370/320 1192/414/320
f 1212/422/13 1213/388/13 1214/417/13
f 1212/422/13 1214/417/13 1215/418/13
f 1212/422/13 1215/418/13 1216/393/13
f 1216/393/13 1217/421/13 1212/422/13
f 1218/388/243 1219/422/243 1220/421/243
f 1218/388/243 1220/421/243 1221/393/243
f 1218/388/243 1221/393/243 1222/418/243
f 1222/418/243 1223/417/243 1218/388/243
f 1218/368/329 1223/425/329 1214/426/329 1213/371/329
f 1223/425/12 1222/429/12 1215/430/12 1214/426/12
f 1222/429/330 1221/405/330 1216/406/330 1215/430/330
f 1221/405/331 1220/435/331 1217/436/331 1216/406/331
f 1220/435/11 1219/439/11 1212/440/11 1217/436/11
f 1219/439/332 1218/369/332 1213/370/332 1212/440/332
f 1224/648/13 1225/388/13 1226/649/13
f 1224/648/13 1226/649/13 1227/405/13
f 1224/648/13 1227/405/13 1228/650/13
f 1224/648/13 1228/650/13 1229/393/13
f 1224/648/13 1229/393/13 1230/651/13
f 1230/651/13 1231/406/13 1224/648/13
f 1232/388/243 1233/648/243 1234/406/243
f 1232/388/243 1234/406/243 1235/651/243
f 1232/388/243 1235/651/243 1236/393/243
f 1232/388/243 1236/393/243 1237/650/243
f 1232/388/243 1237/650/243 1238/405/243
f 1238/405/243 1239/649/243 1232/388/243
f 1232/368/590 1239/652/590 1226/653/590 1225/371/590
f 1239/652/591 1238/427/591 1227/428/591 1226/653/591
f 1238/427/592 1237/654/592 1228/655/592 1227/428/592
f 1237/654/593 1236/405/593 1229/406/593 1228/655/593
f 1236/405/594 1235/656/594 1230/657/594 1229/406/594
f 1235/656/595 1234/437/595 1231/438/595 1230/657/595
f 1234/437/596 1233/658/596 1224/659/596 1231/438/596
f 1233/658/597 1232/369/597 1225/370/597 1224/659/597
g outer_guard_right
usemtl mat
f 1240/562/304 1241/563/304 1242/564/304 1243/565/304
f 1241/563/449 1244/566/449 1245/567/449 1242/564/449
f 1244/566/450 1246/568/450 1247/569/450 1245/567/450
f 1246/568/451 1248/570/451 1249/571/451 1247/569/451
f 1248/570/452 1250/572/452 1251/573/452 1249/571/452
f 1250/572/304 1252/574/304 1253/575/304 1251/573/304
f 1252/574/453 1254/576/453 1255/577/453 1253/575/453
f 1254/576/454 1256/578/454 1257/579/454 1255/577/454
f 1256/578/455 1258/580/455 1259/581/455 1257/579/455
f 1258/580/456 1260/582/456 1261/583/456 1259/581/456
f 1260/582/304 1262/584/304 1263/585/304 1261/583/304
f 1262/584/457 1264/586/457 1265/587/457 1263/585/457
f 1264/588/458 1266/589/458 1267/590/458 1265/591/458
f 1266/589/243 1268/592/243 1269/593/243 1267/590/243
f 1268/592/459 1270/594/459 1271/595/459 1269/593/459
f 1270/586/460 1272/584/460 1273/585/460 1271/587/460
f 1272/584/303 1274/582/303 1275/583/303 1273/585/303
f 1274/582/461 1276/580/461 1277/581/461 1275/583/461
f 1276/580/462 1278/578/462 1279/579/462 1277/581/462
f 1278/578/463 1280/576/463 1281/577/463 1279/579/463
f 1280/576/464 1282/574/464 1283/575/464 1281/577/464
f 1282/574/303 1284/572/303 1285/573/303 1283/575/303
f 1284/572/465 1286/570/465 1287/571/465 1285/573/465
f 1286/570/466 1288/568/466 1289/569/466 1287/571/466
f 1288/568/467 1290/566/467 1291/567/467 1289/569/467
f 1290/566/468 1292/563/468 1293/564/468 1291/567/468
f 1292/563/303 1294/562/303 1295/565/303 1293/564/303
f 1294/562/13 1240/596/13 1243/597/13 1295/565/13
