# metres; Y up; CCW outward; repeat 0.6 m
mtllib rail_high.mtl
v -1.850000 -0.304000 -0.300000
v -1.850000 -0.304000 -0.200000
v -1.800000 -0.258697 -0.200000
v -1.800000 -0.258885 -0.300000
v -1.850000 -0.304000 -0.100000
v -1.800000 -0.258319 -0.100000
v -1.850000 -0.304000 0.000000
v -1.800000 -0.258131 0.000000
v -1.850000 -0.304000 0.100000
v -1.800000 -0.258319 0.100000
v -1.850000 -0.304000 0.200000
v -1.800000 -0.258697 0.200000
v -1.850000 -0.304000 0.300000
v -1.800000 -0.258885 0.300000
v -1.800000 -0.304000 -0.300000
v -1.800000 -0.304000 0.300000
v -1.783750 -0.244162 -0.200000
v -1.783750 -0.244412 -0.300000
v -1.783750 -0.243662 -0.100000
v -1.783750 -0.243412 0.000000
v -1.783750 -0.243662 0.100000
v -1.783750 -0.244162 0.200000
v -1.783750 -0.244412 0.300000
v -1.783750 -0.304000 -0.300000
v -1.783750 -0.304000 0.300000
v -1.717500 -0.186887 -0.200000
v -1.717500 -0.187387 -0.300000
v -1.717500 -0.185887 -0.100000
v -1.717500 -0.185387 0.000000
v -1.717500 -0.185887 0.100000
v -1.717500 -0.186887 0.200000
v -1.717500 -0.187387 0.300000
v -1.717500 -0.304000 -0.300000
v -1.717500 -0.304000 0.300000
v -1.651250 -0.134349 -0.200000
v -1.651250 -0.135099 -0.300000
v -1.651250 -0.132849 -0.100000
v -1.651250 -0.132099 0.000000
v -1.651250 -0.132849 0.100000
v -1.651250 -0.134349 0.200000
v -1.651250 -0.135099 0.300000
v -1.651250 -0.304000 -0.300000
v -1.651250 -0.304000 0.300000
v -1.585000 -0.088000 -0.200000
v -1.585000 -0.089000 -0.300000
v -1.585000 -0.086000 -0.100000
v -1.585000 -0.085000 0.000000
v -1.585000 -0.086000 0.100000
v -1.585000 -0.088000 0.200000
v -1.585000 -0.089000 0.300000
v -1.585000 -0.304000 -0.300000
v -1.585000 -0.304000 0.300000
v -1.518750 -0.048349 -0.200000
v -1.518750 -0.049599 -0.300000
v -1.518750 -0.045849 -0.100000
v -1.518750 -0.044599 0.000000
v -1.518750 -0.045849 0.100000
v -1.518750 -0.048349 0.200000
v -1.518750 -0.049599 0.300000
v -1.518750 -0.304000 -0.300000
v -1.518750 -0.304000 0.300000
v -1.452500 -0.014887 -0.200000
v -1.452500 -0.016387 -0.300000
v -1.452500 -0.011887 -0.100000
v -1.452500 -0.010387 0.000000
v -1.452500 -0.011887 0.100000
v -1.452500 -0.014887 0.200000
v -1.452500 -0.016387 0.300000
v -1.452500 -0.304000 -0.300000
v -1.452500 -0.304000 0.300000
v -1.386250 0.013838 -0.200000
v -1.386250 0.012088 -0.300000
v -1.386250 0.017338 -0.100000
v -1.386250 0.019088 0.000000
v -1.386250 0.017338 0.100000
v -1.386250 0.013838 0.200000
v -1.386250 0.012088 0.300000
v -1.414374 0.000000 -0.300000
v -1.386250 0.000000 -0.300000
v -1.386250 -0.304000 -0.300000
v -1.386250 -0.304000 0.300000
v -1.386250 0.000000 0.300000
v -1.414374 0.000000 0.300000
v -1.320000 0.040000 -0.200000
v -1.320000 0.038000 -0.300000
v -1.320000 0.044000 -0.100000
v -1.320000 0.046000 0.000000
v -1.320000 0.044000 0.100000
v -1.320000 0.040000 0.200000
v -1.320000 0.038000 0.300000
v -1.320000 0.000000 -0.300000
v -1.320000 -0.304000 -0.300000
v -1.320000 -0.304000 0.300000
v -1.320000 0.000000 0.300000
v -1.200000 0.028000 -0.200000
v -1.200000 0.026000 -0.300000
v -1.200000 0.032000 -0.100000
v -1.200000 0.034000 0.000000
v -1.200000 0.032000 0.100000
v -1.200000 0.028000 0.200000
v -1.200000 0.026000 0.300000
v -1.200000 0.000000 -0.300000
v -1.200000 -0.304000 -0.300000
v -1.200000 -0.304000 0.300000
v -1.200000 0.000000 0.300000
v -0.600000 0.028000 -0.200000
v -0.600000 0.026000 -0.300000
v -0.600000 0.032000 -0.100000
v -0.600000 0.034000 0.000000
v -0.600000 0.032000 0.100000
v -0.600000 0.028000 0.200000
v -0.600000 0.026000 0.300000
v -0.600000 0.000000 -0.300000
v -0.600000 -0.304000 -0.300000
v -0.600000 -0.304000 0.300000
v -0.600000 0.000000 0.300000
v 0.000000 0.028000 -0.200000
v 0.000000 0.026000 -0.300000
v 0.000000 0.032000 -0.100000
v 0.000000 0.034000 0.000000
v 0.000000 0.032000 0.100000
v 0.000000 0.028000 0.200000
v 0.000000 0.026000 0.300000
v 0.000000 0.000000 -0.300000
v 0.000000 -0.304000 -0.300000
v 0.000000 -0.304000 0.300000
v 0.000000 0.000000 0.300000
v 0.600000 0.028000 -0.200000
v 0.600000 0.026000 -0.300000
v 0.600000 0.032000 -0.100000
v 0.600000 0.034000 0.000000
v 0.600000 0.032000 0.100000
v 0.600000 0.028000 0.200000
v 0.600000 0.026000 0.300000
v 0.600000 0.000000 -0.300000
v 0.600000 -0.304000 -0.300000
v 0.600000 -0.304000 0.300000
v 0.600000 0.000000 0.300000
v 1.200000 0.028000 -0.200000
v 1.200000 0.026000 -0.300000
v 1.200000 0.032000 -0.100000
v 1.200000 0.034000 0.000000
v 1.200000 0.032000 0.100000
v 1.200000 0.028000 0.200000
v 1.200000 0.026000 0.300000
v 1.200000 0.000000 -0.300000
v 1.200000 -0.304000 -0.300000
v 1.200000 -0.304000 0.300000
v 1.200000 0.000000 0.300000
v 1.320000 0.040000 -0.200000
v 1.320000 0.038000 -0.300000
v 1.320000 0.044000 -0.100000
v 1.320000 0.046000 0.000000
v 1.320000 0.044000 0.100000
v 1.320000 0.040000 0.200000
v 1.320000 0.038000 0.300000
v 1.320000 0.000000 -0.300000
v 1.320000 -0.304000 -0.300000
v 1.320000 -0.304000 0.300000
v 1.320000 0.000000 0.300000
v 1.386250 0.013838 -0.200000
v 1.386250 0.012088 -0.300000
v 1.386250 0.017338 -0.100000
v 1.386250 0.019088 0.000000
v 1.386250 0.017338 0.100000
v 1.386250 0.013838 0.200000
v 1.386250 0.012088 0.300000
v 1.386250 0.000000 -0.300000
v 1.386250 -0.304000 -0.300000
v 1.386250 -0.304000 0.300000
v 1.386250 0.000000 0.300000
v 1.452500 -0.014887 -0.200000
v 1.452500 -0.016387 -0.300000
v 1.452500 -0.011887 -0.100000
v 1.452500 -0.010387 0.000000
v 1.452500 -0.011887 0.100000
v 1.452500 -0.014887 0.200000
v 1.452500 -0.016387 0.300000
v 1.414374 0.000000 -0.300000
v 1.452500 -0.304000 -0.300000
v 1.452500 -0.304000 0.300000
v 1.414374 0.000000 0.300000
v 1.518750 -0.048349 -0.200000
v 1.518750 -0.049599 -0.300000
v 1.518750 -0.045849 -0.100000
v 1.518750 -0.044599 0.000000
v 1.518750 -0.045849 0.100000
v 1.518750 -0.048349 0.200000
v 1.518750 -0.049599 0.300000
v 1.518750 -0.304000 -0.300000
v 1.518750 -0.304000 0.300000
v 1.585000 -0.088000 -0.200000
v 1.585000 -0.089000 -0.300000
v 1.585000 -0.086000 -0.100000
v 1.585000 -0.085000 0.000000
v 1.585000 -0.086000 0.100000
v 1.585000 -0.088000 0.200000
v 1.585000 -0.089000 0.300000
v 1.585000 -0.304000 -0.300000
v 1.585000 -0.304000 0.300000
v 1.651250 -0.134349 -0.200000
v 1.651250 -0.135099 -0.300000
v 1.651250 -0.132849 -0.100000
v 1.651250 -0.132099 0.000000
v 1.651250 -0.132849 0.100000
v 1.651250 -0.134349 0.200000
v 1.651250 -0.135099 0.300000
v 1.651250 -0.304000 -0.300000
v 1.651250 -0.304000 0.300000
v 1.717500 -0.186887 -0.200000
v 1.717500 -0.187387 -0.300000
v 1.717500 -0.185887 -0.100000
v 1.717500 -0.185387 0.000000
v 1.717500 -0.185887 0.100000
v 1.717500 -0.186887 0.200000
v 1.717500 -0.187387 0.300000
v 1.717500 -0.304000 -0.300000
v 1.717500 -0.304000 0.300000
v 1.783750 -0.244162 -0.200000
v 1.783750 -0.244412 -0.300000
v 1.783750 -0.243662 -0.100000
v 1.783750 -0.243412 0.000000
v 1.783750 -0.243662 0.100000
v 1.783750 -0.244162 0.200000
v 1.783750 -0.244412 0.300000
v 1.783750 -0.304000 -0.300000
v 1.783750 -0.304000 0.300000
v 1.800000 -0.258697 -0.200000
v 1.800000 -0.258885 -0.300000
v 1.800000 -0.258319 -0.100000
v 1.800000 -0.258131 0.000000
v 1.800000 -0.258319 0.100000
v 1.800000 -0.258697 0.200000
v 1.800000 -0.258885 0.300000
v 1.800000 -0.304000 -0.300000
v 1.800000 -0.304000 0.300000
v 1.850000 -0.304000 -0.200000
v 1.850000 -0.304000 -0.300000
v 1.850000 -0.304000 -0.100000
v 1.850000 -0.304000 0.000000
v 1.850000 -0.304000 0.100000
v 1.850000 -0.304000 0.200000
v 1.850000 -0.304000 0.300000
v -1.250000 -0.034578 -0.105000
v -1.220000 -0.034578 -0.105000
v -1.220000 -0.034578 0.105000
v -1.250000 -0.034578 0.105000
v -1.250000 0.065422 0.096000
v -1.220000 0.066547 0.096000
v -1.220000 0.074547 0.086000
v -1.250000 0.073422 0.086000
v -1.220000 0.074547 -0.086000
v -1.250000 0.073422 -0.086000
v -1.220000 0.066547 -0.096000
v -1.250000 0.065422 -0.096000
v -1.200000 -0.034578 -0.120000
v -1.200000 -0.034578 0.120000
v -1.200000 0.067297 0.111000
v -1.200000 0.075297 0.101000
v -1.200000 0.075297 -0.101000
v -1.200000 0.067297 -0.111000
v -0.930000 -0.034578 -0.120000
v -0.930000 -0.034578 0.120000
v -0.930000 0.077422 0.111000
v -0.930000 0.085422 0.101000
v -0.930000 0.085422 -0.101000
v -0.930000 0.077422 -0.111000
v -0.751500 -0.034578 -0.120000
v -0.751500 -0.034578 0.120000
v -0.751500 0.077422 0.111000
v -0.751500 0.085422 0.101000
v -0.751500 0.085422 -0.101000
v -0.751500 0.077422 -0.111000
v -0.600000 -0.034578 -0.120000
v -0.600000 -0.034578 0.120000
v -0.600000 0.077422 0.111000
v -0.600000 0.085422 0.101000
v -0.600000 0.085422 -0.101000
v -0.600000 0.077422 -0.111000
v -0.530000 -0.034578 -0.120000
v -0.530000 -0.034578 0.120000
v -0.530000 0.077422 0.111000
v -0.530000 0.085422 0.101000
v -0.530000 0.085422 -0.101000
v -0.530000 0.077422 -0.111000
v -0.400000 -0.034578 -0.120000
v -0.400000 -0.034578 0.120000
v -0.400000 0.072463 0.111000
v -0.400000 0.080463 0.101000
v -0.400000 0.080463 -0.101000
v -0.400000 0.072463 -0.111000
v -0.270000 -0.034578 -0.120000
v -0.270000 -0.034578 0.120000
v -0.270000 0.060387 0.111000
v -0.270000 0.068387 0.101000
v -0.270000 0.068387 -0.101000
v -0.270000 0.060387 -0.111000
v -0.130000 -0.034578 -0.120000
v -0.130000 -0.034578 0.120000
v -0.130000 0.047270 0.111000
v -0.130000 0.055270 0.101000
v -0.130000 0.055270 -0.101000
v -0.130000 0.047270 -0.111000
v 0.000000 -0.034578 -0.120000
v 0.000000 -0.034578 0.120000
v 0.000000 0.042311 0.111000
v 0.000000 0.050311 0.101000
v 0.000000 0.050311 -0.101000
v 0.000000 0.042311 -0.111000
v 0.130000 -0.034578 -0.120000
v 0.130000 -0.034578 0.120000
v 0.130000 0.047270 0.111000
v 0.130000 0.055270 0.101000
v 0.130000 0.055270 -0.101000
v 0.130000 0.047270 -0.111000
v 0.270000 -0.034578 -0.120000
v 0.270000 -0.034578 0.120000
v 0.270000 0.060387 0.111000
v 0.270000 0.068387 0.101000
v 0.270000 0.068387 -0.101000
v 0.270000 0.060387 -0.111000
v 0.400000 -0.034578 -0.120000
v 0.400000 -0.034578 0.120000
v 0.400000 0.072463 0.111000
v 0.400000 0.080463 0.101000
v 0.400000 0.080463 -0.101000
v 0.400000 0.072463 -0.111000
v 0.530000 -0.034578 -0.120000
v 0.530000 -0.034578 0.120000
v 0.530000 0.077422 0.111000
v 0.530000 0.085422 0.101000
v 0.530000 0.085422 -0.101000
v 0.530000 0.077422 -0.111000
v 0.600000 -0.034578 -0.120000
v 0.600000 -0.034578 0.120000
v 0.600000 0.077422 0.111000
v 0.600000 0.085422 0.101000
v 0.600000 0.085422 -0.101000
v 0.600000 0.077422 -0.111000
v 0.751500 -0.034578 -0.120000
v 0.751500 -0.034578 0.120000
v 0.751500 0.077422 0.111000
v 0.751500 0.085422 0.101000
v 0.751500 0.085422 -0.101000
v 0.751500 0.077422 -0.111000
v 0.930000 -0.034578 -0.120000
v 0.930000 -0.034578 0.120000
v 0.930000 0.077422 0.111000
v 0.930000 0.085422 0.101000
v 0.930000 0.085422 -0.101000
v 0.930000 0.077422 -0.111000
v 1.200000 -0.034578 -0.120000
v 1.200000 -0.034578 0.120000
v 1.200000 0.067297 0.111000
v 1.200000 0.075297 0.101000
v 1.200000 0.075297 -0.101000
v 1.200000 0.067297 -0.111000
v 1.220000 -0.034578 -0.105000
v 1.220000 -0.034578 0.105000
v 1.220000 0.066547 0.096000
v 1.220000 0.074547 0.086000
v 1.220000 0.074547 -0.086000
v 1.220000 0.066547 -0.096000
v 1.250000 -0.034578 -0.105000
v 1.250000 -0.034578 0.105000
v 1.250000 0.065422 0.096000
v 1.250000 0.073422 0.086000
v 1.250000 0.073422 -0.086000
v 1.250000 0.065422 -0.096000
v -0.827500 0.085422 -0.101000
v -0.821500 0.085422 -0.107000
v -0.681500 0.085422 -0.107000
v -0.675500 0.085422 -0.101000
v -0.675500 0.085422 0.101000
v -0.681500 0.085422 0.107000
v -0.821500 0.085422 0.107000
v -0.827500 0.085422 0.101000
v -0.821500 0.095422 -0.107000
v -0.681500 0.095422 -0.107000
v -0.675500 0.095422 -0.101000
v -0.675500 0.095422 0.101000
v -0.681500 0.095422 0.107000
v -0.821500 0.095422 0.107000
v -0.827500 0.095422 0.101000
v -0.827500 0.095422 -0.101000
v -0.820500 0.099422 -0.106000
v -0.826500 0.099422 -0.100000
v -0.826500 0.099422 0.100000
v -0.820500 0.099422 0.106000
v -0.682500 0.099422 0.106000
v -0.676500 0.099422 0.100000
v -0.676500 0.099422 -0.100000
v -0.682500 0.099422 -0.106000
v -0.682500 0.095422 -0.106000
v -0.820500 0.095422 -0.106000
v -0.676500 0.095422 -0.100000
v -0.676500 0.095422 0.100000
v -0.682500 0.095422 0.106000
v -0.820500 0.095422 0.106000
v -0.826500 0.095422 0.100000
v -0.826500 0.095422 -0.100000
v -0.946500 0.085422 -0.100000
v -0.943500 0.085422 -0.103000
v -0.823500 0.085422 -0.103000
v -0.820500 0.085422 -0.100000
v -0.820500 0.085422 0.100000
v -0.823500 0.085422 0.103000
v -0.943500 0.085422 0.103000
v -0.946500 0.085422 0.100000
v -0.943500 0.095422 -0.103000
v -0.946500 0.095422 -0.100000
v -0.946500 0.095422 0.100000
v -0.943500 0.095422 0.103000
v -0.823500 0.095422 0.103000
v -0.820500 0.095422 0.100000
v -0.820500 0.095422 -0.100000
v -0.823500 0.095422 -0.103000
v -0.950500 0.095422 -0.105000
v -0.948500 0.095422 -0.107000
v -0.936500 0.095422 -0.107000
v -0.934500 0.095422 -0.105000
v -0.934500 0.095422 0.105000
v -0.936500 0.095422 0.107000
v -0.948500 0.095422 0.107000
v -0.950500 0.095422 0.105000
v -0.948500 0.126422 -0.107000
v -0.950500 0.126422 -0.105000
v -0.950500 0.126422 0.105000
v -0.948500 0.126422 0.107000
v -0.936500 0.126422 0.107000
v -0.934500 0.126422 0.105000
v -0.934500 0.126422 -0.105000
v -0.936500 0.126422 -0.107000
v -0.793500 0.119400 -0.105000
v -0.793500 0.129000 -0.105000
v -0.819500 0.123500 -0.105000
v -0.827500 0.123500 -0.105000
v -0.901500 0.109500 -0.105000
v -0.939500 0.109500 -0.105000
v -0.939500 0.095422 -0.105000
v -0.833500 0.095422 -0.105000
v -0.821500 0.108000 -0.105000
v -0.793500 0.129000 0.105000
v -0.793500 0.119400 0.105000
v -0.821500 0.108000 0.105000
v -0.833500 0.095422 0.105000
v -0.939500 0.095422 0.105000
v -0.939500 0.109500 0.105000
v -0.901500 0.109500 0.105000
v -0.827500 0.123500 0.105000
v -0.819500 0.123500 0.105000
v -0.876410 0.095422 -0.005878
v -0.874500 0.095422 0.000000
v -0.876410 0.095422 0.005878
v -0.881410 0.095422 0.009511
v -0.887590 0.095422 0.009511
v -0.892590 0.095422 0.005878
v -0.894500 0.095422 0.000000
v -0.892590 0.095422 -0.005878
v -0.887590 0.095422 -0.009511
v -0.881410 0.095422 -0.009511
v -0.874500 0.192000 0.000000
v -0.876410 0.192000 -0.005878
v -0.881410 0.192000 -0.009511
v -0.887590 0.192000 -0.009511
v -0.892590 0.192000 -0.005878
v -0.894500 0.192000 0.000000
v -0.892590 0.192000 0.005878
v -0.887590 0.192000 0.009511
v -0.881410 0.192000 0.009511
v -0.876410 0.192000 0.005878
v -0.858519 0.162000 -0.015000
v -0.854500 0.162000 0.000000
v -0.858519 0.162000 0.015000
v -0.869500 0.162000 0.025981
v -0.884500 0.162000 0.030000
v -0.899500 0.162000 0.025981
v -0.910481 0.162000 0.015000
v -0.914500 0.162000 0.000000
v -0.910481 0.162000 -0.015000
v -0.899500 0.162000 -0.025981
v -0.884500 0.162000 -0.030000
v -0.869500 0.162000 -0.025981
v -0.854500 0.168000 0.000000
v -0.858519 0.168000 -0.015000
v -0.869500 0.168000 -0.025981
v -0.884500 0.168000 -0.030000
v -0.899500 0.168000 -0.025981
v -0.910481 0.168000 -0.015000
v -0.914500 0.168000 0.000000
v -0.910481 0.168000 0.015000
v -0.899500 0.168000 0.025981
v -0.884500 0.168000 0.030000
v -0.869500 0.168000 0.025981
v -0.858519 0.168000 0.015000
v -0.874500 0.168000 -0.017321
v -0.864500 0.168000 0.000000
v -0.874500 0.168000 0.017321
v -0.894500 0.168000 0.017321
v -0.904500 0.168000 0.000000
v -0.894500 0.168000 -0.017321
v -0.864500 0.186000 0.000000
v -0.874500 0.186000 -0.017321
v -0.894500 0.186000 -0.017321
v -0.904500 0.186000 0.000000
v -0.894500 0.186000 0.017321
v -0.874500 0.186000 0.017321
v -0.875500 0.186000 -0.015588
v -0.866500 0.186000 0.000000
v -0.875500 0.186000 0.015588
v -0.893500 0.186000 0.015588
v -0.902500 0.186000 0.000000
v -0.893500 0.186000 -0.015588
v -0.866500 0.189000 0.000000
v -0.875500 0.189000 -0.015588
v -0.893500 0.189000 -0.015588
v -0.902500 0.189000 0.000000
v -0.893500 0.189000 0.015588
v -0.875500 0.189000 0.015588
v -0.821573 0.137000 -0.070926
v -0.811468 0.132000 -0.042780
v -0.815914 0.124757 -0.042634
v -0.826424 0.130039 -0.070415
v -0.823947 0.124757 -0.039854
v -0.833352 0.130039 -0.065489
v -0.827532 0.132000 -0.037220
v -0.835427 0.137000 -0.061074
v -0.823086 0.139243 -0.037366
v -0.830576 0.143961 -0.061585
v -0.815053 0.139243 -0.040146
v -0.823648 0.143961 -0.066511
v -0.848202 0.151000 -0.092834
v -0.851938 0.143996 -0.089796
v -0.855237 0.143996 -0.081962
v -0.854798 0.151000 -0.077166
v -0.851062 0.158004 -0.080204
v -0.847763 0.158004 -0.088038
v -0.886306 0.157000 -0.098462
v -0.885556 0.149647 -0.094264
v -0.884750 0.149647 -0.085802
v -0.884694 0.157000 -0.081538
v -0.885444 0.164353 -0.085736
v -0.886250 0.164353 -0.094198
v -0.919600 0.148000 -0.085800
v -0.914158 0.141587 -0.084569
v -0.909058 0.141587 -0.077769
v -0.909400 0.148000 -0.072200
v -0.914842 0.154413 -0.073431
v -0.919942 0.154413 -0.080231
v -0.937946 0.126000 -0.057960
v -0.933257 0.119906 -0.061582
v -0.924811 0.119906 -0.060622
v -0.921054 0.126000 -0.056040
v -0.925743 0.132094 -0.052418
v -0.934189 0.132094 -0.053378
v -0.924959 0.118000 -0.028485
v -0.921879 0.110653 -0.031449
v -0.916421 0.110653 -0.037964
v -0.914041 0.118000 -0.041515
v -0.917121 0.125347 -0.038551
v -0.922579 0.125347 -0.032036
v -0.895280 0.129000 -0.017968
v -0.890393 0.122637 -0.020773
v -0.887613 0.122637 -0.028806
v -0.889720 0.129000 -0.034032
v -0.894607 0.135363 -0.031227
v -0.897387 0.135363 -0.023194
v -0.872860 0.150000 -0.010403
v -0.867133 0.143773 -0.011226
v -0.861773 0.143773 -0.017822
v -0.862140 0.150000 -0.023597
v -0.867867 0.156227 -0.022774
v -0.873227 0.156227 -0.016178
v -0.869000 0.155000 0.000000
v -0.864750 0.147639 0.000000
v -0.856250 0.147639 0.000000
v -0.852000 0.155000 0.000000
v -0.856250 0.162361 0.000000
v -0.864750 0.162361 0.000000
v -0.872860 0.150000 0.010403
v -0.867133 0.143773 0.011226
v -0.861773 0.143773 0.017822
v -0.862140 0.150000 0.023597
v -0.867867 0.156227 0.022774
v -0.873227 0.156227 0.016178
v -0.895280 0.129000 0.017968
v -0.890393 0.122637 0.020773
v -0.887613 0.122637 0.028806
v -0.889720 0.129000 0.034032
v -0.894607 0.135363 0.031227
v -0.897387 0.135363 0.023194
v -0.924959 0.118000 0.028485
v -0.921879 0.110653 0.031449
v -0.916421 0.110653 0.037964
v -0.914041 0.118000 0.041515
v -0.917121 0.125347 0.038551
v -0.922579 0.125347 0.032036
v -0.937946 0.126000 0.057960
v -0.933257 0.119906 0.061582
v -0.924811 0.119906 0.060622
v -0.921054 0.126000 0.056040
v -0.925743 0.132094 0.052418
v -0.934189 0.132094 0.053378
v -0.919600 0.148000 0.085800
v -0.914158 0.141587 0.084569
v -0.909058 0.141587 0.077769
v -0.909400 0.148000 0.072200
v -0.914842 0.154413 0.073431
v -0.919942 0.154413 0.080231
v -0.886306 0.157000 0.098462
v -0.885556 0.149647 0.094264
v -0.884750 0.149647 0.085802
v -0.884694 0.157000 0.081538
v -0.885444 0.164353 0.085736
v -0.886250 0.164353 0.094198
v -0.848202 0.151000 0.092834
v -0.851938 0.143996 0.089796
v -0.855237 0.143996 0.081962
v -0.854798 0.151000 0.077166
v -0.851062 0.158004 0.080204
v -0.847763 0.158004 0.088038
v -0.821573 0.137000 0.070926
v -0.826424 0.130039 0.070415
v -0.833352 0.130039 0.065489
v -0.835427 0.137000 0.061074
v -0.830576 0.143961 0.061585
v -0.823648 0.143961 0.066511
v -0.811468 0.132000 0.042780
v -0.815914 0.124757 0.042634
v -0.823947 0.124757 0.039854
v -0.827532 0.132000 0.037220
v -0.823086 0.139243 0.037366
v -0.815053 0.139243 0.040146
v -0.682500 0.085422 -0.100000
v -0.679500 0.085422 -0.103000
v -0.559500 0.085422 -0.103000
v -0.556500 0.085422 -0.100000
v -0.556500 0.085422 0.100000
v -0.559500 0.085422 0.103000
v -0.679500 0.085422 0.103000
v -0.682500 0.085422 0.100000
v -0.679500 0.095422 -0.103000
v -0.682500 0.095422 -0.100000
v -0.682500 0.095422 0.100000
v -0.679500 0.095422 0.103000
v -0.559500 0.095422 0.103000
v -0.556500 0.095422 0.100000
v -0.556500 0.095422 -0.100000
v -0.559500 0.095422 -0.103000
v -0.568500 0.095422 -0.105000
v -0.566500 0.095422 -0.107000
v -0.554500 0.095422 -0.107000
v -0.552500 0.095422 -0.105000
v -0.552500 0.095422 0.105000
v -0.554500 0.095422 0.107000
v -0.566500 0.095422 0.107000
v -0.568500 0.095422 0.105000
v -0.566500 0.126422 -0.107000
v -0.568500 0.126422 -0.105000
v -0.568500 0.126422 0.105000
v -0.566500 0.126422 0.107000
v -0.554500 0.126422 0.107000
v -0.552500 0.126422 0.105000
v -0.552500 0.126422 -0.105000
v -0.554500 0.126422 -0.107000
v -0.709500 0.129000 -0.105000
v -0.709500 0.119400 -0.105000
v -0.681500 0.108000 -0.105000
v -0.669500 0.095422 -0.105000
v -0.563500 0.095422 -0.105000
v -0.563500 0.109500 -0.105000
v -0.601500 0.109500 -0.105000
v -0.675500 0.123500 -0.105000
v -0.683500 0.123500 -0.105000
v -0.709500 0.119400 0.105000
v -0.709500 0.129000 0.105000
v -0.683500 0.123500 0.105000
v -0.675500 0.123500 0.105000
v -0.601500 0.109500 0.105000
v -0.563500 0.109500 0.105000
v -0.563500 0.095422 0.105000
v -0.669500 0.095422 0.105000
v -0.681500 0.108000 0.105000
v -0.610410 0.095422 -0.005878
v -0.608500 0.095422 0.000000
v -0.610410 0.095422 0.005878
v -0.615410 0.095422 0.009511
v -0.621590 0.095422 0.009511
v -0.626590 0.095422 0.005878
v -0.628500 0.095422 0.000000
v -0.626590 0.095422 -0.005878
v -0.621590 0.095422 -0.009511
v -0.615410 0.095422 -0.009511
v -0.608500 0.192000 0.000000
v -0.610410 0.192000 -0.005878
v -0.615410 0.192000 -0.009511
v -0.621590 0.192000 -0.009511
v -0.626590 0.192000 -0.005878
v -0.628500 0.192000 0.000000
v -0.626590 0.192000 0.005878
v -0.621590 0.192000 0.009511
v -0.615410 0.192000 0.009511
v -0.610410 0.192000 0.005878
v -0.592519 0.162000 -0.015000
v -0.588500 0.162000 0.000000
v -0.592519 0.162000 0.015000
v -0.603500 0.162000 0.025981
v -0.618500 0.162000 0.030000
v -0.633500 0.162000 0.025981
v -0.644481 0.162000 0.015000
v -0.648500 0.162000 0.000000
v -0.644481 0.162000 -0.015000
v -0.633500 0.162000 -0.025981
v -0.618500 0.162000 -0.030000
v -0.603500 0.162000 -0.025981
v -0.588500 0.168000 0.000000
v -0.592519 0.168000 -0.015000
v -0.603500 0.168000 -0.025981
v -0.618500 0.168000 -0.030000
v -0.633500 0.168000 -0.025981
v -0.644481 0.168000 -0.015000
v -0.648500 0.168000 0.000000
v -0.644481 0.168000 0.015000
v -0.633500 0.168000 0.025981
v -0.618500 0.168000 0.030000
v -0.603500 0.168000 0.025981
v -0.592519 0.168000 0.015000
v -0.608500 0.168000 -0.017321
v -0.598500 0.168000 0.000000
v -0.608500 0.168000 0.017321
v -0.628500 0.168000 0.017321
v -0.638500 0.168000 0.000000
v -0.628500 0.168000 -0.017321
v -0.598500 0.186000 0.000000
v -0.608500 0.186000 -0.017321
v -0.628500 0.186000 -0.017321
v -0.638500 0.186000 0.000000
v -0.628500 0.186000 0.017321
v -0.608500 0.186000 0.017321
v -0.609500 0.186000 -0.015588
v -0.600500 0.186000 0.000000
v -0.609500 0.186000 0.015588
v -0.627500 0.186000 0.015588
v -0.636500 0.186000 0.000000
v -0.627500 0.186000 -0.015588
v -0.600500 0.189000 0.000000
v -0.609500 0.189000 -0.015588
v -0.627500 0.189000 -0.015588
v -0.636500 0.189000 0.000000
v -0.627500 0.189000 0.015588
v -0.609500 0.189000 0.015588
v -0.667573 0.137000 -0.061074
v -0.675468 0.132000 -0.037220
v -0.679053 0.124757 -0.039854
v -0.669648 0.130039 -0.065489
v -0.687086 0.124757 -0.042634
v -0.676576 0.130039 -0.070415
v -0.691532 0.132000 -0.042780
v -0.681427 0.137000 -0.070926
v -0.687947 0.139243 -0.040146
v -0.679352 0.143961 -0.066511
v -0.679914 0.139243 -0.037366
v -0.672424 0.143961 -0.061585
v -0.648202 0.151000 -0.077166
v -0.647763 0.143996 -0.081962
v -0.651062 0.143996 -0.089796
v -0.654798 0.151000 -0.092834
v -0.655237 0.158004 -0.088038
v -0.651938 0.158004 -0.080204
v -0.618306 0.157000 -0.081538
v -0.618250 0.149647 -0.085802
v -0.617444 0.149647 -0.094264
v -0.616694 0.157000 -0.098462
v -0.616750 0.164353 -0.094198
v -0.617556 0.164353 -0.085736
v -0.593600 0.148000 -0.072200
v -0.593942 0.141587 -0.077769
v -0.588842 0.141587 -0.084569
v -0.583400 0.148000 -0.085800
v -0.583058 0.154413 -0.080231
v -0.588158 0.154413 -0.073431
v -0.581946 0.126000 -0.056040
v -0.578189 0.119906 -0.060622
v -0.569743 0.119906 -0.061582
v -0.565054 0.126000 -0.057960
v -0.568811 0.132094 -0.053378
v -0.577257 0.132094 -0.052418
v -0.588959 0.118000 -0.041515
v -0.586579 0.110653 -0.037964
v -0.581121 0.110653 -0.031449
v -0.578041 0.118000 -0.028485
v -0.580421 0.125347 -0.032036
v -0.585879 0.125347 -0.038551
v -0.613280 0.129000 -0.034032
v -0.615387 0.122637 -0.028806
v -0.612607 0.122637 -0.020773
v -0.607720 0.129000 -0.017968
v -0.605613 0.135363 -0.023194
v -0.608393 0.135363 -0.031227
v -0.640860 0.150000 -0.023597
v -0.641227 0.143773 -0.017822
v -0.635867 0.143773 -0.011226
v -0.630140 0.150000 -0.010403
v -0.629773 0.156227 -0.016178
v -0.635133 0.156227 -0.022774
v -0.651000 0.155000 0.000000
v -0.646750 0.147639 0.000000
v -0.638250 0.147639 0.000000
v -0.634000 0.155000 0.000000
v -0.638250 0.162361 0.000000
v -0.646750 0.162361 0.000000
v -0.640860 0.150000 0.023597
v -0.641227 0.143773 0.017822
v -0.635867 0.143773 0.011226
v -0.630140 0.150000 0.010403
v -0.629773 0.156227 0.016178
v -0.635133 0.156227 0.022774
v -0.613280 0.129000 0.034032
v -0.615387 0.122637 0.028806
v -0.612607 0.122637 0.020773
v -0.607720 0.129000 0.017968
v -0.605613 0.135363 0.023194
v -0.608393 0.135363 0.031227
v -0.588959 0.118000 0.041515
v -0.586579 0.110653 0.037964
v -0.581121 0.110653 0.031449
v -0.578041 0.118000 0.028485
v -0.580421 0.125347 0.032036
v -0.585879 0.125347 0.038551
v -0.581946 0.126000 0.056040
v -0.578189 0.119906 0.060622
v -0.569743 0.119906 0.061582
v -0.565054 0.126000 0.057960
v -0.568811 0.132094 0.053378
v -0.577257 0.132094 0.052418
v -0.593600 0.148000 0.072200
v -0.593942 0.141587 0.077769
v -0.588842 0.141587 0.084569
v -0.583400 0.148000 0.085800
v -0.583058 0.154413 0.080231
v -0.588158 0.154413 0.073431
v -0.618306 0.157000 0.081538
v -0.618250 0.149647 0.085802
v -0.617444 0.149647 0.094264
v -0.616694 0.157000 0.098462
v -0.616750 0.164353 0.094198
v -0.617556 0.164353 0.085736
v -0.648202 0.151000 0.077166
v -0.647763 0.143996 0.081962
v -0.651062 0.143996 0.089796
v -0.654798 0.151000 0.092834
v -0.655237 0.158004 0.088038
v -0.651938 0.158004 0.080204
v -0.667573 0.137000 0.061074
v -0.669648 0.130039 0.065489
v -0.676576 0.130039 0.070415
v -0.681427 0.137000 0.070926
v -0.679352 0.143961 0.066511
v -0.672424 0.143961 0.061585
v -0.675468 0.132000 0.037220
v -0.679053 0.124757 0.039854
v -0.687086 0.124757 0.042634
v -0.691532 0.132000 0.042780
v -0.687947 0.139243 0.040146
v -0.679914 0.139243 0.037366
v -0.681500 0.099422 -0.300000
v -0.681500 0.108000 -0.300000
v -0.681500 0.108000 0.300000
v -0.681500 0.099422 0.300000
v -0.687500 0.113000 -0.300000
v -0.687500 0.113000 0.300000
v -0.725500 0.124000 -0.300000
v -0.725500 0.124000 0.300000
v -0.739500 0.134000 -0.300000
v -0.739500 0.134000 0.300000
v -0.742500 0.145000 -0.300000
v -0.742500 0.145000 0.300000
v -0.742500 0.207000 -0.300000
v -0.742500 0.207000 0.300000
v -0.738500 0.219000 -0.300000
v -0.738500 0.219000 0.300000
v -0.724500 0.225000 -0.300000
v -0.724500 0.225000 0.300000
v -0.718500 0.231000 -0.300000
v -0.718500 0.231000 0.300000
v -0.717500 0.239000 -0.300000
v -0.717500 0.239000 0.300000
v -0.717500 0.254000 -0.300000
v -0.717500 0.254000 0.300000
v -0.719500 0.260000 -0.300000
v -0.719500 0.260000 0.300000
v -0.725500 0.264280 -0.300000
v -0.725500 0.264280 0.300000
v -0.777500 0.264280 -0.300000
v -0.777500 0.264280 0.300000
v -0.783500 0.260000 -0.300000
v -0.783500 0.260000 0.300000
v -0.785500 0.254000 -0.300000
v -0.785500 0.254000 0.300000
v -0.785500 0.239000 -0.300000
v -0.785500 0.239000 0.300000
v -0.784500 0.231000 -0.300000
v -0.784500 0.231000 0.300000
v -0.778500 0.225000 -0.300000
v -0.778500 0.225000 0.300000
v -0.764500 0.219000 -0.300000
v -0.764500 0.219000 0.300000
v -0.760500 0.207000 -0.300000
v -0.760500 0.207000 0.300000
v -0.760500 0.145000 -0.300000
v -0.760500 0.145000 0.300000
v -0.763500 0.134000 -0.300000
v -0.763500 0.134000 0.300000
v -0.777500 0.124000 -0.300000
v -0.777500 0.124000 0.300000
v -0.815500 0.113000 -0.300000
v -0.815500 0.113000 0.300000
v -0.821500 0.108000 -0.300000
v -0.821500 0.108000 0.300000
v -0.821500 0.099422 -0.300000
v -0.821500 0.099422 0.300000
v 0.675500 0.085422 -0.101000
v 0.681500 0.085422 -0.107000
v 0.821500 0.085422 -0.107000
v 0.827500 0.085422 -0.101000
v 0.827500 0.085422 0.101000
v 0.821500 0.085422 0.107000
v 0.681500 0.085422 0.107000
v 0.675500 0.085422 0.101000
v 0.681500 0.095422 -0.107000
v 0.821500 0.095422 -0.107000
v 0.827500 0.095422 -0.101000
v 0.827500 0.095422 0.101000
v 0.821500 0.095422 0.107000
v 0.681500 0.095422 0.107000
v 0.675500 0.095422 0.101000
v 0.675500 0.095422 -0.101000
v 0.682500 0.099422 -0.106000
v 0.676500 0.099422 -0.100000
v 0.676500 0.099422 0.100000
v 0.682500 0.099422 0.106000
v 0.820500 0.099422 0.106000
v 0.826500 0.099422 0.100000
v 0.826500 0.099422 -0.100000
v 0.820500 0.099422 -0.106000
v 0.820500 0.095422 -0.106000
v 0.682500 0.095422 -0.106000
v 0.826500 0.095422 -0.100000
v 0.826500 0.095422 0.100000
v 0.820500 0.095422 0.106000
v 0.682500 0.095422 0.106000
v 0.676500 0.095422 0.100000
v 0.676500 0.095422 -0.100000
v 0.556500 0.085422 -0.100000
v 0.559500 0.085422 -0.103000
v 0.679500 0.085422 -0.103000
v 0.682500 0.085422 -0.100000
v 0.682500 0.085422 0.100000
v 0.679500 0.085422 0.103000
v 0.559500 0.085422 0.103000
v 0.556500 0.085422 0.100000
v 0.559500 0.095422 -0.103000
v 0.556500 0.095422 -0.100000
v 0.556500 0.095422 0.100000
v 0.559500 0.095422 0.103000
v 0.679500 0.095422 0.103000
v 0.682500 0.095422 0.100000
v 0.682500 0.095422 -0.100000
v 0.679500 0.095422 -0.103000
v 0.552500 0.095422 -0.105000
v 0.554500 0.095422 -0.107000
v 0.566500 0.095422 -0.107000
v 0.568500 0.095422 -0.105000
v 0.568500 0.095422 0.105000
v 0.566500 0.095422 0.107000
v 0.554500 0.095422 0.107000
v 0.552500 0.095422 0.105000
v 0.554500 0.126422 -0.107000
v 0.552500 0.126422 -0.105000
v 0.552500 0.126422 0.105000
v 0.554500 0.126422 0.107000
v 0.566500 0.126422 0.107000
v 0.568500 0.126422 0.105000
v 0.568500 0.126422 -0.105000
v 0.566500 0.126422 -0.107000
v 0.709500 0.119400 -0.105000
v 0.709500 0.129000 -0.105000
v 0.683500 0.123500 -0.105000
v 0.675500 0.123500 -0.105000
v 0.601500 0.109500 -0.105000
v 0.563500 0.109500 -0.105000
v 0.563500 0.095422 -0.105000
v 0.669500 0.095422 -0.105000
v 0.681500 0.108000 -0.105000
v 0.709500 0.129000 0.105000
v 0.709500 0.119400 0.105000
v 0.681500 0.108000 0.105000
v 0.669500 0.095422 0.105000
v 0.563500 0.095422 0.105000
v 0.563500 0.109500 0.105000
v 0.601500 0.109500 0.105000
v 0.675500 0.123500 0.105000
v 0.683500 0.123500 0.105000
v 0.626590 0.095422 -0.005878
v 0.628500 0.095422 0.000000
v 0.626590 0.095422 0.005878
v 0.621590 0.095422 0.009511
v 0.615410 0.095422 0.009511
v 0.610410 0.095422 0.005878
v 0.608500 0.095422 0.000000
v 0.610410 0.095422 -0.005878
v 0.615410 0.095422 -0.009511
v 0.621590 0.095422 -0.009511
v 0.628500 0.192000 0.000000
v 0.626590 0.192000 -0.005878
v 0.621590 0.192000 -0.009511
v 0.615410 0.192000 -0.009511
v 0.610410 0.192000 -0.005878
v 0.608500 0.192000 0.000000
v 0.610410 0.192000 0.005878
v 0.615410 0.192000 0.009511
v 0.621590 0.192000 0.009511
v 0.626590 0.192000 0.005878
v 0.644481 0.162000 -0.015000
v 0.648500 0.162000 0.000000
v 0.644481 0.162000 0.015000
v 0.633500 0.162000 0.025981
v 0.618500 0.162000 0.030000
v 0.603500 0.162000 0.025981
v 0.592519 0.162000 0.015000
v 0.588500 0.162000 0.000000
v 0.592519 0.162000 -0.015000
v 0.603500 0.162000 -0.025981
v 0.618500 0.162000 -0.030000
v 0.633500 0.162000 -0.025981
v 0.648500 0.168000 0.000000
v 0.644481 0.168000 -0.015000
v 0.633500 0.168000 -0.025981
v 0.618500 0.168000 -0.030000
v 0.603500 0.168000 -0.025981
v 0.592519 0.168000 -0.015000
v 0.588500 0.168000 0.000000
v 0.592519 0.168000 0.015000
v 0.603500 0.168000 0.025981
v 0.618500 0.168000 0.030000
v 0.633500 0.168000 0.025981
v 0.644481 0.168000 0.015000
v 0.628500 0.168000 -0.017321
v 0.638500 0.168000 0.000000
v 0.628500 0.168000 0.017321
v 0.608500 0.168000 0.017321
v 0.598500 0.168000 0.000000
v 0.608500 0.168000 -0.017321
v 0.638500 0.186000 0.000000
v 0.628500 0.186000 -0.017321
v 0.608500 0.186000 -0.017321
v 0.598500 0.186000 0.000000
v 0.608500 0.186000 0.017321
v 0.628500 0.186000 0.017321
v 0.627500 0.186000 -0.015588
v 0.636500 0.186000 0.000000
v 0.627500 0.186000 0.015588
v 0.609500 0.186000 0.015588
v 0.600500 0.186000 0.000000
v 0.609500 0.186000 -0.015588
v 0.636500 0.189000 0.000000
v 0.627500 0.189000 -0.015588
v 0.609500 0.189000 -0.015588
v 0.600500 0.189000 0.000000
v 0.609500 0.189000 0.015588
v 0.627500 0.189000 0.015588
v 0.681427 0.137000 -0.070926
v 0.691532 0.132000 -0.042780
v 0.687086 0.124757 -0.042634
v 0.676576 0.130039 -0.070415
v 0.679053 0.124757 -0.039854
v 0.669648 0.130039 -0.065489
v 0.675468 0.132000 -0.037220
v 0.667573 0.137000 -0.061074
v 0.679914 0.139243 -0.037366
v 0.672424 0.143961 -0.061585
v 0.687947 0.139243 -0.040146
v 0.679352 0.143961 -0.066511
v 0.654798 0.151000 -0.092834
v 0.651062 0.143996 -0.089796
v 0.647763 0.143996 -0.081962
v 0.648202 0.151000 -0.077166
v 0.651938 0.158004 -0.080204
v 0.655237 0.158004 -0.088038
v 0.616694 0.157000 -0.098462
v 0.617444 0.149647 -0.094264
v 0.618250 0.149647 -0.085802
v 0.618306 0.157000 -0.081538
v 0.617556 0.164353 -0.085736
v 0.616750 0.164353 -0.094198
v 0.583400 0.148000 -0.085800
v 0.588842 0.141587 -0.084569
v 0.593942 0.141587 -0.077769
v 0.593600 0.148000 -0.072200
v 0.588158 0.154413 -0.073431
v 0.583058 0.154413 -0.080231
v 0.565054 0.126000 -0.057960
v 0.569743 0.119906 -0.061582
v 0.578189 0.119906 -0.060622
v 0.581946 0.126000 -0.056040
v 0.577257 0.132094 -0.052418
v 0.568811 0.132094 -0.053378
v 0.578041 0.118000 -0.028485
v 0.581121 0.110653 -0.031449
v 0.586579 0.110653 -0.037964
v 0.588959 0.118000 -0.041515
v 0.585879 0.125347 -0.038551
v 0.580421 0.125347 -0.032036
v 0.607720 0.129000 -0.017968
v 0.612607 0.122637 -0.020773
v 0.615387 0.122637 -0.028806
v 0.613280 0.129000 -0.034032
v 0.608393 0.135363 -0.031227
v 0.605613 0.135363 -0.023194
v 0.630140 0.150000 -0.010403
v 0.635867 0.143773 -0.011226
v 0.641227 0.143773 -0.017822
v 0.640860 0.150000 -0.023597
v 0.635133 0.156227 -0.022774
v 0.629773 0.156227 -0.016178
v 0.634000 0.155000 0.000000
v 0.638250 0.147639 0.000000
v 0.646750 0.147639 0.000000
v 0.651000 0.155000 0.000000
v 0.646750 0.162361 0.000000
v 0.638250 0.162361 0.000000
v 0.630140 0.150000 0.010403
v 0.635867 0.143773 0.011226
v 0.641227 0.143773 0.017822
v 0.640860 0.150000 0.023597
v 0.635133 0.156227 0.022774
v 0.629773 0.156227 0.016178
v 0.607720 0.129000 0.017968
v 0.612607 0.122637 0.020773
v 0.615387 0.122637 0.028806
v 0.613280 0.129000 0.034032
v 0.608393 0.135363 0.031227
v 0.605613 0.135363 0.023194
v 0.578041 0.118000 0.028485
v 0.581121 0.110653 0.031449
v 0.586579 0.110653 0.037964
v 0.588959 0.118000 0.041515
v 0.585879 0.125347 0.038551
v 0.580421 0.125347 0.032036
v 0.565054 0.126000 0.057960
v 0.569743 0.119906 0.061582
v 0.578189 0.119906 0.060622
v 0.581946 0.126000 0.056040
v 0.577257 0.132094 0.052418
v 0.568811 0.132094 0.053378
v 0.583400 0.148000 0.085800
v 0.588842 0.141587 0.084569
v 0.593942 0.141587 0.077769
v 0.593600 0.148000 0.072200
v 0.588158 0.154413 0.073431
v 0.583058 0.154413 0.080231
v 0.616694 0.157000 0.098462
v 0.617444 0.149647 0.094264
v 0.618250 0.149647 0.085802
v 0.618306 0.157000 0.081538
v 0.617556 0.164353 0.085736
v 0.616750 0.164353 0.094198
v 0.654798 0.151000 0.092834
v 0.651062 0.143996 0.089796
v 0.647763 0.143996 0.081962
v 0.648202 0.151000 0.077166
v 0.651938 0.158004 0.080204
v 0.655237 0.158004 0.088038
v 0.681427 0.137000 0.070926
v 0.676576 0.130039 0.070415
v 0.669648 0.130039 0.065489
v 0.667573 0.137000 0.061074
v 0.672424 0.143961 0.061585
v 0.679352 0.143961 0.066511
v 0.691532 0.132000 0.042780
v 0.687086 0.124757 0.042634
v 0.679053 0.124757 0.039854
v 0.675468 0.132000 0.037220
v 0.679914 0.139243 0.037366
v 0.687947 0.139243 0.040146
v 0.820500 0.085422 -0.100000
v 0.823500 0.085422 -0.103000
v 0.943500 0.085422 -0.103000
v 0.946500 0.085422 -0.100000
v 0.946500 0.085422 0.100000
v 0.943500 0.085422 0.103000
v 0.823500 0.085422 0.103000
v 0.820500 0.085422 0.100000
v 0.823500 0.095422 -0.103000
v 0.820500 0.095422 -0.100000
v 0.820500 0.095422 0.100000
v 0.823500 0.095422 0.103000
v 0.943500 0.095422 0.103000
v 0.946500 0.095422 0.100000
v 0.946500 0.095422 -0.100000
v 0.943500 0.095422 -0.103000
v 0.934500 0.095422 -0.105000
v 0.936500 0.095422 -0.107000
v 0.948500 0.095422 -0.107000
v 0.950500 0.095422 -0.105000
v 0.950500 0.095422 0.105000
v 0.948500 0.095422 0.107000
v 0.936500 0.095422 0.107000
v 0.934500 0.095422 0.105000
v 0.936500 0.126422 -0.107000
v 0.934500 0.126422 -0.105000
v 0.934500 0.126422 0.105000
v 0.936500 0.126422 0.107000
v 0.948500 0.126422 0.107000
v 0.950500 0.126422 0.105000
v 0.950500 0.126422 -0.105000
v 0.948500 0.126422 -0.107000
v 0.793500 0.129000 -0.105000
v 0.793500 0.119400 -0.105000
v 0.821500 0.108000 -0.105000
v 0.833500 0.095422 -0.105000
v 0.939500 0.095422 -0.105000
v 0.939500 0.109500 -0.105000
v 0.901500 0.109500 -0.105000
v 0.827500 0.123500 -0.105000
v 0.819500 0.123500 -0.105000
v 0.793500 0.119400 0.105000
v 0.793500 0.129000 0.105000
v 0.819500 0.123500 0.105000
v 0.827500 0.123500 0.105000
v 0.901500 0.109500 0.105000
v 0.939500 0.109500 0.105000
v 0.939500 0.095422 0.105000
v 0.833500 0.095422 0.105000
v 0.821500 0.108000 0.105000
v 0.892590 0.095422 -0.005878
v 0.894500 0.095422 0.000000
v 0.892590 0.095422 0.005878
v 0.887590 0.095422 0.009511
v 0.881410 0.095422 0.009511
v 0.876410 0.095422 0.005878
v 0.874500 0.095422 0.000000
v 0.876410 0.095422 -0.005878
v 0.881410 0.095422 -0.009511
v 0.887590 0.095422 -0.009511
v 0.894500 0.192000 0.000000
v 0.892590 0.192000 -0.005878
v 0.887590 0.192000 -0.009511
v 0.881410 0.192000 -0.009511
v 0.876410 0.192000 -0.005878
v 0.874500 0.192000 0.000000
v 0.876410 0.192000 0.005878
v 0.881410 0.192000 0.009511
v 0.887590 0.192000 0.009511
v 0.892590 0.192000 0.005878
v 0.910481 0.162000 -0.015000
v 0.914500 0.162000 0.000000
v 0.910481 0.162000 0.015000
v 0.899500 0.162000 0.025981
v 0.884500 0.162000 0.030000
v 0.869500 0.162000 0.025981
v 0.858519 0.162000 0.015000
v 0.854500 0.162000 0.000000
v 0.858519 0.162000 -0.015000
v 0.869500 0.162000 -0.025981
v 0.884500 0.162000 -0.030000
v 0.899500 0.162000 -0.025981
v 0.914500 0.168000 0.000000
v 0.910481 0.168000 -0.015000
v 0.899500 0.168000 -0.025981
v 0.884500 0.168000 -0.030000
v 0.869500 0.168000 -0.025981
v 0.858519 0.168000 -0.015000
v 0.854500 0.168000 0.000000
v 0.858519 0.168000 0.015000
v 0.869500 0.168000 0.025981
v 0.884500 0.168000 0.030000
v 0.899500 0.168000 0.025981
v 0.910481 0.168000 0.015000
v 0.894500 0.168000 -0.017321
v 0.904500 0.168000 0.000000
v 0.894500 0.168000 0.017321
v 0.874500 0.168000 0.017321
v 0.864500 0.168000 0.000000
v 0.874500 0.168000 -0.017321
v 0.904500 0.186000 0.000000
v 0.894500 0.186000 -0.017321
v 0.874500 0.186000 -0.017321
v 0.864500 0.186000 0.000000
v 0.874500 0.186000 0.017321
v 0.894500 0.186000 0.017321
v 0.893500 0.186000 -0.015588
v 0.902500 0.186000 0.000000
v 0.893500 0.186000 0.015588
v 0.875500 0.186000 0.015588
v 0.866500 0.186000 0.000000
v 0.875500 0.186000 -0.015588
v 0.902500 0.189000 0.000000
v 0.893500 0.189000 -0.015588
v 0.875500 0.189000 -0.015588
v 0.866500 0.189000 0.000000
v 0.875500 0.189000 0.015588
v 0.893500 0.189000 0.015588
v 0.835427 0.137000 -0.061074
v 0.827532 0.132000 -0.037220
v 0.823947 0.124757 -0.039854
v 0.833352 0.130039 -0.065489
v 0.815914 0.124757 -0.042634
v 0.826424 0.130039 -0.070415
v 0.811468 0.132000 -0.042780
v 0.821573 0.137000 -0.070926
v 0.815053 0.139243 -0.040146
v 0.823648 0.143961 -0.066511
v 0.823086 0.139243 -0.037366
v 0.830576 0.143961 -0.061585
v 0.854798 0.151000 -0.077166
v 0.855237 0.143996 -0.081962
v 0.851938 0.143996 -0.089796
v 0.848202 0.151000 -0.092834
v 0.847763 0.158004 -0.088038
v 0.851062 0.158004 -0.080204
v 0.884694 0.157000 -0.081538
v 0.884750 0.149647 -0.085802
v 0.885556 0.149647 -0.094264
v 0.886306 0.157000 -0.098462
v 0.886250 0.164353 -0.094198
v 0.885444 0.164353 -0.085736
v 0.909400 0.148000 -0.072200
v 0.909058 0.141587 -0.077769
v 0.914158 0.141587 -0.084569
v 0.919600 0.148000 -0.085800
v 0.919942 0.154413 -0.080231
v 0.914842 0.154413 -0.073431
v 0.921054 0.126000 -0.056040
v 0.924811 0.119906 -0.060622
v 0.933257 0.119906 -0.061582
v 0.937946 0.126000 -0.057960
v 0.934189 0.132094 -0.053378
v 0.925743 0.132094 -0.052418
v 0.914041 0.118000 -0.041515
v 0.916421 0.110653 -0.037964
v 0.921879 0.110653 -0.031449
v 0.924959 0.118000 -0.028485
v 0.922579 0.125347 -0.032036
v 0.917121 0.125347 -0.038551
v 0.889720 0.129000 -0.034032
v 0.887613 0.122637 -0.028806
v 0.890393 0.122637 -0.020773
v 0.895280 0.129000 -0.017968
v 0.897387 0.135363 -0.023194
v 0.894607 0.135363 -0.031227
v 0.862140 0.150000 -0.023597
v 0.861773 0.143773 -0.017822
v 0.867133 0.143773 -0.011226
v 0.872860 0.150000 -0.010403
v 0.873227 0.156227 -0.016178
v 0.867867 0.156227 -0.022774
v 0.852000 0.155000 0.000000
v 0.856250 0.147639 0.000000
v 0.864750 0.147639 0.000000
v 0.869000 0.155000 0.000000
v 0.864750 0.162361 0.000000
v 0.856250 0.162361 0.000000
v 0.862140 0.150000 0.023597
v 0.861773 0.143773 0.017822
v 0.867133 0.143773 0.011226
v 0.872860 0.150000 0.010403
v 0.873227 0.156227 0.016178
v 0.867867 0.156227 0.022774
v 0.889720 0.129000 0.034032
v 0.887613 0.122637 0.028806
v 0.890393 0.122637 0.020773
v 0.895280 0.129000 0.017968
v 0.897387 0.135363 0.023194
v 0.894607 0.135363 0.031227
v 0.914041 0.118000 0.041515
v 0.916421 0.110653 0.037964
v 0.921879 0.110653 0.031449
v 0.924959 0.118000 0.028485
v 0.922579 0.125347 0.032036
v 0.917121 0.125347 0.038551
v 0.921054 0.126000 0.056040
v 0.924811 0.119906 0.060622
v 0.933257 0.119906 0.061582
v 0.937946 0.126000 0.057960
v 0.934189 0.132094 0.053378
v 0.925743 0.132094 0.052418
v 0.909400 0.148000 0.072200
v 0.909058 0.141587 0.077769
v 0.914158 0.141587 0.084569
v 0.919600 0.148000 0.085800
v 0.919942 0.154413 0.080231
v 0.914842 0.154413 0.073431
v 0.884694 0.157000 0.081538
v 0.884750 0.149647 0.085802
v 0.885556 0.149647 0.094264
v 0.886306 0.157000 0.098462
v 0.886250 0.164353 0.094198
v 0.885444 0.164353 0.085736
v 0.854798 0.151000 0.077166
v 0.855237 0.143996 0.081962
v 0.851938 0.143996 0.089796
v 0.848202 0.151000 0.092834
v 0.847763 0.158004 0.088038
v 0.851062 0.158004 0.080204
v 0.835427 0.137000 0.061074
v 0.833352 0.130039 0.065489
v 0.826424 0.130039 0.070415
v 0.821573 0.137000 0.070926
v 0.823648 0.143961 0.066511
v 0.830576 0.143961 0.061585
v 0.827532 0.132000 0.037220
v 0.823947 0.124757 0.039854
v 0.815914 0.124757 0.042634
v 0.811468 0.132000 0.042780
v 0.815053 0.139243 0.040146
v 0.823086 0.139243 0.037366
v 0.821500 0.099422 -0.300000
v 0.821500 0.108000 -0.300000
v 0.821500 0.108000 0.300000
v 0.821500 0.099422 0.300000
v 0.815500 0.113000 -0.300000
v 0.815500 0.113000 0.300000
v 0.777500 0.124000 -0.300000
v 0.777500 0.124000 0.300000
v 0.763500 0.134000 -0.300000
v 0.763500 0.134000 0.300000
v 0.760500 0.145000 -0.300000
v 0.760500 0.145000 0.300000
v 0.760500 0.207000 -0.300000
v 0.760500 0.207000 0.300000
v 0.764500 0.219000 -0.300000
v 0.764500 0.219000 0.300000
v 0.778500 0.225000 -0.300000
v 0.778500 0.225000 0.300000
v 0.784500 0.231000 -0.300000
v 0.784500 0.231000 0.300000
v 0.785500 0.239000 -0.300000
v 0.785500 0.239000 0.300000
v 0.785500 0.254000 -0.300000
v 0.785500 0.254000 0.300000
v 0.783500 0.260000 -0.300000
v 0.783500 0.260000 0.300000
v 0.777500 0.264280 -0.300000
v 0.777500 0.264280 0.300000
v 0.725500 0.264280 -0.300000
v 0.725500 0.264280 0.300000
v 0.719500 0.260000 -0.300000
v 0.719500 0.260000 0.300000
v 0.717500 0.254000 -0.300000
v 0.717500 0.254000 0.300000
v 0.717500 0.239000 -0.300000
v 0.717500 0.239000 0.300000
v 0.718500 0.231000 -0.300000
v 0.718500 0.231000 0.300000
v 0.724500 0.225000 -0.300000
v 0.724500 0.225000 0.300000
v 0.738500 0.219000 -0.300000
v 0.738500 0.219000 0.300000
v 0.742500 0.207000 -0.300000
v 0.742500 0.207000 0.300000
v 0.742500 0.145000 -0.300000
v 0.742500 0.145000 0.300000
v 0.739500 0.134000 -0.300000
v 0.739500 0.134000 0.300000
v 0.725500 0.124000 -0.300000
v 0.725500 0.124000 0.300000
v 0.687500 0.113000 -0.300000
v 0.687500 0.113000 0.300000
v 0.681500 0.108000 -0.300000
v 0.681500 0.108000 0.300000
v 0.681500 0.099422 -0.300000
v 0.681500 0.099422 0.300000
vt 0.96281250 0.01585821
vt 0.96281250 0.09514925
vt 0.98937500 0.09514925
vt 0.98937500 0.01585821
vt 0.96281250 0.17444030
vt 0.98937500 0.17444030
vt 0.96281250 0.25373134
vt 0.98937500 0.25373134
vt 0.96281250 0.33302239
vt 0.98937500 0.33302239
vt 0.96281250 0.41231343
vt 0.98937500 0.41231343
vt 0.96281250 0.49160448
vt 0.98937500 0.49160448
vt 0.96281250 0.25055970
vt 0.98937500 0.28633158
vt 0.98937500 0.25055970
vt 0.67062500 0.01585821
vt 0.67062500 0.49160448
vt 0.67062500 0.09514925
vt 0.67925781 0.09514925
vt 0.67925781 0.01585821
vt 0.67062500 0.17444030
vt 0.67925781 0.17444030
vt 0.67062500 0.25373134
vt 0.67925781 0.25373134
vt 0.67062500 0.33302239
vt 0.67925781 0.33302239
vt 0.67062500 0.41231343
vt 0.67925781 0.41231343
vt 0.67925781 0.49160448
vt 0.67062500 0.28633158
vt 0.67925781 0.29780771
vt 0.67925781 0.25055970
vt 0.67062500 0.25055970
vt 0.71445312 0.09514925
vt 0.71445312 0.01585821
vt 0.71445312 0.17444030
vt 0.71445312 0.25373134
vt 0.71445312 0.33302239
vt 0.71445312 0.41231343
vt 0.71445312 0.49160448
vt 0.71445312 0.34302313
vt 0.71445312 0.25055970
vt 0.74964844 0.09514925
vt 0.74964844 0.01585821
vt 0.74964844 0.17444030
vt 0.74964844 0.25373134
vt 0.74964844 0.33302239
vt 0.74964844 0.41231343
vt 0.74964844 0.49160448
vt 0.74964844 0.38448283
vt 0.74964844 0.25055970
vt 0.78484375 0.09514925
vt 0.78484375 0.01585821
vt 0.78484375 0.17444030
vt 0.78484375 0.25373134
vt 0.78484375 0.33302239
vt 0.78484375 0.41231343
vt 0.78484375 0.49160448
vt 0.78484375 0.42103545
vt 0.78484375 0.25055970
vt 0.82003906 0.09514925
vt 0.82003906 0.01585821
vt 0.82003906 0.17444030
vt 0.82003906 0.25373134
vt 0.82003906 0.33302239
vt 0.82003906 0.41231343
vt 0.82003906 0.49160448
vt 0.82003906 0.45227667
vt 0.82003906 0.25055970
vt 0.85523437 0.09514925
vt 0.85523437 0.01585821
vt 0.85523437 0.17444030
vt 0.85523437 0.25373134
vt 0.85523437 0.33302239
vt 0.85523437 0.41231343
vt 0.85523437 0.49160448
vt 0.85523437 0.47861081
vt 0.85523437 0.25055970
vt 0.89042969 0.09514925
vt 0.89042969 0.01585821
vt 0.89042969 0.17444030
vt 0.89042969 0.25373134
vt 0.89042969 0.33302239
vt 0.89042969 0.41231343
vt 0.89042969 0.49160448
vt 0.87548894 0.49160448
vt 0.89042969 0.25055970
vt 0.87548894 0.01585821
vt 0.89042969 0.02544297
vt 0.92562500 0.09514925
vt 0.92562500 0.01585821
vt 0.92562500 0.17444030
vt 0.92562500 0.25373134
vt 0.92562500 0.33302239
vt 0.92562500 0.41231343
vt 0.92562500 0.49160448
vt 0.92562500 0.25055970
vt 0.92562500 0.04598881
vt 0.98937500 0.03647388
vt 0.67062500 0.03647388
vt 0.73437500 0.09514925
vt 0.73437500 0.01585821
vt 0.73437500 0.17444030
vt 0.73437500 0.25373134
vt 0.73437500 0.33302239
vt 0.73437500 0.41231343
vt 0.73437500 0.49160448
vt 0.73437500 0.25055970
vt 0.73437500 0.04598881
vt 0.76957031 0.09514925
vt 0.76957031 0.01585821
vt 0.76957031 0.17444030
vt 0.76957031 0.25373134
vt 0.76957031 0.33302239
vt 0.76957031 0.41231343
vt 0.76957031 0.49160448
vt 0.76957031 0.25055970
vt 0.76957031 0.02544297
vt 0.80476563 0.09514925
vt 0.80476563 0.01585821
vt 0.80476563 0.17444030
vt 0.80476563 0.25373134
vt 0.80476563 0.33302239
vt 0.80476563 0.41231343
vt 0.80476563 0.49160448
vt 0.78451106 0.49160448
vt 0.80476563 0.47861081
vt 0.80476563 0.25055970
vt 0.78451106 0.01585821
vt 0.83996094 0.09514925
vt 0.83996094 0.01585821
vt 0.83996094 0.17444030
vt 0.83996094 0.25373134
vt 0.83996094 0.33302239
vt 0.83996094 0.41231343
vt 0.83996094 0.49160448
vt 0.83996094 0.45227667
vt 0.83996094 0.25055970
vt 0.87515625 0.09514925
vt 0.87515625 0.01585821
vt 0.87515625 0.17444030
vt 0.87515625 0.25373134
vt 0.87515625 0.33302239
vt 0.87515625 0.41231343
vt 0.87515625 0.49160448
vt 0.87515625 0.42103545
vt 0.87515625 0.25055970
vt 0.91035156 0.09514925
vt 0.91035156 0.01585821
vt 0.91035156 0.17444030
vt 0.91035156 0.25373134
vt 0.91035156 0.33302239
vt 0.91035156 0.41231343
vt 0.91035156 0.49160448
vt 0.91035156 0.38448283
vt 0.91035156 0.25055970
vt 0.94554688 0.09514925
vt 0.94554688 0.01585821
vt 0.94554688 0.17444030
vt 0.94554688 0.25373134
vt 0.94554688 0.33302239
vt 0.94554688 0.41231343
vt 0.94554688 0.49160448
vt 0.94554688 0.34302313
vt 0.94554688 0.25055970
vt 0.98074219 0.09514925
vt 0.98074219 0.01585821
vt 0.98074219 0.17444030
vt 0.98074219 0.25373134
vt 0.98074219 0.33302239
vt 0.98074219 0.41231343
vt 0.98074219 0.49160448
vt 0.98074219 0.29780771
vt 0.98074219 0.25055970
vt 0.69718750 0.09514925
vt 0.69718750 0.01585821
vt 0.69718750 0.17444030
vt 0.69718750 0.25373134
vt 0.69718750 0.33302239
vt 0.69718750 0.41231343
vt 0.69718750 0.49160448
vt 0.69718750 0.25055970
vt 0.30281250 0.17047575
vt 0.31875000 0.17047575
vt 0.31875000 0.33698694
vt 0.30281250 0.33698694
vt 0.30281250 0.09514925
vt 0.30281250 0.01585821
vt 0.31875000 0.01585821
vt 0.31875000 0.09604128
vt 0.30281250 0.32985075
vt 0.31875000 0.32985075
vt 0.31875000 0.32192164
vt 0.30281250 0.32192164
vt 0.31875000 0.18554104
vt 0.30281250 0.18554104
vt 0.31875000 0.17761194
vt 0.30281250 0.17761194
vt 0.32937500 0.15858209
vt 0.32937500 0.34888060
vt 0.32937500 0.01585821
vt 0.32937500 0.09663596
vt 0.32937500 0.34174440
vt 0.32937500 0.33381530
vt 0.32937500 0.17364739
vt 0.32937500 0.16571828
vt 0.01062500 0.15858209
vt 0.15406250 0.15858209
vt 0.15406250 0.34888060
vt 0.01062500 0.34888060
vt 0.01062500 0.09663596
vt 0.01062500 0.01585821
vt 0.15406250 0.01585821
vt 0.15406250 0.10466418
vt 0.01062500 0.34174440
vt 0.15406250 0.34174440
vt 0.15406250 0.33381530
vt 0.01062500 0.33381530
vt 0.15406250 0.17364739
vt 0.01062500 0.17364739
vt 0.15406250 0.16571828
vt 0.01062500 0.16571828
vt 0.24889063 0.15858209
vt 0.24889063 0.34888060
vt 0.24889063 0.01585821
vt 0.24889063 0.10466418
vt 0.24889063 0.34174440
vt 0.24889063 0.33381530
vt 0.24889063 0.17364739
vt 0.24889063 0.16571828
vt 0.32937500 0.10466418
vt 0.04781250 0.15858209
vt 0.04781250 0.34888060
vt 0.04781250 0.01585821
vt 0.04781250 0.10466418
vt 0.01062500 0.10466418
vt 0.04781250 0.34174440
vt 0.04781250 0.33381530
vt 0.04781250 0.17364739
vt 0.04781250 0.16571828
vt 0.11687500 0.15858209
vt 0.11687500 0.34888060
vt 0.11687500 0.01585821
vt 0.11687500 0.10073190
vt 0.11687500 0.34174440
vt 0.11687500 0.33381530
vt 0.11687500 0.17364739
vt 0.11687500 0.16571828
vt 0.18593750 0.15858209
vt 0.18593750 0.34888060
vt 0.18593750 0.01585821
vt 0.18593750 0.09115673
vt 0.18593750 0.34174440
vt 0.18593750 0.33381530
vt 0.18593750 0.17364739
vt 0.18593750 0.16571828
vt 0.26031250 0.15858209
vt 0.26031250 0.34888060
vt 0.26031250 0.01585821
vt 0.26031250 0.08075658
vt 0.26031250 0.34174440
vt 0.26031250 0.33381530
vt 0.26031250 0.17364739
vt 0.26031250 0.16571828
vt 0.32937500 0.07682430
vt 0.07968750 0.15858209
vt 0.07968750 0.34888060
vt 0.01062500 0.07682430
vt 0.07968750 0.01585821
vt 0.07968750 0.08075658
vt 0.07968750 0.34174440
vt 0.07968750 0.33381530
vt 0.07968750 0.17364739
vt 0.07968750 0.16571828
vt 0.15406250 0.09115673
vt 0.22312500 0.15858209
vt 0.22312500 0.34888060
vt 0.22312500 0.01585821
vt 0.22312500 0.10073190
vt 0.22312500 0.34174440
vt 0.22312500 0.33381530
vt 0.22312500 0.17364739
vt 0.22312500 0.16571828
vt 0.29218750 0.15858209
vt 0.29218750 0.34888060
vt 0.29218750 0.01585821
vt 0.29218750 0.10466418
vt 0.29218750 0.34174440
vt 0.29218750 0.33381530
vt 0.29218750 0.17364739
vt 0.29218750 0.16571828
vt 0.09110937 0.15858209
vt 0.09110937 0.34888060
vt 0.09110937 0.01585821
vt 0.09110937 0.10466418
vt 0.09110937 0.34174440
vt 0.09110937 0.33381530
vt 0.09110937 0.17364739
vt 0.09110937 0.16571828
vt 0.18593750 0.10466418
vt 0.02125000 0.17047575
vt 0.02125000 0.33698694
vt 0.02125000 0.01585821
vt 0.02125000 0.09604128
vt 0.02125000 0.32985075
vt 0.02125000 0.32192164
vt 0.02125000 0.18554104
vt 0.02125000 0.17761194
vt 0.03718750 0.17047575
vt 0.03718750 0.33698694
vt 0.03718750 0.01585821
vt 0.03718750 0.09514925
vt 0.03718750 0.32985075
vt 0.03718750 0.32192164
vt 0.03718750 0.18554104
vt 0.03718750 0.17761194
vt 0.04250000 0.41231343
vt 0.03054688 0.01585821
vt 0.30945312 0.01585821
vt 0.29750000 0.41231343
vt 0.28421875 0.44402985
vt 0.05578125 0.44402985
vt 0.60837500 0.03017506
vt 0.61013651 0.02537313
vt 0.65123849 0.02537313
vt 0.65300000 0.03017506
vt 0.65300000 0.19183987
vt 0.65123849 0.19664179
vt 0.61013651 0.19664179
vt 0.60837500 0.19183987
vt 0.60837500 0.19664179
vt 0.65300000 0.19664179
vt 0.65300000 0.02537313
vt 0.60837500 0.02537313
vt 0.61016000 0.31082090
vt 0.60837500 0.31566812
vt 0.60837500 0.47724233
vt 0.61016000 0.48208955
vt 0.65121500 0.48208955
vt 0.65300000 0.47724233
vt 0.65300000 0.31566812
vt 0.65121500 0.31082090
vt 0.60837500 0.48208955
vt 0.65300000 0.48208955
vt 0.65300000 0.31082090
vt 0.60837500 0.31082090
vt 0.34062500 0.02278655
vt 0.34631696 0.01585821
vt 0.57399554 0.01585821
vt 0.57968750 0.02278655
vt 0.57968750 0.48467613
vt 0.57399554 0.49160448
vt 0.34631696 0.49160448
vt 0.34062500 0.48467613
vt 0.34062500 0.49160448
vt 0.57968750 0.49160448
vt 0.57968750 0.01585821
vt 0.34062500 0.01585821
vt 0.60837500 0.02697378
vt 0.61395312 0.02537313
vt 0.64742188 0.02537313
vt 0.65300000 0.02697378
vt 0.65300000 0.19504115
vt 0.64742188 0.19664179
vt 0.61395312 0.19664179
vt 0.60837500 0.19504115
vt 0.34062500 0.35558791
vt 0.38319777 0.41367832
vt 0.39629709 0.41367832
vt 0.51746575 0.21532083
vt 0.57968750 0.21532083
vt 0.40612158 0.01585821
vt 0.38647260 0.19406824
vt 0.55685906 0.11391302
vt 0.57968750 0.25373134
vt 0.55685906 0.39354966
vt 0.49709344 0.47996214
vt 0.42321906 0.47996214
vt 0.36345344 0.39354966
vt 0.34062500 0.25373134
vt 0.36345344 0.11391302
vt 0.42321906 0.02750055
vt 0.49709344 0.02750055
vt 0.36453125 0.49160448
vt 0.36453125 0.01585821
vt 0.38843750 0.49160448
vt 0.38843750 0.01585821
vt 0.41234375 0.49160448
vt 0.41234375 0.01585821
vt 0.43625000 0.49160448
vt 0.43625000 0.01585821
vt 0.46015625 0.49160448
vt 0.46015625 0.01585821
vt 0.48406250 0.49160448
vt 0.48406250 0.01585821
vt 0.50796875 0.49160448
vt 0.50796875 0.01585821
vt 0.53187500 0.49160448
vt 0.53187500 0.01585821
vt 0.55578125 0.49160448
vt 0.55578125 0.01585821
vt 0.56367335 0.13479478
vt 0.56367335 0.37266791
vt 0.51992188 0.45973552
vt 0.40039062 0.45973552
vt 0.35663915 0.37266791
vt 0.35663915 0.13479478
vt 0.40039062 0.04772717
vt 0.51992188 0.04772717
vt 0.36054687 0.49160448
vt 0.36054687 0.01585821
vt 0.38046875 0.49160448
vt 0.38046875 0.01585821
vt 0.40039062 0.49160448
vt 0.40039062 0.01585821
vt 0.42031250 0.49160448
vt 0.42031250 0.01585821
vt 0.44023438 0.49160448
vt 0.44023438 0.01585821
vt 0.48007813 0.49160448
vt 0.48007813 0.01585821
vt 0.50000000 0.49160448
vt 0.50000000 0.01585821
vt 0.51992187 0.49160448
vt 0.51992187 0.01585821
vt 0.53984375 0.49160448
vt 0.53984375 0.01585821
vt 0.55976563 0.49160448
vt 0.55976563 0.01585821
vt 0.34062500 0.04228856
vt 0.38046875 0.04228856
vt 0.42031250 0.04228856
vt 0.46015625 0.04228856
vt 0.50000000 0.04228856
vt 0.53984375 0.04228856
vt 0.57968750 0.04228856
vt 0.34062500 0.06871891
vt 0.38046875 0.06871891
vt 0.42031250 0.06871891
vt 0.46015625 0.06871891
vt 0.50000000 0.06871891
vt 0.53984375 0.06871891
vt 0.57968750 0.06871891
vt 0.34062500 0.09514925
vt 0.38046875 0.09514925
vt 0.42031250 0.09514925
vt 0.46015625 0.09514925
vt 0.50000000 0.09514925
vt 0.53984375 0.09514925
vt 0.57968750 0.09514925
vt 0.34062500 0.12157960
vt 0.38046875 0.12157960
vt 0.42031250 0.12157960
vt 0.46015625 0.12157960
vt 0.50000000 0.12157960
vt 0.53984375 0.12157960
vt 0.57968750 0.12157960
vt 0.34062500 0.14800995
vt 0.38046875 0.14800995
vt 0.42031250 0.14800995
vt 0.46015625 0.14800995
vt 0.50000000 0.14800995
vt 0.53984375 0.14800995
vt 0.57968750 0.14800995
vt 0.34062500 0.17444030
vt 0.38046875 0.17444030
vt 0.42031250 0.17444030
vt 0.46015625 0.17444030
vt 0.50000000 0.17444030
vt 0.53984375 0.17444030
vt 0.57968750 0.17444030
vt 0.34062500 0.20087065
vt 0.38046875 0.20087065
vt 0.42031250 0.20087065
vt 0.46015625 0.20087065
vt 0.50000000 0.20087065
vt 0.53984375 0.20087065
vt 0.57968750 0.20087065
vt 0.34062500 0.22730100
vt 0.38046875 0.22730100
vt 0.42031250 0.22730100
vt 0.46015625 0.22730100
vt 0.50000000 0.22730100
vt 0.53984375 0.22730100
vt 0.57968750 0.22730100
vt 0.38046875 0.25373134
vt 0.42031250 0.25373134
vt 0.46015625 0.25373134
vt 0.50000000 0.25373134
vt 0.53984375 0.25373134
vt 0.34062500 0.28016169
vt 0.38046875 0.28016169
vt 0.42031250 0.28016169
vt 0.46015625 0.28016169
vt 0.50000000 0.28016169
vt 0.53984375 0.28016169
vt 0.57968750 0.28016169
vt 0.34062500 0.30659204
vt 0.38046875 0.30659204
vt 0.42031250 0.30659204
vt 0.46015625 0.30659204
vt 0.50000000 0.30659204
vt 0.53984375 0.30659204
vt 0.57968750 0.30659204
vt 0.34062500 0.33302239
vt 0.38046875 0.33302239
vt 0.42031250 0.33302239
vt 0.46015625 0.33302239
vt 0.50000000 0.33302239
vt 0.53984375 0.33302239
vt 0.57968750 0.33302239
vt 0.34062500 0.35945274
vt 0.38046875 0.35945274
vt 0.42031250 0.35945274
vt 0.46015625 0.35945274
vt 0.50000000 0.35945274
vt 0.53984375 0.35945274
vt 0.57968750 0.35945274
vt 0.34062500 0.38588308
vt 0.38046875 0.38588308
vt 0.42031250 0.38588308
vt 0.46015625 0.38588308
vt 0.50000000 0.38588308
vt 0.53984375 0.38588308
vt 0.57968750 0.38588308
vt 0.34062500 0.41231343
vt 0.38046875 0.41231343
vt 0.42031250 0.41231343
vt 0.46015625 0.41231343
vt 0.50000000 0.41231343
vt 0.53984375 0.41231343
vt 0.57968750 0.41231343
vt 0.34062500 0.43874378
vt 0.38046875 0.43874378
vt 0.42031250 0.43874378
vt 0.46015625 0.43874378
vt 0.50000000 0.43874378
vt 0.53984375 0.43874378
vt 0.57968750 0.43874378
vt 0.34062500 0.46517413
vt 0.38046875 0.46517413
vt 0.42031250 0.46517413
vt 0.46015625 0.46517413
vt 0.50000000 0.46517413
vt 0.53984375 0.46517413
vt 0.57968750 0.46517413
vt 0.51992187 0.04772717
vt 0.51992187 0.45973552
vt 0.01062500 0.50839552
vt 0.01062500 0.53314987
vt 0.32937500 0.53314987
vt 0.32937500 0.50839552
vt 0.01062500 0.54757884
vt 0.32937500 0.54757884
vt 0.01062500 0.57932257
vt 0.32937500 0.57932257
vt 0.01062500 0.60818052
vt 0.32937500 0.60818052
vt 0.01062500 0.63992425
vt 0.32937500 0.63992425
vt 0.01062500 0.81884350
vt 0.32937500 0.81884350
vt 0.01062500 0.85347303
vt 0.32937500 0.85347303
vt 0.01062500 0.87078779
vt 0.32937500 0.87078779
vt 0.01062500 0.88810256
vt 0.32937500 0.88810256
vt 0.01062500 0.91118891
vt 0.32937500 0.91118891
vt 0.01062500 0.95447583
vt 0.32937500 0.95447583
vt 0.01062500 0.97179059
vt 0.32937500 0.97179059
vt 0.34062500 0.97014925
vt 0.34062500 0.92817164
vt 0.65937500 0.92817164
vt 0.65937500 0.97014925
vt 0.34062500 0.56436567
vt 0.65937500 0.56436567
vt 0.34062500 0.52238806
vt 0.65937500 0.52238806
vt 0.01062500 0.57500000
vt 0.32937500 0.57500000
vt 0.98937500 0.50839552
vt 0.67062500 0.50839552
vt 0.67062500 0.53314987
vt 0.68428571 0.54757884
vt 0.77080357 0.57932257
vt 0.80267857 0.60818052
vt 0.80040179 0.85347303
vt 0.76852679 0.87078779
vt 0.75486607 0.88810256
vt 0.75258929 0.91118891
vt 0.75258929 0.95447583
vt 0.75714286 0.97179059
vt 0.77080357 0.98414179
vt 0.80950893 0.81884350
vt 0.88919643 0.98414179
vt 0.90285714 0.97179059
vt 0.90741071 0.95447583
vt 0.90741071 0.91118891
vt 0.90513393 0.88810256
vt 0.89147321 0.87078779
vt 0.85959821 0.85347303
vt 0.85049107 0.81884350
vt 0.80950893 0.63992425
vt 0.85049107 0.63992425
vt 0.85732143 0.60818052
vt 0.88919643 0.57932257
vt 0.97571429 0.54757884
vt 0.98937500 0.53314987
vn -0.67144478 0.74105459 0.00000000
vn -0.66990410 0.74244632 -0.00140084
vn -0.67449893 0.73827582 0.00000000
vn -0.67144216 0.74105169 -0.00279642
vn -0.67601314 0.73688957 0.00000000
vn -0.67449828 0.73827511 -0.00139297
vn -0.67601249 0.73688885 0.00139036
vn -0.67449631 0.73827296 0.00278594
vn -0.66990476 0.74244705 0.00000000
vn -0.67144413 0.74105386 0.00139821
vn 0.00000000 0.00000000 -1.00000000
vn 0.00000000 -0.00000000 1.00000000
vn 0.00000000 -1.00000000 0.00000000
vn -0.66667368 0.74534839 -0.00140632
vn -0.66510623 0.74674642 -0.00186687
vn -0.66977929 0.74255495 -0.00280209
vn -0.66666971 0.74534395 -0.00372672
vn -0.67132198 0.74116452 -0.00139842
vn -0.66978076 0.74255659 -0.00185639
vn -0.66978126 0.74255714 0.00140105
vn -0.67132148 0.74116397 0.00185291
vn -0.66667170 0.74534618 0.00281263
vn -0.66977730 0.74255275 0.00371276
vn -0.66510673 0.74674698 0.00140896
vn -0.66667318 0.74534784 0.00186337
vn -0.65400266 0.75648988 -0.00189122
vn -0.65236089 0.75789901 -0.00378950
vn -0.65724827 0.75366472 -0.00376832
vn -0.65398512 0.75646959 -0.00756470
vn -0.65886272 0.75226085 -0.00188065
vn -0.65725177 0.75366873 0.00188417
vn -0.65885922 0.75225685 0.00376128
vn -0.65399915 0.75648583 0.00378243
vn -0.65723428 0.75364866 0.00753649
vn -0.65236440 0.75790309 0.00189476
vn -0.62135290 0.78352105 -0.00391761
vn -0.61952676 0.78495346 -0.00588715
vn -0.62494900 0.78062655 -0.00780627
vn -0.62131476 0.78347295 -0.01175209
vn -0.62675359 0.77920778 -0.00389604
vn -0.62495734 0.78063695 -0.00585478
vn -0.62496329 0.78064438 0.00390322
vn -0.62674764 0.77920039 0.00584400
vn -0.62133859 0.78350301 0.00783503
vn -0.62492520 0.78059682 0.01170895
vn -0.61953272 0.78496102 0.00392481
vn -0.62134694 0.78351353 0.00587635
vn -0.57323818 0.81936575 -0.00614524
vn -0.57114831 0.82080585 -0.00820806
vn -0.57733553 0.81641516 -0.01224623
vn -0.57317204 0.81927122 -0.01638542
vn -0.57941646 0.81500871 -0.00611257
vn -0.57735959 0.81644917 -0.00816449
vn -0.57736801 0.81646108 0.00612346
vn -0.57940804 0.81499687 0.00814997
vn -0.57320571 0.81931934 0.01228979
vn -0.57730187 0.81636755 0.01632735
vn -0.57115673 0.82081794 0.00615613
vn -0.57322976 0.81935371 0.00819354
vn -0.51353086 0.85802823 -0.00858028
vn -0.51113031 0.85943609 -0.01074295
vn -0.51821822 0.85507743 -0.01710155
vn -0.51343164 0.85786246 -0.02144656
vn -0.52062939 0.85374010 -0.00853740
vn -0.51826440 0.85515364 -0.01068942
vn -0.51827506 0.85517123 0.00855171
vn -0.52061872 0.85372260 0.01067153
vn -0.51347416 0.85793349 0.01715867
vn -0.51817560 0.85500711 0.02137518
vn -0.51114093 0.85945395 0.00859454
vn -0.51352022 0.85801046 0.01072513
vn -0.45081423 0.89254807 -0.01115685
vn -0.44811221 0.89387676 -0.01340815
vn -0.45607234 0.88966473 -0.02224162
vn -0.45068073 0.89228377 -0.02676851
vn -0.45881001 0.88846499 -0.01110581
vn -0.45614455 0.88980560 -0.01334708
vn -0.45615697 0.88982982 0.01112287
vn -0.45879756 0.88844088 0.01332661
vn -0.45073008 0.89238147 0.02230954
vn -0.45602271 0.88956792 0.02668704
vn -0.44812452 0.89390131 0.01117377
vn -0.45080188 0.89252363 0.01338785
vn -0.39776843 0.91738265 -0.01376074
vn -0.39483478 0.91861149 -0.01607570
vn -0.40345856 0.91458645 -0.02743759
vn -0.39760115 0.91699686 -0.03209489
vn -0.40645644 0.91356739 -0.01370351
vn -0.40355879 0.91481365 -0.01600924
vn -0.40357251 0.91484475 0.01372267
vn -0.40644266 0.91353642 0.01598689
vn -0.39765550 0.91712219 0.02751367
vn -0.40340373 0.91446216 0.03200618
vn -0.39484832 0.91864298 0.01377964
vn -0.39775483 0.91735128 0.01605365
vn -0.36724680 0.92998114 -0.01627467
vn -0.36419008 0.93113843 -0.01862277
vn -0.37314793 0.92720412 -0.03245214
vn -0.36704151 0.92946129 -0.03717845
vn -0.37630198 0.92635523 -0.01621122
vn -0.37328033 0.92753311 -0.01855066
vn -0.37329538 0.92757052 0.01623248
vn -0.37628684 0.92631797 0.01852636
vn -0.36710098 0.92961188 0.03253642
vn -0.37308780 0.92705470 0.03708219
vn -0.36420488 0.93117628 0.01629558
vn -0.36723191 0.92994344 0.01859887
vn 0.09948402 0.99484021 -0.01989680
vn 0.09942500 0.99424998 -0.03977000
vn 0.09948402 0.99484021 0.01989680
vn 0.09942500 0.99424998 0.03977000
vn 0.00000000 0.99980006 -0.01999600
vn 0.00000000 0.99920096 -0.03996804
vn -0.00000000 0.99980006 0.01999600
vn -0.00000000 0.99920096 0.03996804
vn -0.09948402 0.99484021 -0.01989680
vn -0.09942500 0.99424998 -0.03977000
vn -0.09948402 0.99484021 0.01989680
vn -0.09942500 0.99424998 0.03977000
vn 0.36723191 0.92994344 -0.01859887
vn 0.36420488 0.93117628 -0.01629558
vn 0.37308780 0.92705470 -0.03708219
vn 0.36710098 0.92961188 -0.03253642
vn 0.37628684 0.92631797 -0.01852636
vn 0.37329538 0.92757052 -0.01623248
vn 0.37328033 0.92753311 0.01855066
vn 0.37630198 0.92635523 0.01621122
vn 0.36704151 0.92946129 0.03717845
vn 0.37314793 0.92720412 0.03245214
vn 0.36419008 0.93113843 0.01862277
vn 0.36724680 0.92998114 0.01627467
vn 0.39775483 0.91735128 -0.01605365
vn 0.39484832 0.91864298 -0.01377964
vn 0.40340373 0.91446216 -0.03200618
vn 0.39765550 0.91712219 -0.02751367
vn 0.40644266 0.91353642 -0.01598689
vn 0.40357251 0.91484475 -0.01372267
vn 0.40355879 0.91481365 0.01600924
vn 0.40645644 0.91356739 0.01370351
vn 0.39760115 0.91699686 0.03209489
vn 0.40345856 0.91458645 0.02743759
vn 0.39483478 0.91861149 0.01607570
vn 0.39776843 0.91738265 0.01376074
vn 0.45080188 0.89252363 -0.01338785
vn 0.44812452 0.89390131 -0.01117377
vn 0.45602271 0.88956792 -0.02668704
vn 0.45073008 0.89238147 -0.02230954
vn 0.45879756 0.88844088 -0.01332661
vn 0.45615697 0.88982982 -0.01112287
vn 0.45614455 0.88980560 0.01334708
vn 0.45881001 0.88846499 0.01110581
vn 0.45068073 0.89228377 0.02676851
vn 0.45607234 0.88966473 0.02224162
vn 0.44811221 0.89387676 0.01340815
vn 0.45081423 0.89254807 0.01115685
vn 0.51352022 0.85801046 -0.01072513
vn 0.51114093 0.85945395 -0.00859454
vn 0.51817560 0.85500711 -0.02137518
vn 0.51347416 0.85793349 -0.01715867
vn 0.52061872 0.85372260 -0.01067153
vn 0.51827506 0.85517123 -0.00855171
vn 0.51826440 0.85515364 0.01068942
vn 0.52062939 0.85374010 0.00853740
vn 0.51343164 0.85786246 0.02144656
vn 0.51821822 0.85507743 0.01710155
vn 0.51113031 0.85943609 0.01074295
vn 0.51353086 0.85802823 0.00858028
vn 0.57322976 0.81935371 -0.00819354
vn 0.57115673 0.82081794 -0.00615613
vn 0.57730187 0.81636755 -0.01632735
vn 0.57320571 0.81931934 -0.01228979
vn 0.57940804 0.81499687 -0.00814997
vn 0.57736801 0.81646108 -0.00612346
vn 0.57735959 0.81644917 0.00816449
vn 0.57941646 0.81500871 0.00611257
vn 0.57317204 0.81927122 0.01638542
vn 0.57733553 0.81641516 0.01224623
vn 0.57114831 0.82080585 0.00820806
vn 0.57323818 0.81936575 0.00614524
vn 0.62134694 0.78351353 -0.00587635
vn 0.61953272 0.78496102 -0.00392481
vn 0.62492520 0.78059682 -0.01170895
vn 0.62133859 0.78350301 -0.00783503
vn 0.62674764 0.77920039 -0.00584400
vn 0.62496329 0.78064438 -0.00390322
vn 0.62495734 0.78063695 0.00585478
vn 0.62675359 0.77920778 0.00389604
vn 0.62131476 0.78347295 0.01175209
vn 0.62494900 0.78062655 0.00780627
vn 0.61952676 0.78495346 0.00588715
vn 0.62135290 0.78352105 0.00391761
vn 0.65399915 0.75648583 -0.00378243
vn 0.65236440 0.75790309 -0.00189476
vn 0.65723428 0.75364866 -0.00753649
vn 0.65885922 0.75225685 -0.00376128
vn 0.65725177 0.75366873 -0.00188417
vn 0.65724827 0.75366472 0.00376832
vn 0.65886272 0.75226085 0.00188065
vn 0.65398512 0.75646959 0.00756470
vn 0.65236089 0.75789901 0.00378950
vn 0.65400266 0.75648988 0.00189122
vn 0.66667318 0.74534784 -0.00186337
vn 0.66510673 0.74674698 -0.00140896
vn 0.66977730 0.74255275 -0.00371276
vn 0.66667170 0.74534618 -0.00281263
vn 0.67132148 0.74116397 -0.00185291
vn 0.66978126 0.74255714 -0.00140105
vn 0.66978076 0.74255659 0.00185639
vn 0.67132198 0.74116452 0.00139842
vn 0.66666971 0.74534395 0.00372672
vn 0.66977929 0.74255495 0.00280209
vn 0.66510623 0.74674642 0.00186687
vn 0.66667368 0.74534839 0.00140632
vn 0.67144413 0.74105386 -0.00139821
vn 0.66990476 0.74244705 0.00000000
vn 0.67449631 0.73827296 -0.00278594
vn 0.67144478 0.74105459 0.00000000
vn 0.67601249 0.73688885 -0.00139036
vn 0.67449893 0.73827582 0.00000000
vn 0.67449828 0.73827511 0.00139297
vn 0.67601314 0.73688957 0.00000000
vn 0.67144216 0.74105169 0.00279642
vn 0.66990410 0.74244632 0.00140084
vn 0.00000000 0.08963770 0.99597444
vn -0.00332430 0.08864788 0.99605748
vn -0.02927003 0.78053424 0.62442739
vn -0.03747366 0.99929762 0.00000000
vn -0.02927003 0.78053424 -0.62442739
vn -0.00336139 0.08963719 -0.99596881
vn 0.00000000 0.08864837 -0.99606298
vn -0.59848497 0.07101923 0.79797996
vn -0.60019979 0.07038747 0.79674702
vn -0.44564010 0.69904329 0.55923463
vn -0.44564010 0.69904329 -0.55923463
vn -0.60019018 0.07090605 -0.79670828
vn -0.59850711 0.07049900 -0.79800948
vn 0.00000000 0.08800082 0.99612040
vn -0.00300370 0.08009859 0.99678242
vn -0.00330001 0.08800034 -0.99611498
vn 0.00000000 0.08009895 -0.99678692
vn -0.00000000 0.08009895 0.99678692
vn -0.00000000 0.78086881 0.62469505
vn -0.00000000 1.00000000 0.00000000
vn 0.00000000 0.78086881 -0.62469505
vn 0.00319624 0.08378411 0.99647880
vn 0.02977574 0.78052258 0.62441806
vn 0.03812074 0.99927314 0.00000000
vn 0.02977574 0.78052258 -0.62441806
vn 0.00305564 0.08009857 -0.99678226
vn 0.00000000 0.08378453 -0.99648389
vn 0.00000000 0.08378453 0.99648389
vn 0.00876396 0.09434564 0.99550093
vn 0.07234645 0.77882259 0.62305807
vn 0.09249388 0.99571325 0.00000000
vn 0.07234645 0.77882259 -0.62305807
vn 0.00778268 0.08378200 -0.99645372
vn 0.00000000 0.09434927 -0.99553916
vn 0.00000000 0.09434927 0.99553916
vn 0.01023971 0.10929499 0.99395662
vn 0.07296363 0.77878748 0.62302999
vn 0.09328027 0.99563989 0.00000000
vn 0.07296363 0.77878748 -0.62302999
vn 0.00883912 0.09434558 -0.99550027
vn 0.00000000 0.10930072 -0.99400873
vn 0.00000000 0.10930072 0.99400873
vn 0.00443503 0.11625699 0.99320926
vn 0.00416962 0.10929977 -0.99400009
vn 0.00000000 0.11625813 -0.99321903
vn 0.00000000 0.11625813 0.99321903
vn -0.00416962 0.10929977 0.99400009
vn -0.02977574 0.78052258 0.62441806
vn -0.03812074 0.99927314 0.00000000
vn -0.02977574 0.78052258 -0.62441806
vn -0.00443503 0.11625699 -0.99320926
vn -0.00883912 0.09434558 0.99550027
vn -0.07296363 0.77878748 0.62302999
vn -0.09328027 0.99563989 0.00000000
vn -0.07296363 0.77878748 -0.62302999
vn -0.01023971 0.10929499 -0.99395662
vn -0.00778268 0.08378200 0.99645372
vn -0.07234645 0.77882259 0.62305807
vn -0.09249388 0.99571325 0.00000000
vn -0.07234645 0.77882259 -0.62305807
vn -0.00876396 0.09434564 -0.99550093
vn -0.00305564 0.08009857 0.99678226
vn -0.00319624 0.08378411 -0.99647880
vn 0.00330001 0.08800034 0.99611498
vn 0.02927003 0.78053424 0.62442739
vn 0.03747366 0.99929762 0.00000000
vn 0.02927003 0.78053424 -0.62442739
vn 0.00300370 0.08009859 -0.99678242
vn 0.00000000 0.08800082 -0.99612040
vn 0.59850711 0.07049900 0.79800948
vn 0.60019018 0.07090605 0.79670828
vn 0.44564010 0.69904329 0.55923463
vn 0.44564010 0.69904329 -0.55923463
vn 0.60019979 0.07038747 -0.79674702
vn 0.59848497 0.07101923 -0.79797996
vn 0.00000000 0.08864837 0.99606298
vn 0.00336139 0.08963719 0.99596881
vn 0.00332430 0.08864788 -0.99605748
vn 0.00000000 0.08963770 -0.99597444
vn -1.00000000 -0.00000000 0.00000000
vn 1.00000000 0.00000000 0.00000000
vn 0.70710678 0.00000000 -0.70710678
vn 0.70710678 0.00000000 0.70710678
vn -0.70710678 0.00000000 0.70710678
vn -0.70710678 0.00000000 -0.70710678
vn 0.37708674 -0.92617795 0.00000000
vn 0.72353574 -0.69028692 0.00000000
vn -0.18589167 0.98257025 0.00000000
vn -0.20695859 0.97834970 0.00000000
vn 0.95105652 0.00000000 0.30901699
vn 0.58778525 0.00000000 0.80901699
vn -0.58778525 0.00000000 0.80901699
vn -0.95105652 0.00000000 0.30901699
vn -0.95105652 0.00000000 -0.30901699
vn -0.58778525 0.00000000 -0.80901699
vn 0.58778525 0.00000000 -0.80901699
vn 0.95105652 0.00000000 -0.30901699
vn 0.96592583 0.00000000 0.25881905
vn 0.25881905 0.00000000 0.96592583
vn -0.25881905 0.00000000 0.96592583
vn -0.96592583 0.00000000 0.25881905
vn -0.96592583 0.00000000 -0.25881905
vn -0.25881905 0.00000000 -0.96592583
vn 0.25881905 0.00000000 -0.96592583
vn 0.96592583 0.00000000 -0.25881905
vn 0.86602540 0.00000000 0.50000000
vn -0.86602540 0.00000000 0.50000000
vn -0.86602540 0.00000000 -0.50000000
vn 0.86602540 0.00000000 -0.50000000
vn 0.82987070 -0.02256954 -0.55749910
vn 0.94139280 0.15465414 -0.29976939
vn 0.55286440 -0.75833983 -0.34534281
vn 0.21474500 -0.83270942 -0.51037202
vn -0.38140167 -0.92335244 -0.04419317
vn -0.60883473 -0.79210139 0.04353912
vn -0.94426104 -0.14992983 0.29307359
vn -0.83645246 0.02636692 0.54740485
vn -0.55837499 0.76108241 0.33010747
vn -0.21456292 0.83185471 0.51184030
vn 0.38042659 0.92359089 0.04749184
vn 0.60567478 0.79461380 -0.04179674
vn 0.38145543 0.01624689 -0.92424445
vn -0.07696492 -0.79864470 -0.59686099
vn -0.46768681 -0.82411526 0.31953575
vn -0.38665941 -0.01561563 0.92209037
vn 0.07114608 0.79765712 0.59890012
vn 0.45428394 0.83032212 -0.32278673
vn -0.15202698 0.02020972 -0.98816970
vn -0.08795545 -0.84248439 -0.53149213
vn 0.06201367 -0.88820796 0.45523721
vn 0.13963151 -0.02039239 0.98999353
vn 0.07120656 0.84423206 0.53122675
vn -0.07910354 0.88650922 -0.45589915
vn -0.64585633 -0.00209221 -0.76345610
vn -0.07945907 -0.78574875 -0.61342086
vn 0.55960549 -0.81914171 0.12589104
vn 0.62631926 -0.01036021 0.77949782
vn 0.04802623 0.77336215 0.63214276
vn -0.58102022 0.80457147 -0.12280169
vn -0.99549658 -0.02938325 -0.09012866
vn -0.39107873 -0.82707907 -0.40372967
vn 0.53593062 -0.78702283 -0.30557069
vn 0.99619124 0.01416903 0.08603629
vn 0.37872770 0.83023329 0.40899634
vn -0.54747220 0.78078120 0.30108953
vn -0.73278527 -0.01749243 0.68023508
vn -0.24941251 -0.90155630 0.35353874
vn 0.46735543 -0.81722676 -0.33722296
vn 0.69998556 0.00610271 -0.71413092
vn 0.19163966 0.90562712 -0.37830379
vn -0.51098312 0.80253017 0.30796360
vn -0.37077982 0.01938099 0.92851855
vn 0.19762752 -0.73389004 0.64988366
vn 0.58093977 -0.75928484 -0.29324992
vn 0.36683764 -0.01632562 -0.93014172
vn -0.19231333 0.73428753 -0.65102796
vn -0.57079181 0.76675638 0.29373689
vn -0.67440493 0.00332895 0.73835419
vn -0.03565561 -0.82071901 0.57021836
vn 0.61262785 -0.77697528 -0.14490178
vn 0.68493274 0.02639209 -0.72812814
vn 0.04972363 0.82088008 -0.56893185
vn -0.58687984 0.79580699 0.14920885
vn -0.99718850 -0.07335081 -0.01532138
vn -0.39894542 -0.91351873 -0.07953671
vn 0.56817983 -0.81341680 -0.12459851
vn 0.99677544 0.06175989 -0.05122924
vn 0.40606619 0.91324396 0.03310152
vn -0.57035240 0.81910980 0.06129662
vn -0.73584706 -0.04737829 -0.67548827
vn -0.01524125 -0.78342047 -0.62130514
vn 0.69772888 -0.71405076 0.05749722
vn 0.72501624 0.03856749 0.68765108
vn 0.00010133 0.77679355 0.62975533
vn -0.71376014 0.69818503 -0.05553498
vn -0.33177750 0.04539592 -0.94226477
vn 0.21532190 -0.72774787 -0.65116781
vn 0.55357009 -0.78109213 0.28888621
vn 0.31946647 -0.05125341 0.94621048
vn -0.24643521 0.71136342 0.65820344
vn -0.56644904 0.77248513 -0.28705785
vn -0.64440959 -0.03477141 -0.76388954
vn -0.28932606 -0.91077774 -0.29457484
vn 0.34092503 -0.82589514 0.44907388
vn 0.64620103 0.03653787 0.76229208
vn 0.29521118 0.91178102 0.28549209
vn -0.31496779 0.82939441 -0.46141109
vn -0.99728564 -0.05627126 0.04748585
vn -0.39437595 -0.76911294 0.50292435
vn 0.58603689 -0.67625626 0.44636110
vn 0.99694454 0.05706736 -0.05333766
vn 0.40571974 0.75939999 -0.50862870
vn -0.57291192 0.68758308 -0.44609578
vn -0.60177992 0.04833772 0.79719784
vn 0.01139102 -0.71154218 0.70255104
vn 0.62468383 -0.77530630 -0.09311417
vn 0.60164128 -0.05323193 -0.79699067
vn -0.00156050 0.70869043 -0.70551785
vn -0.61727076 0.78140565 0.09155339
vn -0.06613754 0.02407676 0.99751999
vn 0.05973012 -0.83691592 0.54406254
vn 0.12643887 -0.88690796 -0.44430563
vn 0.07765951 -0.02541455 -0.99665596
vn -0.04727859 0.83730518 -0.54468777
vn -0.11847837 0.88674258 0.44682264
vn 0.42402392 -0.00283969 0.90564654
vn 0.02303891 -0.83798826 0.54520169
vn -0.39954254 -0.85270153 -0.33654993
vn -0.42000602 0.00218636 -0.90751868
vn -0.01163725 0.83582921 -0.54886619
vn 0.40290626 0.84999043 0.33938594
vn 0.80672197 -0.00306346 0.59092324
vn 0.24600876 -0.85130427 0.46342285
vn -0.55030807 -0.82672544 -0.11698745
vn -0.81490635 0.00754926 -0.57954348
vn -0.25119673 0.85941939 -0.44530722
vn 0.54067976 0.83091422 0.13132767
vn 0.90565225 -0.20707063 0.37002128
vn 0.23392894 -0.93337935 0.27217686
vn -0.68718914 -0.72073072 -0.09120474
vn -0.91649236 0.21308702 -0.33857891
vn -0.24019068 0.93780159 -0.25067233
vn 0.68419901 0.72172585 0.10480228
vn 0.32183934 -0.17879963 0.92975810
vn 0.32183934 -0.17879963 -0.92975810
vn -0.37708674 -0.92617795 0.00000000
vn -0.72353574 -0.69028692 0.00000000
vn 0.18589167 0.98257025 0.00000000
vn 0.20695859 0.97834970 0.00000000
vn 0.81490635 0.00754926 0.57954348
vn 0.91649236 0.21308702 0.33857891
vn 0.68718914 -0.72073072 0.09120474
vn 0.55030807 -0.82672544 0.11698745
vn -0.23392894 -0.93337935 -0.27217686
vn -0.24600876 -0.85130427 -0.46342285
vn -0.90565225 -0.20707063 -0.37002128
vn -0.80672197 -0.00306346 -0.59092324
vn -0.68419901 0.72172585 -0.10480228
vn -0.54067976 0.83091422 -0.13132767
vn 0.24019068 0.93780159 0.25067233
vn 0.25119673 0.85941939 0.44530722
vn 0.42000602 0.00218636 0.90751868
vn 0.39954254 -0.85270153 0.33654993
vn -0.02303891 -0.83798826 -0.54520169
vn -0.42402392 -0.00283969 -0.90564654
vn -0.40290626 0.84999043 -0.33938594
vn 0.01163725 0.83582921 0.54886619
vn -0.07765951 -0.02541455 0.99665596
vn -0.12643887 -0.88690796 0.44430563
vn -0.05973012 -0.83691592 -0.54406254
vn 0.06613754 0.02407676 -0.99751999
vn 0.11847837 0.88674258 -0.44682264
vn 0.04727859 0.83730518 0.54468777
vn -0.60164128 -0.05323193 0.79699067
vn -0.62468383 -0.77530630 0.09311417
vn -0.01139102 -0.71154218 -0.70255104
vn 0.60177992 0.04833772 -0.79719784
vn 0.61727076 0.78140565 -0.09155339
vn 0.00156050 0.70869043 0.70551785
vn -0.99694454 0.05706736 0.05333766
vn -0.58603689 -0.67625626 -0.44636110
vn 0.39437595 -0.76911294 -0.50292435
vn 0.99728564 -0.05627126 -0.04748585
vn 0.57291192 0.68758308 0.44609578
vn -0.40571974 0.75939999 0.50862870
vn -0.64620103 0.03653787 -0.76229208
vn -0.34092503 -0.82589514 -0.44907388
vn 0.28932606 -0.91077774 0.29457484
vn 0.64440959 -0.03477141 0.76388954
vn 0.31496779 0.82939441 0.46141109
vn -0.29521118 0.91178102 -0.28549209
vn -0.31946647 -0.05125341 -0.94621048
vn -0.55357009 -0.78109213 -0.28888621
vn -0.21532190 -0.72774787 0.65116781
vn 0.33177750 0.04539592 0.94226477
vn 0.56644904 0.77248513 0.28705785
vn 0.24643521 0.71136342 -0.65820344
vn -0.72501624 0.03856749 -0.68765108
vn -0.69772888 -0.71405076 -0.05749722
vn 0.01524125 -0.78342047 0.62130514
vn 0.73584706 -0.04737829 0.67548827
vn 0.71376014 0.69818503 0.05553498
vn -0.00010133 0.77679355 -0.62975533
vn -0.99677544 0.06175989 0.05122924
vn -0.56817983 -0.81341680 0.12459851
vn 0.39894542 -0.91351873 0.07953671
vn 0.99718850 -0.07335081 0.01532138
vn 0.57035240 0.81910980 -0.06129662
vn -0.40606619 0.91324396 -0.03310152
vn -0.68493274 0.02639209 0.72812814
vn -0.61262785 -0.77697528 0.14490178
vn 0.03565561 -0.82071901 -0.57021836
vn 0.67440493 0.00332895 -0.73835419
vn 0.58687984 0.79580699 -0.14920885
vn -0.04972363 0.82088008 0.56893185
vn -0.36683764 -0.01632562 0.93014172
vn -0.58093977 -0.75928484 0.29324992
vn -0.19762752 -0.73389004 -0.64988366
vn 0.37077982 0.01938099 -0.92851855
vn 0.57079181 0.76675638 -0.29373689
vn 0.19231333 0.73428753 0.65102796
vn -0.69998556 0.00610271 0.71413092
vn -0.46735543 -0.81722676 0.33722296
vn 0.24941251 -0.90155630 -0.35353874
vn 0.73278527 -0.01749243 -0.68023508
vn 0.51098312 0.80253017 -0.30796360
vn -0.19163966 0.90562712 0.37830379
vn -0.99619124 0.01416903 -0.08603629
vn -0.53593062 -0.78702283 0.30557069
vn 0.39107873 -0.82707907 0.40372967
vn 0.99549658 -0.02938325 0.09012866
vn 0.54747220 0.78078120 -0.30108953
vn -0.37872770 0.83023329 -0.40899634
vn -0.62631926 -0.01036021 -0.77949782
vn -0.55960549 -0.81914171 -0.12589104
vn 0.07945907 -0.78574875 0.61342086
vn 0.64585633 -0.00209221 0.76345610
vn 0.58102022 0.80457147 0.12280169
vn -0.04802623 0.77336215 -0.63214276
vn -0.13963151 -0.02039239 -0.98999353
vn -0.06201367 -0.88820796 -0.45523721
vn 0.08795545 -0.84248439 0.53149213
vn 0.15202698 0.02020972 0.98816970
vn 0.07910354 0.88650922 0.45589915
vn -0.07120656 0.84423206 -0.53122675
vn 0.38665941 -0.01561563 -0.92209037
vn 0.46768681 -0.82411526 -0.31953575
vn 0.07696492 -0.79864470 0.59686099
vn -0.38145543 0.01624689 0.92424445
vn -0.45428394 0.83032212 0.32278673
vn -0.07114608 0.79765712 -0.59890012
vn 0.83645246 0.02636692 -0.54740485
vn 0.60883473 -0.79210139 -0.04353912
vn -0.21474500 -0.83270942 0.51037202
vn -0.82987070 -0.02256954 0.55749910
vn -0.60567478 0.79461380 0.04179674
vn 0.21456292 0.83185471 -0.51184030
vn 0.94426104 -0.14992983 -0.29307359
vn 0.38140167 -0.92335244 0.04419317
vn -0.55286440 -0.75833983 0.34534281
vn -0.94139280 0.15465414 0.29976939
vn -0.38042659 0.92359089 -0.04749184
vn 0.55837499 0.76108241 -0.33010747
vn -0.32183934 -0.17879963 0.92975810
vn -0.32183934 -0.17879963 -0.92975810
vn 0.64018440 0.76822128 0.00000000
vn 0.27805808 0.96056426 0.00000000
vn 0.58123819 0.81373347 0.00000000
vn 0.96476382 0.26311741 0.00000000
vn 0.94868330 -0.31622777 0.00000000
vn 0.39391930 -0.91914503 0.00000000
vn 0.70710678 -0.70710678 0.00000000
vn 0.99227788 -0.12403473 0.00000000
vn 0.94868330 0.31622777 0.00000000
vn 0.58072468 0.81410002 0.00000000
vn -0.58072468 0.81410002 0.00000000
vn -0.94868330 0.31622777 0.00000000
vn -0.99227788 -0.12403473 0.00000000
vn -0.70710678 -0.70710678 0.00000000
vn -0.39391930 -0.91914503 0.00000000
vn -0.94868330 -0.31622777 0.00000000
vn -0.96476382 0.26311741 0.00000000
vn -0.58123819 0.81373347 0.00000000
vn -0.27805808 0.96056426 0.00000000
vn -0.64018440 0.76822128 0.00000000
g ballast
usemtl mat
f 1/1/1 2/2/1 3/3/1
f 3/3/2 4/4/2 1/1/2
f 2/2/3 5/5/3 6/6/3
f 6/6/4 3/3/4 2/2/4
f 5/5/5 7/7/5 8/8/5
f 8/8/6 6/6/6 5/5/6
f 7/7/3 9/9/3 10/10/3
f 10/10/7 8/8/7 7/7/7
f 9/9/1 11/11/1 12/12/1
f 12/12/8 10/10/8 9/9/8
f 11/11/9 13/13/9 14/14/9
f 14/14/10 12/12/10 11/11/10
f 1/15/11 4/16/11 15/17/11
f 16/17/12 14/16/12 13/15/12
f 1/18/13 15/4/13 16/14/13 13/19/13
f 4/18/14 3/20/14 17/21/14
f 17/21/15 18/22/15 4/18/15
f 3/20/16 6/23/16 19/24/16
f 19/24/17 17/21/17 3/20/17
f 6/23/18 8/25/18 20/26/18
f 20/26/19 19/24/19 6/23/19
f 8/25/20 10/27/20 21/28/20
f 21/28/21 20/26/21 8/25/21
f 10/27/22 12/29/22 22/30/22
f 22/30/23 21/28/23 10/27/23
f 12/29/24 14/19/24 23/31/24
f 23/31/25 22/30/25 12/29/25
f 4/32/11 18/33/11 24/34/11 15/35/11
f 16/35/12 25/34/12 23/33/12 14/32/12
f 15/18/13 24/4/13 25/14/13 16/19/13
f 18/22/26 17/21/26 26/36/26
f 26/36/27 27/37/27 18/22/27
f 17/21/28 19/24/28 28/38/28
f 28/38/29 26/36/29 17/21/29
f 19/24/30 20/26/30 29/39/30
f 29/39/28 28/38/28 19/24/28
f 20/26/31 21/28/31 30/40/31
f 30/40/32 29/39/32 20/26/32
f 21/28/33 22/30/33 31/41/33
f 31/41/34 30/40/34 21/28/34
f 22/30/35 23/31/35 32/42/35
f 32/42/33 31/41/33 22/30/33
f 18/33/11 27/43/11 33/44/11 24/34/11
f 25/34/12 34/44/12 32/43/12 23/33/12
f 24/18/13 33/4/13 34/14/13 25/19/13
f 27/37/36 26/36/36 35/45/36
f 35/45/37 36/46/37 27/37/37
f 26/36/38 28/38/38 37/47/38
f 37/47/39 35/45/39 26/36/39
f 28/38/40 29/39/40 38/48/40
f 38/48/41 37/47/41 28/38/41
f 29/39/42 30/40/42 39/49/42
f 39/49/43 38/48/43 29/39/43
f 30/40/44 31/41/44 40/50/44
f 40/50/45 39/49/45 30/40/45
f 31/41/46 32/42/46 41/51/46
f 41/51/47 40/50/47 31/41/47
f 27/43/11 36/52/11 42/53/11 33/44/11
f 34/44/12 43/53/12 41/52/12 32/43/12
f 33/18/13 42/4/13 43/14/13 34/19/13
f 36/46/48 35/45/48 44/54/48
f 44/54/49 45/55/49 36/46/49
f 35/45/50 37/47/50 46/56/50
f 46/56/51 44/54/51 35/45/51
f 37/47/52 38/48/52 47/57/52
f 47/57/53 46/56/53 37/47/53
f 38/48/54 39/49/54 48/58/54
f 48/58/55 47/57/55 38/48/55
f 39/49/56 40/50/56 49/59/56
f 49/59/57 48/58/57 39/49/57
f 40/50/58 41/51/58 50/60/58
f 50/60/59 49/59/59 40/50/59
f 36/52/11 45/61/11 51/62/11 42/53/11
f 43/53/12 52/62/12 50/61/12 41/52/12
f 42/18/13 51/4/13 52/14/13 43/19/13
f 45/55/60 44/54/60 53/63/60
f 53/63/61 54/64/61 45/55/61
f 44/54/62 46/56/62 55/65/62
f 55/65/63 53/63/63 44/54/63
f 46/56/64 47/57/64 56/66/64
f 56/66/65 55/65/65 46/56/65
f 47/57/66 48/58/66 57/67/66
f 57/67/67 56/66/67 47/57/67
f 48/58/68 49/59/68 58/68/68
f 58/68/69 57/67/69 48/58/69
f 49/59/70 50/60/70 59/69/70
f 59/69/71 58/68/71 49/59/71
f 45/61/11 54/70/11 60/71/11 51/62/11
f 52/62/12 61/71/12 59/70/12 50/61/12
f 51/18/13 60/4/13 61/14/13 52/19/13
f 54/64/72 53/63/72 62/72/72
f 62/72/73 63/73/73 54/64/73
f 53/63/74 55/65/74 64/74/74
f 64/74/75 62/72/75 53/63/75
f 55/65/76 56/66/76 65/75/76
f 65/75/77 64/74/77 55/65/77
f 56/66/78 57/67/78 66/76/78
f 66/76/79 65/75/79 56/66/79
f 57/67/80 58/68/80 67/77/80
f 67/77/81 66/76/81 57/67/81
f 58/68/82 59/69/82 68/78/82
f 68/78/83 67/77/83 58/68/83
f 54/70/11 63/79/11 69/80/11 60/71/11
f 61/71/12 70/80/12 68/79/12 59/70/12
f 60/18/13 69/4/13 70/14/13 61/19/13
f 63/73/84 62/72/84 71/81/84
f 71/81/85 72/82/85 63/73/85
f 62/72/86 64/74/86 73/83/86
f 73/83/87 71/81/87 62/72/87
f 64/74/88 65/75/88 74/84/88
f 74/84/89 73/83/89 64/74/89
f 65/75/90 66/76/90 75/85/90
f 75/85/91 74/84/91 65/75/91
f 66/76/92 67/77/92 76/86/92
f 76/86/93 75/85/93 66/76/93
f 67/77/94 68/78/94 77/87/94
f 77/87/95 76/86/95 67/77/95
f 69/80/11 63/79/11 78/88/11
f 69/80/11 78/88/11 79/87/11
f 79/87/11 80/89/11 69/80/11
f 78/90/11 72/91/11 79/82/11
f 68/79/12 70/80/12 81/89/12
f 68/79/12 81/89/12 82/87/12
f 82/87/12 83/88/12 68/79/12
f 82/82/12 77/91/12 83/90/12
f 69/18/13 80/4/13 81/14/13 70/19/13
f 72/82/96 71/81/96 84/92/96
f 84/92/97 85/93/97 72/82/97
f 71/81/98 73/83/98 86/94/98
f 86/94/99 84/92/99 71/81/99
f 73/83/100 74/84/100 87/95/100
f 87/95/101 86/94/101 73/83/101
f 74/84/102 75/85/102 88/96/102
f 88/96/103 87/95/103 74/84/103
f 75/85/104 76/86/104 89/97/104
f 89/97/105 88/96/105 75/85/105
f 76/86/106 77/87/106 90/98/106
f 90/98/107 89/97/107 76/86/107
f 79/87/11 91/98/11 92/99/11 80/89/11
f 79/82/11 72/91/11 85/100/11 91/93/11
f 81/89/12 93/99/12 94/98/12 82/87/12
f 94/93/12 90/100/12 77/91/12 82/82/12
f 80/18/13 92/4/13 93/14/13 81/19/13
f 84/92/108 95/3/108 96/4/108 85/93/108
f 86/94/109 97/6/109 95/3/109 84/92/109
f 87/95/108 98/8/108 97/6/108 86/94/108
f 88/96/110 99/10/110 98/8/110 87/95/110
f 89/97/111 100/12/111 99/10/111 88/96/111
f 90/98/110 101/14/110 100/12/110 89/97/110
f 91/98/11 102/14/11 103/17/11 92/99/11
f 91/93/11 85/100/11 96/101/11 102/4/11
f 93/99/12 104/17/12 105/14/12 94/98/12
f 105/4/12 101/101/12 90/100/12 94/93/12
f 92/18/13 103/4/13 104/14/13 93/19/13
f 95/20/112 106/3/112 107/4/112 96/18/112
f 97/23/113 108/6/113 106/3/113 95/20/113
f 98/25/112 109/8/112 108/6/112 97/23/112
f 99/27/114 110/10/114 109/8/114 98/25/114
f 100/29/115 111/12/115 110/10/115 99/27/115
f 101/19/114 112/14/114 111/12/114 100/29/114
f 102/19/11 113/14/11 114/17/11 103/35/11
f 102/18/11 96/102/11 107/101/11 113/4/11
f 104/35/12 115/17/12 116/14/12 105/19/12
f 116/4/12 112/101/12 101/102/12 105/18/12
f 103/18/13 114/4/13 115/14/13 104/19/13
f 106/20/112 117/3/112 118/4/112 107/18/112
f 108/23/113 119/6/113 117/3/113 106/20/113
f 109/25/112 120/8/112 119/6/112 108/23/112
f 110/27/114 121/10/114 120/8/114 109/25/114
f 111/29/115 122/12/115 121/10/115 110/27/115
f 112/19/114 123/14/114 122/12/114 111/29/114
f 113/19/11 124/14/11 125/17/11 114/35/11
f 113/18/11 107/102/11 118/101/11 124/4/11
f 115/35/12 126/17/12 127/14/12 116/19/12
f 127/4/12 123/101/12 112/102/12 116/18/12
f 114/18/13 125/4/13 126/14/13 115/19/13
f 117/20/112 128/3/112 129/4/112 118/18/112
f 119/23/113 130/6/113 128/3/113 117/20/113
f 120/25/112 131/8/112 130/6/112 119/23/112
f 121/27/114 132/10/114 131/8/114 120/25/114
f 122/29/115 133/12/115 132/10/115 121/27/115
f 123/19/114 134/14/114 133/12/114 122/29/114
f 124/19/11 135/14/11 136/17/11 125/35/11
f 124/18/11 118/102/11 129/101/11 135/4/11
f 126/35/12 137/17/12 138/14/12 127/19/12
f 138/4/12 134/101/12 123/102/12 127/18/12
f 125/18/13 136/4/13 137/14/13 126/19/13
f 128/20/112 139/3/112 140/4/112 129/18/112
f 130/23/113 141/6/113 139/3/113 128/20/113
f 131/25/112 142/8/112 141/6/112 130/23/112
f 132/27/114 143/10/114 142/8/114 131/25/114
f 133/29/115 144/12/115 143/10/115 132/27/115
f 134/19/114 145/14/114 144/12/114 133/29/114
f 135/19/11 146/14/11 147/17/11 136/35/11
f 135/18/11 129/102/11 140/101/11 146/4/11
f 137/35/12 148/17/12 149/14/12 138/19/12
f 149/4/12 145/101/12 134/102/12 138/18/12
f 136/18/13 147/4/13 148/14/13 137/19/13
f 139/20/116 150/103/116 151/104/116 140/18/116
f 141/23/117 152/105/117 150/103/117 139/20/117
f 142/25/116 153/106/116 152/105/116 141/23/116
f 143/27/118 154/107/118 153/106/118 142/25/118
f 144/29/119 155/108/119 154/107/119 143/27/119
f 145/19/118 156/109/118 155/108/118 144/29/118
f 146/19/11 157/109/11 158/110/11 147/35/11
f 146/18/11 140/102/11 151/111/11 157/104/11
f 148/35/12 159/110/12 160/109/12 149/19/12
f 160/104/12 156/111/12 145/102/12 149/18/12
f 147/18/13 158/4/13 159/14/13 148/19/13
f 151/104/120 150/103/120 161/112/120
f 161/112/121 162/113/121 151/104/121
f 150/103/122 152/105/122 163/114/122
f 163/114/123 161/112/123 150/103/123
f 152/105/124 153/106/124 164/115/124
f 164/115/125 163/114/125 152/105/125
f 153/106/126 154/107/126 165/116/126
f 165/116/127 164/115/127 153/106/127
f 154/107/128 155/108/128 166/117/128
f 166/117/129 165/116/129 154/107/129
f 155/108/130 156/109/130 167/118/130
f 167/118/131 166/117/131 155/108/131
f 157/109/11 168/118/11 169/119/11 158/110/11
f 157/104/11 151/111/11 162/120/11 168/113/11
f 159/110/12 170/119/12 171/118/12 160/109/12
f 171/113/12 167/120/12 156/111/12 160/104/12
f 158/18/13 169/4/13 170/14/13 159/19/13
f 162/113/132 161/112/132 172/121/132
f 172/121/133 173/122/133 162/113/133
f 161/112/134 163/114/134 174/123/134
f 174/123/135 172/121/135 161/112/135
f 163/114/136 164/115/136 175/124/136
f 175/124/137 174/123/137 163/114/137
f 164/115/138 165/116/138 176/125/138
f 176/125/139 175/124/139 164/115/139
f 165/116/140 166/117/140 177/126/140
f 177/126/141 176/125/141 165/116/141
f 166/117/142 167/118/142 178/127/142
f 178/127/143 177/126/143 166/117/143
f 169/119/11 168/118/11 179/128/11
f 169/119/11 179/128/11 173/129/11
f 173/129/11 180/130/11 169/119/11
f 168/113/11 162/120/11 179/131/11
f 171/118/12 170/119/12 181/130/12
f 171/118/12 181/130/12 178/129/12
f 178/129/12 182/128/12 171/118/12
f 182/131/12 167/120/12 171/113/12
f 169/18/13 180/4/13 181/14/13 170/19/13
f 173/122/144 172/121/144 183/132/144
f 183/132/145 184/133/145 173/122/145
f 172/121/146 174/123/146 185/134/146
f 185/134/147 183/132/147 172/121/147
f 174/123/148 175/124/148 186/135/148
f 186/135/149 185/134/149 174/123/149
f 175/124/150 176/125/150 187/136/150
f 187/136/151 186/135/151 175/124/151
f 176/125/152 177/126/152 188/137/152
f 188/137/153 187/136/153 176/125/153
f 177/126/154 178/127/154 189/138/154
f 189/138/155 188/137/155 177/126/155
f 173/129/11 184/139/11 190/140/11 180/130/11
f 181/130/12 191/140/12 189/139/12 178/129/12
f 180/18/13 190/4/13 191/14/13 181/19/13
f 184/133/156 183/132/156 192/141/156
f 192/141/157 193/142/157 184/133/157
f 183/132/158 185/134/158 194/143/158
f 194/143/159 192/141/159 183/132/159
f 185/134/160 186/135/160 195/144/160
f 195/144/161 194/143/161 185/134/161
f 186/135/162 187/136/162 196/145/162
f 196/145/163 195/144/163 186/135/163
f 187/136/164 188/137/164 197/146/164
f 197/146/165 196/145/165 187/136/165
f 188/137/166 189/138/166 198/147/166
f 198/147/167 197/146/167 188/137/167
f 184/139/11 193/148/11 199/149/11 190/140/11
f 191/140/12 200/149/12 198/148/12 189/139/12
f 190/18/13 199/4/13 200/14/13 191/19/13
f 193/142/168 192/141/168 201/150/168
f 201/150/169 202/151/169 193/142/169
f 192/141/170 194/143/170 203/152/170
f 203/152/171 201/150/171 192/141/171
f 194/143/172 195/144/172 204/153/172
f 204/153/173 203/152/173 194/143/173
f 195/144/174 196/145/174 205/154/174
f 205/154/175 204/153/175 195/144/175
f 196/145/176 197/146/176 206/155/176
f 206/155/177 205/154/177 196/145/177
f 197/146/178 198/147/178 207/156/178
f 207/156/179 206/155/179 197/146/179
f 193/148/11 202/157/11 208/158/11 199/149/11
f 200/149/12 209/158/12 207/157/12 198/148/12
f 199/18/13 208/4/13 209/14/13 200/19/13
f 202/151/180 201/150/180 210/159/180
f 210/159/181 211/160/181 202/151/181
f 201/150/182 203/152/182 212/161/182
f 212/161/183 210/159/183 201/150/183
f 203/152/184 204/153/184 213/162/184
f 213/162/185 212/161/185 203/152/185
f 204/153/186 205/154/186 214/163/186
f 214/163/187 213/162/187 204/153/187
f 205/154/188 206/155/188 215/164/188
f 215/164/189 214/163/189 205/154/189
f 206/155/190 207/156/190 216/165/190
f 216/165/191 215/164/191 206/155/191
f 202/157/11 211/166/11 217/167/11 208/158/11
f 209/158/12 218/167/12 216/166/12 207/157/12
f 208/18/13 217/4/13 218/14/13 209/19/13
f 211/160/192 210/159/192 219/168/192
f 219/168/193 220/169/193 211/160/193
f 210/159/194 212/161/194 221/170/194
f 221/170/192 219/168/192 210/159/192
f 212/161/195 213/162/195 222/171/195
f 222/171/196 221/170/196 212/161/196
f 213/162/197 214/163/197 223/172/197
f 223/172/198 222/171/198 213/162/198
f 214/163/199 215/164/199 224/173/199
f 224/173/197 223/172/197 214/163/197
f 215/164/200 216/165/200 225/174/200
f 225/174/201 224/173/201 215/164/201
f 211/166/11 220/175/11 226/176/11 217/167/11
f 218/167/12 227/176/12 225/175/12 216/166/12
f 217/18/13 226/4/13 227/14/13 218/19/13
f 220/169/202 219/168/202 228/3/202
f 228/3/203 229/4/203 220/169/203
f 219/168/204 221/170/204 230/6/204
f 230/6/205 228/3/205 219/168/205
f 221/170/206 222/171/206 231/8/206
f 231/8/207 230/6/207 221/170/207
f 222/171/208 223/172/208 232/10/208
f 232/10/209 231/8/209 222/171/209
f 223/172/210 224/173/210 233/12/210
f 233/12/211 232/10/211 223/172/211
f 224/173/212 225/174/212 234/14/212
f 234/14/213 233/12/213 224/173/213
f 220/175/11 229/16/11 235/17/11 226/176/11
f 227/176/12 236/17/12 234/16/12 225/175/12
f 226/18/13 235/4/13 236/14/13 227/19/13
f 229/18/214 228/20/214 237/177/214
f 237/177/215 238/178/215 229/18/215
f 228/20/216 230/23/216 239/179/216
f 239/179/217 237/177/217 228/20/217
f 230/23/218 231/25/218 240/180/218
f 240/180/219 239/179/219 230/23/219
f 231/25/220 232/27/220 241/181/220
f 241/181/221 240/180/221 231/25/221
f 232/27/222 233/29/222 242/182/222
f 242/182/219 241/181/219 232/27/219
f 233/29/223 234/19/223 243/183/223
f 243/183/217 242/182/217 233/29/217
f 229/32/11 238/184/11 235/35/11
f 236/35/12 243/184/12 234/32/12
f 235/18/13 238/4/13 243/14/13 236/19/13
g sleeper
usemtl mat
f 244/185/13 245/186/13 246/187/13 247/188/13
f 248/189/224 247/190/224 246/191/224
f 246/191/225 249/192/225 248/189/225
f 248/193/226 249/194/226 250/195/226 251/196/226
f 251/196/227 250/195/227 252/197/227 253/198/227
f 253/198/228 252/197/228 254/199/228 255/200/228
f 244/190/229 255/189/229 254/192/229
f 254/192/230 245/191/230 244/190/230
f 245/186/13 256/201/13 257/202/13 246/187/13
f 249/192/231 246/191/231 257/203/231
f 257/203/232 258/204/232 249/192/232
f 249/194/233 258/205/233 259/206/233 250/195/233
f 250/195/227 259/206/227 260/207/227 252/197/227
f 252/197/234 260/207/234 261/208/234 254/199/234
f 245/191/235 254/192/235 261/204/235
f 261/204/236 256/203/236 245/191/236
f 256/209/13 262/210/13 263/211/13 257/212/13
f 258/213/237 257/214/237 263/215/237
f 263/215/238 264/216/238 258/213/238
f 258/217/226 264/218/226 265/219/226 259/220/226
f 259/220/227 265/219/227 266/221/227 260/222/227
f 260/222/228 266/221/228 267/223/228 261/224/228
f 256/214/239 261/213/239 267/216/239
f 267/216/240 262/215/240 256/214/240
f 262/210/13 268/225/13 269/226/13 263/211/13
f 263/215/241 269/227/241 270/228/241 264/216/241
f 264/218/242 270/229/242 271/230/242 265/219/242
f 265/219/243 271/230/243 272/231/243 266/221/243
f 266/221/244 272/231/244 273/232/244 267/223/244
f 267/216/240 273/228/240 268/227/240 262/215/240
f 268/225/13 274/201/13 275/202/13 269/226/13
f 269/227/241 275/203/241 276/233/241 270/228/241
f 270/229/242 276/205/242 277/206/242 271/230/242
f 271/230/243 277/206/243 278/207/243 272/231/243
f 272/231/244 278/207/244 279/208/244 273/232/244
f 273/228/240 279/233/240 274/203/240 268/227/240
f 274/209/13 280/234/13 281/235/13 275/212/13
f 275/214/241 281/236/241 282/237/241 276/238/241
f 276/217/242 282/239/242 283/240/242 277/220/242
f 277/220/243 283/240/243 284/241/243 278/222/243
f 278/222/244 284/241/244 285/242/244 279/224/244
f 279/238/240 285/237/240 280/236/240 274/214/240
f 280/234/13 286/243/13 287/244/13 281/235/13
f 282/237/241 281/236/241 287/245/241
f 287/245/245 288/246/245 282/237/245
f 282/239/246 288/247/246 289/248/246 283/240/246
f 283/240/247 289/248/247 290/249/247 284/241/247
f 284/241/248 290/249/248 291/250/248 285/242/248
f 280/236/249 285/237/249 291/246/249
f 291/246/250 286/245/250 280/236/250
f 286/243/13 292/251/13 293/252/13 287/244/13
f 288/246/251 287/245/251 293/253/251
f 293/253/252 294/254/252 288/246/252
f 288/247/253 294/255/253 295/256/253 289/248/253
f 289/248/254 295/256/254 296/257/254 290/249/254
f 290/249/255 296/257/255 297/258/255 291/250/255
f 286/245/256 291/246/256 297/254/256
f 297/254/257 292/253/257 286/245/257
f 292/251/13 298/259/13 299/260/13 293/252/13
f 294/254/258 293/253/258 299/261/258
f 299/261/259 300/262/259 294/254/259
f 294/255/260 300/263/260 301/264/260 295/256/260
f 295/256/261 301/264/261 302/265/261 296/257/261
f 296/257/262 302/265/262 303/266/262 297/258/262
f 292/253/263 297/254/263 303/262/263
f 303/262/264 298/261/264 292/253/264
f 298/259/13 304/201/13 305/202/13 299/260/13
f 300/262/265 299/261/265 305/203/265
f 305/203/266 306/267/266 300/262/266
f 300/263/246 306/205/246 307/206/246 301/264/246
f 301/264/247 307/206/247 308/207/247 302/265/247
f 302/265/248 308/207/248 309/208/248 303/266/248
f 298/261/267 303/262/267 309/267/267
f 309/267/268 304/203/268 298/261/268
f 304/209/13 310/268/13 311/269/13 305/212/13
f 306/270/269 305/214/269 311/271/269
f 311/271/270 312/272/270 306/270/270
f 306/217/271 312/273/271 313/274/271 307/220/271
f 307/220/272 313/274/272 314/275/272 308/222/272
f 308/222/273 314/275/273 315/276/273 309/224/273
f 304/214/274 309/270/274 315/272/274
f 315/272/264 310/271/264 304/214/264
f 310/268/13 316/210/13 317/211/13 311/269/13
f 312/272/265 311/271/265 317/215/265
f 317/215/275 318/277/275 312/272/275
f 312/273/276 318/218/276 319/219/276 313/274/276
f 313/274/277 319/219/277 320/221/277 314/275/277
f 314/275/278 320/221/278 321/223/278 315/276/278
f 310/271/279 315/272/279 321/277/279
f 321/277/257 316/215/257 310/271/257
f 316/210/13 322/278/13 323/279/13 317/211/13
f 318/277/258 317/215/258 323/280/258
f 323/280/280 324/281/280 318/277/280
f 318/218/281 324/282/281 325/283/281 319/219/281
f 319/219/282 325/283/282 326/284/282 320/221/282
f 320/221/283 326/284/283 327/285/283 321/223/283
f 316/215/284 321/277/284 327/281/284
f 327/281/250 322/280/250 316/215/250
f 322/278/13 328/286/13 329/287/13 323/279/13
f 324/281/251 323/280/251 329/288/251
f 329/288/285 330/289/285 324/281/285
f 324/282/271 330/290/271 331/291/271 325/283/271
f 325/283/272 331/291/272 332/292/272 326/284/272
f 326/284/273 332/292/273 333/293/273 327/285/273
f 322/280/286 327/281/286 333/289/286
f 333/289/240 328/288/240 322/280/240
f 328/286/13 334/201/13 335/202/13 329/287/13
f 329/288/241 335/203/241 336/233/241 330/289/241
f 330/290/242 336/205/242 337/206/242 331/291/242
f 331/291/243 337/206/243 338/207/243 332/292/243
f 332/292/244 338/207/244 339/208/244 333/293/244
f 333/289/240 339/233/240 334/203/240 328/288/240
f 334/209/13 340/294/13 341/295/13 335/212/13
f 335/214/241 341/296/241 342/297/241 336/238/241
f 336/217/242 342/298/242 343/299/242 337/220/242
f 337/220/243 343/299/243 344/300/243 338/222/243
f 338/222/244 344/300/244 345/301/244 339/224/244
f 339/238/240 345/297/240 340/296/240 334/214/240
f 340/294/13 346/251/13 347/252/13 341/295/13
f 341/296/241 347/253/241 348/302/241 342/297/241
f 342/298/242 348/255/242 349/256/242 343/299/242
f 343/299/243 349/256/243 350/257/243 344/300/243
f 344/300/244 350/257/244 351/258/244 345/301/244
f 345/297/240 351/302/240 346/253/240 340/296/240
f 346/251/13 352/201/13 353/202/13 347/252/13
f 348/302/241 347/253/241 353/203/241
f 353/203/287 354/204/287 348/302/287
f 348/255/288 354/205/288 355/206/288 349/256/288
f 349/256/289 355/206/289 356/207/289 350/257/289
f 350/257/290 356/207/290 357/208/290 351/258/290
f 346/253/291 351/302/291 357/204/291
f 357/204/292 352/203/292 346/253/292
f 352/209/13 358/303/13 359/304/13 353/212/13
f 354/213/293 353/214/293 359/305/293
f 359/305/294 360/306/294 354/213/294
f 354/217/295 360/307/295 361/308/295 355/220/295
f 355/220/289 361/308/289 362/309/289 356/222/289
f 356/222/296 362/309/296 363/310/296 357/224/296
f 352/214/297 357/213/297 363/306/297
f 363/306/298 358/305/298 352/214/298
f 358/303/13 364/311/13 365/312/13 359/304/13
f 360/306/299 359/305/299 365/313/299
f 365/313/300 366/314/300 360/306/300
f 360/307/288 366/315/288 367/316/288 361/308/288
f 361/308/289 367/316/289 368/317/289 362/309/289
f 362/309/290 368/317/290 369/318/290 363/310/290
f 358/305/301 363/306/301 369/314/301
f 369/314/302 364/313/302 358/305/302
f 255/319/303 244/320/303 247/321/303
f 255/319/303 247/321/303 248/322/303
f 255/319/303 248/322/303 251/323/303
f 251/323/303 253/324/303 255/319/303
f 364/320/304 369/319/304 368/324/304
f 364/320/304 368/324/304 367/323/304
f 364/320/304 367/323/304 366/322/304
f 366/322/304 365/321/304 364/320/304
g fastener_left
usemtl mat
f 370/325/13 371/326/13 372/327/13
f 370/325/13 372/327/13 373/328/13
f 370/325/13 373/328/13 374/329/13
f 370/325/13 374/329/13 375/330/13
f 370/325/13 375/330/13 376/331/13
f 376/331/13 377/332/13 370/325/13
f 378/333/11 379/334/11 372/335/11 371/336/11
f 379/333/305 380/334/305 373/335/305 372/336/305
f 380/333/304 381/334/304 374/335/304 373/336/304
f 381/333/306 382/334/306 375/335/306 374/336/306
f 382/333/12 383/334/12 376/335/12 375/336/12
f 383/333/307 384/334/307 377/335/307 376/336/307
f 384/333/303 385/334/303 370/335/303 377/336/303
f 385/333/308 378/334/308 371/335/308 370/336/308
f 386/337/243 387/338/243 388/339/243
f 386/337/243 388/339/243 389/340/243
f 386/337/243 389/340/243 390/341/243
f 386/337/243 390/341/243 391/342/243
f 386/337/243 391/342/243 392/343/243
f 392/343/243 393/344/243 386/337/243
f 386/345/11 393/346/11 394/347/11 395/348/11
f 393/345/305 392/346/305 396/347/305 394/348/305
f 392/345/304 391/346/304 397/347/304 396/348/304
f 391/345/306 390/346/306 398/347/306 397/348/306
f 390/345/12 389/346/12 399/347/12 398/348/12
f 389/345/307 388/346/307 400/347/307 399/348/307
f 388/345/303 387/346/303 401/347/303 400/348/303
f 387/345/308 386/346/308 395/347/308 401/348/308
f 402/349/13 403/350/13 404/351/13
f 402/349/13 404/351/13 405/352/13
f 402/349/13 405/352/13 406/353/13
f 402/349/13 406/353/13 407/354/13
f 402/349/13 407/354/13 408/355/13
f 408/355/13 409/356/13 402/349/13
f 410/350/243 411/349/243 412/356/243
f 410/350/243 412/356/243 413/355/243
f 410/350/243 413/355/243 414/354/243
f 410/350/243 414/354/243 415/353/243
f 410/350/243 415/353/243 416/352/243
f 416/352/243 417/351/243 410/350/243
f 410/357/11 417/358/11 404/359/11 403/360/11
f 417/357/305 416/358/305 405/359/305 404/360/305
f 416/357/304 415/358/304 406/359/304 405/360/304
f 415/357/306 414/358/306 407/359/306 406/360/306
f 414/357/12 413/358/12 408/359/12 407/360/12
f 413/357/307 412/358/307 409/359/307 408/360/307
f 412/357/303 411/358/303 402/359/303 409/360/303
f 411/357/308 410/358/308 403/359/308 402/360/308
f 418/361/13 419/362/13 420/363/13
f 418/361/13 420/363/13 421/364/13
f 418/361/13 421/364/13 422/365/13
f 418/361/13 422/365/13 423/366/13
f 418/361/13 423/366/13 424/367/13
f 424/367/13 425/368/13 418/361/13
f 426/362/243 427/361/243 428/368/243
f 426/362/243 428/368/243 429/367/243
f 426/362/243 429/367/243 430/366/243
f 426/362/243 430/366/243 431/365/243
f 426/362/243 431/365/243 432/364/243
f 432/364/243 433/363/243 426/362/243
f 426/333/11 433/334/11 420/335/11 419/336/11
f 433/333/305 432/334/305 421/335/305 420/336/305
f 432/333/304 431/334/304 422/335/304 421/336/304
f 431/333/306 430/334/306 423/335/306 422/336/306
f 430/333/12 429/334/12 424/335/12 423/336/12
f 429/333/307 428/334/307 425/335/307 424/336/307
f 428/333/303 427/334/303 418/335/303 425/336/303
f 427/333/308 426/334/308 419/335/308 418/336/308
f 434/369/12 435/357/12 436/370/12
f 434/369/12 436/370/12 437/371/12
f 434/369/12 437/371/12 438/372/12
f 438/372/12 439/373/12 440/359/12
f 434/369/12 438/372/12 440/359/12
f 440/359/12 441/374/12 442/375/12
f 440/359/12 442/375/12 434/369/12
f 443/357/11 444/369/11 445/375/11
f 445/375/11 446/374/11 447/359/11
f 443/357/11 445/375/11 447/359/11
f 447/359/11 448/373/11 449/372/11
f 447/359/11 449/372/11 450/371/11
f 447/359/11 450/371/11 451/370/11
f 447/359/11 451/370/11 443/357/11
f 444/357/309 445/358/309 442/359/309 434/360/309
f 445/357/310 446/358/310 441/359/310 442/360/310
f 446/357/13 447/358/13 440/359/13 441/360/13
f 447/357/303 448/358/303 439/359/303 440/360/303
f 448/357/243 449/358/243 438/359/243 439/360/243
f 449/357/311 450/358/311 437/359/311 438/360/311
f 450/357/243 451/358/243 436/359/243 437/360/243
f 451/357/312 443/358/312 435/359/312 436/360/312
f 443/357/304 444/358/304 434/359/304 435/360/304
f 452/376/13 453/377/13 454/378/13
f 452/376/13 454/378/13 455/379/13
f 452/376/13 455/379/13 456/380/13
f 452/376/13 456/380/13 457/381/13
f 452/376/13 457/381/13 458/382/13
f 452/376/13 458/382/13 459/383/13
f 452/376/13 459/383/13 460/384/13
f 460/384/13 461/385/13 452/376/13
f 462/377/243 463/376/243 464/385/243
f 462/377/243 464/385/243 465/384/243
f 462/377/243 465/384/243 466/383/243
f 462/377/243 466/383/243 467/382/243
f 462/377/243 467/382/243 468/381/243
f 462/377/243 468/381/243 469/380/243
f 462/377/243 469/380/243 470/379/243
f 470/379/243 471/378/243 462/377/243
f 462/357/313 471/386/313 454/387/313 453/360/313
f 471/386/314 470/388/314 455/389/314 454/387/314
f 470/388/12 469/390/12 456/391/12 455/389/12
f 469/390/315 468/392/315 457/393/315 456/391/315
f 468/392/316 467/394/316 458/395/316 457/393/316
f 467/394/317 466/396/317 459/397/317 458/395/317
f 466/396/318 465/398/318 460/399/318 459/397/318
f 465/398/11 464/400/11 461/401/11 460/399/11
f 464/400/319 463/402/319 452/403/319 461/401/319
f 463/402/320 462/358/320 453/359/320 452/403/320
f 472/404/13 473/377/13 474/405/13
f 472/404/13 474/405/13 475/406/13
f 472/404/13 475/406/13 476/394/13
f 472/404/13 476/394/13 477/407/13
f 472/404/13 477/407/13 478/408/13
f 472/404/13 478/408/13 479/382/13
f 472/404/13 479/382/13 480/409/13
f 472/404/13 480/409/13 481/410/13
f 472/404/13 481/410/13 482/395/13
f 482/395/13 483/411/13 472/404/13
f 484/377/243 485/404/243 486/411/243
f 484/377/243 486/411/243 487/395/243
f 484/377/243 487/395/243 488/410/243
f 484/377/243 488/410/243 489/409/243
f 484/377/243 489/409/243 490/382/243
f 484/377/243 490/382/243 491/408/243
f 484/377/243 491/408/243 492/407/243
f 484/377/243 492/407/243 493/394/243
f 484/377/243 493/394/243 494/406/243
f 494/406/243 495/405/243 484/377/243
f 484/357/321 495/412/321 474/413/321 473/360/321
f 495/412/306 494/414/306 475/415/306 474/413/306
f 494/414/322 493/416/322 476/417/322 475/415/322
f 493/416/323 492/418/323 477/419/323 476/417/323
f 492/418/307 491/420/307 478/421/307 477/419/307
f 491/420/324 490/394/324 479/395/324 478/421/324
f 490/394/325 489/422/325 480/423/325 479/395/325
f 489/422/308 488/424/308 481/425/308 480/423/308
f 488/424/326 487/426/326 482/427/326 481/425/326
f 487/426/327 486/428/327 483/429/327 482/427/327
f 486/428/305 485/430/305 472/431/305 483/429/305
f 485/430/328 484/358/328 473/359/328 472/431/328
f 496/411/13 497/377/13 498/406/13
f 496/411/13 498/406/13 499/407/13
f 496/411/13 499/407/13 500/382/13
f 500/382/13 501/410/13 496/411/13
f 502/377/243 503/411/243 504/410/243
f 502/377/243 504/410/243 505/382/243
f 502/377/243 505/382/243 506/407/243
f 506/407/243 507/406/243 502/377/243
f 502/357/329 507/414/329 498/415/329 497/360/329
f 507/414/12 506/418/12 499/419/12 498/415/12
f 506/418/330 505/394/330 500/395/330 499/419/330
f 505/394/331 504/424/331 501/425/331 500/395/331
f 504/424/11 503/428/11 496/429/11 501/425/11
f 503/428/332 502/358/332 497/359/332 496/429/332
f 508/411/13 509/377/13 510/406/13
f 508/411/13 510/406/13 511/407/13
f 508/411/13 511/407/13 512/382/13
f 512/382/13 513/410/13 508/411/13
f 514/377/243 515/411/243 516/410/243
f 514/377/243 516/410/243 517/382/243
f 514/377/243 517/382/243 518/407/243
f 518/407/243 519/406/243 514/377/243
f 514/357/329 519/414/329 510/415/329 509/360/329
f 519/414/12 518/418/12 511/419/12 510/415/12
f 518/418/330 517/394/330 512/395/330 511/419/330
f 517/394/331 516/424/331 513/425/331 512/395/331
f 516/424/11 515/428/11 508/429/11 513/425/11
f 515/428/332 514/358/332 509/359/332 508/429/332
f 520/432/333 521/360/334 522/415/335
f 522/415/335 523/433/336 520/432/333
f 523/433/336 522/415/335 524/419/337
f 524/419/337 525/434/338 523/433/336
f 525/434/338 524/419/337 526/395/339
f 526/395/339 527/435/340 525/434/338
f 527/435/340 526/395/339 528/425/341
f 528/425/341 529/436/342 527/435/340
f 529/436/342 528/425/341 530/429/343
f 530/429/343 531/437/344 529/436/342
f 531/437/344 530/429/343 521/359/334
f 521/359/334 520/438/333 531/437/344
f 532/439/345 520/432/333 523/433/336
f 523/433/336 533/440/346 532/439/345
f 533/440/346 523/433/336 525/434/338
f 525/434/338 534/441/347 533/440/346
f 534/441/347 525/434/338 527/435/340
f 527/435/340 535/442/348 534/441/347
f 535/442/348 527/435/340 529/436/342
f 529/436/342 536/443/349 535/442/348
f 536/443/349 529/436/342 531/437/344
f 531/437/344 537/444/350 536/443/349
f 537/444/350 531/437/344 520/438/333
f 520/438/333 532/445/345 537/444/350
f 538/446/351 532/439/345 533/440/346
f 533/440/346 539/447/352 538/446/351
f 539/447/352 533/440/346 534/441/347
f 534/441/347 540/448/353 539/447/352
f 540/448/353 534/441/347 535/442/348
f 535/442/348 541/449/354 540/448/353
f 541/449/354 535/442/348 536/443/349
f 536/443/349 542/450/355 541/449/354
f 542/450/355 536/443/349 537/444/350
f 537/444/350 543/451/356 542/450/355
f 543/451/356 537/444/350 532/445/345
f 532/445/345 538/452/351 543/451/356
f 544/453/357 538/446/351 539/447/352
f 539/447/352 545/454/358 544/453/357
f 545/454/358 539/447/352 540/448/353
f 540/448/353 546/455/359 545/454/358
f 546/455/359 540/448/353 541/449/354
f 541/449/354 547/456/360 546/455/359
f 547/456/360 541/449/354 542/450/355
f 542/450/355 548/457/361 547/456/360
f 548/457/361 542/450/355 543/451/356
f 543/451/356 549/458/362 548/457/361
f 549/458/362 543/451/356 538/452/351
f 538/452/351 544/459/357 549/458/362
f 550/460/363 544/453/357 545/454/358
f 545/454/358 551/461/364 550/460/363
f 551/461/364 545/454/358 546/455/359
f 546/455/359 552/462/365 551/461/364
f 552/462/365 546/455/359 547/456/360
f 547/456/360 553/463/366 552/462/365
f 553/463/366 547/456/360 548/457/361
f 548/457/361 554/464/367 553/463/366
f 554/464/367 548/457/361 549/458/362
f 549/458/362 555/465/368 554/464/367
f 555/465/368 549/458/362 544/459/357
f 544/459/357 550/466/363 555/465/368
f 556/467/369 550/460/363 551/461/364
f 551/461/364 557/468/370 556/467/369
f 557/468/370 551/461/364 552/462/365
f 552/462/365 558/469/371 557/468/370
f 558/469/371 552/462/365 553/463/366
f 553/463/366 559/470/372 558/469/371
f 559/470/372 553/463/366 554/464/367
f 554/464/367 560/471/373 559/470/372
f 560/471/373 554/464/367 555/465/368
f 555/465/368 561/472/374 560/471/373
f 561/472/374 555/465/368 550/466/363
f 550/466/363 556/473/369 561/472/374
f 562/474/375 556/467/369 557/468/370
f 557/468/370 563/475/376 562/474/375
f 563/475/376 557/468/370 558/469/371
f 558/469/371 564/476/377 563/475/376
f 564/476/377 558/469/371 559/470/372
f 559/470/372 565/477/378 564/476/377
f 565/477/378 559/470/372 560/471/373
f 560/471/373 566/478/379 565/477/378
f 566/478/379 560/471/373 561/472/374
f 561/472/374 567/479/380 566/478/379
f 567/479/380 561/472/374 556/473/369
f 556/473/369 562/480/375 567/479/380
f 568/481/381 562/474/375 563/475/376
f 563/475/376 569/482/382 568/481/381
f 569/482/382 563/475/376 564/476/377
f 564/476/377 570/483/383 569/482/382
f 570/483/383 564/476/377 565/477/378
f 565/477/378 571/484/384 570/483/383
f 571/484/384 565/477/378 566/478/379
f 566/478/379 572/485/385 571/484/384
f 572/485/385 566/478/379 567/479/380
f 567/479/380 573/486/386 572/485/385
f 573/486/386 567/479/380 562/480/375
f 562/480/375 568/487/381 573/486/386
f 574/382/387 568/481/381 569/482/382
f 569/482/382 575/488/388 574/382/387
f 575/488/388 569/482/382 570/483/383
f 570/483/383 576/489/389 575/488/388
f 576/489/389 570/483/383 571/484/384
f 571/484/384 577/490/390 576/489/389
f 577/490/390 571/484/384 572/485/385
f 572/485/385 578/491/391 577/490/390
f 578/491/391 572/485/385 573/486/386
f 573/486/386 579/492/392 578/491/391
f 579/492/392 573/486/386 568/487/381
f 568/487/381 574/377/387 579/492/392
f 580/493/393 574/382/387 575/488/388
f 575/488/388 581/494/394 580/493/393
f 581/494/394 575/488/388 576/489/389
f 576/489/389 582/495/395 581/494/394
f 582/495/395 576/489/389 577/490/390
f 577/490/390 583/496/396 582/495/395
f 583/496/396 577/490/390 578/491/391
f 578/491/391 584/497/397 583/496/396
f 584/497/397 578/491/391 579/492/392
f 579/492/392 585/498/398 584/497/397
f 585/498/398 579/492/392 574/377/387
f 574/377/387 580/499/393 585/498/398
f 586/500/399 580/493/393 581/494/394
f 581/494/394 587/501/400 586/500/399
f 587/501/400 581/494/394 582/495/395
f 582/495/395 588/502/401 587/501/400
f 588/502/401 582/495/395 583/496/396
f 583/496/396 589/503/402 588/502/401
f 589/503/402 583/496/396 584/497/397
f 584/497/397 590/504/403 589/503/402
f 590/504/403 584/497/397 585/498/398
f 585/498/398 591/505/404 590/504/403
f 591/505/404 585/498/398 580/499/393
f 580/499/393 586/506/399 591/505/404
f 592/507/405 586/500/399 587/501/400
f 587/501/400 593/508/406 592/507/405
f 593/508/406 587/501/400 588/502/401
f 588/502/401 594/509/407 593/508/406
f 594/509/407 588/502/401 589/503/402
f 589/503/402 595/510/408 594/509/407
f 595/510/408 589/503/402 590/504/403
f 590/504/403 596/511/409 595/510/408
f 596/511/409 590/504/403 591/505/404
f 591/505/404 597/512/410 596/511/409
f 597/512/410 591/505/404 586/506/399
f 586/506/399 592/513/405 597/512/410
f 598/514/411 592/507/405 593/508/406
f 593/508/406 599/515/412 598/514/411
f 599/515/412 593/508/406 594/509/407
f 594/509/407 600/516/413 599/515/412
f 600/516/413 594/509/407 595/510/408
f 595/510/408 601/517/414 600/516/413
f 601/517/414 595/510/408 596/511/409
f 596/511/409 602/518/415 601/517/414
f 602/518/415 596/511/409 597/512/410
f 597/512/410 603/519/416 602/518/415
f 603/519/416 597/512/410 592/513/405
f 592/513/405 598/520/411 603/519/416
f 604/521/417 598/514/411 599/515/412
f 599/515/412 605/522/418 604/521/417
f 605/522/418 599/515/412 600/516/413
f 600/516/413 606/523/419 605/522/418
f 606/523/419 600/516/413 601/517/414
f 601/517/414 607/524/420 606/523/419
f 607/524/420 601/517/414 602/518/415
f 602/518/415 608/525/421 607/524/420
f 608/525/421 602/518/415 603/519/416
f 603/519/416 609/526/422 608/525/421
f 609/526/422 603/519/416 598/520/411
f 598/520/411 604/527/417 609/526/422
f 610/528/423 604/521/417 605/522/418
f 605/522/418 611/529/424 610/528/423
f 611/529/424 605/522/418 606/523/419
f 606/523/419 612/530/425 611/529/424
f 612/530/425 606/523/419 607/524/420
f 607/524/420 613/531/426 612/530/425
f 613/531/426 607/524/420 608/525/421
f 608/525/421 614/532/427 613/531/426
f 614/532/427 608/525/421 609/526/422
f 609/526/422 615/533/428 614/532/427
f 615/533/428 609/526/422 604/527/417
f 604/527/417 610/534/423 615/533/428
f 616/535/429 610/528/423 611/529/424
f 611/529/424 617/536/430 616/535/429
f 617/536/430 611/529/424 612/530/425
f 612/530/425 618/537/431 617/536/430
f 618/537/431 612/530/425 613/531/426
f 613/531/426 619/538/432 618/537/431
f 619/538/432 613/531/426 614/532/427
f 614/532/427 620/539/433 619/538/432
f 620/539/433 614/532/427 615/533/428
f 615/533/428 621/540/434 620/539/433
f 621/540/434 615/533/428 610/534/423
f 610/534/423 616/541/429 621/540/434
f 622/542/435 616/535/429 617/536/430
f 617/536/430 623/543/436 622/542/435
f 623/543/436 617/536/430 618/537/431
f 618/537/431 624/544/437 623/543/436
f 624/544/437 618/537/431 619/538/432
f 619/538/432 625/545/438 624/544/437
f 625/545/438 619/538/432 620/539/433
f 620/539/433 626/546/439 625/545/438
f 626/546/439 620/539/433 621/540/434
f 621/540/434 627/547/440 626/546/439
f 627/547/440 621/540/434 616/541/429
f 616/541/429 622/548/435 627/547/440
f 628/357/441 622/542/435 623/543/436
f 623/543/436 629/414/442 628/357/441
f 629/414/442 623/543/436 624/544/437
f 624/544/437 630/418/443 629/414/442
f 630/418/443 624/544/437 625/545/438
f 625/545/438 631/394/444 630/418/443
f 631/394/444 625/545/438 626/546/439
f 626/546/439 632/424/445 631/394/444
f 632/424/445 626/546/439 627/547/440
f 627/547/440 633/428/446 632/424/445
f 633/428/446 627/547/440 622/548/435
f 622/548/435 628/358/441 633/428/446
f 521/377/447 530/549/447 528/410/447
f 521/377/447 528/410/447 526/382/447
f 521/377/447 526/382/447 524/407/447
f 524/407/447 522/550/447 521/377/447
f 633/549/448 628/377/448 629/550/448
f 633/549/448 629/550/448 630/407/448
f 633/549/448 630/407/448 631/382/448
f 631/382/448 632/410/448 633/549/448
f 634/349/13 635/350/13 636/351/13
f 634/349/13 636/351/13 637/352/13
f 634/349/13 637/352/13 638/353/13
f 634/349/13 638/353/13 639/354/13
f 634/349/13 639/354/13 640/355/13
f 640/355/13 641/356/13 634/349/13
f 642/350/243 643/349/243 644/356/243
f 642/350/243 644/356/243 645/355/243
f 642/350/243 645/355/243 646/354/243
f 642/350/243 646/354/243 647/353/243
f 642/350/243 647/353/243 648/352/243
f 648/352/243 649/351/243 642/350/243
f 642/357/11 649/358/11 636/359/11 635/360/11
f 649/357/305 648/358/305 637/359/305 636/360/305
f 648/357/304 647/358/304 638/359/304 637/360/304
f 647/357/306 646/358/306 639/359/306 638/360/306
f 646/357/12 645/358/12 640/359/12 639/360/12
f 645/357/307 644/358/307 641/359/307 640/360/307
f 644/357/303 643/358/303 634/359/303 641/360/303
f 643/357/308 642/358/308 635/359/308 634/360/308
f 650/361/13 651/362/13 652/363/13
f 650/361/13 652/363/13 653/364/13
f 650/361/13 653/364/13 654/365/13
f 650/361/13 654/365/13 655/366/13
f 650/361/13 655/366/13 656/367/13
f 656/367/13 657/368/13 650/361/13
f 658/362/243 659/361/243 660/368/243
f 658/362/243 660/368/243 661/367/243
f 658/362/243 661/367/243 662/366/243
f 658/362/243 662/366/243 663/365/243
f 658/362/243 663/365/243 664/364/243
f 664/364/243 665/363/243 658/362/243
f 658/333/11 665/334/11 652/335/11 651/336/11
f 665/333/305 664/334/305 653/335/305 652/336/305
f 664/333/304 663/334/304 654/335/304 653/336/304
f 663/333/306 662/334/306 655/335/306 654/336/306
f 662/333/12 661/334/12 656/335/12 655/336/12
f 661/333/307 660/334/307 657/335/307 656/336/307
f 660/333/303 659/334/303 650/335/303 657/336/303
f 659/333/308 658/334/308 651/335/308 650/336/308
f 666/357/12 667/369/12 668/375/12
f 668/375/12 669/374/12 670/359/12
f 666/357/12 668/375/12 670/359/12
f 670/359/12 671/373/12 672/372/12
f 670/359/12 672/372/12 673/371/12
f 670/359/12 673/371/12 674/370/12
f 670/359/12 674/370/12 666/357/12
f 675/369/11 676/357/11 677/370/11
f 675/369/11 677/370/11 678/371/11
f 675/369/11 678/371/11 679/372/11
f 679/372/11 680/373/11 681/359/11
f 675/369/11 679/372/11 681/359/11
f 681/359/11 682/374/11 683/375/11
f 681/359/11 683/375/11 675/369/11
f 667/360/449 668/359/449 683/358/449 675/357/449
f 668/360/450 669/359/450 682/358/450 683/357/450
f 669/360/13 670/359/13 681/358/13 682/357/13
f 670/360/304 671/359/304 680/358/304 681/357/304
f 671/360/243 672/359/243 679/358/243 680/357/243
f 672/360/451 673/359/451 678/358/451 679/357/451
f 673/360/243 674/359/243 677/358/243 678/357/243
f 674/360/452 666/359/452 676/358/452 677/357/452
f 666/360/303 667/359/303 675/358/303 676/357/303
f 684/376/13 685/377/13 686/378/13
f 684/376/13 686/378/13 687/379/13
f 684/376/13 687/379/13 688/380/13
f 684/376/13 688/380/13 689/381/13
f 684/376/13 689/381/13 690/382/13
f 684/376/13 690/382/13 691/383/13
f 684/376/13 691/383/13 692/384/13
f 692/384/13 693/385/13 684/376/13
f 694/377/243 695/376/243 696/385/243
f 694/377/243 696/385/243 697/384/243
f 694/377/243 697/384/243 698/383/243
f 694/377/243 698/383/243 699/382/243
f 694/377/243 699/382/243 700/381/243
f 694/377/243 700/381/243 701/380/243
f 694/377/243 701/380/243 702/379/243
f 702/379/243 703/378/243 694/377/243
f 694/357/313 703/386/313 686/387/313 685/360/313
f 703/386/314 702/388/314 687/389/314 686/387/314
f 702/388/12 701/390/12 688/391/12 687/389/12
f 701/390/315 700/392/315 689/393/315 688/391/315
f 700/392/316 699/394/316 690/395/316 689/393/316
f 699/394/317 698/396/317 691/397/317 690/395/317
f 698/396/318 697/398/318 692/399/318 691/397/318
f 697/398/11 696/400/11 693/401/11 692/399/11
f 696/400/319 695/402/319 684/403/319 693/401/319
f 695/402/320 694/358/320 685/359/320 684/403/320
f 704/404/13 705/377/13 706/405/13
f 704/404/13 706/405/13 707/406/13
f 704/404/13 707/406/13 708/394/13
f 704/404/13 708/394/13 709/407/13
f 704/404/13 709/407/13 710/408/13
f 704/404/13 710/408/13 711/382/13
f 704/404/13 711/382/13 712/409/13
f 704/404/13 712/409/13 713/410/13
f 704/404/13 713/410/13 714/395/13
f 714/395/13 715/411/13 704/404/13
f 716/377/243 717/404/243 718/411/243
f 716/377/243 718/411/243 719/395/243
f 716/377/243 719/395/243 720/410/243
f 716/377/243 720/410/243 721/409/243
f 716/377/243 721/409/243 722/382/243
f 716/377/243 722/382/243 723/408/243
f 716/377/243 723/408/243 724/407/243
f 716/377/243 724/407/243 725/394/243
f 716/377/243 725/394/243 726/406/243
f 726/406/243 727/405/243 716/377/243
f 716/357/321 727/412/321 706/413/321 705/360/321
f 727/412/306 726/414/306 707/415/306 706/413/306
f 726/414/322 725/416/322 708/417/322 707/415/322
f 725/416/323 724/418/323 709/419/323 708/417/323
f 724/418/307 723/420/307 710/421/307 709/419/307
f 723/420/324 722/394/324 711/395/324 710/421/324
f 722/394/325 721/422/325 712/423/325 711/395/325
f 721/422/308 720/424/308 713/425/308 712/423/308
f 720/424/326 719/426/326 714/427/326 713/425/326
f 719/426/327 718/428/327 715/429/327 714/427/327
f 718/428/305 717/430/305 704/431/305 715/429/305
f 717/430/328 716/358/328 705/359/328 704/431/328
f 728/411/13 729/377/13 730/406/13
f 728/411/13 730/406/13 731/407/13
f 728/411/13 731/407/13 732/382/13
f 732/382/13 733/410/13 728/411/13
f 734/377/243 735/411/243 736/410/243
f 734/377/243 736/410/243 737/382/243
f 734/377/243 737/382/243 738/407/243
f 738/407/243 739/406/243 734/377/243
f 734/357/329 739/414/329 730/415/329 729/360/329
f 739/414/12 738/418/12 731/419/12 730/415/12
f 738/418/330 737/394/330 732/395/330 731/419/330
f 737/394/331 736/424/331 733/425/331 732/395/331
f 736/424/11 735/428/11 728/429/11 733/425/11
f 735/428/332 734/358/332 729/359/332 728/429/332
f 740/411/13 741/377/13 742/406/13
f 740/411/13 742/406/13 743/407/13
f 740/411/13 743/407/13 744/382/13
f 744/382/13 745/410/13 740/411/13
f 746/377/243 747/411/243 748/410/243
f 746/377/243 748/410/243 749/382/243
f 746/377/243 749/382/243 750/407/243
f 750/407/243 751/406/243 746/377/243
f 746/357/329 751/414/329 742/415/329 741/360/329
f 751/414/12 750/418/12 743/419/12 742/415/12
f 750/418/330 749/394/330 744/395/330 743/419/330
f 749/394/331 748/424/331 745/425/331 744/395/331
f 748/424/11 747/428/11 740/429/11 745/425/11
f 747/428/332 746/358/332 741/359/332 740/429/332
f 752/432/453 753/360/454 754/415/455
f 754/415/455 755/433/456 752/432/453
f 755/433/456 754/415/455 756/419/457
f 756/419/457 757/434/458 755/433/456
f 757/434/458 756/419/457 758/395/459
f 758/395/459 759/435/460 757/434/458
f 759/435/460 758/395/459 760/425/461
f 760/425/461 761/436/462 759/435/460
f 761/436/462 760/425/461 762/429/463
f 762/429/463 763/437/464 761/436/462
f 763/437/464 762/429/463 753/359/454
f 753/359/454 752/438/453 763/437/464
f 764/439/465 752/432/453 755/433/456
f 755/433/456 765/440/466 764/439/465
f 765/440/466 755/433/456 757/434/458
f 757/434/458 766/441/467 765/440/466
f 766/441/467 757/434/458 759/435/460
f 759/435/460 767/442/468 766/441/467
f 767/442/468 759/435/460 761/436/462
f 761/436/462 768/443/469 767/442/468
f 768/443/469 761/436/462 763/437/464
f 763/437/464 769/444/470 768/443/469
f 769/444/470 763/437/464 752/438/453
f 752/438/453 764/445/465 769/444/470
f 770/446/471 764/439/465 765/440/466
f 765/440/466 771/447/472 770/446/471
f 771/447/472 765/440/466 766/441/467
f 766/441/467 772/448/473 771/447/472
f 772/448/473 766/441/467 767/442/468
f 767/442/468 773/449/474 772/448/473
f 773/449/474 767/442/468 768/443/469
f 768/443/469 774/450/475 773/449/474
f 774/450/475 768/443/469 769/444/470
f 769/444/470 775/451/476 774/450/475
f 775/451/476 769/444/470 764/445/465
f 764/445/465 770/452/471 775/451/476
f 776/453/477 770/446/471 771/447/472
f 771/447/472 777/454/478 776/453/477
f 777/454/478 771/447/472 772/448/473
f 772/448/473 778/455/479 777/454/478
f 778/455/479 772/448/473 773/449/474
f 773/449/474 779/456/480 778/455/479
f 779/456/480 773/449/474 774/450/475
f 774/450/475 780/457/481 779/456/480
f 780/457/481 774/450/475 775/451/476
f 775/451/476 781/458/482 780/457/481
f 781/458/482 775/451/476 770/452/471
f 770/452/471 776/459/477 781/458/482
f 782/460/483 776/453/477 777/454/478
f 777/454/478 783/461/484 782/460/483
f 783/461/484 777/454/478 778/455/479
f 778/455/479 784/462/485 783/461/484
f 784/462/485 778/455/479 779/456/480
f 779/456/480 785/463/486 784/462/485
f 785/463/486 779/456/480 780/457/481
f 780/457/481 786/464/487 785/463/486
f 786/464/487 780/457/481 781/458/482
f 781/458/482 787/465/488 786/464/487
f 787/465/488 781/458/482 776/459/477
f 776/459/477 782/466/483 787/465/488
f 788/467/489 782/460/483 783/461/484
f 783/461/484 789/468/490 788/467/489
f 789/468/490 783/461/484 784/462/485
f 784/462/485 790/469/491 789/468/490
f 790/469/491 784/462/485 785/463/486
f 785/463/486 791/470/492 790/469/491
f 791/470/492 785/463/486 786/464/487
f 786/464/487 792/471/493 791/470/492
f 792/471/493 786/464/487 787/465/488
f 787/465/488 793/472/494 792/471/493
f 793/472/494 787/465/488 782/466/483
f 782/466/483 788/473/489 793/472/494
f 794/474/495 788/467/489 789/468/490
f 789/468/490 795/475/496 794/474/495
f 795/475/496 789/468/490 790/469/491
f 790/469/491 796/476/497 795/475/496
f 796/476/497 790/469/491 791/470/492
f 791/470/492 797/477/498 796/476/497
f 797/477/498 791/470/492 792/471/493
f 792/471/493 798/478/499 797/477/498
f 798/478/499 792/471/493 793/472/494
f 793/472/494 799/479/500 798/478/499
f 799/479/500 793/472/494 788/473/489
f 788/473/489 794/480/495 799/479/500
f 800/481/501 794/474/495 795/475/496
f 795/475/496 801/482/502 800/481/501
f 801/482/502 795/475/496 796/476/497
f 796/476/497 802/483/503 801/482/502
f 802/483/503 796/476/497 797/477/498
f 797/477/498 803/484/504 802/483/503
f 803/484/504 797/477/498 798/478/499
f 798/478/499 804/485/505 803/484/504
f 804/485/505 798/478/499 799/479/500
f 799/479/500 805/486/506 804/485/505
f 805/486/506 799/479/500 794/480/495
f 794/480/495 800/487/501 805/486/506
f 806/382/507 800/481/501 801/482/502
f 801/482/502 807/488/508 806/382/507
f 807/488/508 801/482/502 802/483/503
f 802/483/503 808/489/509 807/488/508
f 808/489/509 802/483/503 803/484/504
f 803/484/504 809/490/510 808/489/509
f 809/490/510 803/484/504 804/485/505
f 804/485/505 810/491/511 809/490/510
f 810/491/511 804/485/505 805/486/506
f 805/486/506 811/492/512 810/491/511
f 811/492/512 805/486/506 800/487/501
f 800/487/501 806/377/507 811/492/512
f 812/493/513 806/382/507 807/488/508
f 807/488/508 813/494/514 812/493/513
f 813/494/514 807/488/508 808/489/509
f 808/489/509 814/495/515 813/494/514
f 814/495/515 808/489/509 809/490/510
f 809/490/510 815/496/516 814/495/515
f 815/496/516 809/490/510 810/491/511
f 810/491/511 816/497/517 815/496/516
f 816/497/517 810/491/511 811/492/512
f 811/492/512 817/498/518 816/497/517
f 817/498/518 811/492/512 806/377/507
f 806/377/507 812/499/513 817/498/518
f 818/500/519 812/493/513 813/494/514
f 813/494/514 819/501/520 818/500/519
f 819/501/520 813/494/514 814/495/515
f 814/495/515 820/502/521 819/501/520
f 820/502/521 814/495/515 815/496/516
f 815/496/516 821/503/522 820/502/521
f 821/503/522 815/496/516 816/497/517
f 816/497/517 822/504/523 821/503/522
f 822/504/523 816/497/517 817/498/518
f 817/498/518 823/505/524 822/504/523
f 823/505/524 817/498/518 812/499/513
f 812/499/513 818/506/519 823/505/524
f 824/507/525 818/500/519 819/501/520
f 819/501/520 825/508/526 824/507/525
f 825/508/526 819/501/520 820/502/521
f 820/502/521 826/509/527 825/508/526
f 826/509/527 820/502/521 821/503/522
f 821/503/522 827/510/528 826/509/527
f 827/510/528 821/503/522 822/504/523
f 822/504/523 828/511/529 827/510/528
f 828/511/529 822/504/523 823/505/524
f 823/505/524 829/512/530 828/511/529
f 829/512/530 823/505/524 818/506/519
f 818/506/519 824/513/525 829/512/530
f 830/514/531 824/507/525 825/508/526
f 825/508/526 831/515/532 830/514/531
f 831/515/532 825/508/526 826/509/527
f 826/509/527 832/516/533 831/515/532
f 832/516/533 826/509/527 827/510/528
f 827/510/528 833/517/534 832/516/533
f 833/517/534 827/510/528 828/511/529
f 828/511/529 834/518/535 833/517/534
f 834/518/535 828/511/529 829/512/530
f 829/512/530 835/519/536 834/518/535
f 835/519/536 829/512/530 824/513/525
f 824/513/525 830/520/531 835/519/536
f 836/521/537 830/514/531 831/515/532
f 831/515/532 837/522/538 836/521/537
f 837/522/538 831/515/532 832/516/533
f 832/516/533 838/523/539 837/522/538
f 838/523/539 832/516/533 833/517/534
f 833/517/534 839/524/540 838/523/539
f 839/524/540 833/517/534 834/518/535
f 834/518/535 840/525/541 839/524/540
f 840/525/541 834/518/535 835/519/536
f 835/519/536 841/526/542 840/525/541
f 841/526/542 835/519/536 830/520/531
f 830/520/531 836/527/537 841/526/542
f 842/528/543 836/521/537 837/522/538
f 837/522/538 843/529/544 842/528/543
f 843/529/544 837/522/538 838/523/539
f 838/523/539 844/530/545 843/529/544
f 844/530/545 838/523/539 839/524/540
f 839/524/540 845/531/546 844/530/545
f 845/531/546 839/524/540 840/525/541
f 840/525/541 846/532/547 845/531/546
f 846/532/547 840/525/541 841/526/542
f 841/526/542 847/533/548 846/532/547
f 847/533/548 841/526/542 836/527/537
f 836/527/537 842/534/543 847/533/548
f 848/535/549 842/528/543 843/529/544
f 843/529/544 849/536/550 848/535/549
f 849/536/550 843/529/544 844/530/545
f 844/530/545 850/537/551 849/536/550
f 850/537/551 844/530/545 845/531/546
f 845/531/546 851/538/552 850/537/551
f 851/538/552 845/531/546 846/532/547
f 846/532/547 852/539/553 851/538/552
f 852/539/553 846/532/547 847/533/548
f 847/533/548 853/540/554 852/539/553
f 853/540/554 847/533/548 842/534/543
f 842/534/543 848/541/549 853/540/554
f 854/542/555 848/535/549 849/536/550
f 849/536/550 855/543/556 854/542/555
f 855/543/556 849/536/550 850/537/551
f 850/537/551 856/544/557 855/543/556
f 856/544/557 850/537/551 851/538/552
f 851/538/552 857/545/558 856/544/557
f 857/545/558 851/538/552 852/539/553
f 852/539/553 858/546/559 857/545/558
f 858/546/559 852/539/553 853/540/554
f 853/540/554 859/547/560 858/546/559
f 859/547/560 853/540/554 848/541/549
f 848/541/549 854/548/555 859/547/560
f 860/357/561 854/542/555 855/543/556
f 855/543/556 861/414/562 860/357/561
f 861/414/562 855/543/556 856/544/557
f 856/544/557 862/418/563 861/414/562
f 862/418/563 856/544/557 857/545/558
f 857/545/558 863/394/564 862/418/563
f 863/394/564 857/545/558 858/546/559
f 858/546/559 864/424/565 863/394/564
f 864/424/565 858/546/559 859/547/560
f 859/547/560 865/428/566 864/424/565
f 865/428/566 859/547/560 854/548/555
f 854/548/555 860/358/561 865/428/566
f 753/377/567 762/549/567 760/410/567
f 753/377/567 760/410/567 758/382/567
f 753/377/567 758/382/567 756/407/567
f 756/407/567 754/550/567 753/377/567
f 865/549/568 860/377/568 861/550/568
f 865/549/568 861/550/568 862/407/568
f 865/549/568 862/407/568 863/382/568
f 863/382/568 864/410/568 865/549/568
g rail_left
usemtl mat
f 866/551/304 867/552/304 868/553/304 869/554/304
f 867/552/569 870/555/569 871/556/569 868/553/569
f 870/555/570 872/557/570 873/558/570 871/556/570
f 872/557/571 874/559/571 875/560/571 873/558/571
f 874/559/572 876/561/572 877/562/572 875/560/572
f 876/561/304 878/563/304 879/564/304 877/562/304
f 878/563/573 880/565/573 881/566/573 879/564/573
f 880/565/574 882/567/574 883/568/574 881/566/574
f 882/567/575 884/569/575 885/570/575 883/568/575
f 884/569/576 886/571/576 887/572/576 885/570/576
f 886/571/304 888/573/304 889/574/304 887/572/304
f 888/573/577 890/575/577 891/576/577 889/574/577
f 890/577/578 892/578/578 893/579/578 891/580/578
f 892/578/243 894/581/243 895/582/243 893/579/243
f 894/581/579 896/583/579 897/584/579 895/582/579
f 896/575/580 898/573/580 899/574/580 897/576/580
f 898/573/303 900/571/303 901/572/303 899/574/303
f 900/571/581 902/569/581 903/570/581 901/572/581
f 902/569/582 904/567/582 905/568/582 903/570/582
f 904/567/583 906/565/583 907/566/583 905/568/583
f 906/565/584 908/563/584 909/564/584 907/566/584
f 908/563/303 910/561/303 911/562/303 909/564/303
f 910/561/585 912/559/585 913/560/585 911/562/585
f 912/559/586 914/557/586 915/558/586 913/560/586
f 914/557/587 916/555/587 917/556/587 915/558/587
f 916/555/588 918/552/588 919/553/588 917/556/588
f 918/552/303 920/551/303 921/554/303 919/553/303
f 920/551/13 866/585/13 869/586/13 921/554/13
g rail_left_end
usemtl mat
f 866/587/11 920/588/11 918/589/11
f 866/587/11 918/589/11 916/590/11
f 866/587/11 916/590/11 914/591/11
f 866/587/11 914/591/11 912/592/11
f 906/593/11 904/594/11 902/595/11
f 906/593/11 902/595/11 900/596/11
f 906/593/11 900/596/11 898/597/11
f 906/593/11 898/597/11 896/598/11
f 906/593/11 896/598/11 894/599/11
f 908/600/11 906/593/11 894/599/11
f 908/600/11 894/599/11 892/601/11
f 908/600/11 892/601/11 890/602/11
f 908/600/11 890/602/11 888/603/11
f 908/600/11 888/603/11 886/604/11
f 908/600/11 886/604/11 884/605/11
f 884/605/11 882/606/11 880/607/11
f 908/600/11 884/605/11 880/607/11
f 908/600/11 880/607/11 878/608/11
f 910/609/11 908/600/11 878/608/11
f 912/592/11 910/609/11 878/608/11
f 912/592/11 878/608/11 876/610/11
f 912/592/11 876/610/11 874/611/11
f 912/592/11 874/611/11 872/612/11
f 866/587/11 912/592/11 872/612/11
f 866/587/11 872/612/11 870/613/11
f 870/613/11 867/614/11 866/587/11
f 921/588/12 869/587/12 868/614/12
f 921/588/12 868/614/12 871/613/12
f 921/588/12 871/613/12 873/612/12
f 921/588/12 873/612/12 875/611/12
f 881/607/12 883/606/12 885/605/12
f 881/607/12 885/605/12 887/604/12
f 881/607/12 887/604/12 889/603/12
f 881/607/12 889/603/12 891/602/12
f 881/607/12 891/602/12 893/601/12
f 879/608/12 881/607/12 893/601/12
f 879/608/12 893/601/12 895/599/12
f 879/608/12 895/599/12 897/598/12
f 879/608/12 897/598/12 899/597/12
f 879/608/12 899/597/12 901/596/12
f 879/608/12 901/596/12 903/595/12
f 903/595/12 905/594/12 907/593/12
f 879/608/12 903/595/12 907/593/12
f 879/608/12 907/593/12 909/600/12
f 877/610/12 879/608/12 909/600/12
f 875/611/12 877/610/12 909/600/12
f 875/611/12 909/600/12 911/609/12
f 875/611/12 911/609/12 913/592/12
f 875/611/12 913/592/12 915/591/12
f 921/588/12 875/611/12 915/591/12
f 921/588/12 915/591/12 917/590/12
f 917/590/12 919/589/12 921/588/12
g fastener_right
usemtl mat
f 922/325/13 923/326/13 924/327/13
f 922/325/13 924/327/13 925/328/13
f 922/325/13 925/328/13 926/329/13
f 922/325/13 926/329/13 927/330/13
f 922/325/13 927/330/13 928/331/13
f 928/331/13 929/332/13 922/325/13
f 930/333/11 931/334/11 924/335/11 923/336/11
f 931/333/305 932/334/305 925/335/305 924/336/305
f 932/333/304 933/334/304 926/335/304 925/336/304
f 933/333/306 934/334/306 927/335/306 926/336/306
f 934/333/12 935/334/12 928/335/12 927/336/12
f 935/333/307 936/334/307 929/335/307 928/336/307
f 936/333/303 937/334/303 922/335/303 929/336/303
f 937/333/308 930/334/308 923/335/308 922/336/308
f 938/337/243 939/338/243 940/339/243
f 938/337/243 940/339/243 941/340/243
f 938/337/243 941/340/243 942/341/243
f 938/337/243 942/341/243 943/342/243
f 938/337/243 943/342/243 944/343/243
f 944/343/243 945/344/243 938/337/243
f 938/345/11 945/346/11 946/347/11 947/348/11
f 945/345/305 944/346/305 948/347/305 946/348/305
f 944/345/304 943/346/304 949/347/304 948/348/304
f 943/345/306 942/346/306 950/347/306 949/348/306
f 942/345/12 941/346/12 951/347/12 950/348/12
f 941/345/307 940/346/307 952/347/307 951/348/307
f 940/345/303 939/346/303 953/347/303 952/348/303
f 939/345/308 938/346/308 947/347/308 953/348/308
f 954/349/13 955/350/13 956/351/13
f 954/349/13 956/351/13 957/352/13
f 954/349/13 957/352/13 958/353/13
f 954/349/13 958/353/13 959/354/13
f 954/349/13 959/354/13 960/355/13
f 960/355/13 961/356/13 954/349/13
f 962/350/243 963/349/243 964/356/243
f 962/350/243 964/356/243 965/355/243
f 962/350/243 965/355/243 966/354/243
f 962/350/243 966/354/243 967/353/243
f 962/350/243 967/353/243 968/352/243
f 968/352/243 969/351/243 962/350/243
f 962/357/11 969/358/11 956/359/11 955/360/11
f 969/357/305 968/358/305 957/359/305 956/360/305
f 968/357/304 967/358/304 958/359/304 957/360/304
f 967/357/306 966/358/306 959/359/306 958/360/306
f 966/357/12 965/358/12 960/359/12 959/360/12
f 965/357/307 964/358/307 961/359/307 960/360/307
f 964/357/303 963/358/303 954/359/303 961/360/303
f 963/357/308 962/358/308 955/359/308 954/360/308
f 970/361/13 971/362/13 972/363/13
f 970/361/13 972/363/13 973/364/13
f 970/361/13 973/364/13 974/365/13
f 970/361/13 974/365/13 975/366/13
f 970/361/13 975/366/13 976/367/13
f 976/367/13 977/368/13 970/361/13
f 978/362/243 979/361/243 980/368/243
f 978/362/243 980/368/243 981/367/243
f 978/362/243 981/367/243 982/366/243
f 978/362/243 982/366/243 983/365/243
f 978/362/243 983/365/243 984/364/243
f 984/364/243 985/363/243 978/362/243
f 978/333/11 985/334/11 972/335/11 971/336/11
f 985/333/305 984/334/305 973/335/305 972/336/305
f 984/333/304 983/334/304 974/335/304 973/336/304
f 983/333/306 982/334/306 975/335/306 974/336/306
f 982/333/12 981/334/12 976/335/12 975/336/12
f 981/333/307 980/334/307 977/335/307 976/336/307
f 980/333/303 979/334/303 970/335/303 977/336/303
f 979/333/308 978/334/308 971/335/308 970/336/308
f 986/369/12 987/357/12 988/370/12
f 986/369/12 988/370/12 989/371/12
f 986/369/12 989/371/12 990/372/12
f 990/372/12 991/373/12 992/359/12
f 986/369/12 990/372/12 992/359/12
f 992/359/12 993/374/12 994/375/12
f 992/359/12 994/375/12 986/369/12
f 995/357/11 996/369/11 997/375/11
f 997/375/11 998/374/11 999/359/11
f 995/357/11 997/375/11 999/359/11
f 999/359/11 1000/373/11 1001/372/11
f 999/359/11 1001/372/11 1002/371/11
f 999/359/11 1002/371/11 1003/370/11
f 999/359/11 1003/370/11 995/357/11
f 996/357/309 997/358/309 994/359/309 986/360/309
f 997/357/310 998/358/310 993/359/310 994/360/310
f 998/357/13 999/358/13 992/359/13 993/360/13
f 999/357/303 1000/358/303 991/359/303 992/360/303
f 1000/357/243 1001/358/243 990/359/243 991/360/243
f 1001/357/311 1002/358/311 989/359/311 990/360/311
f 1002/357/243 1003/358/243 988/359/243 989/360/243
f 1003/357/312 995/358/312 987/359/312 988/360/312
f 995/357/304 996/358/304 986/359/304 987/360/304
f 1004/376/13 1005/377/13 1006/378/13
f 1004/376/13 1006/378/13 1007/379/13
f 1004/376/13 1007/379/13 1008/380/13
f 1004/376/13 1008/380/13 1009/381/13
f 1004/376/13 1009/381/13 1010/382/13
f 1004/376/13 1010/382/13 1011/383/13
f 1004/376/13 1011/383/13 1012/384/13
f 1012/384/13 1013/385/13 1004/376/13
f 1014/377/243 1015/376/243 1016/385/243
f 1014/377/243 1016/385/243 1017/384/243
f 1014/377/243 1017/384/243 1018/383/243
f 1014/377/243 1018/383/243 1019/382/243
f 1014/377/243 1019/382/243 1020/381/243
f 1014/377/243 1020/381/243 1021/380/243
f 1014/377/243 1021/380/243 1022/379/243
f 1022/379/243 1023/378/243 1014/377/243
f 1014/357/313 1023/386/313 1006/387/313 1005/360/313
f 1023/386/314 1022/388/314 1007/389/314 1006/387/314
f 1022/388/12 1021/390/12 1008/391/12 1007/389/12
f 1021/390/315 1020/392/315 1009/393/315 1008/391/315
f 1020/392/316 1019/394/316 1010/395/316 1009/393/316
f 1019/394/317 1018/396/317 1011/397/317 1010/395/317
f 1018/396/318 1017/398/318 1012/399/318 1011/397/318
f 1017/398/11 1016/400/11 1013/401/11 1012/399/11
f 1016/400/319 1015/402/319 1004/403/319 1013/401/319
f 1015/402/320 1014/358/320 1005/359/320 1004/403/320
f 1024/404/13 1025/377/13 1026/405/13
f 1024/404/13 1026/405/13 1027/406/13
f 1024/404/13 1027/406/13 1028/394/13
f 1024/404/13 1028/394/13 1029/407/13
f 1024/404/13 1029/407/13 1030/408/13
f 1024/404/13 1030/408/13 1031/382/13
f 1024/404/13 1031/382/13 1032/409/13
f 1024/404/13 1032/409/13 1033/410/13
f 1024/404/13 1033/410/13 1034/395/13
f 1034/395/13 1035/411/13 1024/404/13
f 1036/377/243 1037/404/243 1038/411/243
f 1036/377/243 1038/411/243 1039/395/243
f 1036/377/243 1039/395/243 1040/410/243
f 1036/377/243 1040/410/243 1041/409/243
f 1036/377/243 1041/409/243 1042/382/243
f 1036/377/243 1042/382/243 1043/408/243
f 1036/377/243 1043/408/243 1044/407/243
f 1036/377/243 1044/407/243 1045/394/243
f 1036/377/243 1045/394/243 1046/406/243
f 1046/406/243 1047/405/243 1036/377/243
f 1036/357/321 1047/412/321 1026/413/321 1025/360/321
f 1047/412/306 1046/414/306 1027/415/306 1026/413/306
f 1046/414/322 1045/416/322 1028/417/322 1027/415/322
f 1045/416/323 1044/418/323 1029/419/323 1028/417/323
f 1044/418/307 1043/420/307 1030/421/307 1029/419/307
f 1043/420/324 1042/394/324 1031/395/324 1030/421/324
f 1042/394/325 1041/422/325 1032/423/325 1031/395/325
f 1041/422/308 1040/424/308 1033/425/308 1032/423/308
f 1040/424/326 1039/426/326 1034/427/326 1033/425/326
f 1039/426/327 1038/428/327 1035/429/327 1034/427/327
f 1038/428/305 1037/430/305 1024/431/305 1035/429/305
f 1037/430/328 1036/358/328 1025/359/328 1024/431/328
f 1048/411/13 1049/377/13 1050/406/13
f 1048/411/13 1050/406/13 1051/407/13
f 1048/411/13 1051/407/13 1052/382/13
f 1052/382/13 1053/410/13 1048/411/13
f 1054/377/243 1055/411/243 1056/410/243
f 1054/377/243 1056/410/243 1057/382/243
f 1054/377/243 1057/382/243 1058/407/243
f 1058/407/243 1059/406/243 1054/377/243
f 1054/357/329 1059/414/329 1050/415/329 1049/360/329
f 1059/414/12 1058/418/12 1051/419/12 1050/415/12
f 1058/418/330 1057/394/330 1052/395/330 1051/419/330
f 1057/394/331 1056/424/331 1053/425/331 1052/395/331
f 1056/424/11 1055/428/11 1048/429/11 1053/425/11
f 1055/428/332 1054/358/332 1049/359/332 1048/429/332
f 1060/411/13 1061/377/13 1062/406/13
f 1060/411/13 1062/406/13 1063/407/13
f 1060/411/13 1063/407/13 1064/382/13
f 1064/382/13 1065/410/13 1060/411/13
f 1066/377/243 1067/411/243 1068/410/243
f 1066/377/243 1068/410/243 1069/382/243
f 1066/377/243 1069/382/243 1070/407/243
f 1070/407/243 1071/406/243 1066/377/243
f 1066/357/329 1071/414/329 1062/415/329 1061/360/329
f 1071/414/12 1070/418/12 1063/419/12 1062/415/12
f 1070/418/330 1069/394/330 1064/395/330 1063/419/330
f 1069/394/331 1068/424/331 1065/425/331 1064/395/331
f 1068/424/11 1067/428/11 1060/429/11 1065/425/11
f 1067/428/332 1066/358/332 1061/359/332 1060/429/332
f 1072/432/333 1073/360/334 1074/415/335
f 1074/415/335 1075/433/336 1072/432/333
f 1075/433/336 1074/415/335 1076/419/337
f 1076/419/337 1077/434/338 1075/433/336
f 1077/434/338 1076/419/337 1078/395/339
f 1078/395/339 1079/435/340 1077/434/338
f 1079/435/340 1078/395/339 1080/425/341
f 1080/425/341 1081/436/342 1079/435/340
f 1081/436/342 1080/425/341 1082/429/343
f 1082/429/343 1083/437/344 1081/436/342
f 1083/437/344 1082/429/343 1073/359/334
f 1073/359/334 1072/438/333 1083/437/344
f 1084/439/345 1072/432/333 1075/433/336
f 1075/433/336 1085/440/346 1084/439/345
f 1085/440/346 1075/433/336 1077/434/338
f 1077/434/338 1086/441/347 1085/440/346
f 1086/441/347 1077/434/338 1079/435/340
f 1079/435/340 1087/442/348 1086/441/347
f 1087/442/348 1079/435/340 1081/436/342
f 1081/436/342 1088/443/349 1087/442/348
f 1088/443/349 1081/436/342 1083/437/344
f 1083/437/344 1089/444/350 1088/443/349
f 1089/444/350 1083/437/344 1072/438/333
f 1072/438/333 1084/445/345 1089/444/350
f 1090/446/351 1084/439/345 1085/440/346
f 1085/440/346 1091/447/352 1090/446/351
f 1091/447/352 1085/440/346 1086/441/347
f 1086/441/347 1092/448/353 1091/447/352
f 1092/448/353 1086/441/347 1087/442/348
f 1087/442/348 1093/449/354 1092/448/353
f 1093/449/354 1087/442/348 1088/443/349
f 1088/443/349 1094/450/355 1093/449/354
f 1094/450/355 1088/443/349 1089/444/350
f 1089/444/350 1095/451/356 1094/450/355
f 1095/451/356 1089/444/350 1084/445/345
f 1084/445/345 1090/452/351 1095/451/356
f 1096/453/357 1090/446/351 1091/447/352
f 1091/447/352 1097/454/358 1096/453/357
f 1097/454/358 1091/447/352 1092/448/353
f 1092/448/353 1098/455/359 1097/454/358
f 1098/455/359 1092/448/353 1093/449/354
f 1093/449/354 1099/456/360 1098/455/359
f 1099/456/360 1093/449/354 1094/450/355
f 1094/450/355 1100/457/361 1099/456/360
f 1100/457/361 1094/450/355 1095/451/356
f 1095/451/356 1101/458/362 1100/457/361
f 1101/458/362 1095/451/356 1090/452/351
f 1090/452/351 1096/459/357 1101/458/362
f 1102/460/363 1096/453/357 1097/454/358
f 1097/454/358 1103/461/364 1102/460/363
f 1103/461/364 1097/454/358 1098/455/359
f 1098/455/359 1104/462/365 1103/461/364
f 1104/462/365 1098/455/359 1099/456/360
f 1099/456/360 1105/463/366 1104/462/365
f 1105/463/366 1099/456/360 1100/457/361
f 1100/457/361 1106/464/367 1105/463/366
f 1106/464/367 1100/457/361 1101/458/362
f 1101/458/362 1107/465/368 1106/464/367
f 1107/465/368 1101/458/362 1096/459/357
f 1096/459/357 1102/466/363 1107/465/368
f 1108/467/369 1102/460/363 1103/461/364
f 1103/461/364 1109/468/370 1108/467/369
f 1109/468/370 1103/461/364 1104/462/365
f 1104/462/365 1110/469/371 1109/468/370
f 1110/469/371 1104/462/365 1105/463/366
f 1105/463/366 1111/470/372 1110/469/371
f 1111/470/372 1105/463/366 1106/464/367
f 1106/464/367 1112/471/373 1111/470/372
f 1112/471/373 1106/464/367 1107/465/368
f 1107/465/368 1113/472/374 1112/471/373
f 1113/472/374 1107/465/368 1102/466/363
f 1102/466/363 1108/473/369 1113/472/374
f 1114/474/375 1108/467/369 1109/468/370
f 1109/468/370 1115/475/376 1114/474/375
f 1115/475/376 1109/468/370 1110/469/371
f 1110/469/371 1116/476/377 1115/475/376
f 1116/476/377 1110/469/371 1111/470/372
f 1111/470/372 1117/477/378 1116/476/377
f 1117/477/378 1111/470/372 1112/471/373
f 1112/471/373 1118/478/379 1117/477/378
f 1118/478/379 1112/471/373 1113/472/374
f 1113/472/374 1119/479/380 1118/478/379
f 1119/479/380 1113/472/374 1108/473/369
f 1108/473/369 1114/480/375 1119/479/380
f 1120/481/381 1114/474/375 1115/475/376
f 1115/475/376 1121/482/382 1120/481/381
f 1121/482/382 1115/475/376 1116/476/377
f 1116/476/377 1122/483/383 1121/482/382
f 1122/483/383 1116/476/377 1117/477/378
f 1117/477/378 1123/484/384 1122/483/383
f 1123/484/384 1117/477/378 1118/478/379
f 1118/478/379 1124/485/385 1123/484/384
f 1124/485/385 1118/478/379 1119/479/380
f 1119/479/380 1125/486/386 1124/485/385
f 1125/486/386 1119/479/380 1114/480/375
f 1114/480/375 1120/487/381 1125/486/386
f 1126/382/387 1120/481/381 1121/482/382
f 1121/482/382 1127/488/388 1126/382/387
f 1127/488/388 1121/482/382 1122/483/383
f 1122/483/383 1128/489/389 1127/488/388
f 1128/489/389 1122/483/383 1123/484/384
f 1123/484/384 1129/490/390 1128/489/389
f 1129/490/390 1123/484/384 1124/485/385
f 1124/485/385 1130/491/391 1129/490/390
f 1130/491/391 1124/485/385 1125/486/386
f 1125/486/386 1131/492/392 1130/491/391
f 1131/492/392 1125/486/386 1120/487/381
f 1120/487/381 1126/377/387 1131/492/392
f 1132/493/393 1126/382/387 1127/488/388
f 1127/488/388 1133/494/394 1132/493/393
f 1133/494/394 1127/488/388 1128/489/389
f 1128/489/389 1134/495/395 1133/494/394
f 1134/495/395 1128/489/389 1129/490/390
f 1129/490/390 1135/496/396 1134/495/395
f 1135/496/396 1129/490/390 1130/491/391
f 1130/491/391 1136/497/397 1135/496/396
f 1136/497/397 1130/491/391 1131/492/392
f 1131/492/392 1137/498/398 1136/497/397
f 1137/498/398 1131/492/392 1126/377/387
f 1126/377/387 1132/499/393 1137/498/398
f 1138/500/399 1132/493/393 1133/494/394
f 1133/494/394 1139/501/400 1138/500/399
f 1139/501/400 1133/494/394 1134/495/395
f 1134/495/395 1140/502/401 1139/501/400
f 1140/502/401 1134/495/395 1135/496/396
f 1135/496/396 1141/503/402 1140/502/401
f 1141/503/402 1135/496/396 1136/497/397
f 1136/497/397 1142/504/403 1141/503/402
f 1142/504/403 1136/497/397 1137/498/398
f 1137/498/398 1143/505/404 1142/504/403
f 1143/505/404 1137/498/398 1132/499/393
f 1132/499/393 1138/506/399 1143/505/404
f 1144/507/405 1138/500/399 1139/501/400
f 1139/501/400 1145/508/406 1144/507/405
f 1145/508/406 1139/501/400 1140/502/401
f 1140/502/401 1146/509/407 1145/508/406
f 1146/509/407 1140/502/401 1141/503/402
f 1141/503/402 1147/510/408 1146/509/407
f 1147/510/408 1141/503/402 1142/504/403
f 1142/504/403 1148/511/409 1147/510/408
f 1148/511/409 1142/504/403 1143/505/404
f 1143/505/404 1149/512/410 1148/511/409
f 1149/512/410 1143/505/404 1138/506/399
f 1138/506/399 1144/513/405 1149/512/410
f 1150/514/411 1144/507/405 1145/508/406
f 1145/508/406 1151/515/412 1150/514/411
f 1151/515/412 1145/508/406 1146/509/407
f 1146/509/407 1152/516/413 1151/515/412
f 1152/516/413 1146/509/407 1147/510/408
f 1147/510/408 1153/517/414 1152/516/413
f 1153/517/414 1147/510/408 1148/511/409
f 1148/511/409 1154/518/415 1153/517/414
f 1154/518/415 1148/511/409 1149/512/410
f 1149/512/410 1155/519/416 1154/518/415
f 1155/519/416 1149/512/410 1144/513/405
f 1144/513/405 1150/520/411 1155/519/416
f 1156/521/417 1150/514/411 1151/515/412
f 1151/515/412 1157/522/418 1156/521/417
f 1157/522/418 1151/515/412 1152/516/413
f 1152/516/413 1158/523/419 1157/522/418
f 1158/523/419 1152/516/413 1153/517/414
f 1153/517/414 1159/524/420 1158/523/419
f 1159/524/420 1153/517/414 1154/518/415
f 1154/518/415 1160/525/421 1159/524/420
f 1160/525/421 1154/518/415 1155/519/416
f 1155/519/416 1161/526/422 1160/525/421
f 1161/526/422 1155/519/416 1150/520/411
f 1150/520/411 1156/527/417 1161/526/422
f 1162/528/423 1156/521/417 1157/522/418
f 1157/522/418 1163/529/424 1162/528/423
f 1163/529/424 1157/522/418 1158/523/419
f 1158/523/419 1164/530/425 1163/529/424
f 1164/530/425 1158/523/419 1159/524/420
f 1159/524/420 1165/531/426 1164/530/425
f 1165/531/426 1159/524/420 1160/525/421
f 1160/525/421 1166/532/427 1165/531/426
f 1166/532/427 1160/525/421 1161/526/422
f 1161/526/422 1167/533/428 1166/532/427
f 1167/533/428 1161/526/422 1156/527/417
f 1156/527/417 1162/534/423 1167/533/428
f 1168/535/429 1162/528/423 1163/529/424
f 1163/529/424 1169/536/430 1168/535/429
f 1169/536/430 1163/529/424 1164/530/425
f 1164/530/425 1170/537/431 1169/536/430
f 1170/537/431 1164/530/425 1165/531/426
f 1165/531/426 1171/538/432 1170/537/431
f 1171/538/432 1165/531/426 1166/532/427
f 1166/532/427 1172/539/433 1171/538/432
f 1172/539/433 1166/532/427 1167/533/428
f 1167/533/428 1173/540/434 1172/539/433
f 1173/540/434 1167/533/428 1162/534/423
f 1162/534/423 1168/541/429 1173/540/434
f 1174/542/435 1168/535/429 1169/536/430
f 1169/536/430 1175/543/436 1174/542/435
f 1175/543/436 1169/536/430 1170/537/431
f 1170/537/431 1176/544/437 1175/543/436
f 1176/544/437 1170/537/431 1171/538/432
f 1171/538/432 1177/545/438 1176/544/437
f 1177/545/438 1171/538/432 1172/539/433
f 1172/539/433 1178/546/439 1177/545/438
f 1178/546/439 1172/539/433 1173/540/434
f 1173/540/434 1179/547/440 1178/546/439
f 1179/547/440 1173/540/434 1168/541/429
f 1168/541/429 1174/548/435 1179/547/440
f 1180/357/441 1174/542/435 1175/543/436
f 1175/543/436 1181/414/442 1180/357/441
f 1181/414/442 1175/543/436 1176/544/437
f 1176/544/437 1182/418/443 1181/414/442
f 1182/418/443 1176/544/437 1177/545/438
f 1177/545/438 1183/394/444 1182/418/443
f 1183/394/444 1177/545/438 1178/546/439
f 1178/546/439 1184/424/445 1183/394/444
f 1184/424/445 1178/546/439 1179/547/440
f 1179/547/440 1185/428/446 1184/424/445
f 1185/428/446 1179/547/440 1174/548/435
f 1174/548/435 1180/358/441 1185/428/446
f 1073/377/447 1082/549/447 1080/410/447
f 1073/377/447 1080/410/447 1078/382/447
f 1073/377/447 1078/382/447 1076/407/447
f 1076/407/447 1074/550/447 1073/377/447
f 1185/549/448 1180/377/448 1181/550/448
f 1185/549/448 1181/550/448 1182/407/448
f 1185/549/448 1182/407/448 1183/382/448
f 1183/382/448 1184/410/448 1185/549/448
f 1186/349/13 1187/350/13 1188/351/13
f 1186/349/13 1188/351/13 1189/352/13
f 1186/349/13 1189/352/13 1190/353/13
f 1186/349/13 1190/353/13 1191/354/13
f 1186/349/13 1191/354/13 1192/355/13
f 1192/355/13 1193/356/13 1186/349/13
f 1194/350/243 1195/349/243 1196/356/243
f 1194/350/243 1196/356/243 1197/355/243
f 1194/350/243 1197/355/243 1198/354/243
f 1194/350/243 1198/354/243 1199/353/243
f 1194/350/243 1199/353/243 1200/352/243
f 1200/352/243 1201/351/243 1194/350/243
f 1194/357/11 1201/358/11 1188/359/11 1187/360/11
f 1201/357/305 1200/358/305 1189/359/305 1188/360/305
f 1200/357/304 1199/358/304 1190/359/304 1189/360/304
f 1199/357/306 1198/358/306 1191/359/306 1190/360/306
f 1198/357/12 1197/358/12 1192/359/12 1191/360/12
f 1197/357/307 1196/358/307 1193/359/307 1192/360/307
f 1196/357/303 1195/358/303 1186/359/303 1193/360/303
f 1195/357/308 1194/358/308 1187/359/308 1186/360/308
f 1202/361/13 1203/362/13 1204/363/13
f 1202/361/13 1204/363/13 1205/364/13
f 1202/361/13 1205/364/13 1206/365/13
f 1202/361/13 1206/365/13 1207/366/13
f 1202/361/13 1207/366/13 1208/367/13
f 1208/367/13 1209/368/13 1202/361/13
f 1210/362/243 1211/361/243 1212/368/243
f 1210/362/243 1212/368/243 1213/367/243
f 1210/362/243 1213/367/243 1214/366/243
f 1210/362/243 1214/366/243 1215/365/243
f 1210/362/243 1215/365/243 1216/364/243
f 1216/364/243 1217/363/243 1210/362/243
f 1210/333/11 1217/334/11 1204/335/11 1203/336/11
f 1217/333/305 1216/334/305 1205/335/305 1204/336/305
f 1216/333/304 1215/334/304 1206/335/304 1205/336/304
f 1215/333/306 1214/334/306 1207/335/306 1206/336/306
f 1214/333/12 1213/334/12 1208/335/12 1207/336/12
f 1213/333/307 1212/334/307 1209/335/307 1208/336/307
f 1212/333/303 1211/334/303 1202/335/303 1209/336/303
f 1211/333/308 1210/334/308 1203/335/308 1202/336/308
f 1218/357/12 1219/369/12 1220/375/12
f 1220/375/12 1221/374/12 1222/359/12
f 1218/357/12 1220/375/12 1222/359/12
f 1222/359/12 1223/373/12 1224/372/12
f 1222/359/12 1224/372/12 1225/371/12
f 1222/359/12 1225/371/12 1226/370/12
f 1222/359/12 1226/370/12 1218/357/12
f 1227/369/11 1228/357/11 1229/370/11
f 1227/369/11 1229/370/11 1230/371/11
f 1227/369/11 1230/371/11 1231/372/11
f 1231/372/11 1232/373/11 1233/359/11
f 1227/369/11 1231/372/11 1233/359/11
f 1233/359/11 1234/374/11 1235/375/11
f 1233/359/11 1235/375/11 1227/369/11
f 1219/360/449 1220/359/449 1235/358/449 1227/357/449
f 1220/360/450 1221/359/450 1234/358/450 1235/357/450
f 1221/360/13 1222/359/13 1233/358/13 1234/357/13
f 1222/360/304 1223/359/304 1232/358/304 1233/357/304
f 1223/360/243 1224/359/243 1231/358/243 1232/357/243
f 1224/360/451 1225/359/451 1230/358/451 1231/357/451
f 1225/360/243 1226/359/243 1229/358/243 1230/357/243
f 1226/360/452 1218/359/452 1228/358/452 1229/357/452
f 1218/360/303 1219/359/303 1227/358/303 1228/357/303
f 1236/376/13 1237/377/13 1238/378/13
f 1236/376/13 1238/378/13 1239/379/13
f 1236/376/13 1239/379/13 1240/380/13
f 1236/376/13 1240/380/13 1241/381/13
f 1236/376/13 1241/381/13 1242/382/13
f 1236/376/13 1242/382/13 1243/383/13
f 1236/376/13 1243/383/13 1244/384/13
f 1244/384/13 1245/385/13 1236/376/13
f 1246/377/243 1247/376/243 1248/385/243
f 1246/377/243 1248/385/243 1249/384/243
f 1246/377/243 1249/384/243 1250/383/243
f 1246/377/243 1250/383/243 1251/382/243
f 1246/377/243 1251/382/243 1252/381/243
f 1246/377/243 1252/381/243 1253/380/243
f 1246/377/243 1253/380/243 1254/379/243
f 1254/379/243 1255/378/243 1246/377/243
f 1246/357/313 1255/386/313 1238/387/313 1237/360/313
f 1255/386/314 1254/388/314 1239/389/314 1238/387/314
f 1254/388/12 1253/390/12 1240/391/12 1239/389/12
f 1253/390/315 1252/392/315 1241/393/315 1240/391/315
f 1252/392/316 1251/394/316 1242/395/316 1241/393/316
f 1251/394/317 1250/396/317 1243/397/317 1242/395/317
f 1250/396/318 1249/398/318 1244/399/318 1243/397/318
f 1249/398/11 1248/400/11 1245/401/11 1244/399/11
f 1248/400/319 1247/402/319 1236/403/319 1245/401/319
f 1247/402/320 1246/358/320 1237/359/320 1236/403/320
f 1256/404/13 1257/377/13 1258/405/13
f 1256/404/13 1258/405/13 1259/406/13
f 1256/404/13 1259/406/13 1260/394/13
f 1256/404/13 1260/394/13 1261/407/13
f 1256/404/13 1261/407/13 1262/408/13
f 1256/404/13 1262/408/13 1263/382/13
f 1256/404/13 1263/382/13 1264/409/13
f 1256/404/13 1264/409/13 1265/410/13
f 1256/404/13 1265/410/13 1266/395/13
f 1266/395/13 1267/411/13 1256/404/13
f 1268/377/243 1269/404/243 1270/411/243
f 1268/377/243 1270/411/243 1271/395/243
f 1268/377/243 1271/395/243 1272/410/243
f 1268/377/243 1272/410/243 1273/409/243
f 1268/377/243 1273/409/243 1274/382/243
f 1268/377/243 1274/382/243 1275/408/243
f 1268/377/243 1275/408/243 1276/407/243
f 1268/377/243 1276/407/243 1277/394/243
f 1268/377/243 1277/394/243 1278/406/243
f 1278/406/243 1279/405/243 1268/377/243
f 1268/357/321 1279/412/321 1258/413/321 1257/360/321
f 1279/412/306 1278/414/306 1259/415/306 1258/413/306
f 1278/414/322 1277/416/322 1260/417/322 1259/415/322
f 1277/416/323 1276/418/323 1261/419/323 1260/417/323
f 1276/418/307 1275/420/307 1262/421/307 1261/419/307
f 1275/420/324 1274/394/324 1263/395/324 1262/421/324
f 1274/394/325 1273/422/325 1264/423/325 1263/395/325
f 1273/422/308 1272/424/308 1265/425/308 1264/423/308
f 1272/424/326 1271/426/326 1266/427/326 1265/425/326
f 1271/426/327 1270/428/327 1267/429/327 1266/427/327
f 1270/428/305 1269/430/305 1256/431/305 1267/429/305
f 1269/430/328 1268/358/328 1257/359/328 1256/431/328
f 1280/411/13 1281/377/13 1282/406/13
f 1280/411/13 1282/406/13 1283/407/13
f 1280/411/13 1283/407/13 1284/382/13
f 1284/382/13 1285/410/13 1280/411/13
f 1286/377/243 1287/411/243 1288/410/243
f 1286/377/243 1288/410/243 1289/382/243
f 1286/377/243 1289/382/243 1290/407/243
f 1290/407/243 1291/406/243 1286/377/243
f 1286/357/329 1291/414/329 1282/415/329 1281/360/329
f 1291/414/12 1290/418/12 1283/419/12 1282/415/12
f 1290/418/330 1289/394/330 1284/395/330 1283/419/330
f 1289/394/331 1288/424/331 1285/425/331 1284/395/331
f 1288/424/11 1287/428/11 1280/429/11 1285/425/11
f 1287/428/332 1286/358/332 1281/359/332 1280/429/332
f 1292/411/13 1293/377/13 1294/406/13
f 1292/411/13 1294/406/13 1295/407/13
f 1292/411/13 1295/407/13 1296/382/13
f 1296/382/13 1297/410/13 1292/411/13
f 1298/377/243 1299/411/243 1300/410/243
f 1298/377/243 1300/410/243 1301/382/243
f 1298/377/243 1301/382/243 1302/407/243
f 1302/407/243 1303/406/243 1298/377/243
f 1298/357/329 1303/414/329 1294/415/329 1293/360/329
f 1303/414/12 1302/418/12 1295/419/12 1294/415/12
f 1302/418/330 1301/394/330 1296/395/330 1295/419/330
f 1301/394/331 1300/424/331 1297/425/331 1296/395/331
f 1300/424/11 1299/428/11 1292/429/11 1297/425/11
f 1299/428/332 1298/358/332 1293/359/332 1292/429/332
f 1304/432/453 1305/360/454 1306/415/455
f 1306/415/455 1307/433/456 1304/432/453
f 1307/433/456 1306/415/455 1308/419/457
f 1308/419/457 1309/434/458 1307/433/456
f 1309/434/458 1308/419/457 1310/395/459
f 1310/395/459 1311/435/460 1309/434/458
f 1311/435/460 1310/395/459 1312/425/461
f 1312/425/461 1313/436/462 1311/435/460
f 1313/436/462 1312/425/461 1314/429/463
f 1314/429/463 1315/437/464 1313/436/462
f 1315/437/464 1314/429/463 1305/359/454
f 1305/359/454 1304/438/453 1315/437/464
f 1316/439/465 1304/432/453 1307/433/456
f 1307/433/456 1317/440/466 1316/439/465
f 1317/440/466 1307/433/456 1309/434/458
f 1309/434/458 1318/441/467 1317/440/466
f 1318/441/467 1309/434/458 1311/435/460
f 1311/435/460 1319/442/468 1318/441/467
f 1319/442/468 1311/435/460 1313/436/462
f 1313/436/462 1320/443/469 1319/442/468
f 1320/443/469 1313/436/462 1315/437/464
f 1315/437/464 1321/444/470 1320/443/469
f 1321/444/470 1315/437/464 1304/438/453
f 1304/438/453 1316/445/465 1321/444/470
f 1322/446/471 1316/439/465 1317/440/466
f 1317/440/466 1323/447/472 1322/446/471
f 1323/447/472 1317/440/466 1318/441/467
f 1318/441/467 1324/448/473 1323/447/472
f 1324/448/473 1318/441/467 1319/442/468
f 1319/442/468 1325/449/474 1324/448/473
f 1325/449/474 1319/442/468 1320/443/469
f 1320/443/469 1326/450/475 1325/449/474
f 1326/450/475 1320/443/469 1321/444/470
f 1321/444/470 1327/451/476 1326/450/475
f 1327/451/476 1321/444/470 1316/445/465
f 1316/445/465 1322/452/471 1327/451/476
f 1328/453/477 1322/446/471 1323/447/472
f 1323/447/472 1329/454/478 1328/453/477
f 1329/454/478 1323/447/472 1324/448/473
f 1324/448/473 1330/455/479 1329/454/478
f 1330/455/479 1324/448/473 1325/449/474
f 1325/449/474 1331/456/480 1330/455/479
f 1331/456/480 1325/449/474 1326/450/475
f 1326/450/475 1332/457/481 1331/456/480
f 1332/457/481 1326/450/475 1327/451/476
f 1327/451/476 1333/458/482 1332/457/481
f 1333/458/482 1327/451/476 1322/452/471
f 1322/452/471 1328/459/477 1333/458/482
f 1334/460/483 1328/453/477 1329/454/478
f 1329/454/478 1335/461/484 1334/460/483
f 1335/461/484 1329/454/478 1330/455/479
f 1330/455/479 1336/462/485 1335/461/484
f 1336/462/485 1330/455/479 1331/456/480
f 1331/456/480 1337/463/486 1336/462/485
f 1337/463/486 1331/456/480 1332/457/481
f 1332/457/481 1338/464/487 1337/463/486
f 1338/464/487 1332/457/481 1333/458/482
f 1333/458/482 1339/465/488 1338/464/487
f 1339/465/488 1333/458/482 1328/459/477
f 1328/459/477 1334/466/483 1339/465/488
f 1340/467/489 1334/460/483 1335/461/484
f 1335/461/484 1341/468/490 1340/467/489
f 1341/468/490 1335/461/484 1336/462/485
f 1336/462/485 1342/469/491 1341/468/490
f 1342/469/491 1336/462/485 1337/463/486
f 1337/463/486 1343/470/492 1342/469/491
f 1343/470/492 1337/463/486 1338/464/487
f 1338/464/487 1344/471/493 1343/470/492
f 1344/471/493 1338/464/487 1339/465/488
f 1339/465/488 1345/472/494 1344/471/493
f 1345/472/494 1339/465/488 1334/466/483
f 1334/466/483 1340/473/489 1345/472/494
f 1346/474/495 1340/467/489 1341/468/490
f 1341/468/490 1347/475/496 1346/474/495
f 1347/475/496 1341/468/490 1342/469/491
f 1342/469/491 1348/476/497 1347/475/496
f 1348/476/497 1342/469/491 1343/470/492
f 1343/470/492 1349/477/498 1348/476/497
f 1349/477/498 1343/470/492 1344/471/493
f 1344/471/493 1350/478/499 1349/477/498
f 1350/478/499 1344/471/493 1345/472/494
f 1345/472/494 1351/479/500 1350/478/499
f 1351/479/500 1345/472/494 1340/473/489
f 1340/473/489 1346/480/495 1351/479/500
f 1352/481/501 1346/474/495 1347/475/496
f 1347/475/496 1353/482/502 1352/481/501
f 1353/482/502 1347/475/496 1348/476/497
f 1348/476/497 1354/483/503 1353/482/502
f 1354/483/503 1348/476/497 1349/477/498
f 1349/477/498 1355/484/504 1354/483/503
f 1355/484/504 1349/477/498 1350/478/499
f 1350/478/499 1356/485/505 1355/484/504
f 1356/485/505 1350/478/499 1351/479/500
f 1351/479/500 1357/486/506 1356/485/505
f 1357/486/506 1351/479/500 1346/480/495
f 1346/480/495 1352/487/501 1357/486/506
f 1358/382/507 1352/481/501 1353/482/502
f 1353/482/502 1359/488/508 1358/382/507
f 1359/488/508 1353/482/502 1354/483/503
f 1354/483/503 1360/489/509 1359/488/508
f 1360/489/509 1354/483/503 1355/484/504
f 1355/484/504 1361/490/510 1360/489/509
f 1361/490/510 1355/484/504 1356/485/505
f 1356/485/505 1362/491/511 1361/490/510
f 1362/491/511 1356/485/505 1357/486/506
f 1357/486/506 1363/492/512 1362/491/511
f 1363/492/512 1357/486/506 1352/487/501
f 1352/487/501 1358/377/507 1363/492/512
f 1364/493/513 1358/382/507 1359/488/508
f 1359/488/508 1365/494/514 1364/493/513
f 1365/494/514 1359/488/508 1360/489/509
f 1360/489/509 1366/495/515 1365/494/514
f 1366/495/515 1360/489/509 1361/490/510
f 1361/490/510 1367/496/516 1366/495/515
f 1367/496/516 1361/490/510 1362/491/511
f 1362/491/511 1368/497/517 1367/496/516
f 1368/497/517 1362/491/511 1363/492/512
f 1363/492/512 1369/498/518 1368/497/517
f 1369/498/518 1363/492/512 1358/377/507
f 1358/377/507 1364/499/513 1369/498/518
f 1370/500/519 1364/493/513 1365/494/514
f 1365/494/514 1371/501/520 1370/500/519
f 1371/501/520 1365/494/514 1366/495/515
f 1366/495/515 1372/502/521 1371/501/520
f 1372/502/521 1366/495/515 1367/496/516
f 1367/496/516 1373/503/522 1372/502/521
f 1373/503/522 1367/496/516 1368/497/517
f 1368/497/517 1374/504/523 1373/503/522
f 1374/504/523 1368/497/517 1369/498/518
f 1369/498/518 1375/505/524 1374/504/523
f 1375/505/524 1369/498/518 1364/499/513
f 1364/499/513 1370/506/519 1375/505/524
f 1376/507/525 1370/500/519 1371/501/520
f 1371/501/520 1377/508/526 1376/507/525
f 1377/508/526 1371/501/520 1372/502/521
f 1372/502/521 1378/509/527 1377/508/526
f 1378/509/527 1372/502/521 1373/503/522
f 1373/503/522 1379/510/528 1378/509/527
f 1379/510/528 1373/503/522 1374/504/523
f 1374/504/523 1380/511/529 1379/510/528
f 1380/511/529 1374/504/523 1375/505/524
f 1375/505/524 1381/512/530 1380/511/529
f 1381/512/530 1375/505/524 1370/506/519
f 1370/506/519 1376/513/525 1381/512/530
f 1382/514/531 1376/507/525 1377/508/526
f 1377/508/526 1383/515/532 1382/514/531
f 1383/515/532 1377/508/526 1378/509/527
f 1378/509/527 1384/516/533 1383/515/532
f 1384/516/533 1378/509/527 1379/510/528
f 1379/510/528 1385/517/534 1384/516/533
f 1385/517/534 1379/510/528 1380/511/529
f 1380/511/529 1386/518/535 1385/517/534
f 1386/518/535 1380/511/529 1381/512/530
f 1381/512/530 1387/519/536 1386/518/535
f 1387/519/536 1381/512/530 1376/513/525
f 1376/513/525 1382/520/531 1387/519/536
f 1388/521/537 1382/514/531 1383/515/532
f 1383/515/532 1389/522/538 1388/521/537
f 1389/522/538 1383/515/532 1384/516/533
f 1384/516/533 1390/523/539 1389/522/538
f 1390/523/539 1384/516/533 1385/517/534
f 1385/517/534 1391/524/540 1390/523/539
f 1391/524/540 1385/517/534 1386/518/535
f 1386/518/535 1392/525/541 1391/524/540
f 1392/525/541 1386/518/535 1387/519/536
f 1387/519/536 1393/526/542 1392/525/541
f 1393/526/542 1387/519/536 1382/520/531
f 1382/520/531 1388/527/537 1393/526/542
f 1394/528/543 1388/521/537 1389/522/538
f 1389/522/538 1395/529/544 1394/528/543
f 1395/529/544 1389/522/538 1390/523/539
f 1390/523/539 1396/530/545 1395/529/544
f 1396/530/545 1390/523/539 1391/524/540
f 1391/524/540 1397/531/546 1396/530/545
f 1397/531/546 1391/524/540 1392/525/541
f 1392/525/541 1398/532/547 1397/531/546
f 1398/532/547 1392/525/541 1393/526/542
f 1393/526/542 1399/533/548 1398/532/547
f 1399/533/548 1393/526/542 1388/527/537
f 1388/527/537 1394/534/543 1399/533/548
f 1400/535/549 1394/528/543 1395/529/544
f 1395/529/544 1401/536/550 1400/535/549
f 1401/536/550 1395/529/544 1396/530/545
f 1396/530/545 1402/537/551 1401/536/550
f 1402/537/551 1396/530/545 1397/531/546
f 1397/531/546 1403/538/552 1402/537/551
f 1403/538/552 1397/531/546 1398/532/547
f 1398/532/547 1404/539/553 1403/538/552
f 1404/539/553 1398/532/547 1399/533/548
f 1399/533/548 1405/540/554 1404/539/553
f 1405/540/554 1399/533/548 1394/534/543
f 1394/534/543 1400/541/549 1405/540/554
f 1406/542/555 1400/535/549 1401/536/550
f 1401/536/550 1407/543/556 1406/542/555
f 1407/543/556 1401/536/550 1402/537/551
f 1402/537/551 1408/544/557 1407/543/556
f 1408/544/557 1402/537/551 1403/538/552
f 1403/538/552 1409/545/558 1408/544/557
f 1409/545/558 1403/538/552 1404/539/553
f 1404/539/553 1410/546/559 1409/545/558
f 1410/546/559 1404/539/553 1405/540/554
f 1405/540/554 1411/547/560 1410/546/559
f 1411/547/560 1405/540/554 1400/541/549
f 1400/541/549 1406/548/555 1411/547/560
f 1412/357/561 1406/542/555 1407/543/556
f 1407/543/556 1413/414/562 1412/357/561
f 1413/414/562 1407/543/556 1408/544/557
f 1408/544/557 1414/418/563 1413/414/562
f 1414/418/563 1408/544/557 1409/545/558
f 1409/545/558 1415/394/564 1414/418/563
f 1415/394/564 1409/545/558 1410/546/559
f 1410/546/559 1416/424/565 1415/394/564
f 1416/424/565 1410/546/559 1411/547/560
f 1411/547/560 1417/428/566 1416/424/565
f 1417/428/566 1411/547/560 1406/548/555
f 1406/548/555 1412/358/561 1417/428/566
f 1305/377/567 1314/549/567 1312/410/567
f 1305/377/567 1312/410/567 1310/382/567
f 1305/377/567 1310/382/567 1308/407/567
f 1308/407/567 1306/550/567 1305/377/567
f 1417/549/568 1412/377/568 1413/550/568
f 1417/549/568 1413/550/568 1414/407/568
f 1417/549/568 1414/407/568 1415/382/568
f 1415/382/568 1416/410/568 1417/549/568
g rail_right
usemtl mat
f 1418/551/304 1419/552/304 1420/553/304 1421/554/304
f 1419/552/569 1422/555/569 1423/556/569 1420/553/569
f 1422/555/570 1424/557/570 1425/558/570 1423/556/570
f 1424/557/571 1426/559/571 1427/560/571 1425/558/571
f 1426/559/572 1428/561/572 1429/562/572 1427/560/572
f 1428/561/304 1430/563/304 1431/564/304 1429/562/304
f 1430/563/573 1432/565/573 1433/566/573 1431/564/573
f 1432/565/574 1434/567/574 1435/568/574 1433/566/574
f 1434/567/575 1436/569/575 1437/570/575 1435/568/575
f 1436/569/576 1438/571/576 1439/572/576 1437/570/576
f 1438/571/304 1440/573/304 1441/574/304 1439/572/304
f 1440/573/577 1442/575/577 1443/576/577 1441/574/577
f 1442/577/578 1444/578/578 1445/579/578 1443/580/578
f 1444/578/243 1446/581/243 1447/582/243 1445/579/243
f 1446/581/579 1448/583/579 1449/584/579 1447/582/579
f 1448/575/580 1450/573/580 1451/574/580 1449/576/580
f 1450/573/303 1452/571/303 1453/572/303 1451/574/303
f 1452/571/581 1454/569/581 1455/570/581 1453/572/581
f 1454/569/582 1456/567/582 1457/568/582 1455/570/582
f 1456/567/583 1458/565/583 1459/566/583 1457/568/583
f 1458/565/584 1460/563/584 1461/564/584 1459/566/584
f 1460/563/303 1462/561/303 1463/562/303 1461/564/303
f 1462/561/585 1464/559/585 1465/560/585 1463/562/585
f 1464/559/586 1466/557/586 1467/558/586 1465/560/586
f 1466/557/587 1468/555/587 1469/556/587 1467/558/587
f 1468/555/588 1470/552/588 1471/553/588 1469/556/588
f 1470/552/303 1472/551/303 1473/554/303 1471/553/303
f 1472/551/13 1418/585/13 1421/586/13 1473/554/13
g rail_right_end
usemtl mat
f 1418/587/11 1472/588/11 1470/589/11
f 1418/587/11 1470/589/11 1468/590/11
f 1418/587/11 1468/590/11 1466/591/11
f 1418/587/11 1466/591/11 1464/592/11
f 1458/593/11 1456/594/11 1454/595/11
f 1458/593/11 1454/595/11 1452/596/11
f 1458/593/11 1452/596/11 1450/597/11
f 1458/593/11 1450/597/11 1448/598/11
f 1458/593/11 1448/598/11 1446/599/11
f 1460/600/11 1458/593/11 1446/599/11
f 1460/600/11 1446/599/11 1444/601/11
f 1460/600/11 1444/601/11 1442/602/11
f 1460/600/11 1442/602/11 1440/603/11
f 1460/600/11 1440/603/11 1438/604/11
f 1460/600/11 1438/604/11 1436/605/11
f 1436/605/11 1434/606/11 1432/607/11
f 1460/600/11 1436/605/11 1432/607/11
f 1460/600/11 1432/607/11 1430/608/11
f 1462/609/11 1460/600/11 1430/608/11
f 1464/592/11 1462/609/11 1430/608/11
f 1464/592/11 1430/608/11 1428/610/11
f 1464/592/11 1428/610/11 1426/611/11
f 1464/592/11 1426/611/11 1424/612/11
f 1418/587/11 1464/592/11 1424/612/11
f 1418/587/11 1424/612/11 1422/613/11
f 1422/613/11 1419/614/11 1418/587/11
f 1473/588/12 1421/587/12 1420/614/12
f 1473/588/12 1420/614/12 1423/613/12
f 1473/588/12 1423/613/12 1425/612/12
f 1473/588/12 1425/612/12 1427/611/12
f 1433/607/12 1435/606/12 1437/605/12
f 1433/607/12 1437/605/12 1439/604/12
f 1433/607/12 1439/604/12 1441/603/12
f 1433/607/12 1441/603/12 1443/602/12
f 1433/607/12 1443/602/12 1445/601/12
f 1431/608/12 1433/607/12 1445/601/12
f 1431/608/12 1445/601/12 1447/599/12
f 1431/608/12 1447/599/12 1449/598/12
f 1431/608/12 1449/598/12 1451/597/12
f 1431/608/12 1451/597/12 1453/596/12
f 1431/608/12 1453/596/12 1455/595/12
f 1455/595/12 1457/594/12 1459/593/12
f 1431/608/12 1455/595/12 1459/593/12
f 1431/608/12 1459/593/12 1461/600/12
f 1429/610/12 1431/608/12 1461/600/12
f 1427/611/12 1429/610/12 1461/600/12
f 1427/611/12 1461/600/12 1463/609/12
f 1427/611/12 1463/609/12 1465/592/12
f 1427/611/12 1465/592/12 1467/591/12
f 1473/588/12 1427/611/12 1467/591/12
f 1473/588/12 1467/591/12 1469/590/12
f 1469/590/12 1471/589/12 1473/588/12
