# metres; Y up; CCW outward; repeat 0.6 m
mtllib slab_high.mtl
v -1.550000 0.081922 0.300000
v -1.510000 0.081922 0.300000
v -1.510000 0.081922 -0.300000
v -1.550000 0.081922 -0.300000
v -1.550000 -0.268078 -0.300000
v -1.510000 -0.268078 -0.300000
v -1.510000 -0.268078 0.300000
v -1.550000 -0.268078 0.300000
v -1.080000 0.081922 0.300000
v -1.080000 0.081922 -0.300000
v -1.080000 -0.268078 -0.300000
v -1.080000 -0.268078 0.300000
v -1.040000 0.081922 0.300000
v -1.040000 0.081922 -0.300000
v -1.040000 -0.268078 -0.300000
v -1.040000 -0.268078 0.300000
v -0.480000 0.081922 0.300000
v -0.480000 0.081922 -0.300000
v -0.480000 -0.268078 -0.300000
v -0.480000 -0.268078 0.300000
v -0.440000 0.081922 0.300000
v -0.440000 0.081922 -0.300000
v -0.440000 -0.268078 -0.300000
v -0.440000 -0.268078 0.300000
v 0.440000 0.081922 0.300000
v 0.440000 0.081922 -0.300000
v 0.440000 -0.268078 -0.300000
v 0.440000 -0.268078 0.300000
v 0.480000 0.081922 0.300000
v 0.480000 0.081922 -0.300000
v 0.480000 -0.268078 -0.300000
v 0.480000 -0.268078 0.300000
v 1.040000 0.081922 0.300000
v 1.040000 0.081922 -0.300000
v 1.040000 -0.268078 -0.300000
v 1.040000 -0.268078 0.300000
v 1.080000 0.081922 0.300000
v 1.080000 0.081922 -0.300000
v 1.080000 -0.268078 -0.300000
v 1.080000 -0.268078 0.300000
v 1.510000 0.081922 0.300000
v 1.510000 0.081922 -0.300000
v 1.510000 -0.268078 -0.300000
v 1.510000 -0.268078 0.300000
v 1.550000 0.081922 0.300000
v 1.550000 0.081922 -0.300000
v 1.550000 -0.268078 -0.300000
v 1.550000 -0.268078 0.300000
v -1.091500 0.081922 -0.107000
v -1.076500 0.097422 -0.107000
v -1.036500 0.127422 -0.107000
v -0.996500 0.127422 -0.107000
v -0.956500 0.085422 -0.107000
v -0.546500 0.085422 -0.107000
v -0.506500 0.127422 -0.107000
v -0.466500 0.127422 -0.107000
v -0.426500 0.097422 -0.107000
v -0.411500 0.081922 -0.107000
v -0.411500 0.081922 0.107000
v -0.426500 0.097422 0.107000
v -0.466500 0.127422 0.107000
v -0.506500 0.127422 0.107000
v -0.546500 0.085422 0.107000
v -1.091500 0.081922 0.107000
v -0.956500 0.085422 0.107000
v -1.076500 0.097422 0.107000
v -0.996500 0.127422 0.107000
v -1.036500 0.127422 0.107000
v 0.411500 0.081922 -0.107000
v 0.426500 0.097422 -0.107000
v 0.466500 0.127422 -0.107000
v 0.506500 0.127422 -0.107000
v 0.546500 0.085422 -0.107000
v 0.956500 0.085422 -0.107000
v 0.996500 0.127422 -0.107000
v 1.036500 0.127422 -0.107000
v 1.076500 0.097422 -0.107000
v 1.091500 0.081922 -0.107000
v 1.091500 0.081922 0.107000
v 1.076500 0.097422 0.107000
v 1.036500 0.127422 0.107000
v 0.996500 0.127422 0.107000
v 0.956500 0.085422 0.107000
v 0.411500 0.081922 0.107000
v 0.546500 0.085422 0.107000
v 0.426500 0.097422 0.107000
v 0.506500 0.127422 0.107000
v 0.466500 0.127422 0.107000
v -0.827500 0.085422 -0.101000
v -0.821500 0.085422 -0.107000
v -0.681500 0.085422 -0.107000
v -0.675500 0.085422 -0.101000
v -0.675500 0.085422 0.101000
v -0.681500 0.085422 0.107000
v -0.821500 0.085422 0.107000
v -0.827500 0.085422 0.101000
v -0.821500 0.095422 -0.107000
v -0.681500 0.095422 -0.107000
v -0.675500 0.095422 -0.101000
v -0.675500 0.095422 0.101000
v -0.681500 0.095422 0.107000
v -0.821500 0.095422 0.107000
v -0.827500 0.095422 0.101000
v -0.827500 0.095422 -0.101000
v -0.820500 0.099422 -0.106000
v -0.826500 0.099422 -0.100000
v -0.826500 0.099422 0.100000
v -0.820500 0.099422 0.106000
v -0.682500 0.099422 0.106000
v -0.676500 0.099422 0.100000
v -0.676500 0.099422 -0.100000
v -0.682500 0.099422 -0.106000
v -0.682500 0.095422 -0.106000
v -0.820500 0.095422 -0.106000
v -0.676500 0.095422 -0.100000
v -0.676500 0.095422 0.100000
v -0.682500 0.095422 0.106000
v -0.820500 0.095422 0.106000
v -0.826500 0.095422 0.100000
v -0.826500 0.095422 -0.100000
v -0.946500 0.085422 -0.100000
v -0.943500 0.085422 -0.103000
v -0.823500 0.085422 -0.103000
v -0.820500 0.085422 -0.100000
v -0.820500 0.085422 0.100000
v -0.823500 0.085422 0.103000
v -0.943500 0.085422 0.103000
v -0.946500 0.085422 0.100000
v -0.943500 0.095422 -0.103000
v -0.946500 0.095422 -0.100000
v -0.946500 0.095422 0.100000
v -0.943500 0.095422 0.103000
v -0.823500 0.095422 0.103000
v -0.820500 0.095422 0.100000
v -0.820500 0.095422 -0.100000
v -0.823500 0.095422 -0.103000
v -0.950500 0.095422 -0.105000
v -0.948500 0.095422 -0.107000
v -0.936500 0.095422 -0.107000
v -0.934500 0.095422 -0.105000
v -0.934500 0.095422 0.105000
v -0.936500 0.095422 0.107000
v -0.948500 0.095422 0.107000
v -0.950500 0.095422 0.105000
v -0.948500 0.126422 -0.107000
v -0.950500 0.126422 -0.105000
v -0.950500 0.126422 0.105000
v -0.948500 0.126422 0.107000
v -0.936500 0.126422 0.107000
v -0.934500 0.126422 0.105000
v -0.934500 0.126422 -0.105000
v -0.936500 0.126422 -0.107000
v -0.793500 0.119400 -0.105000
v -0.793500 0.129000 -0.105000
v -0.819500 0.123500 -0.105000
v -0.827500 0.123500 -0.105000
v -0.901500 0.109500 -0.105000
v -0.939500 0.109500 -0.105000
v -0.939500 0.095422 -0.105000
v -0.833500 0.095422 -0.105000
v -0.821500 0.108000 -0.105000
v -0.793500 0.129000 0.105000
v -0.793500 0.119400 0.105000
v -0.821500 0.108000 0.105000
v -0.833500 0.095422 0.105000
v -0.939500 0.095422 0.105000
v -0.939500 0.109500 0.105000
v -0.901500 0.109500 0.105000
v -0.827500 0.123500 0.105000
v -0.819500 0.123500 0.105000
v -0.876410 0.095422 -0.005878
v -0.874500 0.095422 0.000000
v -0.876410 0.095422 0.005878
v -0.881410 0.095422 0.009511
v -0.887590 0.095422 0.009511
v -0.892590 0.095422 0.005878
v -0.894500 0.095422 0.000000
v -0.892590 0.095422 -0.005878
v -0.887590 0.095422 -0.009511
v -0.881410 0.095422 -0.009511
v -0.874500 0.192000 0.000000
v -0.876410 0.192000 -0.005878
v -0.881410 0.192000 -0.009511
v -0.887590 0.192000 -0.009511
v -0.892590 0.192000 -0.005878
v -0.894500 0.192000 0.000000
v -0.892590 0.192000 0.005878
v -0.887590 0.192000 0.009511
v -0.881410 0.192000 0.009511
v -0.876410 0.192000 0.005878
v -0.858519 0.162000 -0.015000
v -0.854500 0.162000 0.000000
v -0.858519 0.162000 0.015000
v -0.869500 0.162000 0.025981
v -0.884500 0.162000 0.030000
v -0.899500 0.162000 0.025981
v -0.910481 0.162000 0.015000
v -0.914500 0.162000 0.000000
v -0.910481 0.162000 -0.015000
v -0.899500 0.162000 -0.025981
v -0.884500 0.162000 -0.030000
v -0.869500 0.162000 -0.025981
v -0.854500 0.168000 0.000000
v -0.858519 0.168000 -0.015000
v -0.869500 0.168000 -0.025981
v -0.884500 0.168000 -0.030000
v -0.899500 0.168000 -0.025981
v -0.910481 0.168000 -0.015000
v -0.914500 0.168000 0.000000
v -0.910481 0.168000 0.015000
v -0.899500 0.168000 0.025981
v -0.884500 0.168000 0.030000
v -0.869500 0.168000 0.025981
v -0.858519 0.168000 0.015000
v -0.874500 0.168000 -0.017321
v -0.864500 0.168000 0.000000
v -0.874500 0.168000 0.017321
v -0.894500 0.168000 0.017321
v -0.904500 0.168000 0.000000
v -0.894500 0.168000 -0.017321
v -0.864500 0.186000 0.000000
v -0.874500 0.186000 -0.017321
v -0.894500 0.186000 -0.017321
v -0.904500 0.186000 0.000000
v -0.894500 0.186000 0.017321
v -0.874500 0.186000 0.017321
v -0.875500 0.186000 -0.015588
v -0.866500 0.186000 0.000000
v -0.875500 0.186000 0.015588
v -0.893500 0.186000 0.015588
v -0.902500 0.186000 0.000000
v -0.893500 0.186000 -0.015588
v -0.866500 0.189000 0.000000
v -0.875500 0.189000 -0.015588
v -0.893500 0.189000 -0.015588
v -0.902500 0.189000 0.000000
v -0.893500 0.189000 0.015588
v -0.875500 0.189000 0.015588
v -0.821573 0.137000 -0.070926
v -0.811468 0.132000 -0.042780
v -0.815914 0.124757 -0.042634
v -0.826424 0.130039 -0.070415
v -0.823947 0.124757 -0.039854
v -0.833352 0.130039 -0.065489
v -0.827532 0.132000 -0.037220
v -0.835427 0.137000 -0.061074
v -0.823086 0.139243 -0.037366
v -0.830576 0.143961 -0.061585
v -0.815053 0.139243 -0.040146
v -0.823648 0.143961 -0.066511
v -0.848202 0.151000 -0.092834
v -0.851938 0.143996 -0.089796
v -0.855237 0.143996 -0.081962
v -0.854798 0.151000 -0.077166
v -0.851062 0.158004 -0.080204
v -0.847763 0.158004 -0.088038
v -0.886306 0.157000 -0.098462
v -0.885556 0.149647 -0.094264
v -0.884750 0.149647 -0.085802
v -0.884694 0.157000 -0.081538
v -0.885444 0.164353 -0.085736
v -0.886250 0.164353 -0.094198
v -0.919600 0.148000 -0.085800
v -0.914158 0.141587 -0.084569
v -0.909058 0.141587 -0.077769
v -0.909400 0.148000 -0.072200
v -0.914842 0.154413 -0.073431
v -0.919942 0.154413 -0.080231
v -0.937946 0.126000 -0.057960
v -0.933257 0.119906 -0.061582
v -0.924811 0.119906 -0.060622
v -0.921054 0.126000 -0.056040
v -0.925743 0.132094 -0.052418
v -0.934189 0.132094 -0.053378
v -0.924959 0.118000 -0.028485
v -0.921879 0.110653 -0.031449
v -0.916421 0.110653 -0.037964
v -0.914041 0.118000 -0.041515
v -0.917121 0.125347 -0.038551
v -0.922579 0.125347 -0.032036
v -0.895280 0.129000 -0.017968
v -0.890393 0.122637 -0.020773
v -0.887613 0.122637 -0.028806
v -0.889720 0.129000 -0.034032
v -0.894607 0.135363 -0.031227
v -0.897387 0.135363 -0.023194
v -0.872860 0.150000 -0.010403
v -0.867133 0.143773 -0.011226
v -0.861773 0.143773 -0.017822
v -0.862140 0.150000 -0.023597
v -0.867867 0.156227 -0.022774
v -0.873227 0.156227 -0.016178
v -0.869000 0.155000 0.000000
v -0.864750 0.147639 0.000000
v -0.856250 0.147639 0.000000
v -0.852000 0.155000 0.000000
v -0.856250 0.162361 0.000000
v -0.864750 0.162361 0.000000
v -0.872860 0.150000 0.010403
v -0.867133 0.143773 0.011226
v -0.861773 0.143773 0.017822
v -0.862140 0.150000 0.023597
v -0.867867 0.156227 0.022774
v -0.873227 0.156227 0.016178
v -0.895280 0.129000 0.017968
v -0.890393 0.122637 0.020773
v -0.887613 0.122637 0.028806
v -0.889720 0.129000 0.034032
v -0.894607 0.135363 0.031227
v -0.897387 0.135363 0.023194
v -0.924959 0.118000 0.028485
v -0.921879 0.110653 0.031449
v -0.916421 0.110653 0.037964
v -0.914041 0.118000 0.041515
v -0.917121 0.125347 0.038551
v -0.922579 0.125347 0.032036
v -0.937946 0.126000 0.057960
v -0.933257 0.119906 0.061582
v -0.924811 0.119906 0.060622
v -0.921054 0.126000 0.056040
v -0.925743 0.132094 0.052418
v -0.934189 0.132094 0.053378
v -0.919600 0.148000 0.085800
v -0.914158 0.141587 0.084569
v -0.909058 0.141587 0.077769
v -0.909400 0.148000 0.072200
v -0.914842 0.154413 0.073431
v -0.919942 0.154413 0.080231
v -0.886306 0.157000 0.098462
v -0.885556 0.149647 0.094264
v -0.884750 0.149647 0.085802
v -0.884694 0.157000 0.081538
v -0.885444 0.164353 0.085736
v -0.886250 0.164353 0.094198
v -0.848202 0.151000 0.092834
v -0.851938 0.143996 0.089796
v -0.855237 0.143996 0.081962
v -0.854798 0.151000 0.077166
v -0.851062 0.158004 0.080204
v -0.847763 0.158004 0.088038
v -0.821573 0.137000 0.070926
v -0.826424 0.130039 0.070415
v -0.833352 0.130039 0.065489
v -0.835427 0.137000 0.061074
v -0.830576 0.143961 0.061585
v -0.823648 0.143961 0.066511
v -0.811468 0.132000 0.042780
v -0.815914 0.124757 0.042634
v -0.823947 0.124757 0.039854
v -0.827532 0.132000 0.037220
v -0.823086 0.139243 0.037366
v -0.815053 0.139243 0.040146
v -0.682500 0.085422 -0.100000
v -0.679500 0.085422 -0.103000
v -0.559500 0.085422 -0.103000
v -0.556500 0.085422 -0.100000
v -0.556500 0.085422 0.100000
v -0.559500 0.085422 0.103000
v -0.679500 0.085422 0.103000
v -0.682500 0.085422 0.100000
v -0.679500 0.095422 -0.103000
v -0.682500 0.095422 -0.100000
v -0.682500 0.095422 0.100000
v -0.679500 0.095422 0.103000
v -0.559500 0.095422 0.103000
v -0.556500 0.095422 0.100000
v -0.556500 0.095422 -0.100000
v -0.559500 0.095422 -0.103000
v -0.568500 0.095422 -0.105000
v -0.566500 0.095422 -0.107000
v -0.554500 0.095422 -0.107000
v -0.552500 0.095422 -0.105000
v -0.552500 0.095422 0.105000
v -0.554500 0.095422 0.107000
v -0.566500 0.095422 0.107000
v -0.568500 0.095422 0.105000
v -0.566500 0.126422 -0.107000
v -0.568500 0.126422 -0.105000
v -0.568500 0.126422 0.105000
v -0.566500 0.126422 0.107000
v -0.554500 0.126422 0.107000
v -0.552500 0.126422 0.105000
v -0.552500 0.126422 -0.105000
v -0.554500 0.126422 -0.107000
v -0.709500 0.129000 -0.105000
v -0.709500 0.119400 -0.105000
v -0.681500 0.108000 -0.105000
v -0.669500 0.095422 -0.105000
v -0.563500 0.095422 -0.105000
v -0.563500 0.109500 -0.105000
v -0.601500 0.109500 -0.105000
v -0.675500 0.123500 -0.105000
v -0.683500 0.123500 -0.105000
v -0.709500 0.119400 0.105000
v -0.709500 0.129000 0.105000
v -0.683500 0.123500 0.105000
v -0.675500 0.123500 0.105000
v -0.601500 0.109500 0.105000
v -0.563500 0.109500 0.105000
v -0.563500 0.095422 0.105000
v -0.669500 0.095422 0.105000
v -0.681500 0.108000 0.105000
v -0.610410 0.095422 -0.005878
v -0.608500 0.095422 0.000000
v -0.610410 0.095422 0.005878
v -0.615410 0.095422 0.009511
v -0.621590 0.095422 0.009511
v -0.626590 0.095422 0.005878
v -0.628500 0.095422 0.000000
v -0.626590 0.095422 -0.005878
v -0.621590 0.095422 -0.009511
v -0.615410 0.095422 -0.009511
v -0.608500 0.192000 0.000000
v -0.610410 0.192000 -0.005878
v -0.615410 0.192000 -0.009511
v -0.621590 0.192000 -0.009511
v -0.626590 0.192000 -0.005878
v -0.628500 0.192000 0.000000
v -0.626590 0.192000 0.005878
v -0.621590 0.192000 0.009511
v -0.615410 0.192000 0.009511
v -0.610410 0.192000 0.005878
v -0.592519 0.162000 -0.015000
v -0.588500 0.162000 0.000000
v -0.592519 0.162000 0.015000
v -0.603500 0.162000 0.025981
v -0.618500 0.162000 0.030000
v -0.633500 0.162000 0.025981
v -0.644481 0.162000 0.015000
v -0.648500 0.162000 0.000000
v -0.644481 0.162000 -0.015000
v -0.633500 0.162000 -0.025981
v -0.618500 0.162000 -0.030000
v -0.603500 0.162000 -0.025981
v -0.588500 0.168000 0.000000
v -0.592519 0.168000 -0.015000
v -0.603500 0.168000 -0.025981
v -0.618500 0.168000 -0.030000
v -0.633500 0.168000 -0.025981
v -0.644481 0.168000 -0.015000
v -0.648500 0.168000 0.000000
v -0.644481 0.168000 0.015000
v -0.633500 0.168000 0.025981
v -0.618500 0.168000 0.030000
v -0.603500 0.168000 0.025981
v -0.592519 0.168000 0.015000
v -0.608500 0.168000 -0.017321
v -0.598500 0.168000 0.000000
v -0.608500 0.168000 0.017321
v -0.628500 0.168000 0.017321
v -0.638500 0.168000 0.000000
v -0.628500 0.168000 -0.017321
v -0.598500 0.186000 0.000000
v -0.608500 0.186000 -0.017321
v -0.628500 0.186000 -0.017321
v -0.638500 0.186000 0.000000
v -0.628500 0.186000 0.017321
v -0.608500 0.186000 0.017321
v -0.609500 0.186000 -0.015588
v -0.600500 0.186000 0.000000
v -0.609500 0.186000 0.015588
v -0.627500 0.186000 0.015588
v -0.636500 0.186000 0.000000
v -0.627500 0.186000 -0.015588
v -0.600500 0.189000 0.000000
v -0.609500 0.189000 -0.015588
v -0.627500 0.189000 -0.015588
v -0.636500 0.189000 0.000000
v -0.627500 0.189000 0.015588
v -0.609500 0.189000 0.015588
v -0.667573 0.137000 -0.061074
v -0.675468 0.132000 -0.037220
v -0.679053 0.124757 -0.039854
v -0.669648 0.130039 -0.065489
v -0.687086 0.124757 -0.042634
v -0.676576 0.130039 -0.070415
v -0.691532 0.132000 -0.042780
v -0.681427 0.137000 -0.070926
v -0.687947 0.139243 -0.040146
v -0.679352 0.143961 -0.066511
v -0.679914 0.139243 -0.037366
v -0.672424 0.143961 -0.061585
v -0.648202 0.151000 -0.077166
v -0.647763 0.143996 -0.081962
v -0.651062 0.143996 -0.089796
v -0.654798 0.151000 -0.092834
v -0.655237 0.158004 -0.088038
v -0.651938 0.158004 -0.080204
v -0.618306 0.157000 -0.081538
v -0.618250 0.149647 -0.085802
v -0.617444 0.149647 -0.094264
v -0.616694 0.157000 -0.098462
v -0.616750 0.164353 -0.094198
v -0.617556 0.164353 -0.085736
v -0.593600 0.148000 -0.072200
v -0.593942 0.141587 -0.077769
v -0.588842 0.141587 -0.084569
v -0.583400 0.148000 -0.085800
v -0.583058 0.154413 -0.080231
v -0.588158 0.154413 -0.073431
v -0.581946 0.126000 -0.056040
v -0.578189 0.119906 -0.060622
v -0.569743 0.119906 -0.061582
v -0.565054 0.126000 -0.057960
v -0.568811 0.132094 -0.053378
v -0.577257 0.132094 -0.052418
v -0.588959 0.118000 -0.041515
v -0.586579 0.110653 -0.037964
v -0.581121 0.110653 -0.031449
v -0.578041 0.118000 -0.028485
v -0.580421 0.125347 -0.032036
v -0.585879 0.125347 -0.038551
v -0.613280 0.129000 -0.034032
v -0.615387 0.122637 -0.028806
v -0.612607 0.122637 -0.020773
v -0.607720 0.129000 -0.017968
v -0.605613 0.135363 -0.023194
v -0.608393 0.135363 -0.031227
v -0.640860 0.150000 -0.023597
v -0.641227 0.143773 -0.017822
v -0.635867 0.143773 -0.011226
v -0.630140 0.150000 -0.010403
v -0.629773 0.156227 -0.016178
v -0.635133 0.156227 -0.022774
v -0.651000 0.155000 0.000000
v -0.646750 0.147639 0.000000
v -0.638250 0.147639 0.000000
v -0.634000 0.155000 0.000000
v -0.638250 0.162361 0.000000
v -0.646750 0.162361 0.000000
v -0.640860 0.150000 0.023597
v -0.641227 0.143773 0.017822
v -0.635867 0.143773 0.011226
v -0.630140 0.150000 0.010403
v -0.629773 0.156227 0.016178
v -0.635133 0.156227 0.022774
v -0.613280 0.129000 0.034032
v -0.615387 0.122637 0.028806
v -0.612607 0.122637 0.020773
v -0.607720 0.129000 0.017968
v -0.605613 0.135363 0.023194
v -0.608393 0.135363 0.031227
v -0.588959 0.118000 0.041515
v -0.586579 0.110653 0.037964
v -0.581121 0.110653 0.031449
v -0.578041 0.118000 0.028485
v -0.580421 0.125347 0.032036
v -0.585879 0.125347 0.038551
v -0.581946 0.126000 0.056040
v -0.578189 0.119906 0.060622
v -0.569743 0.119906 0.061582
v -0.565054 0.126000 0.057960
v -0.568811 0.132094 0.053378
v -0.577257 0.132094 0.052418
v -0.593600 0.148000 0.072200
v -0.593942 0.141587 0.077769
v -0.588842 0.141587 0.084569
v -0.583400 0.148000 0.085800
v -0.583058 0.154413 0.080231
v -0.588158 0.154413 0.073431
v -0.618306 0.157000 0.081538
v -0.618250 0.149647 0.085802
v -0.617444 0.149647 0.094264
v -0.616694 0.157000 0.098462
v -0.616750 0.164353 0.094198
v -0.617556 0.164353 0.085736
v -0.648202 0.151000 0.077166
v -0.647763 0.143996 0.081962
v -0.651062 0.143996 0.089796
v -0.654798 0.151000 0.092834
v -0.655237 0.158004 0.088038
v -0.651938 0.158004 0.080204
v -0.667573 0.137000 0.061074
v -0.669648 0.130039 0.065489
v -0.676576 0.130039 0.070415
v -0.681427 0.137000 0.070926
v -0.679352 0.143961 0.066511
v -0.672424 0.143961 0.061585
v -0.675468 0.132000 0.037220
v -0.679053 0.124757 0.039854
v -0.687086 0.124757 0.042634
v -0.691532 0.132000 0.042780
v -0.687947 0.139243 0.040146
v -0.679914 0.139243 0.037366
v -0.681500 0.099422 -0.300000
v -0.681500 0.108000 -0.300000
v -0.681500 0.108000 0.300000
v -0.681500 0.099422 0.300000
v -0.687500 0.113000 -0.300000
v -0.687500 0.113000 0.300000
v -0.725500 0.124000 -0.300000
v -0.725500 0.124000 0.300000
v -0.739500 0.134000 -0.300000
v -0.739500 0.134000 0.300000
v -0.742500 0.145000 -0.300000
v -0.742500 0.145000 0.300000
v -0.742500 0.207000 -0.300000
v -0.742500 0.207000 0.300000
v -0.738500 0.219000 -0.300000
v -0.738500 0.219000 0.300000
v -0.724500 0.225000 -0.300000
v -0.724500 0.225000 0.300000
v -0.718500 0.231000 -0.300000
v -0.718500 0.231000 0.300000
v -0.717500 0.239000 -0.300000
v -0.717500 0.239000 0.300000
v -0.717500 0.254000 -0.300000
v -0.717500 0.254000 0.300000
v -0.719500 0.260000 -0.300000
v -0.719500 0.260000 0.300000
v -0.725500 0.264280 -0.300000
v -0.725500 0.264280 0.300000
v -0.777500 0.264280 -0.300000
v -0.777500 0.264280 0.300000
v -0.783500 0.260000 -0.300000
v -0.783500 0.260000 0.300000
v -0.785500 0.254000 -0.300000
v -0.785500 0.254000 0.300000
v -0.785500 0.239000 -0.300000
v -0.785500 0.239000 0.300000
v -0.784500 0.231000 -0.300000
v -0.784500 0.231000 0.300000
v -0.778500 0.225000 -0.300000
v -0.778500 0.225000 0.300000
v -0.764500 0.219000 -0.300000
v -0.764500 0.219000 0.300000
v -0.760500 0.207000 -0.300000
v -0.760500 0.207000 0.300000
v -0.760500 0.145000 -0.300000
v -0.760500 0.145000 0.300000
v -0.763500 0.134000 -0.300000
v -0.763500 0.134000 0.300000
v -0.777500 0.124000 -0.300000
v -0.777500 0.124000 0.300000
v -0.815500 0.113000 -0.300000
v -0.815500 0.113000 0.300000
v -0.821500 0.108000 -0.300000
v -0.821500 0.108000 0.300000
v -0.821500 0.099422 -0.300000
v -0.821500 0.099422 0.300000
v 0.675500 0.085422 -0.101000
v 0.681500 0.085422 -0.107000
v 0.821500 0.085422 -0.107000
v 0.827500 0.085422 -0.101000
v 0.827500 0.085422 0.101000
v 0.821500 0.085422 0.107000
v 0.681500 0.085422 0.107000
v 0.675500 0.085422 0.101000
v 0.681500 0.095422 -0.107000
v 0.821500 0.095422 -0.107000
v 0.827500 0.095422 -0.101000
v 0.827500 0.095422 0.101000
v 0.821500 0.095422 0.107000
v 0.681500 0.095422 0.107000
v 0.675500 0.095422 0.101000
v 0.675500 0.095422 -0.101000
v 0.682500 0.099422 -0.106000
v 0.676500 0.099422 -0.100000
v 0.676500 0.099422 0.100000
v 0.682500 0.099422 0.106000
v 0.820500 0.099422 0.106000
v 0.826500 0.099422 0.100000
v 0.826500 0.099422 -0.100000
v 0.820500 0.099422 -0.106000
v 0.820500 0.095422 -0.106000
v 0.682500 0.095422 -0.106000
v 0.826500 0.095422 -0.100000
v 0.826500 0.095422 0.100000
v 0.820500 0.095422 0.106000
v 0.682500 0.095422 0.106000
v 0.676500 0.095422 0.100000
v 0.676500 0.095422 -0.100000
v 0.556500 0.085422 -0.100000
v 0.559500 0.085422 -0.103000
v 0.679500 0.085422 -0.103000
v 0.682500 0.085422 -0.100000
v 0.682500 0.085422 0.100000
v 0.679500 0.085422 0.103000
v 0.559500 0.085422 0.103000
v 0.556500 0.085422 0.100000
v 0.559500 0.095422 -0.103000
v 0.556500 0.095422 -0.100000
v 0.556500 0.095422 0.100000
v 0.559500 0.095422 0.103000
v 0.679500 0.095422 0.103000
v 0.682500 0.095422 0.100000
v 0.682500 0.095422 -0.100000
v 0.679500 0.095422 -0.103000
v 0.552500 0.095422 -0.105000
v 0.554500 0.095422 -0.107000
v 0.566500 0.095422 -0.107000
v 0.568500 0.095422 -0.105000
v 0.568500 0.095422 0.105000
v 0.566500 0.095422 0.107000
v 0.554500 0.095422 0.107000
v 0.552500 0.095422 0.105000
v 0.554500 0.126422 -0.107000
v 0.552500 0.126422 -0.105000
v 0.552500 0.126422 0.105000
v 0.554500 0.126422 0.107000
v 0.566500 0.126422 0.107000
v 0.568500 0.126422 0.105000
v 0.568500 0.126422 -0.105000
v 0.566500 0.126422 -0.107000
v 0.709500 0.119400 -0.105000
v 0.709500 0.129000 -0.105000
v 0.683500 0.123500 -0.105000
v 0.675500 0.123500 -0.105000
v 0.601500 0.109500 -0.105000
v 0.563500 0.109500 -0.105000
v 0.563500 0.095422 -0.105000
v 0.669500 0.095422 -0.105000
v 0.681500 0.108000 -0.105000
v 0.709500 0.129000 0.105000
v 0.709500 0.119400 0.105000
v 0.681500 0.108000 0.105000
v 0.669500 0.095422 0.105000
v 0.563500 0.095422 0.105000
v 0.563500 0.109500 0.105000
v 0.601500 0.109500 0.105000
v 0.675500 0.123500 0.105000
v 0.683500 0.123500 0.105000
v 0.626590 0.095422 -0.005878
v 0.628500 0.095422 0.000000
v 0.626590 0.095422 0.005878
v 0.621590 0.095422 0.009511
v 0.615410 0.095422 0.009511
v 0.610410 0.095422 0.005878
v 0.608500 0.095422 0.000000
v 0.610410 0.095422 -0.005878
v 0.615410 0.095422 -0.009511
v 0.621590 0.095422 -0.009511
v 0.628500 0.192000 0.000000
v 0.626590 0.192000 -0.005878
v 0.621590 0.192000 -0.009511
v 0.615410 0.192000 -0.009511
v 0.610410 0.192000 -0.005878
v 0.608500 0.192000 0.000000
v 0.610410 0.192000 0.005878
v 0.615410 0.192000 0.009511
v 0.621590 0.192000 0.009511
v 0.626590 0.192000 0.005878
v 0.644481 0.162000 -0.015000
v 0.648500 0.162000 0.000000
v 0.644481 0.162000 0.015000
v 0.633500 0.162000 0.025981
v 0.618500 0.162000 0.030000
v 0.603500 0.162000 0.025981
v 0.592519 0.162000 0.015000
v 0.588500 0.162000 0.000000
v 0.592519 0.162000 -0.015000
v 0.603500 0.162000 -0.025981
v 0.618500 0.162000 -0.030000
v 0.633500 0.162000 -0.025981
v 0.648500 0.168000 0.000000
v 0.644481 0.168000 -0.015000
v 0.633500 0.168000 -0.025981
v 0.618500 0.168000 -0.030000
v 0.603500 0.168000 -0.025981
v 0.592519 0.168000 -0.015000
v 0.588500 0.168000 0.000000
v 0.592519 0.168000 0.015000
v 0.603500 0.168000 0.025981
v 0.618500 0.168000 0.030000
v 0.633500 0.168000 0.025981
v 0.644481 0.168000 0.015000
v 0.628500 0.168000 -0.017321
v 0.638500 0.168000 0.000000
v 0.628500 0.168000 0.017321
v 0.608500 0.168000 0.017321
v 0.598500 0.168000 0.000000
v 0.608500 0.168000 -0.017321
v 0.638500 0.186000 0.000000
v 0.628500 0.186000 -0.017321
v 0.608500 0.186000 -0.017321
v 0.598500 0.186000 0.000000
v 0.608500 0.186000 0.017321
v 0.628500 0.186000 0.017321
v 0.627500 0.186000 -0.015588
v 0.636500 0.186000 0.000000
v 0.627500 0.186000 0.015588
v 0.609500 0.186000 0.015588
v 0.600500 0.186000 0.000000
v 0.609500 0.186000 -0.015588
v 0.636500 0.189000 0.000000
v 0.627500 0.189000 -0.015588
v 0.609500 0.189000 -0.015588
v 0.600500 0.189000 0.000000
v 0.609500 0.189000 0.015588
v 0.627500 0.189000 0.015588
v 0.681427 0.137000 -0.070926
v 0.691532 0.132000 -0.042780
v 0.687086 0.124757 -0.042634
v 0.676576 0.130039 -0.070415
v 0.679053 0.124757 -0.039854
v 0.669648 0.130039 -0.065489
v 0.675468 0.132000 -0.037220
v 0.667573 0.137000 -0.061074
v 0.679914 0.139243 -0.037366
v 0.672424 0.143961 -0.061585
v 0.687947 0.139243 -0.040146
v 0.679352 0.143961 -0.066511
v 0.654798 0.151000 -0.092834
v 0.651062 0.143996 -0.089796
v 0.647763 0.143996 -0.081962
v 0.648202 0.151000 -0.077166
v 0.651938 0.158004 -0.080204
v 0.655237 0.158004 -0.088038
v 0.616694 0.157000 -0.098462
v 0.617444 0.149647 -0.094264
v 0.618250 0.149647 -0.085802
v 0.618306 0.157000 -0.081538
v 0.617556 0.164353 -0.085736
v 0.616750 0.164353 -0.094198
v 0.583400 0.148000 -0.085800
v 0.588842 0.141587 -0.084569
v 0.593942 0.141587 -0.077769
v 0.593600 0.148000 -0.072200
v 0.588158 0.154413 -0.073431
v 0.583058 0.154413 -0.080231
v 0.565054 0.126000 -0.057960
v 0.569743 0.119906 -0.061582
v 0.578189 0.119906 -0.060622
v 0.581946 0.126000 -0.056040
v 0.577257 0.132094 -0.052418
v 0.568811 0.132094 -0.053378
v 0.578041 0.118000 -0.028485
v 0.581121 0.110653 -0.031449
v 0.586579 0.110653 -0.037964
v 0.588959 0.118000 -0.041515
v 0.585879 0.125347 -0.038551
v 0.580421 0.125347 -0.032036
v 0.607720 0.129000 -0.017968
v 0.612607 0.122637 -0.020773
v 0.615387 0.122637 -0.028806
v 0.613280 0.129000 -0.034032
v 0.608393 0.135363 -0.031227
v 0.605613 0.135363 -0.023194
v 0.630140 0.150000 -0.010403
v 0.635867 0.143773 -0.011226
v 0.641227 0.143773 -0.017822
v 0.640860 0.150000 -0.023597
v 0.635133 0.156227 -0.022774
v 0.629773 0.156227 -0.016178
v 0.634000 0.155000 0.000000
v 0.638250 0.147639 0.000000
v 0.646750 0.147639 0.000000
v 0.651000 0.155000 0.000000
v 0.646750 0.162361 0.000000
v 0.638250 0.162361 0.000000
v 0.630140 0.150000 0.010403
v 0.635867 0.143773 0.011226
v 0.641227 0.143773 0.017822
v 0.640860 0.150000 0.023597
v 0.635133 0.156227 0.022774
v 0.629773 0.156227 0.016178
v 0.607720 0.129000 0.017968
v 0.612607 0.122637 0.020773
v 0.615387 0.122637 0.028806
v 0.613280 0.129000 0.034032
v 0.608393 0.135363 0.031227
v 0.605613 0.135363 0.023194
v 0.578041 0.118000 0.028485
v 0.581121 0.110653 0.031449
v 0.586579 0.110653 0.037964
v 0.588959 0.118000 0.041515
v 0.585879 0.125347 0.038551
v 0.580421 0.125347 0.032036
v 0.565054 0.126000 0.057960
v 0.569743 0.119906 0.061582
v 0.578189 0.119906 0.060622
v 0.581946 0.126000 0.056040
v 0.577257 0.132094 0.052418
v 0.568811 0.132094 0.053378
v 0.583400 0.148000 0.085800
v 0.588842 0.141587 0.084569
v 0.593942 0.141587 0.077769
v 0.593600 0.148000 0.072200
v 0.588158 0.154413 0.073431
v 0.583058 0.154413 0.080231
v 0.616694 0.157000 0.098462
v 0.617444 0.149647 0.094264
v 0.618250 0.149647 0.085802
v 0.618306 0.157000 0.081538
v 0.617556 0.164353 0.085736
v 0.616750 0.164353 0.094198
v 0.654798 0.151000 0.092834
v 0.651062 0.143996 0.089796
v 0.647763 0.143996 0.081962
v 0.648202 0.151000 0.077166
v 0.651938 0.158004 0.080204
v 0.655237 0.158004 0.088038
v 0.681427 0.137000 0.070926
v 0.676576 0.130039 0.070415
v 0.669648 0.130039 0.065489
v 0.667573 0.137000 0.061074
v 0.672424 0.143961 0.061585
v 0.679352 0.143961 0.066511
v 0.691532 0.132000 0.042780
v 0.687086 0.124757 0.042634
v 0.679053 0.124757 0.039854
v 0.675468 0.132000 0.037220
v 0.679914 0.139243 0.037366
v 0.687947 0.139243 0.040146
v 0.820500 0.085422 -0.100000
v 0.823500 0.085422 -0.103000
v 0.943500 0.085422 -0.103000
v 0.946500 0.085422 -0.100000
v 0.946500 0.085422 0.100000
v 0.943500 0.085422 0.103000
v 0.823500 0.085422 0.103000
v 0.820500 0.085422 0.100000
v 0.823500 0.095422 -0.103000
v 0.820500 0.095422 -0.100000
v 0.820500 0.095422 0.100000
v 0.823500 0.095422 0.103000
v 0.943500 0.095422 0.103000
v 0.946500 0.095422 0.100000
v 0.946500 0.095422 -0.100000
v 0.943500 0.095422 -0.103000
v 0.934500 0.095422 -0.105000
v 0.936500 0.095422 -0.107000
v 0.948500 0.095422 -0.107000
v 0.950500 0.095422 -0.105000
v 0.950500 0.095422 0.105000
v 0.948500 0.095422 0.107000
v 0.936500 0.095422 0.107000
v 0.934500 0.095422 0.105000
v 0.936500 0.126422 -0.107000
v 0.934500 0.126422 -0.105000
v 0.934500 0.126422 0.105000
v 0.936500 0.126422 0.107000
v 0.948500 0.126422 0.107000
v 0.950500 0.126422 0.105000
v 0.950500 0.126422 -0.105000
v 0.948500 0.126422 -0.107000
v 0.793500 0.129000 -0.105000
v 0.793500 0.119400 -0.105000
v 0.821500 0.108000 -0.105000
v 0.833500 0.095422 -0.105000
v 0.939500 0.095422 -0.105000
v 0.939500 0.109500 -0.105000
v 0.901500 0.109500 -0.105000
v 0.827500 0.123500 -0.105000
v 0.819500 0.123500 -0.105000
v 0.793500 0.119400 0.105000
v 0.793500 0.129000 0.105000
v 0.819500 0.123500 0.105000
v 0.827500 0.123500 0.105000
v 0.901500 0.109500 0.105000
v 0.939500 0.109500 0.105000
v 0.939500 0.095422 0.105000
v 0.833500 0.095422 0.105000
v 0.821500 0.108000 0.105000
v 0.892590 0.095422 -0.005878
v 0.894500 0.095422 0.000000
v 0.892590 0.095422 0.005878
v 0.887590 0.095422 0.009511
v 0.881410 0.095422 0.009511
v 0.876410 0.095422 0.005878
v 0.874500 0.095422 0.000000
v 0.876410 0.095422 -0.005878
v 0.881410 0.095422 -0.009511
v 0.887590 0.095422 -0.009511
v 0.894500 0.192000 0.000000
v 0.892590 0.192000 -0.005878
v 0.887590 0.192000 -0.009511
v 0.881410 0.192000 -0.009511
v 0.876410 0.192000 -0.005878
v 0.874500 0.192000 0.000000
v 0.876410 0.192000 0.005878
v 0.881410 0.192000 0.009511
v 0.887590 0.192000 0.009511
v 0.892590 0.192000 0.005878
v 0.910481 0.162000 -0.015000
v 0.914500 0.162000 0.000000
v 0.910481 0.162000 0.015000
v 0.899500 0.162000 0.025981
v 0.884500 0.162000 0.030000
v 0.869500 0.162000 0.025981
v 0.858519 0.162000 0.015000
v 0.854500 0.162000 0.000000
v 0.858519 0.162000 -0.015000
v 0.869500 0.162000 -0.025981
v 0.884500 0.162000 -0.030000
v 0.899500 0.162000 -0.025981
v 0.914500 0.168000 0.000000
v 0.910481 0.168000 -0.015000
v 0.899500 0.168000 -0.025981
v 0.884500 0.168000 -0.030000
v 0.869500 0.168000 -0.025981
v 0.858519 0.168000 -0.015000
v 0.854500 0.168000 0.000000
v 0.858519 0.168000 0.015000
v 0.869500 0.168000 0.025981
v 0.884500 0.168000 0.030000
v 0.899500 0.168000 0.025981
v 0.910481 0.168000 0.015000
v 0.894500 0.168000 -0.017321
v 0.904500 0.168000 0.000000
v 0.894500 0.168000 0.017321
v 0.874500 0.168000 0.017321
v 0.864500 0.168000 0.000000
v 0.874500 0.168000 -0.017321
v 0.904500 0.186000 0.000000
v 0.894500 0.186000 -0.017321
v 0.874500 0.186000 -0.017321
v 0.864500 0.186000 0.000000
v 0.874500 0.186000 0.017321
v 0.894500 0.186000 0.017321
v 0.893500 0.186000 -0.015588
v 0.902500 0.186000 0.000000
v 0.893500 0.186000 0.015588
v 0.875500 0.186000 0.015588
v 0.866500 0.186000 0.000000
v 0.875500 0.186000 -0.015588
v 0.902500 0.189000 0.000000
v 0.893500 0.189000 -0.015588
v 0.875500 0.189000 -0.015588
v 0.866500 0.189000 0.000000
v 0.875500 0.189000 0.015588
v 0.893500 0.189000 0.015588
v 0.835427 0.137000 -0.061074
v 0.827532 0.132000 -0.037220
v 0.823947 0.124757 -0.039854
v 0.833352 0.130039 -0.065489
v 0.815914 0.124757 -0.042634
v 0.826424 0.130039 -0.070415
v 0.811468 0.132000 -0.042780
v 0.821573 0.137000 -0.070926
v 0.815053 0.139243 -0.040146
v 0.823648 0.143961 -0.066511
v 0.823086 0.139243 -0.037366
v 0.830576 0.143961 -0.061585
v 0.854798 0.151000 -0.077166
v 0.855237 0.143996 -0.081962
v 0.851938 0.143996 -0.089796
v 0.848202 0.151000 -0.092834
v 0.847763 0.158004 -0.088038
v 0.851062 0.158004 -0.080204
v 0.884694 0.157000 -0.081538
v 0.884750 0.149647 -0.085802
v 0.885556 0.149647 -0.094264
v 0.886306 0.157000 -0.098462
v 0.886250 0.164353 -0.094198
v 0.885444 0.164353 -0.085736
v 0.909400 0.148000 -0.072200
v 0.909058 0.141587 -0.077769
v 0.914158 0.141587 -0.084569
v 0.919600 0.148000 -0.085800
v 0.919942 0.154413 -0.080231
v 0.914842 0.154413 -0.073431
v 0.921054 0.126000 -0.056040
v 0.924811 0.119906 -0.060622
v 0.933257 0.119906 -0.061582
v 0.937946 0.126000 -0.057960
v 0.934189 0.132094 -0.053378
v 0.925743 0.132094 -0.052418
v 0.914041 0.118000 -0.041515
v 0.916421 0.110653 -0.037964
v 0.921879 0.110653 -0.031449
v 0.924959 0.118000 -0.028485
v 0.922579 0.125347 -0.032036
v 0.917121 0.125347 -0.038551
v 0.889720 0.129000 -0.034032
v 0.887613 0.122637 -0.028806
v 0.890393 0.122637 -0.020773
v 0.895280 0.129000 -0.017968
v 0.897387 0.135363 -0.023194
v 0.894607 0.135363 -0.031227
v 0.862140 0.150000 -0.023597
v 0.861773 0.143773 -0.017822
v 0.867133 0.143773 -0.011226
v 0.872860 0.150000 -0.010403
v 0.873227 0.156227 -0.016178
v 0.867867 0.156227 -0.022774
v 0.852000 0.155000 0.000000
v 0.856250 0.147639 0.000000
v 0.864750 0.147639 0.000000
v 0.869000 0.155000 0.000000
v 0.864750 0.162361 0.000000
v 0.856250 0.162361 0.000000
v 0.862140 0.150000 0.023597
v 0.861773 0.143773 0.017822
v 0.867133 0.143773 0.011226
v 0.872860 0.150000 0.010403
v 0.873227 0.156227 0.016178
v 0.867867 0.156227 0.022774
v 0.889720 0.129000 0.034032
v 0.887613 0.122637 0.028806
v 0.890393 0.122637 0.020773
v 0.895280 0.129000 0.017968
v 0.897387 0.135363 0.023194
v 0.894607 0.135363 0.031227
v 0.914041 0.118000 0.041515
v 0.916421 0.110653 0.037964
v 0.921879 0.110653 0.031449
v 0.924959 0.118000 0.028485
v 0.922579 0.125347 0.032036
v 0.917121 0.125347 0.038551
v 0.921054 0.126000 0.056040
v 0.924811 0.119906 0.060622
v 0.933257 0.119906 0.061582
v 0.937946 0.126000 0.057960
v 0.934189 0.132094 0.053378
v 0.925743 0.132094 0.052418
v 0.909400 0.148000 0.072200
v 0.909058 0.141587 0.077769
v 0.914158 0.141587 0.084569
v 0.919600 0.148000 0.085800
v 0.919942 0.154413 0.080231
v 0.914842 0.154413 0.073431
v 0.884694 0.157000 0.081538
v 0.884750 0.149647 0.085802
v 0.885556 0.149647 0.094264
v 0.886306 0.157000 0.098462
v 0.886250 0.164353 0.094198
v 0.885444 0.164353 0.085736
v 0.854798 0.151000 0.077166
v 0.855237 0.143996 0.081962
v 0.851938 0.143996 0.089796
v 0.848202 0.151000 0.092834
v 0.847763 0.158004 0.088038
v 0.851062 0.158004 0.080204
v 0.835427 0.137000 0.061074
v 0.833352 0.130039 0.065489
v 0.826424 0.130039 0.070415
v 0.821573 0.137000 0.070926
v 0.823648 0.143961 0.066511
v 0.830576 0.143961 0.061585
v 0.827532 0.132000 0.037220
v 0.823947 0.124757 0.039854
v 0.815914 0.124757 0.042634
v 0.811468 0.132000 0.042780
v 0.815053 0.139243 0.040146
v 0.823086 0.139243 0.037366
v 0.821500 0.099422 -0.300000
v 0.821500 0.108000 -0.300000
v 0.821500 0.108000 0.300000
v 0.821500 0.099422 0.300000
v 0.815500 0.113000 -0.300000
v 0.815500 0.113000 0.300000
v 0.777500 0.124000 -0.300000
v 0.777500 0.124000 0.300000
v 0.763500 0.134000 -0.300000
v 0.763500 0.134000 0.300000
v 0.760500 0.145000 -0.300000
v 0.760500 0.145000 0.300000
v 0.760500 0.207000 -0.300000
v 0.760500 0.207000 0.300000
v 0.764500 0.219000 -0.300000
v 0.764500 0.219000 0.300000
v 0.778500 0.225000 -0.300000
v 0.778500 0.225000 0.300000
v 0.784500 0.231000 -0.300000
v 0.784500 0.231000 0.300000
v 0.785500 0.239000 -0.300000
v 0.785500 0.239000 0.300000
v 0.785500 0.254000 -0.300000
v 0.785500 0.254000 0.300000
v 0.783500 0.260000 -0.300000
v 0.783500 0.260000 0.300000
v 0.777500 0.264280 -0.300000
v 0.777500 0.264280 0.300000
v 0.725500 0.264280 -0.300000
v 0.725500 0.264280 0.300000
v 0.719500 0.260000 -0.300000
v 0.719500 0.260000 0.300000
v 0.717500 0.254000 -0.300000
v 0.717500 0.254000 0.300000
v 0.717500 0.239000 -0.300000
v 0.717500 0.239000 0.300000
v 0.718500 0.231000 -0.300000
v 0.718500 0.231000 0.300000
v 0.724500 0.225000 -0.300000
v 0.724500 0.225000 0.300000
v 0.738500 0.219000 -0.300000
v 0.738500 0.219000 0.300000
v 0.742500 0.207000 -0.300000
v 0.742500 0.207000 0.300000
v 0.742500 0.145000 -0.300000
v 0.742500 0.145000 0.300000
v 0.739500 0.134000 -0.300000
v 0.739500 0.134000 0.300000
v 0.725500 0.124000 -0.300000
v 0.725500 0.124000 0.300000
v 0.687500 0.113000 -0.300000
v 0.687500 0.113000 0.300000
v 0.681500 0.108000 -0.300000
v 0.681500 0.108000 0.300000
v 0.681500 0.099422 -0.300000
v 0.681500 0.099422 0.300000
vt 0.01062500 0.49160448
vt 0.32937500 0.49160448
vt 0.32937500 0.01585821
vt 0.01062500 0.01585821
vt 0.01765625 0.17792562
vt 0.03640625 0.49160448
vt 0.05515625 0.49160448
vt 0.07390625 0.05245408
vt 0.26609375 0.05245408
vt 0.28484375 0.49160448
vt 0.30359375 0.49160448
vt 0.32234375 0.17792562
vt 0.60837500 0.03017506
vt 0.61013651 0.02537313
vt 0.65123849 0.02537313
vt 0.65300000 0.03017506
vt 0.65300000 0.19183987
vt 0.65123849 0.19664179
vt 0.61013651 0.19664179
vt 0.60837500 0.19183987
vt 0.60837500 0.19664179
vt 0.65300000 0.19664179
vt 0.65300000 0.02537313
vt 0.60837500 0.02537313
vt 0.61016000 0.31082090
vt 0.60837500 0.31566812
vt 0.60837500 0.47724233
vt 0.61016000 0.48208955
vt 0.65121500 0.48208955
vt 0.65300000 0.47724233
vt 0.65300000 0.31566812
vt 0.65121500 0.31082090
vt 0.60837500 0.48208955
vt 0.65300000 0.48208955
vt 0.65300000 0.31082090
vt 0.60837500 0.31082090
vt 0.34062500 0.02278655
vt 0.34631696 0.01585821
vt 0.57399554 0.01585821
vt 0.57968750 0.02278655
vt 0.57968750 0.48467613
vt 0.57399554 0.49160448
vt 0.34631696 0.49160448
vt 0.34062500 0.48467613
vt 0.34062500 0.49160448
vt 0.57968750 0.49160448
vt 0.57968750 0.01585821
vt 0.34062500 0.01585821
vt 0.60837500 0.02697378
vt 0.61395312 0.02537313
vt 0.64742188 0.02537313
vt 0.65300000 0.02697378
vt 0.65300000 0.19504115
vt 0.64742188 0.19664179
vt 0.61395312 0.19664179
vt 0.60837500 0.19504115
vt 0.34062500 0.35558791
vt 0.38319777 0.41367832
vt 0.39629709 0.41367832
vt 0.51746575 0.21532083
vt 0.57968750 0.21532083
vt 0.40612158 0.01585821
vt 0.38647260 0.19406824
vt 0.55685906 0.11391302
vt 0.57968750 0.25373134
vt 0.55685906 0.39354966
vt 0.49709344 0.47996214
vt 0.42321906 0.47996214
vt 0.36345344 0.39354966
vt 0.34062500 0.25373134
vt 0.36345344 0.11391302
vt 0.42321906 0.02750055
vt 0.49709344 0.02750055
vt 0.36453125 0.49160448
vt 0.36453125 0.01585821
vt 0.38843750 0.49160448
vt 0.38843750 0.01585821
vt 0.41234375 0.49160448
vt 0.41234375 0.01585821
vt 0.43625000 0.49160448
vt 0.43625000 0.01585821
vt 0.46015625 0.49160448
vt 0.46015625 0.01585821
vt 0.48406250 0.49160448
vt 0.48406250 0.01585821
vt 0.50796875 0.49160448
vt 0.50796875 0.01585821
vt 0.53187500 0.49160448
vt 0.53187500 0.01585821
vt 0.55578125 0.49160448
vt 0.55578125 0.01585821
vt 0.56367335 0.13479478
vt 0.56367335 0.37266791
vt 0.51992188 0.45973552
vt 0.40039062 0.45973552
vt 0.35663915 0.37266791
vt 0.35663915 0.13479478
vt 0.40039062 0.04772717
vt 0.51992188 0.04772717
vt 0.36054687 0.49160448
vt 0.36054687 0.01585821
vt 0.38046875 0.49160448
vt 0.38046875 0.01585821
vt 0.40039062 0.49160448
vt 0.40039062 0.01585821
vt 0.42031250 0.49160448
vt 0.42031250 0.01585821
vt 0.44023438 0.49160448
vt 0.44023438 0.01585821
vt 0.48007813 0.49160448
vt 0.48007813 0.01585821
vt 0.50000000 0.49160448
vt 0.50000000 0.01585821
vt 0.51992187 0.49160448
vt 0.51992187 0.01585821
vt 0.53984375 0.49160448
vt 0.53984375 0.01585821
vt 0.55976563 0.49160448
vt 0.55976563 0.01585821
vt 0.34062500 0.04228856
vt 0.38046875 0.04228856
vt 0.42031250 0.04228856
vt 0.46015625 0.04228856
vt 0.50000000 0.04228856
vt 0.53984375 0.04228856
vt 0.57968750 0.04228856
vt 0.34062500 0.06871891
vt 0.38046875 0.06871891
vt 0.42031250 0.06871891
vt 0.46015625 0.06871891
vt 0.50000000 0.06871891
vt 0.53984375 0.06871891
vt 0.57968750 0.06871891
vt 0.34062500 0.09514925
vt 0.38046875 0.09514925
vt 0.42031250 0.09514925
vt 0.46015625 0.09514925
vt 0.50000000 0.09514925
vt 0.53984375 0.09514925
vt 0.57968750 0.09514925
vt 0.34062500 0.12157960
vt 0.38046875 0.12157960
vt 0.42031250 0.12157960
vt 0.46015625 0.12157960
vt 0.50000000 0.12157960
vt 0.53984375 0.12157960
vt 0.57968750 0.12157960
vt 0.34062500 0.14800995
vt 0.38046875 0.14800995
vt 0.42031250 0.14800995
vt 0.46015625 0.14800995
vt 0.50000000 0.14800995
vt 0.53984375 0.14800995
vt 0.57968750 0.14800995
vt 0.34062500 0.17444030
vt 0.38046875 0.17444030
vt 0.42031250 0.17444030
vt 0.46015625 0.17444030
vt 0.50000000 0.17444030
vt 0.53984375 0.17444030
vt 0.57968750 0.17444030
vt 0.34062500 0.20087065
vt 0.38046875 0.20087065
vt 0.42031250 0.20087065
vt 0.46015625 0.20087065
vt 0.50000000 0.20087065
vt 0.53984375 0.20087065
vt 0.57968750 0.20087065
vt 0.34062500 0.22730100
vt 0.38046875 0.22730100
vt 0.42031250 0.22730100
vt 0.46015625 0.22730100
vt 0.50000000 0.22730100
vt 0.53984375 0.22730100
vt 0.57968750 0.22730100
vt 0.38046875 0.25373134
vt 0.42031250 0.25373134
vt 0.46015625 0.25373134
vt 0.50000000 0.25373134
vt 0.53984375 0.25373134
vt 0.34062500 0.28016169
vt 0.38046875 0.28016169
vt 0.42031250 0.28016169
vt 0.46015625 0.28016169
vt 0.50000000 0.28016169
vt 0.53984375 0.28016169
vt 0.57968750 0.28016169
vt 0.34062500 0.30659204
vt 0.38046875 0.30659204
vt 0.42031250 0.30659204
vt 0.46015625 0.30659204
vt 0.50000000 0.30659204
vt 0.53984375 0.30659204
vt 0.57968750 0.30659204
vt 0.34062500 0.33302239
vt 0.38046875 0.33302239
vt 0.42031250 0.33302239
vt 0.46015625 0.33302239
vt 0.50000000 0.33302239
vt 0.53984375 0.33302239
vt 0.57968750 0.33302239
vt 0.34062500 0.35945274
vt 0.38046875 0.35945274
vt 0.42031250 0.35945274
vt 0.46015625 0.35945274
vt 0.50000000 0.35945274
vt 0.53984375 0.35945274
vt 0.57968750 0.35945274
vt 0.34062500 0.38588308
vt 0.38046875 0.38588308
vt 0.42031250 0.38588308
vt 0.46015625 0.38588308
vt 0.50000000 0.38588308
vt 0.53984375 0.38588308
vt 0.57968750 0.38588308
vt 0.34062500 0.41231343
vt 0.38046875 0.41231343
vt 0.42031250 0.41231343
vt 0.46015625 0.41231343
vt 0.50000000 0.41231343
vt 0.53984375 0.41231343
vt 0.57968750 0.41231343
vt 0.34062500 0.43874378
vt 0.38046875 0.43874378
vt 0.42031250 0.43874378
vt 0.46015625 0.43874378
vt 0.50000000 0.43874378
vt 0.53984375 0.43874378
vt 0.57968750 0.43874378
vt 0.34062500 0.46517413
vt 0.38046875 0.46517413
vt 0.42031250 0.46517413
vt 0.46015625 0.46517413
vt 0.50000000 0.46517413
vt 0.53984375 0.46517413
vt 0.57968750 0.46517413
vt 0.51992187 0.04772717
vt 0.51992187 0.45973552
vt 0.01062500 0.50839552
vt 0.01062500 0.53314987
vt 0.32937500 0.53314987
vt 0.32937500 0.50839552
vt 0.01062500 0.54757884
vt 0.32937500 0.54757884
vt 0.01062500 0.57932257
vt 0.32937500 0.57932257
vt 0.01062500 0.60818052
vt 0.32937500 0.60818052
vt 0.01062500 0.63992425
vt 0.32937500 0.63992425
vt 0.01062500 0.81884350
vt 0.32937500 0.81884350
vt 0.01062500 0.85347303
vt 0.32937500 0.85347303
vt 0.01062500 0.87078779
vt 0.32937500 0.87078779
vt 0.01062500 0.88810256
vt 0.32937500 0.88810256
vt 0.01062500 0.91118891
vt 0.32937500 0.91118891
vt 0.01062500 0.95447583
vt 0.32937500 0.95447583
vt 0.01062500 0.97179059
vt 0.32937500 0.97179059
vt 0.34062500 0.97014925
vt 0.34062500 0.92817164
vt 0.65937500 0.92817164
vt 0.65937500 0.97014925
vt 0.34062500 0.56436567
vt 0.65937500 0.56436567
vt 0.34062500 0.52238806
vt 0.65937500 0.52238806
vt 0.01062500 0.57500000
vt 0.32937500 0.57500000
vt 0.98937500 0.50839552
vt 0.67062500 0.50839552
vt 0.67062500 0.53314987
vt 0.68428571 0.54757884
vt 0.77080357 0.57932257
vt 0.80267857 0.60818052
vt 0.80040179 0.85347303
vt 0.76852679 0.87078779
vt 0.75486607 0.88810256
vt 0.75258929 0.91118891
vt 0.75258929 0.95447583
vt 0.75714286 0.97179059
vt 0.77080357 0.98414179
vt 0.80950893 0.81884350
vt 0.88919643 0.98414179
vt 0.90285714 0.97179059
vt 0.90741071 0.95447583
vt 0.90741071 0.91118891
vt 0.90513393 0.88810256
vt 0.89147321 0.87078779
vt 0.85959821 0.85347303
vt 0.85049107 0.81884350
vt 0.80950893 0.63992425
vt 0.85049107 0.63992425
vt 0.85732143 0.60818052
vt 0.88919643 0.57932257
vt 0.97571429 0.54757884
vt 0.98937500 0.53314987
vn -0.00000000 1.00000000 0.00000000
vn 0.00000000 -1.00000000 0.00000000
vn 0.00000000 0.00000000 -1.00000000
vn 0.00000000 0.00000000 1.00000000
vn -1.00000000 0.00000000 0.00000000
vn 1.00000000 0.00000000 0.00000000
vn 0.71860214 0.69542143 0.00000000
vn 0.60000000 0.80000000 0.00000000
vn -0.72413793 0.68965517 0.00000000
vn 0.72413793 0.68965517 0.00000000
vn -0.60000000 0.80000000 0.00000000
vn -0.71860214 0.69542143 0.00000000
vn 0.70710678 0.00000000 -0.70710678
vn 0.70710678 0.00000000 0.70710678
vn -0.70710678 0.00000000 0.70710678
vn -0.70710678 0.00000000 -0.70710678
vn 0.37708674 -0.92617795 0.00000000
vn 0.72353574 -0.69028692 0.00000000
vn -0.18589167 0.98257025 0.00000000
vn -0.20695859 0.97834970 0.00000000
vn 0.95105652 0.00000000 0.30901699
vn 0.58778525 0.00000000 0.80901699
vn -0.58778525 0.00000000 0.80901699
vn -0.95105652 0.00000000 0.30901699
vn -0.95105652 0.00000000 -0.30901699
vn -0.58778525 0.00000000 -0.80901699
vn 0.58778525 0.00000000 -0.80901699
vn 0.95105652 0.00000000 -0.30901699
vn 0.96592583 0.00000000 0.25881905
vn 0.25881905 0.00000000 0.96592583
vn -0.25881905 0.00000000 0.96592583
vn -0.96592583 0.00000000 0.25881905
vn -0.96592583 0.00000000 -0.25881905
vn -0.25881905 0.00000000 -0.96592583
vn 0.25881905 0.00000000 -0.96592583
vn 0.96592583 0.00000000 -0.25881905
vn 0.86602540 0.00000000 0.50000000
vn -0.86602540 0.00000000 0.50000000
vn -0.86602540 0.00000000 -0.50000000
vn 0.86602540 0.00000000 -0.50000000
vn 0.82987070 -0.02256954 -0.55749910
vn 0.94139280 0.15465414 -0.29976939
vn 0.55286440 -0.75833983 -0.34534281
vn 0.21474500 -0.83270942 -0.51037202
vn -0.38140167 -0.92335244 -0.04419317
vn -0.60883473 -0.79210139 0.04353912
vn -0.94426104 -0.14992983 0.29307359
vn -0.83645246 0.02636692 0.54740485
vn -0.55837499 0.76108241 0.33010747
vn -0.21456292 0.83185471 0.51184030
vn 0.38042659 0.92359089 0.04749184
vn 0.60567478 0.79461380 -0.04179674
vn 0.38145543 0.01624689 -0.92424445
vn -0.07696492 -0.79864470 -0.59686099
vn -0.46768681 -0.82411526 0.31953575
vn -0.38665941 -0.01561563 0.92209037
vn 0.07114608 0.79765712 0.59890012
vn 0.45428394 0.83032212 -0.32278673
vn -0.15202698 0.02020972 -0.98816970
vn -0.08795545 -0.84248439 -0.53149213
vn 0.06201367 -0.88820796 0.45523721
vn 0.13963151 -0.02039239 0.98999353
vn 0.07120656 0.84423206 0.53122675
vn -0.07910354 0.88650922 -0.45589915
vn -0.64585633 -0.00209221 -0.76345610
vn -0.07945907 -0.78574875 -0.61342086
vn 0.55960549 -0.81914171 0.12589104
vn 0.62631926 -0.01036021 0.77949782
vn 0.04802623 0.77336215 0.63214276
vn -0.58102022 0.80457147 -0.12280169
vn -0.99549658 -0.02938325 -0.09012866
vn -0.39107873 -0.82707907 -0.40372967
vn 0.53593062 -0.78702283 -0.30557069
vn 0.99619124 0.01416903 0.08603629
vn 0.37872770 0.83023329 0.40899634
vn -0.54747220 0.78078120 0.30108953
vn -0.73278527 -0.01749243 0.68023508
vn -0.24941251 -0.90155630 0.35353874
vn 0.46735543 -0.81722676 -0.33722296
vn 0.69998556 0.00610271 -0.71413092
vn 0.19163966 0.90562712 -0.37830379
vn -0.51098312 0.80253017 0.30796360
vn -0.37077982 0.01938099 0.92851855
vn 0.19762752 -0.73389004 0.64988366
vn 0.58093977 -0.75928484 -0.29324992
vn 0.36683764 -0.01632562 -0.93014172
vn -0.19231333 0.73428753 -0.65102796
vn -0.57079181 0.76675638 0.29373689
vn -0.67440493 0.00332895 0.73835419
vn -0.03565561 -0.82071901 0.57021836
vn 0.61262785 -0.77697528 -0.14490178
vn 0.68493274 0.02639209 -0.72812814
vn 0.04972363 0.82088008 -0.56893185
vn -0.58687984 0.79580699 0.14920885
vn -0.99718850 -0.07335081 -0.01532138
vn -0.39894542 -0.91351873 -0.07953671
vn 0.56817983 -0.81341680 -0.12459851
vn 0.99677544 0.06175989 -0.05122924
vn 0.40606619 0.91324396 0.03310152
vn -0.57035240 0.81910980 0.06129662
vn -0.73584706 -0.04737829 -0.67548827
vn -0.01524125 -0.78342047 -0.62130514
vn 0.69772888 -0.71405076 0.05749722
vn 0.72501624 0.03856749 0.68765108
vn 0.00010133 0.77679355 0.62975533
vn -0.71376014 0.69818503 -0.05553498
vn -0.33177750 0.04539592 -0.94226477
vn 0.21532190 -0.72774787 -0.65116781
vn 0.55357009 -0.78109213 0.28888621
vn 0.31946647 -0.05125341 0.94621048
vn -0.24643521 0.71136342 0.65820344
vn -0.56644904 0.77248513 -0.28705785
vn -0.64440959 -0.03477141 -0.76388954
vn -0.28932606 -0.91077774 -0.29457484
vn 0.34092503 -0.82589514 0.44907388
vn 0.64620103 0.03653787 0.76229208
vn 0.29521118 0.91178102 0.28549209
vn -0.31496779 0.82939441 -0.46141109
vn -0.99728564 -0.05627126 0.04748585
vn -0.39437595 -0.76911294 0.50292435
vn 0.58603689 -0.67625626 0.44636110
vn 0.99694454 0.05706736 -0.05333766
vn 0.40571974 0.75939999 -0.50862870
vn -0.57291192 0.68758308 -0.44609578
vn -0.60177992 0.04833772 0.79719784
vn 0.01139102 -0.71154218 0.70255104
vn 0.62468383 -0.77530630 -0.09311417
vn 0.60164128 -0.05323193 -0.79699067
vn -0.00156050 0.70869043 -0.70551785
vn -0.61727076 0.78140565 0.09155339
vn -0.06613754 0.02407676 0.99751999
vn 0.05973012 -0.83691592 0.54406254
vn 0.12643887 -0.88690796 -0.44430563
vn 0.07765951 -0.02541455 -0.99665596
vn -0.04727859 0.83730518 -0.54468777
vn -0.11847837 0.88674258 0.44682264
vn 0.42402392 -0.00283969 0.90564654
vn 0.02303891 -0.83798826 0.54520169
vn -0.39954254 -0.85270153 -0.33654993
vn -0.42000602 0.00218636 -0.90751868
vn -0.01163725 0.83582921 -0.54886619
vn 0.40290626 0.84999043 0.33938594
vn 0.80672197 -0.00306346 0.59092324
vn 0.24600876 -0.85130427 0.46342285
vn -0.55030807 -0.82672544 -0.11698745
vn -0.81490635 0.00754926 -0.57954348
vn -0.25119673 0.85941939 -0.44530722
vn 0.54067976 0.83091422 0.13132767
vn 0.90565225 -0.20707063 0.37002128
vn 0.23392894 -0.93337935 0.27217686
vn -0.68718914 -0.72073072 -0.09120474
vn -0.91649236 0.21308702 -0.33857891
vn -0.24019068 0.93780159 -0.25067233
vn 0.68419901 0.72172585 0.10480228
vn 0.32183934 -0.17879963 0.92975810
vn 0.32183934 -0.17879963 -0.92975810
vn -0.37708674 -0.92617795 0.00000000
vn -0.72353574 -0.69028692 0.00000000
vn 0.18589167 0.98257025 0.00000000
vn 0.20695859 0.97834970 0.00000000
vn 0.81490635 0.00754926 0.57954348
vn 0.91649236 0.21308702 0.33857891
vn 0.68718914 -0.72073072 0.09120474
vn 0.55030807 -0.82672544 0.11698745
vn -0.23392894 -0.93337935 -0.27217686
vn -0.24600876 -0.85130427 -0.46342285
vn -0.90565225 -0.20707063 -0.37002128
vn -0.80672197 -0.00306346 -0.59092324
vn -0.68419901 0.72172585 -0.10480228
vn -0.54067976 0.83091422 -0.13132767
vn 0.24019068 0.93780159 0.25067233
vn 0.25119673 0.85941939 0.44530722
vn 0.42000602 0.00218636 0.90751868
vn 0.39954254 -0.85270153 0.33654993
vn -0.02303891 -0.83798826 -0.54520169
vn -0.42402392 -0.00283969 -0.90564654
vn -0.40290626 0.84999043 -0.33938594
vn 0.01163725 0.83582921 0.54886619
vn -0.07765951 -0.02541455 0.99665596
vn -0.12643887 -0.88690796 0.44430563
vn -0.05973012 -0.83691592 -0.54406254
vn 0.06613754 0.02407676 -0.99751999
vn 0.11847837 0.88674258 -0.44682264
vn 0.04727859 0.83730518 0.54468777
vn -0.60164128 -0.05323193 0.79699067
vn -0.62468383 -0.77530630 0.09311417
vn -0.01139102 -0.71154218 -0.70255104
vn 0.60177992 0.04833772 -0.79719784
vn 0.61727076 0.78140565 -0.09155339
vn 0.00156050 0.70869043 0.70551785
vn -0.99694454 0.05706736 0.05333766
vn -0.58603689 -0.67625626 -0.44636110
vn 0.39437595 -0.76911294 -0.50292435
vn 0.99728564 -0.05627126 -0.04748585
vn 0.57291192 0.68758308 0.44609578
vn -0.40571974 0.75939999 0.50862870
vn -0.64620103 0.03653787 -0.76229208
vn -0.34092503 -0.82589514 -0.44907388
vn 0.28932606 -0.91077774 0.29457484
vn 0.64440959 -0.03477141 0.76388954
vn 0.31496779 0.82939441 0.46141109
vn -0.29521118 0.91178102 -0.28549209
vn -0.31946647 -0.05125341 -0.94621048
vn -0.55357009 -0.78109213 -0.28888621
vn -0.21532190 -0.72774787 0.65116781
vn 0.33177750 0.04539592 0.94226477
vn 0.56644904 0.77248513 0.28705785
vn 0.24643521 0.71136342 -0.65820344
vn -0.72501624 0.03856749 -0.68765108
vn -0.69772888 -0.71405076 -0.05749722
vn 0.01524125 -0.78342047 0.62130514
vn 0.73584706 -0.04737829 0.67548827
vn 0.71376014 0.69818503 0.05553498
vn -0.00010133 0.77679355 -0.62975533
vn -0.99677544 0.06175989 0.05122924
vn -0.56817983 -0.81341680 0.12459851
vn 0.39894542 -0.91351873 0.07953671
vn 0.99718850 -0.07335081 0.01532138
vn 0.57035240 0.81910980 -0.06129662
vn -0.40606619 0.91324396 -0.03310152
vn -0.68493274 0.02639209 0.72812814
vn -0.61262785 -0.77697528 0.14490178
vn 0.03565561 -0.82071901 -0.57021836
vn 0.67440493 0.00332895 -0.73835419
vn 0.58687984 0.79580699 -0.14920885
vn -0.04972363 0.82088008 0.56893185
vn -0.36683764 -0.01632562 0.93014172
vn -0.58093977 -0.75928484 0.29324992
vn -0.19762752 -0.73389004 -0.64988366
vn 0.37077982 0.01938099 -0.92851855
vn 0.57079181 0.76675638 -0.29373689
vn 0.19231333 0.73428753 0.65102796
vn -0.69998556 0.00610271 0.71413092
vn -0.46735543 -0.81722676 0.33722296
vn 0.24941251 -0.90155630 -0.35353874
vn 0.73278527 -0.01749243 -0.68023508
vn 0.51098312 0.80253017 -0.30796360
vn -0.19163966 0.90562712 0.37830379
vn -0.99619124 0.01416903 -0.08603629
vn -0.53593062 -0.78702283 0.30557069
vn 0.39107873 -0.82707907 0.40372967
vn 0.99549658 -0.02938325 0.09012866
vn 0.54747220 0.78078120 -0.30108953
vn -0.37872770 0.83023329 -0.40899634
vn -0.62631926 -0.01036021 -0.77949782
vn -0.55960549 -0.81914171 -0.12589104
vn 0.07945907 -0.78574875 0.61342086
vn 0.64585633 -0.00209221 0.76345610
vn 0.58102022 0.80457147 0.12280169
vn -0.04802623 0.77336215 -0.63214276
vn -0.13963151 -0.02039239 -0.98999353
vn -0.06201367 -0.88820796 -0.45523721
vn 0.08795545 -0.84248439 0.53149213
vn 0.15202698 0.02020972 0.98816970
vn 0.07910354 0.88650922 0.45589915
vn -0.07120656 0.84423206 -0.53122675
vn 0.38665941 -0.01561563 -0.92209037
vn 0.46768681 -0.82411526 -0.31953575
vn 0.07696492 -0.79864470 0.59686099
vn -0.38145543 0.01624689 0.92424445
vn -0.45428394 0.83032212 0.32278673
vn -0.07114608 0.79765712 -0.59890012
vn 0.83645246 0.02636692 -0.54740485
vn 0.60883473 -0.79210139 -0.04353912
vn -0.21474500 -0.83270942 0.51037202
vn -0.82987070 -0.02256954 0.55749910
vn -0.60567478 0.79461380 0.04179674
vn 0.21456292 0.83185471 -0.51184030
vn 0.94426104 -0.14992983 -0.29307359
vn 0.38140167 -0.92335244 0.04419317
vn -0.55286440 -0.75833983 0.34534281
vn -0.94139280 0.15465414 0.29976939
vn -0.38042659 0.92359089 -0.04749184
vn 0.55837499 0.76108241 -0.33010747
vn -0.32183934 -0.17879963 0.92975810
vn -0.32183934 -0.17879963 -0.92975810
vn 0.64018440 0.76822128 0.00000000
vn 0.27805808 0.96056426 0.00000000
vn 0.58123819 0.81373347 0.00000000
vn 0.96476382 0.26311741 0.00000000
vn 0.94868330 -0.31622777 0.00000000
vn 0.39391930 -0.91914503 0.00000000
vn 0.70710678 -0.70710678 0.00000000
vn 0.99227788 -0.12403473 0.00000000
vn 0.94868330 0.31622777 0.00000000
vn 0.58072468 0.81410002 0.00000000
vn -0.58072468 0.81410002 0.00000000
vn -0.94868330 0.31622777 0.00000000
vn -0.99227788 -0.12403473 0.00000000
vn -0.70710678 -0.70710678 0.00000000
vn -0.39391930 -0.91914503 0.00000000
vn -0.94868330 -0.31622777 0.00000000
vn -0.96476382 0.26311741 0.00000000
vn -0.58123819 0.81373347 0.00000000
vn -0.27805808 0.96056426 0.00000000
vn -0.64018440 0.76822128 0.00000000
g slab_bed
usemtl mat
f 1/1/1 2/2/1 3/3/1 4/4/1
f 5/4/2 6/3/2 7/2/2 8/1/2
f 4/1/3 3/2/3 6/3/3 5/4/3
f 8/4/4 7/3/4 2/2/4 1/1/4
f 2/1/1 9/2/1 10/3/1 3/4/1
f 6/4/2 11/3/2 12/2/2 7/1/2
f 3/1/3 10/2/3 11/3/3 6/4/3
f 7/4/4 12/3/4 9/2/4 2/1/4
f 9/1/1 13/2/1 14/3/1 10/4/1
f 11/4/2 15/3/2 16/2/2 12/1/2
f 10/1/3 14/2/3 15/3/3 11/4/3
f 12/4/4 16/3/4 13/2/4 9/1/4
f 13/1/1 17/2/1 18/3/1 14/4/1
f 15/4/2 19/3/2 20/2/2 16/1/2
f 14/1/3 18/2/3 19/3/3 15/4/3
f 16/4/4 20/3/4 17/2/4 13/1/4
f 17/1/1 21/2/1 22/3/1 18/4/1
f 19/4/2 23/3/2 24/2/2 20/1/2
f 18/1/3 22/2/3 23/3/3 19/4/3
f 20/4/4 24/3/4 21/2/4 17/1/4
f 21/1/1 25/2/1 26/3/1 22/4/1
f 23/4/2 27/3/2 28/2/2 24/1/2
f 22/1/3 26/2/3 27/3/3 23/4/3
f 24/4/4 28/3/4 25/2/4 21/1/4
f 25/1/1 29/2/1 30/3/1 26/4/1
f 27/4/2 31/3/2 32/2/2 28/1/2
f 26/1/3 30/2/3 31/3/3 27/4/3
f 28/4/4 32/3/4 29/2/4 25/1/4
f 29/1/1 33/2/1 34/3/1 30/4/1
f 31/4/2 35/3/2 36/2/2 32/1/2
f 30/1/3 34/2/3 35/3/3 31/4/3
f 32/4/4 36/3/4 33/2/4 29/1/4
f 33/1/1 37/2/1 38/3/1 34/4/1
f 35/4/2 39/3/2 40/2/2 36/1/2
f 34/1/3 38/2/3 39/3/3 35/4/3
f 36/4/4 40/3/4 37/2/4 33/1/4
f 37/1/1 41/2/1 42/3/1 38/4/1
f 39/4/2 43/3/2 44/2/2 40/1/2
f 38/1/3 42/2/3 43/3/3 39/4/3
f 40/4/4 44/3/4 41/2/4 37/1/4
f 41/1/1 45/2/1 46/3/1 42/4/1
f 43/4/2 47/3/2 48/2/2 44/1/2
f 42/1/3 46/2/3 47/3/3 43/4/3
f 44/4/4 48/3/4 45/2/4 41/1/4
f 8/1/5 1/2/5 4/3/5 5/4/5
f 47/4/6 46/3/6 45/2/6 48/1/6
g sleeper
usemtl mat
f 49/4/3 50/5/3 51/6/3
f 49/4/3 51/6/3 52/7/3
f 49/4/3 52/7/3 53/8/3
f 49/4/3 53/8/3 54/9/3
f 54/9/3 55/10/3 56/11/3
f 54/9/3 56/11/3 57/12/3
f 54/9/3 57/12/3 58/3/3
f 54/9/3 58/3/3 49/4/3
f 59/3/4 60/12/4 61/11/4
f 59/3/4 61/11/4 62/10/4
f 59/3/4 62/10/4 63/9/4
f 64/4/4 59/3/4 63/9/4
f 64/4/4 63/9/4 65/8/4
f 66/5/4 64/4/4 65/8/4
f 66/5/4 65/8/4 67/7/4
f 67/7/4 68/6/4 66/5/4
f 49/4/2 58/3/2 59/2/2 64/1/2
f 58/4/7 57/3/7 60/2/7 59/1/7
f 57/4/8 56/3/8 61/2/8 60/1/8
f 56/4/1 55/3/1 62/2/1 61/1/1
f 55/4/9 54/3/9 63/2/9 62/1/9
f 54/4/1 53/3/1 65/2/1 63/1/1
f 53/4/10 52/3/10 67/2/10 65/1/10
f 52/4/1 51/3/1 68/2/1 67/1/1
f 51/4/11 50/3/11 66/2/11 68/1/11
f 50/4/12 49/3/12 64/2/12 66/1/12
f 69/4/3 70/5/3 71/6/3
f 69/4/3 71/6/3 72/7/3
f 69/4/3 72/7/3 73/8/3
f 69/4/3 73/8/3 74/9/3
f 74/9/3 75/10/3 76/11/3
f 74/9/3 76/11/3 77/12/3
f 74/9/3 77/12/3 78/3/3
f 74/9/3 78/3/3 69/4/3
f 79/3/4 80/12/4 81/11/4
f 79/3/4 81/11/4 82/10/4
f 79/3/4 82/10/4 83/9/4
f 84/4/4 79/3/4 83/9/4
f 84/4/4 83/9/4 85/8/4
f 86/5/4 84/4/4 85/8/4
f 86/5/4 85/8/4 87/7/4
f 87/7/4 88/6/4 86/5/4
f 69/4/2 78/3/2 79/2/2 84/1/2
f 78/4/7 77/3/7 80/2/7 79/1/7
f 77/4/8 76/3/8 81/2/8 80/1/8
f 76/4/1 75/3/1 82/2/1 81/1/1
f 75/4/9 74/3/9 83/2/9 82/1/9
f 74/4/1 73/3/1 85/2/1 83/1/1
f 73/4/10 72/3/10 87/2/10 85/1/10
f 72/4/1 71/3/1 88/2/1 87/1/1
f 71/4/11 70/3/11 86/2/11 88/1/11
f 70/4/12 69/3/12 84/2/12 86/1/12
g fastener_left
usemtl mat
f 89/13/2 90/14/2 91/15/2
f 89/13/2 91/15/2 92/16/2
f 89/13/2 92/16/2 93/17/2
f 89/13/2 93/17/2 94/18/2
f 89/13/2 94/18/2 95/19/2
f 95/19/2 96/20/2 89/13/2
f 97/21/3 98/22/3 91/23/3 90/24/3
f 98/21/13 99/22/13 92/23/13 91/24/13
f 99/21/6 100/22/6 93/23/6 92/24/6
f 100/21/14 101/22/14 94/23/14 93/24/14
f 101/21/4 102/22/4 95/23/4 94/24/4
f 102/21/15 103/22/15 96/23/15 95/24/15
f 103/21/5 104/22/5 89/23/5 96/24/5
f 104/21/16 97/22/16 90/23/16 89/24/16
f 105/25/1 106/26/1 107/27/1
f 105/25/1 107/27/1 108/28/1
f 105/25/1 108/28/1 109/29/1
f 105/25/1 109/29/1 110/30/1
f 105/25/1 110/30/1 111/31/1
f 111/31/1 112/32/1 105/25/1
f 105/33/3 112/34/3 113/35/3 114/36/3
f 112/33/13 111/34/13 115/35/13 113/36/13
f 111/33/6 110/34/6 116/35/6 115/36/6
f 110/33/14 109/34/14 117/35/14 116/36/14
f 109/33/4 108/34/4 118/35/4 117/36/4
f 108/33/15 107/34/15 119/35/15 118/36/15
f 107/33/5 106/34/5 120/35/5 119/36/5
f 106/33/16 105/34/16 114/35/16 120/36/16
f 121/37/2 122/38/2 123/39/2
f 121/37/2 123/39/2 124/40/2
f 121/37/2 124/40/2 125/41/2
f 121/37/2 125/41/2 126/42/2
f 121/37/2 126/42/2 127/43/2
f 127/43/2 128/44/2 121/37/2
f 129/38/1 130/37/1 131/44/1
f 129/38/1 131/44/1 132/43/1
f 129/38/1 132/43/1 133/42/1
f 129/38/1 133/42/1 134/41/1
f 129/38/1 134/41/1 135/40/1
f 135/40/1 136/39/1 129/38/1
f 129/45/3 136/46/3 123/47/3 122/48/3
f 136/45/13 135/46/13 124/47/13 123/48/13
f 135/45/6 134/46/6 125/47/6 124/48/6
f 134/45/14 133/46/14 126/47/14 125/48/14
f 133/45/4 132/46/4 127/47/4 126/48/4
f 132/45/15 131/46/15 128/47/15 127/48/15
f 131/45/5 130/46/5 121/47/5 128/48/5
f 130/45/16 129/46/16 122/47/16 121/48/16
f 137/49/2 138/50/2 139/51/2
f 137/49/2 139/51/2 140/52/2
f 137/49/2 140/52/2 141/53/2
f 137/49/2 141/53/2 142/54/2
f 137/49/2 142/54/2 143/55/2
f 143/55/2 144/56/2 137/49/2
f 145/50/1 146/49/1 147/56/1
f 145/50/1 147/56/1 148/55/1
f 145/50/1 148/55/1 149/54/1
f 145/50/1 149/54/1 150/53/1
f 145/50/1 150/53/1 151/52/1
f 151/52/1 152/51/1 145/50/1
f 145/21/3 152/22/3 139/23/3 138/24/3
f 152/21/13 151/22/13 140/23/13 139/24/13
f 151/21/6 150/22/6 141/23/6 140/24/6
f 150/21/14 149/22/14 142/23/14 141/24/14
f 149/21/4 148/22/4 143/23/4 142/24/4
f 148/21/15 147/22/15 144/23/15 143/24/15
f 147/21/5 146/22/5 137/23/5 144/24/5
f 146/21/16 145/22/16 138/23/16 137/24/16
f 153/57/4 154/45/4 155/58/4
f 153/57/4 155/58/4 156/59/4
f 153/57/4 156/59/4 157/60/4
f 157/60/4 158/61/4 159/47/4
f 153/57/4 157/60/4 159/47/4
f 159/47/4 160/62/4 161/63/4
f 159/47/4 161/63/4 153/57/4
f 162/45/3 163/57/3 164/63/3
f 164/63/3 165/62/3 166/47/3
f 162/45/3 164/63/3 166/47/3
f 166/47/3 167/61/3 168/60/3
f 166/47/3 168/60/3 169/59/3
f 166/47/3 169/59/3 170/58/3
f 166/47/3 170/58/3 162/45/3
f 163/45/17 164/46/17 161/47/17 153/48/17
f 164/45/18 165/46/18 160/47/18 161/48/18
f 165/45/2 166/46/2 159/47/2 160/48/2
f 166/45/5 167/46/5 158/47/5 159/48/5
f 167/45/1 168/46/1 157/47/1 158/48/1
f 168/45/19 169/46/19 156/47/19 157/48/19
f 169/45/1 170/46/1 155/47/1 156/48/1
f 170/45/20 162/46/20 154/47/20 155/48/20
f 162/45/6 163/46/6 153/47/6 154/48/6
f 171/64/2 172/65/2 173/66/2
f 171/64/2 173/66/2 174/67/2
f 171/64/2 174/67/2 175/68/2
f 171/64/2 175/68/2 176/69/2
f 171/64/2 176/69/2 177/70/2
f 171/64/2 177/70/2 178/71/2
f 171/64/2 178/71/2 179/72/2
f 179/72/2 180/73/2 171/64/2
f 181/65/1 182/64/1 183/73/1
f 181/65/1 183/73/1 184/72/1
f 181/65/1 184/72/1 185/71/1
f 181/65/1 185/71/1 186/70/1
f 181/65/1 186/70/1 187/69/1
f 181/65/1 187/69/1 188/68/1
f 181/65/1 188/68/1 189/67/1
f 189/67/1 190/66/1 181/65/1
f 181/45/21 190/74/21 173/75/21 172/48/21
f 190/74/22 189/76/22 174/77/22 173/75/22
f 189/76/4 188/78/4 175/79/4 174/77/4
f 188/78/23 187/80/23 176/81/23 175/79/23
f 187/80/24 186/82/24 177/83/24 176/81/24
f 186/82/25 185/84/25 178/85/25 177/83/25
f 185/84/26 184/86/26 179/87/26 178/85/26
f 184/86/3 183/88/3 180/89/3 179/87/3
f 183/88/27 182/90/27 171/91/27 180/89/27
f 182/90/28 181/46/28 172/47/28 171/91/28
f 191/92/2 192/65/2 193/93/2
f 191/92/2 193/93/2 194/94/2
f 191/92/2 194/94/2 195/82/2
f 191/92/2 195/82/2 196/95/2
f 191/92/2 196/95/2 197/96/2
f 191/92/2 197/96/2 198/70/2
f 191/92/2 198/70/2 199/97/2
f 191/92/2 199/97/2 200/98/2
f 191/92/2 200/98/2 201/83/2
f 201/83/2 202/99/2 191/92/2
f 203/65/1 204/92/1 205/99/1
f 203/65/1 205/99/1 206/83/1
f 203/65/1 206/83/1 207/98/1
f 203/65/1 207/98/1 208/97/1
f 203/65/1 208/97/1 209/70/1
f 203/65/1 209/70/1 210/96/1
f 203/65/1 210/96/1 211/95/1
f 203/65/1 211/95/1 212/82/1
f 203/65/1 212/82/1 213/94/1
f 213/94/1 214/93/1 203/65/1
f 203/45/29 214/100/29 193/101/29 192/48/29
f 214/100/14 213/102/14 194/103/14 193/101/14
f 213/102/30 212/104/30 195/105/30 194/103/30
f 212/104/31 211/106/31 196/107/31 195/105/31
f 211/106/15 210/108/15 197/109/15 196/107/15
f 210/108/32 209/82/32 198/83/32 197/109/32
f 209/82/33 208/110/33 199/111/33 198/83/33
f 208/110/16 207/112/16 200/113/16 199/111/16
f 207/112/34 206/114/34 201/115/34 200/113/34
f 206/114/35 205/116/35 202/117/35 201/115/35
f 205/116/13 204/118/13 191/119/13 202/117/13
f 204/118/36 203/46/36 192/47/36 191/119/36
f 215/99/2 216/65/2 217/94/2
f 215/99/2 217/94/2 218/95/2
f 215/99/2 218/95/2 219/70/2
f 219/70/2 220/98/2 215/99/2
f 221/65/1 222/99/1 223/98/1
f 221/65/1 223/98/1 224/70/1
f 221/65/1 224/70/1 225/95/1
f 225/95/1 226/94/1 221/65/1
f 221/45/37 226/102/37 217/103/37 216/48/37
f 226/102/4 225/106/4 218/107/4 217/103/4
f 225/106/38 224/82/38 219/83/38 218/107/38
f 224/82/39 223/112/39 220/113/39 219/83/39
f 223/112/3 222/116/3 215/117/3 220/113/3
f 222/116/40 221/46/40 216/47/40 215/117/40
f 227/99/2 228/65/2 229/94/2
f 227/99/2 229/94/2 230/95/2
f 227/99/2 230/95/2 231/70/2
f 231/70/2 232/98/2 227/99/2
f 233/65/1 234/99/1 235/98/1
f 233/65/1 235/98/1 236/70/1
f 233/65/1 236/70/1 237/95/1
f 237/95/1 238/94/1 233/65/1
f 233/45/37 238/102/37 229/103/37 228/48/37
f 238/102/4 237/106/4 230/107/4 229/103/4
f 237/106/38 236/82/38 231/83/38 230/107/38
f 236/82/39 235/112/39 232/113/39 231/83/39
f 235/112/3 234/116/3 227/117/3 232/113/3
f 234/116/40 233/46/40 228/47/40 227/117/40
f 239/120/41 240/48/42 241/103/43
f 241/103/43 242/121/44 239/120/41
f 242/121/44 241/103/43 243/107/45
f 243/107/45 244/122/46 242/121/44
f 244/122/46 243/107/45 245/83/47
f 245/83/47 246/123/48 244/122/46
f 246/123/48 245/83/47 247/113/49
f 247/113/49 248/124/50 246/123/48
f 248/124/50 247/113/49 249/117/51
f 249/117/51 250/125/52 248/124/50
f 250/125/52 249/117/51 240/47/42
f 240/47/42 239/126/41 250/125/52
f 251/127/53 239/120/41 242/121/44
f 242/121/44 252/128/54 251/127/53
f 252/128/54 242/121/44 244/122/46
f 244/122/46 253/129/55 252/128/54
f 253/129/55 244/122/46 246/123/48
f 246/123/48 254/130/56 253/129/55
f 254/130/56 246/123/48 248/124/50
f 248/124/50 255/131/57 254/130/56
f 255/131/57 248/124/50 250/125/52
f 250/125/52 256/132/58 255/131/57
f 256/132/58 250/125/52 239/126/41
f 239/126/41 251/133/53 256/132/58
f 257/134/59 251/127/53 252/128/54
f 252/128/54 258/135/60 257/134/59
f 258/135/60 252/128/54 253/129/55
f 253/129/55 259/136/61 258/135/60
f 259/136/61 253/129/55 254/130/56
f 254/130/56 260/137/62 259/136/61
f 260/137/62 254/130/56 255/131/57
f 255/131/57 261/138/63 260/137/62
f 261/138/63 255/131/57 256/132/58
f 256/132/58 262/139/64 261/138/63
f 262/139/64 256/132/58 251/133/53
f 251/133/53 257/140/59 262/139/64
f 263/141/65 257/134/59 258/135/60
f 258/135/60 264/142/66 263/141/65
f 264/142/66 258/135/60 259/136/61
f 259/136/61 265/143/67 264/142/66
f 265/143/67 259/136/61 260/137/62
f 260/137/62 266/144/68 265/143/67
f 266/144/68 260/137/62 261/138/63
f 261/138/63 267/145/69 266/144/68
f 267/145/69 261/138/63 262/139/64
f 262/139/64 268/146/70 267/145/69
f 268/146/70 262/139/64 257/140/59
f 257/140/59 263/147/65 268/146/70
f 269/148/71 263/141/65 264/142/66
f 264/142/66 270/149/72 269/148/71
f 270/149/72 264/142/66 265/143/67
f 265/143/67 271/150/73 270/149/72
f 271/150/73 265/143/67 266/144/68
f 266/144/68 272/151/74 271/150/73
f 272/151/74 266/144/68 267/145/69
f 267/145/69 273/152/75 272/151/74
f 273/152/75 267/145/69 268/146/70
f 268/146/70 274/153/76 273/152/75
f 274/153/76 268/146/70 263/147/65
f 263/147/65 269/154/71 274/153/76
f 275/155/77 269/148/71 270/149/72
f 270/149/72 276/156/78 275/155/77
f 276/156/78 270/149/72 271/150/73
f 271/150/73 277/157/79 276/156/78
f 277/157/79 271/150/73 272/151/74
f 272/151/74 278/158/80 277/157/79
f 278/158/80 272/151/74 273/152/75
f 273/152/75 279/159/81 278/158/80
f 279/159/81 273/152/75 274/153/76
f 274/153/76 280/160/82 279/159/81
f 280/160/82 274/153/76 269/154/71
f 269/154/71 275/161/77 280/160/82
f 281/162/83 275/155/77 276/156/78
f 276/156/78 282/163/84 281/162/83
f 282/163/84 276/156/78 277/157/79
f 277/157/79 283/164/85 282/163/84
f 283/164/85 277/157/79 278/158/80
f 278/158/80 284/165/86 283/164/85
f 284/165/86 278/158/80 279/159/81
f 279/159/81 285/166/87 284/165/86
f 285/166/87 279/159/81 280/160/82
f 280/160/82 286/167/88 285/166/87
f 286/167/88 280/160/82 275/161/77
f 275/161/77 281/168/83 286/167/88
f 287/169/89 281/162/83 282/163/84
f 282/163/84 288/170/90 287/169/89
f 288/170/90 282/163/84 283/164/85
f 283/164/85 289/171/91 288/170/90
f 289/171/91 283/164/85 284/165/86
f 284/165/86 290/172/92 289/171/91
f 290/172/92 284/165/86 285/166/87
f 285/166/87 291/173/93 290/172/92
f 291/173/93 285/166/87 286/167/88
f 286/167/88 292/174/94 291/173/93
f 292/174/94 286/167/88 281/168/83
f 281/168/83 287/175/89 292/174/94
f 293/70/95 287/169/89 288/170/90
f 288/170/90 294/176/96 293/70/95
f 294/176/96 288/170/90 289/171/91
f 289/171/91 295/177/97 294/176/96
f 295/177/97 289/171/91 290/172/92
f 290/172/92 296/178/98 295/177/97
f 296/178/98 290/172/92 291/173/93
f 291/173/93 297/179/99 296/178/98
f 297/179/99 291/173/93 292/174/94
f 292/174/94 298/180/100 297/179/99
f 298/180/100 292/174/94 287/175/89
f 287/175/89 293/65/95 298/180/100
f 299/181/101 293/70/95 294/176/96
f 294/176/96 300/182/102 299/181/101
f 300/182/102 294/176/96 295/177/97
f 295/177/97 301/183/103 300/182/102
f 301/183/103 295/177/97 296/178/98
f 296/178/98 302/184/104 301/183/103
f 302/184/104 296/178/98 297/179/99
f 297/179/99 303/185/105 302/184/104
f 303/185/105 297/179/99 298/180/100
f 298/180/100 304/186/106 303/185/105
f 304/186/106 298/180/100 293/65/95
f 293/65/95 299/187/101 304/186/106
f 305/188/107 299/181/101 300/182/102
f 300/182/102 306/189/108 305/188/107
f 306/189/108 300/182/102 301/183/103
f 301/183/103 307/190/109 306/189/108
f 307/190/109 301/183/103 302/184/104
f 302/184/104 308/191/110 307/190/109
f 308/191/110 302/184/104 303/185/105
f 303/185/105 309/192/111 308/191/110
f 309/192/111 303/185/105 304/186/106
f 304/186/106 310/193/112 309/192/111
f 310/193/112 304/186/106 299/187/101
f 299/187/101 305/194/107 310/193/112
f 311/195/113 305/188/107 306/189/108
f 306/189/108 312/196/114 311/195/113
f 312/196/114 306/189/108 307/190/109
f 307/190/109 313/197/115 312/196/114
f 313/197/115 307/190/109 308/191/110
f 308/191/110 314/198/116 313/197/115
f 314/198/116 308/191/110 309/192/111
f 309/192/111 315/199/117 314/198/116
f 315/199/117 309/192/111 310/193/112
f 310/193/112 316/200/118 315/199/117
f 316/200/118 310/193/112 305/194/107
f 305/194/107 311/201/113 316/200/118
f 317/202/119 311/195/113 312/196/114
f 312/196/114 318/203/120 317/202/119
f 318/203/120 312/196/114 313/197/115
f 313/197/115 319/204/121 318/203/120
f 319/204/121 313/197/115 314/198/116
f 314/198/116 320/205/122 319/204/121
f 320/205/122 314/198/116 315/199/117
f 315/199/117 321/206/123 320/205/122
f 321/206/123 315/199/117 316/200/118
f 316/200/118 322/207/124 321/206/123
f 322/207/124 316/200/118 311/201/113
f 311/201/113 317/208/119 322/207/124
f 323/209/125 317/202/119 318/203/120
f 318/203/120 324/210/126 323/209/125
f 324/210/126 318/203/120 319/204/121
f 319/204/121 325/211/127 324/210/126
f 325/211/127 319/204/121 320/205/122
f 320/205/122 326/212/128 325/211/127
f 326/212/128 320/205/122 321/206/123
f 321/206/123 327/213/129 326/212/128
f 327/213/129 321/206/123 322/207/124
f 322/207/124 328/214/130 327/213/129
f 328/214/130 322/207/124 317/208/119
f 317/208/119 323/215/125 328/214/130
f 329/216/131 323/209/125 324/210/126
f 324/210/126 330/217/132 329/216/131
f 330/217/132 324/210/126 325/211/127
f 325/211/127 331/218/133 330/217/132
f 331/218/133 325/211/127 326/212/128
f 326/212/128 332/219/134 331/218/133
f 332/219/134 326/212/128 327/213/129
f 327/213/129 333/220/135 332/219/134
f 333/220/135 327/213/129 328/214/130
f 328/214/130 334/221/136 333/220/135
f 334/221/136 328/214/130 323/215/125
f 323/215/125 329/222/131 334/221/136
f 335/223/137 329/216/131 330/217/132
f 330/217/132 336/224/138 335/223/137
f 336/224/138 330/217/132 331/218/133
f 331/218/133 337/225/139 336/224/138
f 337/225/139 331/218/133 332/219/134
f 332/219/134 338/226/140 337/225/139
f 338/226/140 332/219/134 333/220/135
f 333/220/135 339/227/141 338/226/140
f 339/227/141 333/220/135 334/221/136
f 334/221/136 340/228/142 339/227/141
f 340/228/142 334/221/136 329/222/131
f 329/222/131 335/229/137 340/228/142
f 341/230/143 335/223/137 336/224/138
f 336/224/138 342/231/144 341/230/143
f 342/231/144 336/224/138 337/225/139
f 337/225/139 343/232/145 342/231/144
f 343/232/145 337/225/139 338/226/140
f 338/226/140 344/233/146 343/232/145
f 344/233/146 338/226/140 339/227/141
f 339/227/141 345/234/147 344/233/146
f 345/234/147 339/227/141 340/228/142
f 340/228/142 346/235/148 345/234/147
f 346/235/148 340/228/142 335/229/137
f 335/229/137 341/236/143 346/235/148
f 347/45/149 341/230/143 342/231/144
f 342/231/144 348/102/150 347/45/149
f 348/102/150 342/231/144 343/232/145
f 343/232/145 349/106/151 348/102/150
f 349/106/151 343/232/145 344/233/146
f 344/233/146 350/82/152 349/106/151
f 350/82/152 344/233/146 345/234/147
f 345/234/147 351/112/153 350/82/152
f 351/112/153 345/234/147 346/235/148
f 346/235/148 352/116/154 351/112/153
f 352/116/154 346/235/148 341/236/143
f 341/236/143 347/46/149 352/116/154
f 240/65/155 249/237/155 247/98/155
f 240/65/155 247/98/155 245/70/155
f 240/65/155 245/70/155 243/95/155
f 243/95/155 241/238/155 240/65/155
f 352/237/156 347/65/156 348/238/156
f 352/237/156 348/238/156 349/95/156
f 352/237/156 349/95/156 350/70/156
f 350/70/156 351/98/156 352/237/156
f 353/37/2 354/38/2 355/39/2
f 353/37/2 355/39/2 356/40/2
f 353/37/2 356/40/2 357/41/2
f 353/37/2 357/41/2 358/42/2
f 353/37/2 358/42/2 359/43/2
f 359/43/2 360/44/2 353/37/2
f 361/38/1 362/37/1 363/44/1
f 361/38/1 363/44/1 364/43/1
f 361/38/1 364/43/1 365/42/1
f 361/38/1 365/42/1 366/41/1
f 361/38/1 366/41/1 367/40/1
f 367/40/1 368/39/1 361/38/1
f 361/45/3 368/46/3 355/47/3 354/48/3
f 368/45/13 367/46/13 356/47/13 355/48/13
f 367/45/6 366/46/6 357/47/6 356/48/6
f 366/45/14 365/46/14 358/47/14 357/48/14
f 365/45/4 364/46/4 359/47/4 358/48/4
f 364/45/15 363/46/15 360/47/15 359/48/15
f 363/45/5 362/46/5 353/47/5 360/48/5
f 362/45/16 361/46/16 354/47/16 353/48/16
f 369/49/2 370/50/2 371/51/2
f 369/49/2 371/51/2 372/52/2
f 369/49/2 372/52/2 373/53/2
f 369/49/2 373/53/2 374/54/2
f 369/49/2 374/54/2 375/55/2
f 375/55/2 376/56/2 369/49/2
f 377/50/1 378/49/1 379/56/1
f 377/50/1 379/56/1 380/55/1
f 377/50/1 380/55/1 381/54/1
f 377/50/1 381/54/1 382/53/1
f 377/50/1 382/53/1 383/52/1
f 383/52/1 384/51/1 377/50/1
f 377/21/3 384/22/3 371/23/3 370/24/3
f 384/21/13 383/22/13 372/23/13 371/24/13
f 383/21/6 382/22/6 373/23/6 372/24/6
f 382/21/14 381/22/14 374/23/14 373/24/14
f 381/21/4 380/22/4 375/23/4 374/24/4
f 380/21/15 379/22/15 376/23/15 375/24/15
f 379/21/5 378/22/5 369/23/5 376/24/5
f 378/21/16 377/22/16 370/23/16 369/24/16
f 385/45/4 386/57/4 387/63/4
f 387/63/4 388/62/4 389/47/4
f 385/45/4 387/63/4 389/47/4
f 389/47/4 390/61/4 391/60/4
f 389/47/4 391/60/4 392/59/4
f 389/47/4 392/59/4 393/58/4
f 389/47/4 393/58/4 385/45/4
f 394/57/3 395/45/3 396/58/3
f 394/57/3 396/58/3 397/59/3
f 394/57/3 397/59/3 398/60/3
f 398/60/3 399/61/3 400/47/3
f 394/57/3 398/60/3 400/47/3
f 400/47/3 401/62/3 402/63/3
f 400/47/3 402/63/3 394/57/3
f 386/48/157 387/47/157 402/46/157 394/45/157
f 387/48/158 388/47/158 401/46/158 402/45/158
f 388/48/2 389/47/2 400/46/2 401/45/2
f 389/48/6 390/47/6 399/46/6 400/45/6
f 390/48/1 391/47/1 398/46/1 399/45/1
f 391/48/159 392/47/159 397/46/159 398/45/159
f 392/48/1 393/47/1 396/46/1 397/45/1
f 393/48/160 385/47/160 395/46/160 396/45/160
f 385/48/5 386/47/5 394/46/5 395/45/5
f 403/64/2 404/65/2 405/66/2
f 403/64/2 405/66/2 406/67/2
f 403/64/2 406/67/2 407/68/2
f 403/64/2 407/68/2 408/69/2
f 403/64/2 408/69/2 409/70/2
f 403/64/2 409/70/2 410/71/2
f 403/64/2 410/71/2 411/72/2
f 411/72/2 412/73/2 403/64/2
f 413/65/1 414/64/1 415/73/1
f 413/65/1 415/73/1 416/72/1
f 413/65/1 416/72/1 417/71/1
f 413/65/1 417/71/1 418/70/1
f 413/65/1 418/70/1 419/69/1
f 413/65/1 419/69/1 420/68/1
f 413/65/1 420/68/1 421/67/1
f 421/67/1 422/66/1 413/65/1
f 413/45/21 422/74/21 405/75/21 404/48/21
f 422/74/22 421/76/22 406/77/22 405/75/22
f 421/76/4 420/78/4 407/79/4 406/77/4
f 420/78/23 419/80/23 408/81/23 407/79/23
f 419/80/24 418/82/24 409/83/24 408/81/24
f 418/82/25 417/84/25 410/85/25 409/83/25
f 417/84/26 416/86/26 411/87/26 410/85/26
f 416/86/3 415/88/3 412/89/3 411/87/3
f 415/88/27 414/90/27 403/91/27 412/89/27
f 414/90/28 413/46/28 404/47/28 403/91/28
f 423/92/2 424/65/2 425/93/2
f 423/92/2 425/93/2 426/94/2
f 423/92/2 426/94/2 427/82/2
f 423/92/2 427/82/2 428/95/2
f 423/92/2 428/95/2 429/96/2
f 423/92/2 429/96/2 430/70/2
f 423/92/2 430/70/2 431/97/2
f 423/92/2 431/97/2 432/98/2
f 423/92/2 432/98/2 433/83/2
f 433/83/2 434/99/2 423/92/2
f 435/65/1 436/92/1 437/99/1
f 435/65/1 437/99/1 438/83/1
f 435/65/1 438/83/1 439/98/1
f 435/65/1 439/98/1 440/97/1
f 435/65/1 440/97/1 441/70/1
f 435/65/1 441/70/1 442/96/1
f 435/65/1 442/96/1 443/95/1
f 435/65/1 443/95/1 444/82/1
f 435/65/1 444/82/1 445/94/1
f 445/94/1 446/93/1 435/65/1
f 435/45/29 446/100/29 425/101/29 424/48/29
f 446/100/14 445/102/14 426/103/14 425/101/14
f 445/102/30 444/104/30 427/105/30 426/103/30
f 444/104/31 443/106/31 428/107/31 427/105/31
f 443/106/15 442/108/15 429/109/15 428/107/15
f 442/108/32 441/82/32 430/83/32 429/109/32
f 441/82/33 440/110/33 431/111/33 430/83/33
f 440/110/16 439/112/16 432/113/16 431/111/16
f 439/112/34 438/114/34 433/115/34 432/113/34
f 438/114/35 437/116/35 434/117/35 433/115/35
f 437/116/13 436/118/13 423/119/13 434/117/13
f 436/118/36 435/46/36 424/47/36 423/119/36
f 447/99/2 448/65/2 449/94/2
f 447/99/2 449/94/2 450/95/2
f 447/99/2 450/95/2 451/70/2
f 451/70/2 452/98/2 447/99/2
f 453/65/1 454/99/1 455/98/1
f 453/65/1 455/98/1 456/70/1
f 453/65/1 456/70/1 457/95/1
f 457/95/1 458/94/1 453/65/1
f 453/45/37 458/102/37 449/103/37 448/48/37
f 458/102/4 457/106/4 450/107/4 449/103/4
f 457/106/38 456/82/38 451/83/38 450/107/38
f 456/82/39 455/112/39 452/113/39 451/83/39
f 455/112/3 454/116/3 447/117/3 452/113/3
f 454/116/40 453/46/40 448/47/40 447/117/40
f 459/99/2 460/65/2 461/94/2
f 459/99/2 461/94/2 462/95/2
f 459/99/2 462/95/2 463/70/2
f 463/70/2 464/98/2 459/99/2
f 465/65/1 466/99/1 467/98/1
f 465/65/1 467/98/1 468/70/1
f 465/65/1 468/70/1 469/95/1
f 469/95/1 470/94/1 465/65/1
f 465/45/37 470/102/37 461/103/37 460/48/37
f 470/102/4 469/106/4 462/107/4 461/103/4
f 469/106/38 468/82/38 463/83/38 462/107/38
f 468/82/39 467/112/39 464/113/39 463/83/39
f 467/112/3 466/116/3 459/117/3 464/113/3
f 466/116/40 465/46/40 460/47/40 459/117/40
f 471/120/161 472/48/162 473/103/163
f 473/103/163 474/121/164 471/120/161
f 474/121/164 473/103/163 475/107/165
f 475/107/165 476/122/166 474/121/164
f 476/122/166 475/107/165 477/83/167
f 477/83/167 478/123/168 476/122/166
f 478/123/168 477/83/167 479/113/169
f 479/113/169 480/124/170 478/123/168
f 480/124/170 479/113/169 481/117/171
f 481/117/171 482/125/172 480/124/170
f 482/125/172 481/117/171 472/47/162
f 472/47/162 471/126/161 482/125/172
f 483/127/173 471/120/161 474/121/164
f 474/121/164 484/128/174 483/127/173
f 484/128/174 474/121/164 476/122/166
f 476/122/166 485/129/175 484/128/174
f 485/129/175 476/122/166 478/123/168
f 478/123/168 486/130/176 485/129/175
f 486/130/176 478/123/168 480/124/170
f 480/124/170 487/131/177 486/130/176
f 487/131/177 480/124/170 482/125/172
f 482/125/172 488/132/178 487/131/177
f 488/132/178 482/125/172 471/126/161
f 471/126/161 483/133/173 488/132/178
f 489/134/179 483/127/173 484/128/174
f 484/128/174 490/135/180 489/134/179
f 490/135/180 484/128/174 485/129/175
f 485/129/175 491/136/181 490/135/180
f 491/136/181 485/129/175 486/130/176
f 486/130/176 492/137/182 491/136/181
f 492/137/182 486/130/176 487/131/177
f 487/131/177 493/138/183 492/137/182
f 493/138/183 487/131/177 488/132/178
f 488/132/178 494/139/184 493/138/183
f 494/139/184 488/132/178 483/133/173
f 483/133/173 489/140/179 494/139/184
f 495/141/185 489/134/179 490/135/180
f 490/135/180 496/142/186 495/141/185
f 496/142/186 490/135/180 491/136/181
f 491/136/181 497/143/187 496/142/186
f 497/143/187 491/136/181 492/137/182
f 492/137/182 498/144/188 497/143/187
f 498/144/188 492/137/182 493/138/183
f 493/138/183 499/145/189 498/144/188
f 499/145/189 493/138/183 494/139/184
f 494/139/184 500/146/190 499/145/189
f 500/146/190 494/139/184 489/140/179
f 489/140/179 495/147/185 500/146/190
f 501/148/191 495/141/185 496/142/186
f 496/142/186 502/149/192 501/148/191
f 502/149/192 496/142/186 497/143/187
f 497/143/187 503/150/193 502/149/192
f 503/150/193 497/143/187 498/144/188
f 498/144/188 504/151/194 503/150/193
f 504/151/194 498/144/188 499/145/189
f 499/145/189 505/152/195 504/151/194
f 505/152/195 499/145/189 500/146/190
f 500/146/190 506/153/196 505/152/195
f 506/153/196 500/146/190 495/147/185
f 495/147/185 501/154/191 506/153/196
f 507/155/197 501/148/191 502/149/192
f 502/149/192 508/156/198 507/155/197
f 508/156/198 502/149/192 503/150/193
f 503/150/193 509/157/199 508/156/198
f 509/157/199 503/150/193 504/151/194
f 504/151/194 510/158/200 509/157/199
f 510/158/200 504/151/194 505/152/195
f 505/152/195 511/159/201 510/158/200
f 511/159/201 505/152/195 506/153/196
f 506/153/196 512/160/202 511/159/201
f 512/160/202 506/153/196 501/154/191
f 501/154/191 507/161/197 512/160/202
f 513/162/203 507/155/197 508/156/198
f 508/156/198 514/163/204 513/162/203
f 514/163/204 508/156/198 509/157/199
f 509/157/199 515/164/205 514/163/204
f 515/164/205 509/157/199 510/158/200
f 510/158/200 516/165/206 515/164/205
f 516/165/206 510/158/200 511/159/201
f 511/159/201 517/166/207 516/165/206
f 517/166/207 511/159/201 512/160/202
f 512/160/202 518/167/208 517/166/207
f 518/167/208 512/160/202 507/161/197
f 507/161/197 513/168/203 518/167/208
f 519/169/209 513/162/203 514/163/204
f 514/163/204 520/170/210 519/169/209
f 520/170/210 514/163/204 515/164/205
f 515/164/205 521/171/211 520/170/210
f 521/171/211 515/164/205 516/165/206
f 516/165/206 522/172/212 521/171/211
f 522/172/212 516/165/206 517/166/207
f 517/166/207 523/173/213 522/172/212
f 523/173/213 517/166/207 518/167/208
f 518/167/208 524/174/214 523/173/213
f 524/174/214 518/167/208 513/168/203
f 513/168/203 519/175/209 524/174/214
f 525/70/215 519/169/209 520/170/210
f 520/170/210 526/176/216 525/70/215
f 526/176/216 520/170/210 521/171/211
f 521/171/211 527/177/217 526/176/216
f 527/177/217 521/171/211 522/172/212
f 522/172/212 528/178/218 527/177/217
f 528/178/218 522/172/212 523/173/213
f 523/173/213 529/179/219 528/178/218
f 529/179/219 523/173/213 524/174/214
f 524/174/214 530/180/220 529/179/219
f 530/180/220 524/174/214 519/175/209
f 519/175/209 525/65/215 530/180/220
f 531/181/221 525/70/215 526/176/216
f 526/176/216 532/182/222 531/181/221
f 532/182/222 526/176/216 527/177/217
f 527/177/217 533/183/223 532/182/222
f 533/183/223 527/177/217 528/178/218
f 528/178/218 534/184/224 533/183/223
f 534/184/224 528/178/218 529/179/219
f 529/179/219 535/185/225 534/184/224
f 535/185/225 529/179/219 530/180/220
f 530/180/220 536/186/226 535/185/225
f 536/186/226 530/180/220 525/65/215
f 525/65/215 531/187/221 536/186/226
f 537/188/227 531/181/221 532/182/222
f 532/182/222 538/189/228 537/188/227
f 538/189/228 532/182/222 533/183/223
f 533/183/223 539/190/229 538/189/228
f 539/190/229 533/183/223 534/184/224
f 534/184/224 540/191/230 539/190/229
f 540/191/230 534/184/224 535/185/225
f 535/185/225 541/192/231 540/191/230
f 541/192/231 535/185/225 536/186/226
f 536/186/226 542/193/232 541/192/231
f 542/193/232 536/186/226 531/187/221
f 531/187/221 537/194/227 542/193/232
f 543/195/233 537/188/227 538/189/228
f 538/189/228 544/196/234 543/195/233
f 544/196/234 538/189/228 539/190/229
f 539/190/229 545/197/235 544/196/234
f 545/197/235 539/190/229 540/191/230
f 540/191/230 546/198/236 545/197/235
f 546/198/236 540/191/230 541/192/231
f 541/192/231 547/199/237 546/198/236
f 547/199/237 541/192/231 542/193/232
f 542/193/232 548/200/238 547/199/237
f 548/200/238 542/193/232 537/194/227
f 537/194/227 543/201/233 548/200/238
f 549/202/239 543/195/233 544/196/234
f 544/196/234 550/203/240 549/202/239
f 550/203/240 544/196/234 545/197/235
f 545/197/235 551/204/241 550/203/240
f 551/204/241 545/197/235 546/198/236
f 546/198/236 552/205/242 551/204/241
f 552/205/242 546/198/236 547/199/237
f 547/199/237 553/206/243 552/205/242
f 553/206/243 547/199/237 548/200/238
f 548/200/238 554/207/244 553/206/243
f 554/207/244 548/200/238 543/201/233
f 543/201/233 549/208/239 554/207/244
f 555/209/245 549/202/239 550/203/240
f 550/203/240 556/210/246 555/209/245
f 556/210/246 550/203/240 551/204/241
f 551/204/241 557/211/247 556/210/246
f 557/211/247 551/204/241 552/205/242
f 552/205/242 558/212/248 557/211/247
f 558/212/248 552/205/242 553/206/243
f 553/206/243 559/213/249 558/212/248
f 559/213/249 553/206/243 554/207/244
f 554/207/244 560/214/250 559/213/249
f 560/214/250 554/207/244 549/208/239
f 549/208/239 555/215/245 560/214/250
f 561/216/251 555/209/245 556/210/246
f 556/210/246 562/217/252 561/216/251
f 562/217/252 556/210/246 557/211/247
f 557/211/247 563/218/253 562/217/252
f 563/218/253 557/211/247 558/212/248
f 558/212/248 564/219/254 563/218/253
f 564/219/254 558/212/248 559/213/249
f 559/213/249 565/220/255 564/219/254
f 565/220/255 559/213/249 560/214/250
f 560/214/250 566/221/256 565/220/255
f 566/221/256 560/214/250 555/215/245
f 555/215/245 561/222/251 566/221/256
f 567/223/257 561/216/251 562/217/252
f 562/217/252 568/224/258 567/223/257
f 568/224/258 562/217/252 563/218/253
f 563/218/253 569/225/259 568/224/258
f 569/225/259 563/218/253 564/219/254
f 564/219/254 570/226/260 569/225/259
f 570/226/260 564/219/254 565/220/255
f 565/220/255 571/227/261 570/226/260
f 571/227/261 565/220/255 566/221/256
f 566/221/256 572/228/262 571/227/261
f 572/228/262 566/221/256 561/222/251
f 561/222/251 567/229/257 572/228/262
f 573/230/263 567/223/257 568/224/258
f 568/224/258 574/231/264 573/230/263
f 574/231/264 568/224/258 569/225/259
f 569/225/259 575/232/265 574/231/264
f 575/232/265 569/225/259 570/226/260
f 570/226/260 576/233/266 575/232/265
f 576/233/266 570/226/260 571/227/261
f 571/227/261 577/234/267 576/233/266
f 577/234/267 571/227/261 572/228/262
f 572/228/262 578/235/268 577/234/267
f 578/235/268 572/228/262 567/229/257
f 567/229/257 573/236/263 578/235/268
f 579/45/269 573/230/263 574/231/264
f 574/231/264 580/102/270 579/45/269
f 580/102/270 574/231/264 575/232/265
f 575/232/265 581/106/271 580/102/270
f 581/106/271 575/232/265 576/233/266
f 576/233/266 582/82/272 581/106/271
f 582/82/272 576/233/266 577/234/267
f 577/234/267 583/112/273 582/82/272
f 583/112/273 577/234/267 578/235/268
f 578/235/268 584/116/274 583/112/273
f 584/116/274 578/235/268 573/236/263
f 573/236/263 579/46/269 584/116/274
f 472/65/275 481/237/275 479/98/275
f 472/65/275 479/98/275 477/70/275
f 472/65/275 477/70/275 475/95/275
f 475/95/275 473/238/275 472/65/275
f 584/237/276 579/65/276 580/238/276
f 584/237/276 580/238/276 581/95/276
f 584/237/276 581/95/276 582/70/276
f 582/70/276 583/98/276 584/237/276
g rail_left
usemtl mat
f 585/239/6 586/240/6 587/241/6 588/242/6
f 586/240/277 589/243/277 590/244/277 587/241/277
f 589/243/278 591/245/278 592/246/278 590/244/278
f 591/245/279 593/247/279 594/248/279 592/246/279
f 593/247/280 595/249/280 596/250/280 594/248/280
f 595/249/6 597/251/6 598/252/6 596/250/6
f 597/251/281 599/253/281 600/254/281 598/252/281
f 599/253/282 601/255/282 602/256/282 600/254/282
f 601/255/283 603/257/283 604/258/283 602/256/283
f 603/257/284 605/259/284 606/260/284 604/258/284
f 605/259/6 607/261/6 608/262/6 606/260/6
f 607/261/285 609/263/285 610/264/285 608/262/285
f 609/265/286 611/266/286 612/267/286 610/268/286
f 611/266/1 613/269/1 614/270/1 612/267/1
f 613/269/287 615/271/287 616/272/287 614/270/287
f 615/263/288 617/261/288 618/262/288 616/264/288
f 617/261/5 619/259/5 620/260/5 618/262/5
f 619/259/289 621/257/289 622/258/289 620/260/289
f 621/257/290 623/255/290 624/256/290 622/258/290
f 623/255/291 625/253/291 626/254/291 624/256/291
f 625/253/292 627/251/292 628/252/292 626/254/292
f 627/251/5 629/249/5 630/250/5 628/252/5
f 629/249/293 631/247/293 632/248/293 630/250/293
f 631/247/294 633/245/294 634/246/294 632/248/294
f 633/245/295 635/243/295 636/244/295 634/246/295
f 635/243/296 637/240/296 638/241/296 636/244/296
f 637/240/5 639/239/5 640/242/5 638/241/5
f 639/239/2 585/273/2 588/274/2 640/242/2
g rail_left_end
usemtl mat
f 585/275/3 639/276/3 637/277/3
f 585/275/3 637/277/3 635/278/3
f 585/275/3 635/278/3 633/279/3
f 585/275/3 633/279/3 631/280/3
f 625/281/3 623/282/3 621/283/3
f 625/281/3 621/283/3 619/284/3
f 625/281/3 619/284/3 617/285/3
f 625/281/3 617/285/3 615/286/3
f 625/281/3 615/286/3 613/287/3
f 627/288/3 625/281/3 613/287/3
f 627/288/3 613/287/3 611/289/3
f 627/288/3 611/289/3 609/290/3
f 627/288/3 609/290/3 607/291/3
f 627/288/3 607/291/3 605/292/3
f 627/288/3 605/292/3 603/293/3
f 603/293/3 601/294/3 599/295/3
f 627/288/3 603/293/3 599/295/3
f 627/288/3 599/295/3 597/296/3
f 629/297/3 627/288/3 597/296/3
f 631/280/3 629/297/3 597/296/3
f 631/280/3 597/296/3 595/298/3
f 631/280/3 595/298/3 593/299/3
f 631/280/3 593/299/3 591/300/3
f 585/275/3 631/280/3 591/300/3
f 585/275/3 591/300/3 589/301/3
f 589/301/3 586/302/3 585/275/3
f 640/276/4 588/275/4 587/302/4
f 640/276/4 587/302/4 590/301/4
f 640/276/4 590/301/4 592/300/4
f 640/276/4 592/300/4 594/299/4
f 600/295/4 602/294/4 604/293/4
f 600/295/4 604/293/4 606/292/4
f 600/295/4 606/292/4 608/291/4
f 600/295/4 608/291/4 610/290/4
f 600/295/4 610/290/4 612/289/4
f 598/296/4 600/295/4 612/289/4
f 598/296/4 612/289/4 614/287/4
f 598/296/4 614/287/4 616/286/4
f 598/296/4 616/286/4 618/285/4
f 598/296/4 618/285/4 620/284/4
f 598/296/4 620/284/4 622/283/4
f 622/283/4 624/282/4 626/281/4
f 598/296/4 622/283/4 626/281/4
f 598/296/4 626/281/4 628/288/4
f 596/298/4 598/296/4 628/288/4
f 594/299/4 596/298/4 628/288/4
f 594/299/4 628/288/4 630/297/4
f 594/299/4 630/297/4 632/280/4
f 594/299/4 632/280/4 634/279/4
f 640/276/4 594/299/4 634/279/4
f 640/276/4 634/279/4 636/278/4
f 636/278/4 638/277/4 640/276/4
g fastener_right
usemtl mat
f 641/13/2 642/14/2 643/15/2
f 641/13/2 643/15/2 644/16/2
f 641/13/2 644/16/2 645/17/2
f 641/13/2 645/17/2 646/18/2
f 641/13/2 646/18/2 647/19/2
f 647/19/2 648/20/2 641/13/2
f 649/21/3 650/22/3 643/23/3 642/24/3
f 650/21/13 651/22/13 644/23/13 643/24/13
f 651/21/6 652/22/6 645/23/6 644/24/6
f 652/21/14 653/22/14 646/23/14 645/24/14
f 653/21/4 654/22/4 647/23/4 646/24/4
f 654/21/15 655/22/15 648/23/15 647/24/15
f 655/21/5 656/22/5 641/23/5 648/24/5
f 656/21/16 649/22/16 642/23/16 641/24/16
f 657/25/1 658/26/1 659/27/1
f 657/25/1 659/27/1 660/28/1
f 657/25/1 660/28/1 661/29/1
f 657/25/1 661/29/1 662/30/1
f 657/25/1 662/30/1 663/31/1
f 663/31/1 664/32/1 657/25/1
f 657/33/3 664/34/3 665/35/3 666/36/3
f 664/33/13 663/34/13 667/35/13 665/36/13
f 663/33/6 662/34/6 668/35/6 667/36/6
f 662/33/14 661/34/14 669/35/14 668/36/14
f 661/33/4 660/34/4 670/35/4 669/36/4
f 660/33/15 659/34/15 671/35/15 670/36/15
f 659/33/5 658/34/5 672/35/5 671/36/5
f 658/33/16 657/34/16 666/35/16 672/36/16
f 673/37/2 674/38/2 675/39/2
f 673/37/2 675/39/2 676/40/2
f 673/37/2 676/40/2 677/41/2
f 673/37/2 677/41/2 678/42/2
f 673/37/2 678/42/2 679/43/2
f 679/43/2 680/44/2 673/37/2
f 681/38/1 682/37/1 683/44/1
f 681/38/1 683/44/1 684/43/1
f 681/38/1 684/43/1 685/42/1
f 681/38/1 685/42/1 686/41/1
f 681/38/1 686/41/1 687/40/1
f 687/40/1 688/39/1 681/38/1
f 681/45/3 688/46/3 675/47/3 674/48/3
f 688/45/13 687/46/13 676/47/13 675/48/13
f 687/45/6 686/46/6 677/47/6 676/48/6
f 686/45/14 685/46/14 678/47/14 677/48/14
f 685/45/4 684/46/4 679/47/4 678/48/4
f 684/45/15 683/46/15 680/47/15 679/48/15
f 683/45/5 682/46/5 673/47/5 680/48/5
f 682/45/16 681/46/16 674/47/16 673/48/16
f 689/49/2 690/50/2 691/51/2
f 689/49/2 691/51/2 692/52/2
f 689/49/2 692/52/2 693/53/2
f 689/49/2 693/53/2 694/54/2
f 689/49/2 694/54/2 695/55/2
f 695/55/2 696/56/2 689/49/2
f 697/50/1 698/49/1 699/56/1
f 697/50/1 699/56/1 700/55/1
f 697/50/1 700/55/1 701/54/1
f 697/50/1 701/54/1 702/53/1
f 697/50/1 702/53/1 703/52/1
f 703/52/1 704/51/1 697/50/1
f 697/21/3 704/22/3 691/23/3 690/24/3
f 704/21/13 703/22/13 692/23/13 691/24/13
f 703/21/6 702/22/6 693/23/6 692/24/6
f 702/21/14 701/22/14 694/23/14 693/24/14
f 701/21/4 700/22/4 695/23/4 694/24/4
f 700/21/15 699/22/15 696/23/15 695/24/15
f 699/21/5 698/22/5 689/23/5 696/24/5
f 698/21/16 697/22/16 690/23/16 689/24/16
f 705/57/4 706/45/4 707/58/4
f 705/57/4 707/58/4 708/59/4
f 705/57/4 708/59/4 709/60/4
f 709/60/4 710/61/4 711/47/4
f 705/57/4 709/60/4 711/47/4
f 711/47/4 712/62/4 713/63/4
f 711/47/4 713/63/4 705/57/4
f 714/45/3 715/57/3 716/63/3
f 716/63/3 717/62/3 718/47/3
f 714/45/3 716/63/3 718/47/3
f 718/47/3 719/61/3 720/60/3
f 718/47/3 720/60/3 721/59/3
f 718/47/3 721/59/3 722/58/3
f 718/47/3 722/58/3 714/45/3
f 715/45/17 716/46/17 713/47/17 705/48/17
f 716/45/18 717/46/18 712/47/18 713/48/18
f 717/45/2 718/46/2 711/47/2 712/48/2
f 718/45/5 719/46/5 710/47/5 711/48/5
f 719/45/1 720/46/1 709/47/1 710/48/1
f 720/45/19 721/46/19 708/47/19 709/48/19
f 721/45/1 722/46/1 707/47/1 708/48/1
f 722/45/20 714/46/20 706/47/20 707/48/20
f 714/45/6 715/46/6 705/47/6 706/48/6
f 723/64/2 724/65/2 725/66/2
f 723/64/2 725/66/2 726/67/2
f 723/64/2 726/67/2 727/68/2
f 723/64/2 727/68/2 728/69/2
f 723/64/2 728/69/2 729/70/2
f 723/64/2 729/70/2 730/71/2
f 723/64/2 730/71/2 731/72/2
f 731/72/2 732/73/2 723/64/2
f 733/65/1 734/64/1 735/73/1
f 733/65/1 735/73/1 736/72/1
f 733/65/1 736/72/1 737/71/1
f 733/65/1 737/71/1 738/70/1
f 733/65/1 738/70/1 739/69/1
f 733/65/1 739/69/1 740/68/1
f 733/65/1 740/68/1 741/67/1
f 741/67/1 742/66/1 733/65/1
f 733/45/21 742/74/21 725/75/21 724/48/21
f 742/74/22 741/76/22 726/77/22 725/75/22
f 741/76/4 740/78/4 727/79/4 726/77/4
f 740/78/23 739/80/23 728/81/23 727/79/23
f 739/80/24 738/82/24 729/83/24 728/81/24
f 738/82/25 737/84/25 730/85/25 729/83/25
f 737/84/26 736/86/26 731/87/26 730/85/26
f 736/86/3 735/88/3 732/89/3 731/87/3
f 735/88/27 734/90/27 723/91/27 732/89/27
f 734/90/28 733/46/28 724/47/28 723/91/28
f 743/92/2 744/65/2 745/93/2
f 743/92/2 745/93/2 746/94/2
f 743/92/2 746/94/2 747/82/2
f 743/92/2 747/82/2 748/95/2
f 743/92/2 748/95/2 749/96/2
f 743/92/2 749/96/2 750/70/2
f 743/92/2 750/70/2 751/97/2
f 743/92/2 751/97/2 752/98/2
f 743/92/2 752/98/2 753/83/2
f 753/83/2 754/99/2 743/92/2
f 755/65/1 756/92/1 757/99/1
f 755/65/1 757/99/1 758/83/1
f 755/65/1 758/83/1 759/98/1
f 755/65/1 759/98/1 760/97/1
f 755/65/1 760/97/1 761/70/1
f 755/65/1 761/70/1 762/96/1
f 755/65/1 762/96/1 763/95/1
f 755/65/1 763/95/1 764/82/1
f 755/65/1 764/82/1 765/94/1
f 765/94/1 766/93/1 755/65/1
f 755/45/29 766/100/29 745/101/29 744/48/29
f 766/100/14 765/102/14 746/103/14 745/101/14
f 765/102/30 764/104/30 747/105/30 746/103/30
f 764/104/31 763/106/31 748/107/31 747/105/31
f 763/106/15 762/108/15 749/109/15 748/107/15
f 762/108/32 761/82/32 750/83/32 749/109/32
f 761/82/33 760/110/33 751/111/33 750/83/33
f 760/110/16 759/112/16 752/113/16 751/111/16
f 759/112/34 758/114/34 753/115/34 752/113/34
f 758/114/35 757/116/35 754/117/35 753/115/35
f 757/116/13 756/118/13 743/119/13 754/117/13
f 756/118/36 755/46/36 744/47/36 743/119/36
f 767/99/2 768/65/2 769/94/2
f 767/99/2 769/94/2 770/95/2
f 767/99/2 770/95/2 771/70/2
f 771/70/2 772/98/2 767/99/2
f 773/65/1 774/99/1 775/98/1
f 773/65/1 775/98/1 776/70/1
f 773/65/1 776/70/1 777/95/1
f 777/95/1 778/94/1 773/65/1
f 773/45/37 778/102/37 769/103/37 768/48/37
f 778/102/4 777/106/4 770/107/4 769/103/4
f 777/106/38 776/82/38 771/83/38 770/107/38
f 776/82/39 775/112/39 772/113/39 771/83/39
f 775/112/3 774/116/3 767/117/3 772/113/3
f 774/116/40 773/46/40 768/47/40 767/117/40
f 779/99/2 780/65/2 781/94/2
f 779/99/2 781/94/2 782/95/2
f 779/99/2 782/95/2 783/70/2
f 783/70/2 784/98/2 779/99/2
f 785/65/1 786/99/1 787/98/1
f 785/65/1 787/98/1 788/70/1
f 785/65/1 788/70/1 789/95/1
f 789/95/1 790/94/1 785/65/1
f 785/45/37 790/102/37 781/103/37 780/48/37
f 790/102/4 789/106/4 782/107/4 781/103/4
f 789/106/38 788/82/38 783/83/38 782/107/38
f 788/82/39 787/112/39 784/113/39 783/83/39
f 787/112/3 786/116/3 779/117/3 784/113/3
f 786/116/40 785/46/40 780/47/40 779/117/40
f 791/120/41 792/48/42 793/103/43
f 793/103/43 794/121/44 791/120/41
f 794/121/44 793/103/43 795/107/45
f 795/107/45 796/122/46 794/121/44
f 796/122/46 795/107/45 797/83/47
f 797/83/47 798/123/48 796/122/46
f 798/123/48 797/83/47 799/113/49
f 799/113/49 800/124/50 798/123/48
f 800/124/50 799/113/49 801/117/51
f 801/117/51 802/125/52 800/124/50
f 802/125/52 801/117/51 792/47/42
f 792/47/42 791/126/41 802/125/52
f 803/127/53 791/120/41 794/121/44
f 794/121/44 804/128/54 803/127/53
f 804/128/54 794/121/44 796/122/46
f 796/122/46 805/129/55 804/128/54
f 805/129/55 796/122/46 798/123/48
f 798/123/48 806/130/56 805/129/55
f 806/130/56 798/123/48 800/124/50
f 800/124/50 807/131/57 806/130/56
f 807/131/57 800/124/50 802/125/52
f 802/125/52 808/132/58 807/131/57
f 808/132/58 802/125/52 791/126/41
f 791/126/41 803/133/53 808/132/58
f 809/134/59 803/127/53 804/128/54
f 804/128/54 810/135/60 809/134/59
f 810/135/60 804/128/54 805/129/55
f 805/129/55 811/136/61 810/135/60
f 811/136/61 805/129/55 806/130/56
f 806/130/56 812/137/62 811/136/61
f 812/137/62 806/130/56 807/131/57
f 807/131/57 813/138/63 812/137/62
f 813/138/63 807/131/57 808/132/58
f 808/132/58 814/139/64 813/138/63
f 814/139/64 808/132/58 803/133/53
f 803/133/53 809/140/59 814/139/64
f 815/141/65 809/134/59 810/135/60
f 810/135/60 816/142/66 815/141/65
f 816/142/66 810/135/60 811/136/61
f 811/136/61 817/143/67 816/142/66
f 817/143/67 811/136/61 812/137/62
f 812/137/62 818/144/68 817/143/67
f 818/144/68 812/137/62 813/138/63
f 813/138/63 819/145/69 818/144/68
f 819/145/69 813/138/63 814/139/64
f 814/139/64 820/146/70 819/145/69
f 820/146/70 814/139/64 809/140/59
f 809/140/59 815/147/65 820/146/70
f 821/148/71 815/141/65 816/142/66
f 816/142/66 822/149/72 821/148/71
f 822/149/72 816/142/66 817/143/67
f 817/143/67 823/150/73 822/149/72
f 823/150/73 817/143/67 818/144/68
f 818/144/68 824/151/74 823/150/73
f 824/151/74 818/144/68 819/145/69
f 819/145/69 825/152/75 824/151/74
f 825/152/75 819/145/69 820/146/70
f 820/146/70 826/153/76 825/152/75
f 826/153/76 820/146/70 815/147/65
f 815/147/65 821/154/71 826/153/76
f 827/155/77 821/148/71 822/149/72
f 822/149/72 828/156/78 827/155/77
f 828/156/78 822/149/72 823/150/73
f 823/150/73 829/157/79 828/156/78
f 829/157/79 823/150/73 824/151/74
f 824/151/74 830/158/80 829/157/79
f 830/158/80 824/151/74 825/152/75
f 825/152/75 831/159/81 830/158/80
f 831/159/81 825/152/75 826/153/76
f 826/153/76 832/160/82 831/159/81
f 832/160/82 826/153/76 821/154/71
f 821/154/71 827/161/77 832/160/82
f 833/162/83 827/155/77 828/156/78
f 828/156/78 834/163/84 833/162/83
f 834/163/84 828/156/78 829/157/79
f 829/157/79 835/164/85 834/163/84
f 835/164/85 829/157/79 830/158/80
f 830/158/80 836/165/86 835/164/85
f 836/165/86 830/158/80 831/159/81
f 831/159/81 837/166/87 836/165/86
f 837/166/87 831/159/81 832/160/82
f 832/160/82 838/167/88 837/166/87
f 838/167/88 832/160/82 827/161/77
f 827/161/77 833/168/83 838/167/88
f 839/169/89 833/162/83 834/163/84
f 834/163/84 840/170/90 839/169/89
f 840/170/90 834/163/84 835/164/85
f 835/164/85 841/171/91 840/170/90
f 841/171/91 835/164/85 836/165/86
f 836/165/86 842/172/92 841/171/91
f 842/172/92 836/165/86 837/166/87
f 837/166/87 843/173/93 842/172/92
f 843/173/93 837/166/87 838/167/88
f 838/167/88 844/174/94 843/173/93
f 844/174/94 838/167/88 833/168/83
f 833/168/83 839/175/89 844/174/94
f 845/70/95 839/169/89 840/170/90
f 840/170/90 846/176/96 845/70/95
f 846/176/96 840/170/90 841/171/91
f 841/171/91 847/177/97 846/176/96
f 847/177/97 841/171/91 842/172/92
f 842/172/92 848/178/98 847/177/97
f 848/178/98 842/172/92 843/173/93
f 843/173/93 849/179/99 848/178/98
f 849/179/99 843/173/93 844/174/94
f 844/174/94 850/180/100 849/179/99
f 850/180/100 844/174/94 839/175/89
f 839/175/89 845/65/95 850/180/100
f 851/181/101 845/70/95 846/176/96
f 846/176/96 852/182/102 851/181/101
f 852/182/102 846/176/96 847/177/97
f 847/177/97 853/183/103 852/182/102
f 853/183/103 847/177/97 848/178/98
f 848/178/98 854/184/104 853/183/103
f 854/184/104 848/178/98 849/179/99
f 849/179/99 855/185/105 854/184/104
f 855/185/105 849/179/99 850/180/100
f 850/180/100 856/186/106 855/185/105
f 856/186/106 850/180/100 845/65/95
f 845/65/95 851/187/101 856/186/106
f 857/188/107 851/181/101 852/182/102
f 852/182/102 858/189/108 857/188/107
f 858/189/108 852/182/102 853/183/103
f 853/183/103 859/190/109 858/189/108
f 859/190/109 853/183/103 854/184/104
f 854/184/104 860/191/110 859/190/109
f 860/191/110 854/184/104 855/185/105
f 855/185/105 861/192/111 860/191/110
f 861/192/111 855/185/105 856/186/106
f 856/186/106 862/193/112 861/192/111
f 862/193/112 856/186/106 851/187/101
f 851/187/101 857/194/107 862/193/112
f 863/195/113 857/188/107 858/189/108
f 858/189/108 864/196/114 863/195/113
f 864/196/114 858/189/108 859/190/109
f 859/190/109 865/197/115 864/196/114
f 865/197/115 859/190/109 860/191/110
f 860/191/110 866/198/116 865/197/115
f 866/198/116 860/191/110 861/192/111
f 861/192/111 867/199/117 866/198/116
f 867/199/117 861/192/111 862/193/112
f 862/193/112 868/200/118 867/199/117
f 868/200/118 862/193/112 857/194/107
f 857/194/107 863/201/113 868/200/118
f 869/202/119 863/195/113 864/196/114
f 864/196/114 870/203/120 869/202/119
f 870/203/120 864/196/114 865/197/115
f 865/197/115 871/204/121 870/203/120
f 871/204/121 865/197/115 866/198/116
f 866/198/116 872/205/122 871/204/121
f 872/205/122 866/198/116 867/199/117
f 867/199/117 873/206/123 872/205/122
f 873/206/123 867/199/117 868/200/118
f 868/200/118 874/207/124 873/206/123
f 874/207/124 868/200/118 863/201/113
f 863/201/113 869/208/119 874/207/124
f 875/209/125 869/202/119 870/203/120
f 870/203/120 876/210/126 875/209/125
f 876/210/126 870/203/120 871/204/121
f 871/204/121 877/211/127 876/210/126
f 877/211/127 871/204/121 872/205/122
f 872/205/122 878/212/128 877/211/127
f 878/212/128 872/205/122 873/206/123
f 873/206/123 879/213/129 878/212/128
f 879/213/129 873/206/123 874/207/124
f 874/207/124 880/214/130 879/213/129
f 880/214/130 874/207/124 869/208/119
f 869/208/119 875/215/125 880/214/130
f 881/216/131 875/209/125 876/210/126
f 876/210/126 882/217/132 881/216/131
f 882/217/132 876/210/126 877/211/127
f 877/211/127 883/218/133 882/217/132
f 883/218/133 877/211/127 878/212/128
f 878/212/128 884/219/134 883/218/133
f 884/219/134 878/212/128 879/213/129
f 879/213/129 885/220/135 884/219/134
f 885/220/135 879/213/129 880/214/130
f 880/214/130 886/221/136 885/220/135
f 886/221/136 880/214/130 875/215/125
f 875/215/125 881/222/131 886/221/136
f 887/223/137 881/216/131 882/217/132
f 882/217/132 888/224/138 887/223/137
f 888/224/138 882/217/132 883/218/133
f 883/218/133 889/225/139 888/224/138
f 889/225/139 883/218/133 884/219/134
f 884/219/134 890/226/140 889/225/139
f 890/226/140 884/219/134 885/220/135
f 885/220/135 891/227/141 890/226/140
f 891/227/141 885/220/135 886/221/136
f 886/221/136 892/228/142 891/227/141
f 892/228/142 886/221/136 881/222/131
f 881/222/131 887/229/137 892/228/142
f 893/230/143 887/223/137 888/224/138
f 888/224/138 894/231/144 893/230/143
f 894/231/144 888/224/138 889/225/139
f 889/225/139 895/232/145 894/231/144
f 895/232/145 889/225/139 890/226/140
f 890/226/140 896/233/146 895/232/145
f 896/233/146 890/226/140 891/227/141
f 891/227/141 897/234/147 896/233/146
f 897/234/147 891/227/141 892/228/142
f 892/228/142 898/235/148 897/234/147
f 898/235/148 892/228/142 887/229/137
f 887/229/137 893/236/143 898/235/148
f 899/45/149 893/230/143 894/231/144
f 894/231/144 900/102/150 899/45/149
f 900/102/150 894/231/144 895/232/145
f 895/232/145 901/106/151 900/102/150
f 901/106/151 895/232/145 896/233/146
f 896/233/146 902/82/152 901/106/151
f 902/82/152 896/233/146 897/234/147
f 897/234/147 903/112/153 902/82/152
f 903/112/153 897/234/147 898/235/148
f 898/235/148 904/116/154 903/112/153
f 904/116/154 898/235/148 893/236/143
f 893/236/143 899/46/149 904/116/154
f 792/65/155 801/237/155 799/98/155
f 792/65/155 799/98/155 797/70/155
f 792/65/155 797/70/155 795/95/155
f 795/95/155 793/238/155 792/65/155
f 904/237/156 899/65/156 900/238/156
f 904/237/156 900/238/156 901/95/156
f 904/237/156 901/95/156 902/70/156
f 902/70/156 903/98/156 904/237/156
f 905/37/2 906/38/2 907/39/2
f 905/37/2 907/39/2 908/40/2
f 905/37/2 908/40/2 909/41/2
f 905/37/2 909/41/2 910/42/2
f 905/37/2 910/42/2 911/43/2
f 911/43/2 912/44/2 905/37/2
f 913/38/1 914/37/1 915/44/1
f 913/38/1 915/44/1 916/43/1
f 913/38/1 916/43/1 917/42/1
f 913/38/1 917/42/1 918/41/1
f 913/38/1 918/41/1 919/40/1
f 919/40/1 920/39/1 913/38/1
f 913/45/3 920/46/3 907/47/3 906/48/3
f 920/45/13 919/46/13 908/47/13 907/48/13
f 919/45/6 918/46/6 909/47/6 908/48/6
f 918/45/14 917/46/14 910/47/14 909/48/14
f 917/45/4 916/46/4 911/47/4 910/48/4
f 916/45/15 915/46/15 912/47/15 911/48/15
f 915/45/5 914/46/5 905/47/5 912/48/5
f 914/45/16 913/46/16 906/47/16 905/48/16
f 921/49/2 922/50/2 923/51/2
f 921/49/2 923/51/2 924/52/2
f 921/49/2 924/52/2 925/53/2
f 921/49/2 925/53/2 926/54/2
f 921/49/2 926/54/2 927/55/2
f 927/55/2 928/56/2 921/49/2
f 929/50/1 930/49/1 931/56/1
f 929/50/1 931/56/1 932/55/1
f 929/50/1 932/55/1 933/54/1
f 929/50/1 933/54/1 934/53/1
f 929/50/1 934/53/1 935/52/1
f 935/52/1 936/51/1 929/50/1
f 929/21/3 936/22/3 923/23/3 922/24/3
f 936/21/13 935/22/13 924/23/13 923/24/13
f 935/21/6 934/22/6 925/23/6 924/24/6
f 934/21/14 933/22/14 926/23/14 925/24/14
f 933/21/4 932/22/4 927/23/4 926/24/4
f 932/21/15 931/22/15 928/23/15 927/24/15
f 931/21/5 930/22/5 921/23/5 928/24/5
f 930/21/16 929/22/16 922/23/16 921/24/16
f 937/45/4 938/57/4 939/63/4
f 939/63/4 940/62/4 941/47/4
f 937/45/4 939/63/4 941/47/4
f 941/47/4 942/61/4 943/60/4
f 941/47/4 943/60/4 944/59/4
f 941/47/4 944/59/4 945/58/4
f 941/47/4 945/58/4 937/45/4
f 946/57/3 947/45/3 948/58/3
f 946/57/3 948/58/3 949/59/3
f 946/57/3 949/59/3 950/60/3
f 950/60/3 951/61/3 952/47/3
f 946/57/3 950/60/3 952/47/3
f 952/47/3 953/62/3 954/63/3
f 952/47/3 954/63/3 946/57/3
f 938/48/157 939/47/157 954/46/157 946/45/157
f 939/48/158 940/47/158 953/46/158 954/45/158
f 940/48/2 941/47/2 952/46/2 953/45/2
f 941/48/6 942/47/6 951/46/6 952/45/6
f 942/48/1 943/47/1 950/46/1 951/45/1
f 943/48/159 944/47/159 949/46/159 950/45/159
f 944/48/1 945/47/1 948/46/1 949/45/1
f 945/48/160 937/47/160 947/46/160 948/45/160
f 937/48/5 938/47/5 946/46/5 947/45/5
f 955/64/2 956/65/2 957/66/2
f 955/64/2 957/66/2 958/67/2
f 955/64/2 958/67/2 959/68/2
f 955/64/2 959/68/2 960/69/2
f 955/64/2 960/69/2 961/70/2
f 955/64/2 961/70/2 962/71/2
f 955/64/2 962/71/2 963/72/2
f 963/72/2 964/73/2 955/64/2
f 965/65/1 966/64/1 967/73/1
f 965/65/1 967/73/1 968/72/1
f 965/65/1 968/72/1 969/71/1
f 965/65/1 969/71/1 970/70/1
f 965/65/1 970/70/1 971/69/1
f 965/65/1 971/69/1 972/68/1
f 965/65/1 972/68/1 973/67/1
f 973/67/1 974/66/1 965/65/1
f 965/45/21 974/74/21 957/75/21 956/48/21
f 974/74/22 973/76/22 958/77/22 957/75/22
f 973/76/4 972/78/4 959/79/4 958/77/4
f 972/78/23 971/80/23 960/81/23 959/79/23
f 971/80/24 970/82/24 961/83/24 960/81/24
f 970/82/25 969/84/25 962/85/25 961/83/25
f 969/84/26 968/86/26 963/87/26 962/85/26
f 968/86/3 967/88/3 964/89/3 963/87/3
f 967/88/27 966/90/27 955/91/27 964/89/27
f 966/90/28 965/46/28 956/47/28 955/91/28
f 975/92/2 976/65/2 977/93/2
f 975/92/2 977/93/2 978/94/2
f 975/92/2 978/94/2 979/82/2
f 975/92/2 979/82/2 980/95/2
f 975/92/2 980/95/2 981/96/2
f 975/92/2 981/96/2 982/70/2
f 975/92/2 982/70/2 983/97/2
f 975/92/2 983/97/2 984/98/2
f 975/92/2 984/98/2 985/83/2
f 985/83/2 986/99/2 975/92/2
f 987/65/1 988/92/1 989/99/1
f 987/65/1 989/99/1 990/83/1
f 987/65/1 990/83/1 991/98/1
f 987/65/1 991/98/1 992/97/1
f 987/65/1 992/97/1 993/70/1
f 987/65/1 993/70/1 994/96/1
f 987/65/1 994/96/1 995/95/1
f 987/65/1 995/95/1 996/82/1
f 987/65/1 996/82/1 997/94/1
f 997/94/1 998/93/1 987/65/1
f 987/45/29 998/100/29 977/101/29 976/48/29
f 998/100/14 997/102/14 978/103/14 977/101/14
f 997/102/30 996/104/30 979/105/30 978/103/30
f 996/104/31 995/106/31 980/107/31 979/105/31
f 995/106/15 994/108/15 981/109/15 980/107/15
f 994/108/32 993/82/32 982/83/32 981/109/32
f 993/82/33 992/110/33 983/111/33 982/83/33
f 992/110/16 991/112/16 984/113/16 983/111/16
f 991/112/34 990/114/34 985/115/34 984/113/34
f 990/114/35 989/116/35 986/117/35 985/115/35
f 989/116/13 988/118/13 975/119/13 986/117/13
f 988/118/36 987/46/36 976/47/36 975/119/36
f 999/99/2 1000/65/2 1001/94/2
f 999/99/2 1001/94/2 1002/95/2
f 999/99/2 1002/95/2 1003/70/2
f 1003/70/2 1004/98/2 999/99/2
f 1005/65/1 1006/99/1 1007/98/1
f 1005/65/1 1007/98/1 1008/70/1
f 1005/65/1 1008/70/1 1009/95/1
f 1009/95/1 1010/94/1 1005/65/1
f 1005/45/37 1010/102/37 1001/103/37 1000/48/37
f 1010/102/4 1009/106/4 1002/107/4 1001/103/4
f 1009/106/38 1008/82/38 1003/83/38 1002/107/38
f 1008/82/39 1007/112/39 1004/113/39 1003/83/39
f 1007/112/3 1006/116/3 999/117/3 1004/113/3
f 1006/116/40 1005/46/40 1000/47/40 999/117/40
f 1011/99/2 1012/65/2 1013/94/2
f 1011/99/2 1013/94/2 1014/95/2
f 1011/99/2 1014/95/2 1015/70/2
f 1015/70/2 1016/98/2 1011/99/2
f 1017/65/1 1018/99/1 1019/98/1
f 1017/65/1 1019/98/1 1020/70/1
f 1017/65/1 1020/70/1 1021/95/1
f 1021/95/1 1022/94/1 1017/65/1
f 1017/45/37 1022/102/37 1013/103/37 1012/48/37
f 1022/102/4 1021/106/4 1014/107/4 1013/103/4
f 1021/106/38 1020/82/38 1015/83/38 1014/107/38
f 1020/82/39 1019/112/39 1016/113/39 1015/83/39
f 1019/112/3 1018/116/3 1011/117/3 1016/113/3
f 1018/116/40 1017/46/40 1012/47/40 1011/117/40
f 1023/120/161 1024/48/162 1025/103/163
f 1025/103/163 1026/121/164 1023/120/161
f 1026/121/164 1025/103/163 1027/107/165
f 1027/107/165 1028/122/166 1026/121/164
f 1028/122/166 1027/107/165 1029/83/167
f 1029/83/167 1030/123/168 1028/122/166
f 1030/123/168 1029/83/167 1031/113/169
f 1031/113/169 1032/124/170 1030/123/168
f 1032/124/170 1031/113/169 1033/117/171
f 1033/117/171 1034/125/172 1032/124/170
f 1034/125/172 1033/117/171 1024/47/162
f 1024/47/162 1023/126/161 1034/125/172
f 1035/127/173 1023/120/161 1026/121/164
f 1026/121/164 1036/128/174 1035/127/173
f 1036/128/174 1026/121/164 1028/122/166
f 1028/122/166 1037/129/175 1036/128/174
f 1037/129/175 1028/122/166 1030/123/168
f 1030/123/168 1038/130/176 1037/129/175
f 1038/130/176 1030/123/168 1032/124/170
f 1032/124/170 1039/131/177 1038/130/176
f 1039/131/177 1032/124/170 1034/125/172
f 1034/125/172 1040/132/178 1039/131/177
f 1040/132/178 1034/125/172 1023/126/161
f 1023/126/161 1035/133/173 1040/132/178
f 1041/134/179 1035/127/173 1036/128/174
f 1036/128/174 1042/135/180 1041/134/179
f 1042/135/180 1036/128/174 1037/129/175
f 1037/129/175 1043/136/181 1042/135/180
f 1043/136/181 1037/129/175 1038/130/176
f 1038/130/176 1044/137/182 1043/136/181
f 1044/137/182 1038/130/176 1039/131/177
f 1039/131/177 1045/138/183 1044/137/182
f 1045/138/183 1039/131/177 1040/132/178
f 1040/132/178 1046/139/184 1045/138/183
f 1046/139/184 1040/132/178 1035/133/173
f 1035/133/173 1041/140/179 1046/139/184
f 1047/141/185 1041/134/179 1042/135/180
f 1042/135/180 1048/142/186 1047/141/185
f 1048/142/186 1042/135/180 1043/136/181
f 1043/136/181 1049/143/187 1048/142/186
f 1049/143/187 1043/136/181 1044/137/182
f 1044/137/182 1050/144/188 1049/143/187
f 1050/144/188 1044/137/182 1045/138/183
f 1045/138/183 1051/145/189 1050/144/188
f 1051/145/189 1045/138/183 1046/139/184
f 1046/139/184 1052/146/190 1051/145/189
f 1052/146/190 1046/139/184 1041/140/179
f 1041/140/179 1047/147/185 1052/146/190
f 1053/148/191 1047/141/185 1048/142/186
f 1048/142/186 1054/149/192 1053/148/191
f 1054/149/192 1048/142/186 1049/143/187
f 1049/143/187 1055/150/193 1054/149/192
f 1055/150/193 1049/143/187 1050/144/188
f 1050/144/188 1056/151/194 1055/150/193
f 1056/151/194 1050/144/188 1051/145/189
f 1051/145/189 1057/152/195 1056/151/194
f 1057/152/195 1051/145/189 1052/146/190
f 1052/146/190 1058/153/196 1057/152/195
f 1058/153/196 1052/146/190 1047/147/185
f 1047/147/185 1053/154/191 1058/153/196
f 1059/155/197 1053/148/191 1054/149/192
f 1054/149/192 1060/156/198 1059/155/197
f 1060/156/198 1054/149/192 1055/150/193
f 1055/150/193 1061/157/199 1060/156/198
f 1061/157/199 1055/150/193 1056/151/194
f 1056/151/194 1062/158/200 1061/157/199
f 1062/158/200 1056/151/194 1057/152/195
f 1057/152/195 1063/159/201 1062/158/200
f 1063/159/201 1057/152/195 1058/153/196
f 1058/153/196 1064/160/202 1063/159/201
f 1064/160/202 1058/153/196 1053/154/191
f 1053/154/191 1059/161/197 1064/160/202
f 1065/162/203 1059/155/197 1060/156/198
f 1060/156/198 1066/163/204 1065/162/203
f 1066/163/204 1060/156/198 1061/157/199
f 1061/157/199 1067/164/205 1066/163/204
f 1067/164/205 1061/157/199 1062/158/200
f 1062/158/200 1068/165/206 1067/164/205
f 1068/165/206 1062/158/200 1063/159/201
f 1063/159/201 1069/166/207 1068/165/206
f 1069/166/207 1063/159/201 1064/160/202
f 1064/160/202 1070/167/208 1069/166/207
f 1070/167/208 1064/160/202 1059/161/197
f 1059/161/197 1065/168/203 1070/167/208
f 1071/169/209 1065/162/203 1066/163/204
f 1066/163/204 1072/170/210 1071/169/209
f 1072/170/210 1066/163/204 1067/164/205
f 1067/164/205 1073/171/211 1072/170/210
f 1073/171/211 1067/164/205 1068/165/206
f 1068/165/206 1074/172/212 1073/171/211
f 1074/172/212 1068/165/206 1069/166/207
f 1069/166/207 1075/173/213 1074/172/212
f 1075/173/213 1069/166/207 1070/167/208
f 1070/167/208 1076/174/214 1075/173/213
f 1076/174/214 1070/167/208 1065/168/203
f 1065/168/203 1071/175/209 1076/174/214
f 1077/70/215 1071/169/209 1072/170/210
f 1072/170/210 1078/176/216 1077/70/215
f 1078/176/216 1072/170/210 1073/171/211
f 1073/171/211 1079/177/217 1078/176/216
f 1079/177/217 1073/171/211 1074/172/212
f 1074/172/212 1080/178/218 1079/177/217
f 1080/178/218 1074/172/212 1075/173/213
f 1075/173/213 1081/179/219 1080/178/218
f 1081/179/219 1075/173/213 1076/174/214
f 1076/174/214 1082/180/220 1081/179/219
f 1082/180/220 1076/174/214 1071/175/209
f 1071/175/209 1077/65/215 1082/180/220
f 1083/181/221 1077/70/215 1078/176/216
f 1078/176/216 1084/182/222 1083/181/221
f 1084/182/222 1078/176/216 1079/177/217
f 1079/177/217 1085/183/223 1084/182/222
f 1085/183/223 1079/177/217 1080/178/218
f 1080/178/218 1086/184/224 1085/183/223
f 1086/184/224 1080/178/218 1081/179/219
f 1081/179/219 1087/185/225 1086/184/224
f 1087/185/225 1081/179/219 1082/180/220
f 1082/180/220 1088/186/226 1087/185/225
f 1088/186/226 1082/180/220 1077/65/215
f 1077/65/215 1083/187/221 1088/186/226
f 1089/188/227 1083/181/221 1084/182/222
f 1084/182/222 1090/189/228 1089/188/227
f 1090/189/228 1084/182/222 1085/183/223
f 1085/183/223 1091/190/229 1090/189/228
f 1091/190/229 1085/183/223 1086/184/224
f 1086/184/224 1092/191/230 1091/190/229
f 1092/191/230 1086/184/224 1087/185/225
f 1087/185/225 1093/192/231 1092/191/230
f 1093/192/231 1087/185/225 1088/186/226
f 1088/186/226 1094/193/232 1093/192/231
f 1094/193/232 1088/186/226 1083/187/221
f 1083/187/221 1089/194/227 1094/193/232
f 1095/195/233 1089/188/227 1090/189/228
f 1090/189/228 1096/196/234 1095/195/233
f 1096/196/234 1090/189/228 1091/190/229
f 1091/190/229 1097/197/235 1096/196/234
f 1097/197/235 1091/190/229 1092/191/230
f 1092/191/230 1098/198/236 1097/197/235
f 1098/198/236 1092/191/230 1093/192/231
f 1093/192/231 1099/199/237 1098/198/236
f 1099/199/237 1093/192/231 1094/193/232
f 1094/193/232 1100/200/238 1099/199/237
f 1100/200/238 1094/193/232 1089/194/227
f 1089/194/227 1095/201/233 1100/200/238
f 1101/202/239 1095/195/233 1096/196/234
f 1096/196/234 1102/203/240 1101/202/239
f 1102/203/240 1096/196/234 1097/197/235
f 1097/197/235 1103/204/241 1102/203/240
f 1103/204/241 1097/197/235 1098/198/236
f 1098/198/236 1104/205/242 1103/204/241
f 1104/205/242 1098/198/236 1099/199/237
f 1099/199/237 1105/206/243 1104/205/242
f 1105/206/243 1099/199/237 1100/200/238
f 1100/200/238 1106/207/244 1105/206/243
f 1106/207/244 1100/200/238 1095/201/233
f 1095/201/233 1101/208/239 1106/207/244
f 1107/209/245 1101/202/239 1102/203/240
f 1102/203/240 1108/210/246 1107/209/245
f 1108/210/246 1102/203/240 1103/204/241
f 1103/204/241 1109/211/247 1108/210/246
f 1109/211/247 1103/204/241 1104/205/242
f 1104/205/242 1110/212/248 1109/211/247
f 1110/212/248 1104/205/242 1105/206/243
f 1105/206/243 1111/213/249 1110/212/248
f 1111/213/249 1105/206/243 1106/207/244
f 1106/207/244 1112/214/250 1111/213/249
f 1112/214/250 1106/207/244 1101/208/239
f 1101/208/239 1107/215/245 1112/214/250
f 1113/216/251 1107/209/245 1108/210/246
f 1108/210/246 1114/217/252 1113/216/251
f 1114/217/252 1108/210/246 1109/211/247
f 1109/211/247 1115/218/253 1114/217/252
f 1115/218/253 1109/211/247 1110/212/248
f 1110/212/248 1116/219/254 1115/218/253
f 1116/219/254 1110/212/248 1111/213/249
f 1111/213/249 1117/220/255 1116/219/254
f 1117/220/255 1111/213/249 1112/214/250
f 1112/214/250 1118/221/256 1117/220/255
f 1118/221/256 1112/214/250 1107/215/245
f 1107/215/245 1113/222/251 1118/221/256
f 1119/223/257 1113/216/251 1114/217/252
f 1114/217/252 1120/224/258 1119/223/257
f 1120/224/258 1114/217/252 1115/218/253
f 1115/218/253 1121/225/259 1120/224/258
f 1121/225/259 1115/218/253 1116/219/254
f 1116/219/254 1122/226/260 1121/225/259
f 1122/226/260 1116/219/254 1117/220/255
f 1117/220/255 1123/227/261 1122/226/260
f 1123/227/261 1117/220/255 1118/221/256
f 1118/221/256 1124/228/262 1123/227/261
f 1124/228/262 1118/221/256 1113/222/251
f 1113/222/251 1119/229/257 1124/228/262
f 1125/230/263 1119/223/257 1120/224/258
f 1120/224/258 1126/231/264 1125/230/263
f 1126/231/264 1120/224/258 1121/225/259
f 1121/225/259 1127/232/265 1126/231/264
f 1127/232/265 1121/225/259 1122/226/260
f 1122/226/260 1128/233/266 1127/232/265
f 1128/233/266 1122/226/260 1123/227/261
f 1123/227/261 1129/234/267 1128/233/266
f 1129/234/267 1123/227/261 1124/228/262
f 1124/228/262 1130/235/268 1129/234/267
f 1130/235/268 1124/228/262 1119/229/257
f 1119/229/257 1125/236/263 1130/235/268
f 1131/45/269 1125/230/263 1126/231/264
f 1126/231/264 1132/102/270 1131/45/269
f 1132/102/270 1126/231/264 1127/232/265
f 1127/232/265 1133/106/271 1132/102/270
f 1133/106/271 1127/232/265 1128/233/266
f 1128/233/266 1134/82/272 1133/106/271
f 1134/82/272 1128/233/266 1129/234/267
f 1129/234/267 1135/112/273 1134/82/272
f 1135/112/273 1129/234/267 1130/235/268
f 1130/235/268 1136/116/274 1135/112/273
f 1136/116/274 1130/235/268 1125/236/263
f 1125/236/263 1131/46/269 1136/116/274
f 1024/65/275 1033/237/275 1031/98/275
f 1024/65/275 1031/98/275 1029/70/275
f 1024/65/275 1029/70/275 1027/95/275
f 1027/95/275 1025/238/275 1024/65/275
f 1136/237/276 1131/65/276 1132/238/276
f 1136/237/276 1132/238/276 1133/95/276
f 1136/237/276 1133/95/276 1134/70/276
f 1134/70/276 1135/98/276 1136/237/276
g rail_right
usemtl mat
f 1137/239/6 1138/240/6 1139/241/6 1140/242/6
f 1138/240/277 1141/243/277 1142/244/277 1139/241/277
f 1141/243/278 1143/245/278 1144/246/278 1142/244/278
f 1143/245/279 1145/247/279 1146/248/279 1144/246/279
f 1145/247/280 1147/249/280 1148/250/280 1146/248/280
f 1147/249/6 1149/251/6 1150/252/6 1148/250/6
f 1149/251/281 1151/253/281 1152/254/281 1150/252/281
f 1151/253/282 1153/255/282 1154/256/282 1152/254/282
f 1153/255/283 1155/257/283 1156/258/283 1154/256/283
f 1155/257/284 1157/259/284 1158/260/284 1156/258/284
f 1157/259/6 1159/261/6 1160/262/6 1158/260/6
f 1159/261/285 1161/263/285 1162/264/285 1160/262/285
f 1161/265/286 1163/266/286 1164/267/286 1162/268/286
f 1163/266/1 1165/269/1 1166/270/1 1164/267/1
f 1165/269/287 1167/271/287 1168/272/287 1166/270/287
f 1167/263/288 1169/261/288 1170/262/288 1168/264/288
f 1169/261/5 1171/259/5 1172/260/5 1170/262/5
f 1171/259/289 1173/257/289 1174/258/289 1172/260/289
f 1173/257/290 1175/255/290 1176/256/290 1174/258/290
f 1175/255/291 1177/253/291 1178/254/291 1176/256/291
f 1177/253/292 1179/251/292 1180/252/292 1178/254/292
f 1179/251/5 1181/249/5 1182/250/5 1180/252/5
f 1181/249/293 1183/247/293 1184/248/293 1182/250/293
f 1183/247/294 1185/245/294 1186/246/294 1184/248/294
f 1185/245/295 1187/243/295 1188/244/295 1186/246/295
f 1187/243/296 1189/240/296 1190/241/296 1188/244/296
f 1189/240/5 1191/239/5 1192/242/5 1190/241/5
f 1191/239/2 1137/273/2 1140/274/2 1192/242/2
g rail_right_end
usemtl mat
f 1137/275/3 1191/276/3 1189/277/3
f 1137/275/3 1189/277/3 1187/278/3
f 1137/275/3 1187/278/3 1185/279/3
f 1137/275/3 1185/279/3 1183/280/3
f 1177/281/3 1175/282/3 1173/283/3
f 1177/281/3 1173/283/3 1171/284/3
f 1177/281/3 1171/284/3 1169/285/3
f 1177/281/3 1169/285/3 1167/286/3
f 1177/281/3 1167/286/3 1165/287/3
f 1179/288/3 1177/281/3 1165/287/3
f 1179/288/3 1165/287/3 1163/289/3
f 1179/288/3 1163/289/3 1161/290/3
f 1179/288/3 1161/290/3 1159/291/3
f 1179/288/3 1159/291/3 1157/292/3
f 1179/288/3 1157/292/3 1155/293/3
f 1155/293/3 1153/294/3 1151/295/3
f 1179/288/3 1155/293/3 1151/295/3
f 1179/288/3 1151/295/3 1149/296/3
f 1181/297/3 1179/288/3 1149/296/3
f 1183/280/3 1181/297/3 1149/296/3
f 1183/280/3 1149/296/3 1147/298/3
f 1183/280/3 1147/298/3 1145/299/3
f 1183/280/3 1145/299/3 1143/300/3
f 1137/275/3 1183/280/3 1143/300/3
f 1137/275/3 1143/300/3 1141/301/3
f 1141/301/3 1138/302/3 1137/275/3
f 1192/276/4 1140/275/4 1139/302/4
f 1192/276/4 1139/302/4 1142/301/4
f 1192/276/4 1142/301/4 1144/300/4
f 1192/276/4 1144/300/4 1146/299/4
f 1152/295/4 1154/294/4 1156/293/4
f 1152/295/4 1156/293/4 1158/292/4
f 1152/295/4 1158/292/4 1160/291/4
f 1152/295/4 1160/291/4 1162/290/4
f 1152/295/4 1162/290/4 1164/289/4
f 1150/296/4 1152/295/4 1164/289/4
f 1150/296/4 1164/289/4 1166/287/4
f 1150/296/4 1166/287/4 1168/286/4
f 1150/296/4 1168/286/4 1170/285/4
f 1150/296/4 1170/285/4 1172/284/4
f 1150/296/4 1172/284/4 1174/283/4
f 1174/283/4 1176/282/4 1178/281/4
f 1150/296/4 1174/283/4 1178/281/4
f 1150/296/4 1178/281/4 1180/288/4
f 1148/298/4 1150/296/4 1180/288/4
f 1146/299/4 1148/298/4 1180/288/4
f 1146/299/4 1180/288/4 1182/297/4
f 1146/299/4 1182/297/4 1184/280/4
f 1146/299/4 1184/280/4 1186/279/4
f 1192/276/4 1146/299/4 1186/279/4
f 1192/276/4 1186/279/4 1188/278/4
f 1188/278/4 1190/277/4 1192/276/4
