# metres; Y up; CCW outward; repeat 0.6 m
mtllib direct_mid.mtl
v -1.012500 -0.268078 -0.300000
v -0.490500 -0.268078 -0.300000
v -0.490500 -0.268078 0.300000
v -1.012500 -0.268078 0.300000
v -1.012500 0.091422 0.300000
v -0.490500 0.091422 0.300000
v -0.490500 0.091422 -0.300000
v -1.012500 0.091422 -0.300000
v -1.012500 0.091422 -0.300000
v -0.490500 0.091422 -0.300000
v -0.490500 -0.268078 -0.300000
v -1.012500 -0.268078 -0.300000
v -0.490500 0.091422 -0.300000
v -0.490500 0.091422 0.300000
v -0.490500 -0.268078 0.300000
v -0.490500 -0.268078 -0.300000
v -0.490500 0.091422 0.300000
v -1.012500 0.091422 0.300000
v -1.012500 -0.268078 0.300000
v -0.490500 -0.268078 0.300000
v -1.012500 0.091422 0.300000
v -1.012500 0.091422 -0.300000
v -1.012500 -0.268078 -0.300000
v -1.012500 -0.268078 0.300000
v 0.490500 -0.268078 -0.300000
v 1.012500 -0.268078 -0.300000
v 1.012500 -0.268078 0.300000
v 0.490500 -0.268078 0.300000
v 0.490500 0.091422 0.300000
v 1.012500 0.091422 0.300000
v 1.012500 0.091422 -0.300000
v 0.490500 0.091422 -0.300000
v 0.490500 0.091422 -0.300000
v 1.012500 0.091422 -0.300000
v 1.012500 -0.268078 -0.300000
v 0.490500 -0.268078 -0.300000
v 1.012500 0.091422 -0.300000
v 1.012500 0.091422 0.300000
v 1.012500 -0.268078 0.300000
v 1.012500 -0.268078 -0.300000
v 1.012500 0.091422 0.300000
v 0.490500 0.091422 0.300000
v 0.490500 -0.268078 0.300000
v 1.012500 -0.268078 0.300000
v 0.490500 0.091422 0.300000
v 0.490500 0.091422 -0.300000
v 0.490500 -0.268078 -0.300000
v 0.490500 -0.268078 0.300000
v -0.827500 0.085422 -0.101000
v -0.821500 0.085422 -0.107000
v -0.681500 0.085422 -0.107000
v -0.827500 0.085422 -0.101000
v -0.681500 0.085422 -0.107000
v -0.675500 0.085422 -0.101000
v -0.827500 0.085422 -0.101000
v -0.675500 0.085422 -0.101000
v -0.675500 0.085422 0.101000
v -0.827500 0.085422 -0.101000
v -0.675500 0.085422 0.101000
v -0.681500 0.085422 0.107000
v -0.827500 0.085422 -0.101000
v -0.681500 0.085422 0.107000
v -0.821500 0.085422 0.107000
v -0.821500 0.085422 0.107000
v -0.827500 0.085422 0.101000
v -0.827500 0.085422 -0.101000
v -0.821500 0.095422 -0.107000
v -0.827500 0.095422 -0.101000
v -0.827500 0.095422 0.101000
v -0.821500 0.095422 -0.107000
v -0.827500 0.095422 0.101000
v -0.821500 0.095422 0.107000
v -0.821500 0.095422 -0.107000
v -0.821500 0.095422 0.107000
v -0.681500 0.095422 0.107000
v -0.821500 0.095422 -0.107000
v -0.681500 0.095422 0.107000
v -0.675500 0.095422 0.101000
v -0.821500 0.095422 -0.107000
v -0.675500 0.095422 0.101000
v -0.675500 0.095422 -0.101000
v -0.675500 0.095422 -0.101000
v -0.681500 0.095422 -0.107000
v -0.821500 0.095422 -0.107000
v -0.821500 0.095422 -0.107000
v -0.681500 0.095422 -0.107000
v -0.681500 0.085422 -0.107000
v -0.821500 0.085422 -0.107000
v -0.681500 0.095422 -0.107000
v -0.675500 0.095422 -0.101000
v -0.675500 0.085422 -0.101000
v -0.681500 0.085422 -0.107000
v -0.675500 0.095422 -0.101000
v -0.675500 0.095422 0.101000
v -0.675500 0.085422 0.101000
v -0.675500 0.085422 -0.101000
v -0.675500 0.095422 0.101000
v -0.681500 0.095422 0.107000
v -0.681500 0.085422 0.107000
v -0.675500 0.085422 0.101000
v -0.681500 0.095422 0.107000
v -0.821500 0.095422 0.107000
v -0.821500 0.085422 0.107000
v -0.681500 0.085422 0.107000
v -0.821500 0.095422 0.107000
v -0.827500 0.095422 0.101000
v -0.827500 0.085422 0.101000
v -0.821500 0.085422 0.107000
v -0.827500 0.095422 0.101000
v -0.827500 0.095422 -0.101000
v -0.827500 0.085422 -0.101000
v -0.827500 0.085422 0.101000
v -0.827500 0.095422 -0.101000
v -0.821500 0.095422 -0.107000
v -0.821500 0.085422 -0.107000
v -0.827500 0.085422 -0.101000
v -0.826500 0.095422 -0.100000
v -0.820500 0.095422 -0.106000
v -0.682500 0.095422 -0.106000
v -0.826500 0.095422 -0.100000
v -0.682500 0.095422 -0.106000
v -0.676500 0.095422 -0.100000
v -0.826500 0.095422 -0.100000
v -0.676500 0.095422 -0.100000
v -0.676500 0.095422 0.100000
v -0.826500 0.095422 -0.100000
v -0.676500 0.095422 0.100000
v -0.682500 0.095422 0.106000
v -0.826500 0.095422 -0.100000
v -0.682500 0.095422 0.106000
v -0.820500 0.095422 0.106000
v -0.820500 0.095422 0.106000
v -0.826500 0.095422 0.100000
v -0.826500 0.095422 -0.100000
v -0.820500 0.099422 -0.106000
v -0.826500 0.099422 -0.100000
v -0.826500 0.099422 0.100000
v -0.820500 0.099422 -0.106000
v -0.826500 0.099422 0.100000
v -0.820500 0.099422 0.106000
v -0.820500 0.099422 -0.106000
v -0.820500 0.099422 0.106000
v -0.682500 0.099422 0.106000
v -0.820500 0.099422 -0.106000
v -0.682500 0.099422 0.106000
v -0.676500 0.099422 0.100000
v -0.820500 0.099422 -0.106000
v -0.676500 0.099422 0.100000
v -0.676500 0.099422 -0.100000
v -0.676500 0.099422 -0.100000
v -0.682500 0.099422 -0.106000
v -0.820500 0.099422 -0.106000
v -0.820500 0.099422 -0.106000
v -0.682500 0.099422 -0.106000
v -0.682500 0.095422 -0.106000
v -0.820500 0.095422 -0.106000
v -0.682500 0.099422 -0.106000
v -0.676500 0.099422 -0.100000
v -0.676500 0.095422 -0.100000
v -0.682500 0.095422 -0.106000
v -0.676500 0.099422 -0.100000
v -0.676500 0.099422 0.100000
v -0.676500 0.095422 0.100000
v -0.676500 0.095422 -0.100000
v -0.676500 0.099422 0.100000
v -0.682500 0.099422 0.106000
v -0.682500 0.095422 0.106000
v -0.676500 0.095422 0.100000
v -0.682500 0.099422 0.106000
v -0.820500 0.099422 0.106000
v -0.820500 0.095422 0.106000
v -0.682500 0.095422 0.106000
v -0.820500 0.099422 0.106000
v -0.826500 0.099422 0.100000
v -0.826500 0.095422 0.100000
v -0.820500 0.095422 0.106000
v -0.826500 0.099422 0.100000
v -0.826500 0.099422 -0.100000
v -0.826500 0.095422 -0.100000
v -0.826500 0.095422 0.100000
v -0.826500 0.099422 -0.100000
v -0.820500 0.099422 -0.106000
v -0.820500 0.095422 -0.106000
v -0.826500 0.095422 -0.100000
v -0.946500 0.085422 -0.100000
v -0.943500 0.085422 -0.103000
v -0.823500 0.085422 -0.103000
v -0.946500 0.085422 -0.100000
v -0.823500 0.085422 -0.103000
v -0.820500 0.085422 -0.100000
v -0.946500 0.085422 -0.100000
v -0.820500 0.085422 -0.100000
v -0.820500 0.085422 0.100000
v -0.946500 0.085422 -0.100000
v -0.820500 0.085422 0.100000
v -0.823500 0.085422 0.103000
v -0.946500 0.085422 -0.100000
v -0.823500 0.085422 0.103000
v -0.943500 0.085422 0.103000
v -0.943500 0.085422 0.103000
v -0.946500 0.085422 0.100000
v -0.946500 0.085422 -0.100000
v -0.943500 0.095422 -0.103000
v -0.946500 0.095422 -0.100000
v -0.946500 0.095422 0.100000
v -0.943500 0.095422 -0.103000
v -0.946500 0.095422 0.100000
v -0.943500 0.095422 0.103000
v -0.943500 0.095422 -0.103000
v -0.943500 0.095422 0.103000
v -0.823500 0.095422 0.103000
v -0.943500 0.095422 -0.103000
v -0.823500 0.095422 0.103000
v -0.820500 0.095422 0.100000
v -0.943500 0.095422 -0.103000
v -0.820500 0.095422 0.100000
v -0.820500 0.095422 -0.100000
v -0.820500 0.095422 -0.100000
v -0.823500 0.095422 -0.103000
v -0.943500 0.095422 -0.103000
v -0.943500 0.095422 -0.103000
v -0.823500 0.095422 -0.103000
v -0.823500 0.085422 -0.103000
v -0.943500 0.085422 -0.103000
v -0.823500 0.095422 -0.103000
v -0.820500 0.095422 -0.100000
v -0.820500 0.085422 -0.100000
v -0.823500 0.085422 -0.103000
v -0.820500 0.095422 -0.100000
v -0.820500 0.095422 0.100000
v -0.820500 0.085422 0.100000
v -0.820500 0.085422 -0.100000
v -0.820500 0.095422 0.100000
v -0.823500 0.095422 0.103000
v -0.823500 0.085422 0.103000
v -0.820500 0.085422 0.100000
v -0.823500 0.095422 0.103000
v -0.943500 0.095422 0.103000
v -0.943500 0.085422 0.103000
v -0.823500 0.085422 0.103000
v -0.943500 0.095422 0.103000
v -0.946500 0.095422 0.100000
v -0.946500 0.085422 0.100000
v -0.943500 0.085422 0.103000
v -0.946500 0.095422 0.100000
v -0.946500 0.095422 -0.100000
v -0.946500 0.085422 -0.100000
v -0.946500 0.085422 0.100000
v -0.946500 0.095422 -0.100000
v -0.943500 0.095422 -0.103000
v -0.943500 0.085422 -0.103000
v -0.946500 0.085422 -0.100000
v -0.950500 0.095422 -0.105000
v -0.948500 0.095422 -0.107000
v -0.936500 0.095422 -0.107000
v -0.950500 0.095422 -0.105000
v -0.936500 0.095422 -0.107000
v -0.934500 0.095422 -0.105000
v -0.950500 0.095422 -0.105000
v -0.934500 0.095422 -0.105000
v -0.934500 0.095422 0.105000
v -0.950500 0.095422 -0.105000
v -0.934500 0.095422 0.105000
v -0.936500 0.095422 0.107000
v -0.950500 0.095422 -0.105000
v -0.936500 0.095422 0.107000
v -0.948500 0.095422 0.107000
v -0.948500 0.095422 0.107000
v -0.950500 0.095422 0.105000
v -0.950500 0.095422 -0.105000
v -0.948500 0.126422 -0.107000
v -0.950500 0.126422 -0.105000
v -0.950500 0.126422 0.105000
v -0.948500 0.126422 -0.107000
v -0.950500 0.126422 0.105000
v -0.948500 0.126422 0.107000
v -0.948500 0.126422 -0.107000
v -0.948500 0.126422 0.107000
v -0.936500 0.126422 0.107000
v -0.948500 0.126422 -0.107000
v -0.936500 0.126422 0.107000
v -0.934500 0.126422 0.105000
v -0.948500 0.126422 -0.107000
v -0.934500 0.126422 0.105000
v -0.934500 0.126422 -0.105000
v -0.934500 0.126422 -0.105000
v -0.936500 0.126422 -0.107000
v -0.948500 0.126422 -0.107000
v -0.948500 0.126422 -0.107000
v -0.936500 0.126422 -0.107000
v -0.936500 0.095422 -0.107000
v -0.948500 0.095422 -0.107000
v -0.936500 0.126422 -0.107000
v -0.934500 0.126422 -0.105000
v -0.934500 0.095422 -0.105000
v -0.936500 0.095422 -0.107000
v -0.934500 0.126422 -0.105000
v -0.934500 0.126422 0.105000
v -0.934500 0.095422 0.105000
v -0.934500 0.095422 -0.105000
v -0.934500 0.126422 0.105000
v -0.936500 0.126422 0.107000
v -0.936500 0.095422 0.107000
v -0.934500 0.095422 0.105000
v -0.936500 0.126422 0.107000
v -0.948500 0.126422 0.107000
v -0.948500 0.095422 0.107000
v -0.936500 0.095422 0.107000
v -0.948500 0.126422 0.107000
v -0.950500 0.126422 0.105000
v -0.950500 0.095422 0.105000
v -0.948500 0.095422 0.107000
v -0.950500 0.126422 0.105000
v -0.950500 0.126422 -0.105000
v -0.950500 0.095422 -0.105000
v -0.950500 0.095422 0.105000
v -0.950500 0.126422 -0.105000
v -0.948500 0.126422 -0.107000
v -0.948500 0.095422 -0.107000
v -0.950500 0.095422 -0.105000
v -0.793500 0.119400 -0.105000
v -0.793500 0.129000 -0.105000
v -0.819500 0.123500 -0.105000
v -0.793500 0.119400 -0.105000
v -0.819500 0.123500 -0.105000
v -0.827500 0.123500 -0.105000
v -0.793500 0.119400 -0.105000
v -0.827500 0.123500 -0.105000
v -0.901500 0.109500 -0.105000
v -0.901500 0.109500 -0.105000
v -0.939500 0.109500 -0.105000
v -0.939500 0.095422 -0.105000
v -0.793500 0.119400 -0.105000
v -0.901500 0.109500 -0.105000
v -0.939500 0.095422 -0.105000
v -0.939500 0.095422 -0.105000
v -0.833500 0.095422 -0.105000
v -0.821500 0.108000 -0.105000
v -0.939500 0.095422 -0.105000
v -0.821500 0.108000 -0.105000
v -0.793500 0.119400 -0.105000
v -0.793500 0.129000 0.105000
v -0.793500 0.119400 0.105000
v -0.821500 0.108000 0.105000
v -0.821500 0.108000 0.105000
v -0.833500 0.095422 0.105000
v -0.939500 0.095422 0.105000
v -0.793500 0.129000 0.105000
v -0.821500 0.108000 0.105000
v -0.939500 0.095422 0.105000
v -0.939500 0.095422 0.105000
v -0.939500 0.109500 0.105000
v -0.901500 0.109500 0.105000
v -0.939500 0.095422 0.105000
v -0.901500 0.109500 0.105000
v -0.827500 0.123500 0.105000
v -0.939500 0.095422 0.105000
v -0.827500 0.123500 0.105000
v -0.819500 0.123500 0.105000
v -0.939500 0.095422 0.105000
v -0.819500 0.123500 0.105000
v -0.793500 0.129000 0.105000
v -0.793500 0.119400 0.105000
v -0.821500 0.108000 0.105000
v -0.821500 0.108000 -0.105000
v -0.793500 0.119400 -0.105000
v -0.821500 0.108000 0.105000
v -0.833500 0.095422 0.105000
v -0.833500 0.095422 -0.105000
v -0.821500 0.108000 -0.105000
v -0.833500 0.095422 0.105000
v -0.939500 0.095422 0.105000
v -0.939500 0.095422 -0.105000
v -0.833500 0.095422 -0.105000
v -0.939500 0.095422 0.105000
v -0.939500 0.109500 0.105000
v -0.939500 0.109500 -0.105000
v -0.939500 0.095422 -0.105000
v -0.939500 0.109500 0.105000
v -0.901500 0.109500 0.105000
v -0.901500 0.109500 -0.105000
v -0.939500 0.109500 -0.105000
v -0.901500 0.109500 0.105000
v -0.827500 0.123500 0.105000
v -0.827500 0.123500 -0.105000
v -0.901500 0.109500 -0.105000
v -0.827500 0.123500 0.105000
v -0.819500 0.123500 0.105000
v -0.819500 0.123500 -0.105000
v -0.827500 0.123500 -0.105000
v -0.819500 0.123500 0.105000
v -0.793500 0.129000 0.105000
v -0.793500 0.129000 -0.105000
v -0.819500 0.123500 -0.105000
v -0.793500 0.129000 0.105000
v -0.793500 0.119400 0.105000
v -0.793500 0.119400 -0.105000
v -0.793500 0.129000 -0.105000
v -0.876410 0.095422 -0.005878
v -0.874500 0.095422 0.000000
v -0.876410 0.095422 0.005878
v -0.876410 0.095422 -0.005878
v -0.876410 0.095422 0.005878
v -0.881410 0.095422 0.009511
v -0.876410 0.095422 -0.005878
v -0.881410 0.095422 0.009511
v -0.887590 0.095422 0.009511
v -0.876410 0.095422 -0.005878
v -0.887590 0.095422 0.009511
v -0.892590 0.095422 0.005878
v -0.876410 0.095422 -0.005878
v -0.892590 0.095422 0.005878
v -0.894500 0.095422 0.000000
v -0.876410 0.095422 -0.005878
v -0.894500 0.095422 0.000000
v -0.892590 0.095422 -0.005878
v -0.876410 0.095422 -0.005878
v -0.892590 0.095422 -0.005878
v -0.887590 0.095422 -0.009511
v -0.887590 0.095422 -0.009511
v -0.881410 0.095422 -0.009511
v -0.876410 0.095422 -0.005878
v -0.874500 0.192000 0.000000
v -0.876410 0.192000 -0.005878
v -0.881410 0.192000 -0.009511
v -0.874500 0.192000 0.000000
v -0.881410 0.192000 -0.009511
v -0.887590 0.192000 -0.009511
v -0.874500 0.192000 0.000000
v -0.887590 0.192000 -0.009511
v -0.892590 0.192000 -0.005878
v -0.874500 0.192000 0.000000
v -0.892590 0.192000 -0.005878
v -0.894500 0.192000 0.000000
v -0.874500 0.192000 0.000000
v -0.894500 0.192000 0.000000
v -0.892590 0.192000 0.005878
v -0.874500 0.192000 0.000000
v -0.892590 0.192000 0.005878
v -0.887590 0.192000 0.009511
v -0.874500 0.192000 0.000000
v -0.887590 0.192000 0.009511
v -0.881410 0.192000 0.009511
v -0.881410 0.192000 0.009511
v -0.876410 0.192000 0.005878
v -0.874500 0.192000 0.000000
v -0.874500 0.192000 0.000000
v -0.876410 0.192000 0.005878
v -0.876410 0.095422 0.005878
v -0.874500 0.095422 0.000000
v -0.876410 0.192000 0.005878
v -0.881410 0.192000 0.009511
v -0.881410 0.095422 0.009511
v -0.876410 0.095422 0.005878
v -0.881410 0.192000 0.009511
v -0.887590 0.192000 0.009511
v -0.887590 0.095422 0.009511
v -0.881410 0.095422 0.009511
v -0.887590 0.192000 0.009511
v -0.892590 0.192000 0.005878
v -0.892590 0.095422 0.005878
v -0.887590 0.095422 0.009511
v -0.892590 0.192000 0.005878
v -0.894500 0.192000 0.000000
v -0.894500 0.095422 0.000000
v -0.892590 0.095422 0.005878
v -0.894500 0.192000 0.000000
v -0.892590 0.192000 -0.005878
v -0.892590 0.095422 -0.005878
v -0.894500 0.095422 0.000000
v -0.892590 0.192000 -0.005878
v -0.887590 0.192000 -0.009511
v -0.887590 0.095422 -0.009511
v -0.892590 0.095422 -0.005878
v -0.887590 0.192000 -0.009511
v -0.881410 0.192000 -0.009511
v -0.881410 0.095422 -0.009511
v -0.887590 0.095422 -0.009511
v -0.881410 0.192000 -0.009511
v -0.876410 0.192000 -0.005878
v -0.876410 0.095422 -0.005878
v -0.881410 0.095422 -0.009511
v -0.876410 0.192000 -0.005878
v -0.874500 0.192000 0.000000
v -0.874500 0.095422 0.000000
v -0.876410 0.095422 -0.005878
v -0.858519 0.162000 -0.015000
v -0.854500 0.162000 0.000000
v -0.858519 0.162000 0.015000
v -0.858519 0.162000 -0.015000
v -0.858519 0.162000 0.015000
v -0.869500 0.162000 0.025981
v -0.858519 0.162000 -0.015000
v -0.869500 0.162000 0.025981
v -0.884500 0.162000 0.030000
v -0.858519 0.162000 -0.015000
v -0.884500 0.162000 0.030000
v -0.899500 0.162000 0.025981
v -0.858519 0.162000 -0.015000
v -0.899500 0.162000 0.025981
v -0.910481 0.162000 0.015000
v -0.858519 0.162000 -0.015000
v -0.910481 0.162000 0.015000
v -0.914500 0.162000 0.000000
v -0.858519 0.162000 -0.015000
v -0.914500 0.162000 0.000000
v -0.910481 0.162000 -0.015000
v -0.858519 0.162000 -0.015000
v -0.910481 0.162000 -0.015000
v -0.899500 0.162000 -0.025981
v -0.858519 0.162000 -0.015000
v -0.899500 0.162000 -0.025981
v -0.884500 0.162000 -0.030000
v -0.884500 0.162000 -0.030000
v -0.869500 0.162000 -0.025981
v -0.858519 0.162000 -0.015000
v -0.854500 0.168000 0.000000
v -0.858519 0.168000 -0.015000
v -0.869500 0.168000 -0.025981
v -0.854500 0.168000 0.000000
v -0.869500 0.168000 -0.025981
v -0.884500 0.168000 -0.030000
v -0.854500 0.168000 0.000000
v -0.884500 0.168000 -0.030000
v -0.899500 0.168000 -0.025981
v -0.854500 0.168000 0.000000
v -0.899500 0.168000 -0.025981
v -0.910481 0.168000 -0.015000
v -0.854500 0.168000 0.000000
v -0.910481 0.168000 -0.015000
v -0.914500 0.168000 0.000000
v -0.854500 0.168000 0.000000
v -0.914500 0.168000 0.000000
v -0.910481 0.168000 0.015000
v -0.854500 0.168000 0.000000
v -0.910481 0.168000 0.015000
v -0.899500 0.168000 0.025981
v -0.854500 0.168000 0.000000
v -0.899500 0.168000 0.025981
v -0.884500 0.168000 0.030000
v -0.854500 0.168000 0.000000
v -0.884500 0.168000 0.030000
v -0.869500 0.168000 0.025981
v -0.869500 0.168000 0.025981
v -0.858519 0.168000 0.015000
v -0.854500 0.168000 0.000000
v -0.854500 0.168000 0.000000
v -0.858519 0.168000 0.015000
v -0.858519 0.162000 0.015000
v -0.854500 0.162000 0.000000
v -0.858519 0.168000 0.015000
v -0.869500 0.168000 0.025981
v -0.869500 0.162000 0.025981
v -0.858519 0.162000 0.015000
v -0.869500 0.168000 0.025981
v -0.884500 0.168000 0.030000
v -0.884500 0.162000 0.030000
v -0.869500 0.162000 0.025981
v -0.884500 0.168000 0.030000
v -0.899500 0.168000 0.025981
v -0.899500 0.162000 0.025981
v -0.884500 0.162000 0.030000
v -0.899500 0.168000 0.025981
v -0.910481 0.168000 0.015000
v -0.910481 0.162000 0.015000
v -0.899500 0.162000 0.025981
v -0.910481 0.168000 0.015000
v -0.914500 0.168000 0.000000
v -0.914500 0.162000 0.000000
v -0.910481 0.162000 0.015000
v -0.914500 0.168000 0.000000
v -0.910481 0.168000 -0.015000
v -0.910481 0.162000 -0.015000
v -0.914500 0.162000 0.000000
v -0.910481 0.168000 -0.015000
v -0.899500 0.168000 -0.025981
v -0.899500 0.162000 -0.025981
v -0.910481 0.162000 -0.015000
v -0.899500 0.168000 -0.025981
v -0.884500 0.168000 -0.030000
v -0.884500 0.162000 -0.030000
v -0.899500 0.162000 -0.025981
v -0.884500 0.168000 -0.030000
v -0.869500 0.168000 -0.025981
v -0.869500 0.162000 -0.025981
v -0.884500 0.162000 -0.030000
v -0.869500 0.168000 -0.025981
v -0.858519 0.168000 -0.015000
v -0.858519 0.162000 -0.015000
v -0.869500 0.162000 -0.025981
v -0.858519 0.168000 -0.015000
v -0.854500 0.168000 0.000000
v -0.854500 0.162000 0.000000
v -0.858519 0.162000 -0.015000
v -0.874500 0.168000 -0.017321
v -0.864500 0.168000 0.000000
v -0.874500 0.168000 0.017321
v -0.874500 0.168000 -0.017321
v -0.874500 0.168000 0.017321
v -0.894500 0.168000 0.017321
v -0.874500 0.168000 -0.017321
v -0.894500 0.168000 0.017321
v -0.904500 0.168000 0.000000
v -0.904500 0.168000 0.000000
v -0.894500 0.168000 -0.017321
v -0.874500 0.168000 -0.017321
v -0.864500 0.186000 0.000000
v -0.874500 0.186000 -0.017321
v -0.894500 0.186000 -0.017321
v -0.864500 0.186000 0.000000
v -0.894500 0.186000 -0.017321
v -0.904500 0.186000 0.000000
v -0.864500 0.186000 0.000000
v -0.904500 0.186000 0.000000
v -0.894500 0.186000 0.017321
v -0.894500 0.186000 0.017321
v -0.874500 0.186000 0.017321
v -0.864500 0.186000 0.000000
v -0.864500 0.186000 0.000000
v -0.874500 0.186000 0.017321
v -0.874500 0.168000 0.017321
v -0.864500 0.168000 0.000000
v -0.874500 0.186000 0.017321
v -0.894500 0.186000 0.017321
v -0.894500 0.168000 0.017321
v -0.874500 0.168000 0.017321
v -0.894500 0.186000 0.017321
v -0.904500 0.186000 0.000000
v -0.904500 0.168000 0.000000
v -0.894500 0.168000 0.017321
v -0.904500 0.186000 0.000000
v -0.894500 0.186000 -0.017321
v -0.894500 0.168000 -0.017321
v -0.904500 0.168000 0.000000
v -0.894500 0.186000 -0.017321
v -0.874500 0.186000 -0.017321
v -0.874500 0.168000 -0.017321
v -0.894500 0.168000 -0.017321
v -0.874500 0.186000 -0.017321
v -0.864500 0.186000 0.000000
v -0.864500 0.168000 0.000000
v -0.874500 0.168000 -0.017321
v -0.875500 0.186000 -0.015588
v -0.866500 0.186000 0.000000
v -0.875500 0.186000 0.015588
v -0.875500 0.186000 -0.015588
v -0.875500 0.186000 0.015588
v -0.893500 0.186000 0.015588
v -0.875500 0.186000 -0.015588
v -0.893500 0.186000 0.015588
v -0.902500 0.186000 0.000000
v -0.902500 0.186000 0.000000
v -0.893500 0.186000 -0.015588
v -0.875500 0.186000 -0.015588
v -0.866500 0.189000 0.000000
v -0.875500 0.189000 -0.015588
v -0.893500 0.189000 -0.015588
v -0.866500 0.189000 0.000000
v -0.893500 0.189000 -0.015588
v -0.902500 0.189000 0.000000
v -0.866500 0.189000 0.000000
v -0.902500 0.189000 0.000000
v -0.893500 0.189000 0.015588
v -0.893500 0.189000 0.015588
v -0.875500 0.189000 0.015588
v -0.866500 0.189000 0.000000
v -0.866500 0.189000 0.000000
v -0.875500 0.189000 0.015588
v -0.875500 0.186000 0.015588
v -0.866500 0.186000 0.000000
v -0.875500 0.189000 0.015588
v -0.893500 0.189000 0.015588
v -0.893500 0.186000 0.015588
v -0.875500 0.186000 0.015588
v -0.893500 0.189000 0.015588
v -0.902500 0.189000 0.000000
v -0.902500 0.186000 0.000000
v -0.893500 0.186000 0.015588
v -0.902500 0.189000 0.000000
v -0.893500 0.189000 -0.015588
v -0.893500 0.186000 -0.015588
v -0.902500 0.186000 0.000000
v -0.893500 0.189000 -0.015588
v -0.875500 0.189000 -0.015588
v -0.875500 0.186000 -0.015588
v -0.893500 0.186000 -0.015588
v -0.875500 0.189000 -0.015588
v -0.866500 0.189000 0.000000
v -0.866500 0.186000 0.000000
v -0.875500 0.186000 -0.015588
v -0.682500 0.085422 -0.100000
v -0.679500 0.085422 -0.103000
v -0.559500 0.085422 -0.103000
v -0.682500 0.085422 -0.100000
v -0.559500 0.085422 -0.103000
v -0.556500 0.085422 -0.100000
v -0.682500 0.085422 -0.100000
v -0.556500 0.085422 -0.100000
v -0.556500 0.085422 0.100000
v -0.682500 0.085422 -0.100000
v -0.556500 0.085422 0.100000
v -0.559500 0.085422 0.103000
v -0.682500 0.085422 -0.100000
v -0.559500 0.085422 0.103000
v -0.679500 0.085422 0.103000
v -0.679500 0.085422 0.103000
v -0.682500 0.085422 0.100000
v -0.682500 0.085422 -0.100000
v -0.679500 0.095422 -0.103000
v -0.682500 0.095422 -0.100000
v -0.682500 0.095422 0.100000
v -0.679500 0.095422 -0.103000
v -0.682500 0.095422 0.100000
v -0.679500 0.095422 0.103000
v -0.679500 0.095422 -0.103000
v -0.679500 0.095422 0.103000
v -0.559500 0.095422 0.103000
v -0.679500 0.095422 -0.103000
v -0.559500 0.095422 0.103000
v -0.556500 0.095422 0.100000
v -0.679500 0.095422 -0.103000
v -0.556500 0.095422 0.100000
v -0.556500 0.095422 -0.100000
v -0.556500 0.095422 -0.100000
v -0.559500 0.095422 -0.103000
v -0.679500 0.095422 -0.103000
v -0.679500 0.095422 -0.103000
v -0.559500 0.095422 -0.103000
v -0.559500 0.085422 -0.103000
v -0.679500 0.085422 -0.103000
v -0.559500 0.095422 -0.103000
v -0.556500 0.095422 -0.100000
v -0.556500 0.085422 -0.100000
v -0.559500 0.085422 -0.103000
v -0.556500 0.095422 -0.100000
v -0.556500 0.095422 0.100000
v -0.556500 0.085422 0.100000
v -0.556500 0.085422 -0.100000
v -0.556500 0.095422 0.100000
v -0.559500 0.095422 0.103000
v -0.559500 0.085422 0.103000
v -0.556500 0.085422 0.100000
v -0.559500 0.095422 0.103000
v -0.679500 0.095422 0.103000
v -0.679500 0.085422 0.103000
v -0.559500 0.085422 0.103000
v -0.679500 0.095422 0.103000
v -0.682500 0.095422 0.100000
v -0.682500 0.085422 0.100000
v -0.679500 0.085422 0.103000
v -0.682500 0.095422 0.100000
v -0.682500 0.095422 -0.100000
v -0.682500 0.085422 -0.100000
v -0.682500 0.085422 0.100000
v -0.682500 0.095422 -0.100000
v -0.679500 0.095422 -0.103000
v -0.679500 0.085422 -0.103000
v -0.682500 0.085422 -0.100000
v -0.568500 0.095422 -0.105000
v -0.566500 0.095422 -0.107000
v -0.554500 0.095422 -0.107000
v -0.568500 0.095422 -0.105000
v -0.554500 0.095422 -0.107000
v -0.552500 0.095422 -0.105000
v -0.568500 0.095422 -0.105000
v -0.552500 0.095422 -0.105000
v -0.552500 0.095422 0.105000
v -0.568500 0.095422 -0.105000
v -0.552500 0.095422 0.105000
v -0.554500 0.095422 0.107000
v -0.568500 0.095422 -0.105000
v -0.554500 0.095422 0.107000
v -0.566500 0.095422 0.107000
v -0.566500 0.095422 0.107000
v -0.568500 0.095422 0.105000
v -0.568500 0.095422 -0.105000
v -0.566500 0.126422 -0.107000
v -0.568500 0.126422 -0.105000
v -0.568500 0.126422 0.105000
v -0.566500 0.126422 -0.107000
v -0.568500 0.126422 0.105000
v -0.566500 0.126422 0.107000
v -0.566500 0.126422 -0.107000
v -0.566500 0.126422 0.107000
v -0.554500 0.126422 0.107000
v -0.566500 0.126422 -0.107000
v -0.554500 0.126422 0.107000
v -0.552500 0.126422 0.105000
v -0.566500 0.126422 -0.107000
v -0.552500 0.126422 0.105000
v -0.552500 0.126422 -0.105000
v -0.552500 0.126422 -0.105000
v -0.554500 0.126422 -0.107000
v -0.566500 0.126422 -0.107000
v -0.566500 0.126422 -0.107000
v -0.554500 0.126422 -0.107000
v -0.554500 0.095422 -0.107000
v -0.566500 0.095422 -0.107000
v -0.554500 0.126422 -0.107000
v -0.552500 0.126422 -0.105000
v -0.552500 0.095422 -0.105000
v -0.554500 0.095422 -0.107000
v -0.552500 0.126422 -0.105000
v -0.552500 0.126422 0.105000
v -0.552500 0.095422 0.105000
v -0.552500 0.095422 -0.105000
v -0.552500 0.126422 0.105000
v -0.554500 0.126422 0.107000
v -0.554500 0.095422 0.107000
v -0.552500 0.095422 0.105000
v -0.554500 0.126422 0.107000
v -0.566500 0.126422 0.107000
v -0.566500 0.095422 0.107000
v -0.554500 0.095422 0.107000
v -0.566500 0.126422 0.107000
v -0.568500 0.126422 0.105000
v -0.568500 0.095422 0.105000
v -0.566500 0.095422 0.107000
v -0.568500 0.126422 0.105000
v -0.568500 0.126422 -0.105000
v -0.568500 0.095422 -0.105000
v -0.568500 0.095422 0.105000
v -0.568500 0.126422 -0.105000
v -0.566500 0.126422 -0.107000
v -0.566500 0.095422 -0.107000
v -0.568500 0.095422 -0.105000
v -0.709500 0.129000 -0.105000
v -0.709500 0.119400 -0.105000
v -0.681500 0.108000 -0.105000
v -0.681500 0.108000 -0.105000
v -0.669500 0.095422 -0.105000
v -0.563500 0.095422 -0.105000
v -0.709500 0.129000 -0.105000
v -0.681500 0.108000 -0.105000
v -0.563500 0.095422 -0.105000
v -0.563500 0.095422 -0.105000
v -0.563500 0.109500 -0.105000
v -0.601500 0.109500 -0.105000
v -0.563500 0.095422 -0.105000
v -0.601500 0.109500 -0.105000
v -0.675500 0.123500 -0.105000
v -0.563500 0.095422 -0.105000
v -0.675500 0.123500 -0.105000
v -0.683500 0.123500 -0.105000
v -0.563500 0.095422 -0.105000
v -0.683500 0.123500 -0.105000
v -0.709500 0.129000 -0.105000
v -0.709500 0.119400 0.105000
v -0.709500 0.129000 0.105000
v -0.683500 0.123500 0.105000
v -0.709500 0.119400 0.105000
v -0.683500 0.123500 0.105000
v -0.675500 0.123500 0.105000
v -0.709500 0.119400 0.105000
v -0.675500 0.123500 0.105000
v -0.601500 0.109500 0.105000
v -0.601500 0.109500 0.105000
v -0.563500 0.109500 0.105000
v -0.563500 0.095422 0.105000
v -0.709500 0.119400 0.105000
v -0.601500 0.109500 0.105000
v -0.563500 0.095422 0.105000
v -0.563500 0.095422 0.105000
v -0.669500 0.095422 0.105000
v -0.681500 0.108000 0.105000
v -0.563500 0.095422 0.105000
v -0.681500 0.108000 0.105000
v -0.709500 0.119400 0.105000
v -0.709500 0.119400 -0.105000
v -0.681500 0.108000 -0.105000
v -0.681500 0.108000 0.105000
v -0.709500 0.119400 0.105000
v -0.681500 0.108000 -0.105000
v -0.669500 0.095422 -0.105000
v -0.669500 0.095422 0.105000
v -0.681500 0.108000 0.105000
v -0.669500 0.095422 -0.105000
v -0.563500 0.095422 -0.105000
v -0.563500 0.095422 0.105000
v -0.669500 0.095422 0.105000
v -0.563500 0.095422 -0.105000
v -0.563500 0.109500 -0.105000
v -0.563500 0.109500 0.105000
v -0.563500 0.095422 0.105000
v -0.563500 0.109500 -0.105000
v -0.601500 0.109500 -0.105000
v -0.601500 0.109500 0.105000
v -0.563500 0.109500 0.105000
v -0.601500 0.109500 -0.105000
v -0.675500 0.123500 -0.105000
v -0.675500 0.123500 0.105000
v -0.601500 0.109500 0.105000
v -0.675500 0.123500 -0.105000
v -0.683500 0.123500 -0.105000
v -0.683500 0.123500 0.105000
v -0.675500 0.123500 0.105000
v -0.683500 0.123500 -0.105000
v -0.709500 0.129000 -0.105000
v -0.709500 0.129000 0.105000
v -0.683500 0.123500 0.105000
v -0.709500 0.129000 -0.105000
v -0.709500 0.119400 -0.105000
v -0.709500 0.119400 0.105000
v -0.709500 0.129000 0.105000
v -0.610410 0.095422 -0.005878
v -0.608500 0.095422 0.000000
v -0.610410 0.095422 0.005878
v -0.610410 0.095422 -0.005878
v -0.610410 0.095422 0.005878
v -0.615410 0.095422 0.009511
v -0.610410 0.095422 -0.005878
v -0.615410 0.095422 0.009511
v -0.621590 0.095422 0.009511
v -0.610410 0.095422 -0.005878
v -0.621590 0.095422 0.009511
v -0.626590 0.095422 0.005878
v -0.610410 0.095422 -0.005878
v -0.626590 0.095422 0.005878
v -0.628500 0.095422 0.000000
v -0.610410 0.095422 -0.005878
v -0.628500 0.095422 0.000000
v -0.626590 0.095422 -0.005878
v -0.610410 0.095422 -0.005878
v -0.626590 0.095422 -0.005878
v -0.621590 0.095422 -0.009511
v -0.621590 0.095422 -0.009511
v -0.615410 0.095422 -0.009511
v -0.610410 0.095422 -0.005878
v -0.608500 0.192000 0.000000
v -0.610410 0.192000 -0.005878
v -0.615410 0.192000 -0.009511
v -0.608500 0.192000 0.000000
v -0.615410 0.192000 -0.009511
v -0.621590 0.192000 -0.009511
v -0.608500 0.192000 0.000000
v -0.621590 0.192000 -0.009511
v -0.626590 0.192000 -0.005878
v -0.608500 0.192000 0.000000
v -0.626590 0.192000 -0.005878
v -0.628500 0.192000 0.000000
v -0.608500 0.192000 0.000000
v -0.628500 0.192000 0.000000
v -0.626590 0.192000 0.005878
v -0.608500 0.192000 0.000000
v -0.626590 0.192000 0.005878
v -0.621590 0.192000 0.009511
v -0.608500 0.192000 0.000000
v -0.621590 0.192000 0.009511
v -0.615410 0.192000 0.009511
v -0.615410 0.192000 0.009511
v -0.610410 0.192000 0.005878
v -0.608500 0.192000 0.000000
v -0.608500 0.192000 0.000000
v -0.610410 0.192000 0.005878
v -0.610410 0.095422 0.005878
v -0.608500 0.095422 0.000000
v -0.610410 0.192000 0.005878
v -0.615410 0.192000 0.009511
v -0.615410 0.095422 0.009511
v -0.610410 0.095422 0.005878
v -0.615410 0.192000 0.009511
v -0.621590 0.192000 0.009511
v -0.621590 0.095422 0.009511
v -0.615410 0.095422 0.009511
v -0.621590 0.192000 0.009511
v -0.626590 0.192000 0.005878
v -0.626590 0.095422 0.005878
v -0.621590 0.095422 0.009511
v -0.626590 0.192000 0.005878
v -0.628500 0.192000 0.000000
v -0.628500 0.095422 0.000000
v -0.626590 0.095422 0.005878
v -0.628500 0.192000 0.000000
v -0.626590 0.192000 -0.005878
v -0.626590 0.095422 -0.005878
v -0.628500 0.095422 0.000000
v -0.626590 0.192000 -0.005878
v -0.621590 0.192000 -0.009511
v -0.621590 0.095422 -0.009511
v -0.626590 0.095422 -0.005878
v -0.621590 0.192000 -0.009511
v -0.615410 0.192000 -0.009511
v -0.615410 0.095422 -0.009511
v -0.621590 0.095422 -0.009511
v -0.615410 0.192000 -0.009511
v -0.610410 0.192000 -0.005878
v -0.610410 0.095422 -0.005878
v -0.615410 0.095422 -0.009511
v -0.610410 0.192000 -0.005878
v -0.608500 0.192000 0.000000
v -0.608500 0.095422 0.000000
v -0.610410 0.095422 -0.005878
v -0.592519 0.162000 -0.015000
v -0.588500 0.162000 0.000000
v -0.592519 0.162000 0.015000
v -0.592519 0.162000 -0.015000
v -0.592519 0.162000 0.015000
v -0.603500 0.162000 0.025981
v -0.592519 0.162000 -0.015000
v -0.603500 0.162000 0.025981
v -0.618500 0.162000 0.030000
v -0.592519 0.162000 -0.015000
v -0.618500 0.162000 0.030000
v -0.633500 0.162000 0.025981
v -0.592519 0.162000 -0.015000
v -0.633500 0.162000 0.025981
v -0.644481 0.162000 0.015000
v -0.592519 0.162000 -0.015000
v -0.644481 0.162000 0.015000
v -0.648500 0.162000 0.000000
v -0.592519 0.162000 -0.015000
v -0.648500 0.162000 0.000000
v -0.644481 0.162000 -0.015000
v -0.592519 0.162000 -0.015000
v -0.644481 0.162000 -0.015000
v -0.633500 0.162000 -0.025981
v -0.592519 0.162000 -0.015000
v -0.633500 0.162000 -0.025981
v -0.618500 0.162000 -0.030000
v -0.618500 0.162000 -0.030000
v -0.603500 0.162000 -0.025981
v -0.592519 0.162000 -0.015000
v -0.588500 0.168000 0.000000
v -0.592519 0.168000 -0.015000
v -0.603500 0.168000 -0.025981
v -0.588500 0.168000 0.000000
v -0.603500 0.168000 -0.025981
v -0.618500 0.168000 -0.030000
v -0.588500 0.168000 0.000000
v -0.618500 0.168000 -0.030000
v -0.633500 0.168000 -0.025981
v -0.588500 0.168000 0.000000
v -0.633500 0.168000 -0.025981
v -0.644481 0.168000 -0.015000
v -0.588500 0.168000 0.000000
v -0.644481 0.168000 -0.015000
v -0.648500 0.168000 0.000000
v -0.588500 0.168000 0.000000
v -0.648500 0.168000 0.000000
v -0.644481 0.168000 0.015000
v -0.588500 0.168000 0.000000
v -0.644481 0.168000 0.015000
v -0.633500 0.168000 0.025981
v -0.588500 0.168000 0.000000
v -0.633500 0.168000 0.025981
v -0.618500 0.168000 0.030000
v -0.588500 0.168000 0.000000
v -0.618500 0.168000 0.030000
v -0.603500 0.168000 0.025981
v -0.603500 0.168000 0.025981
v -0.592519 0.168000 0.015000
v -0.588500 0.168000 0.000000
v -0.588500 0.168000 0.000000
v -0.592519 0.168000 0.015000
v -0.592519 0.162000 0.015000
v -0.588500 0.162000 0.000000
v -0.592519 0.168000 0.015000
v -0.603500 0.168000 0.025981
v -0.603500 0.162000 0.025981
v -0.592519 0.162000 0.015000
v -0.603500 0.168000 0.025981
v -0.618500 0.168000 0.030000
v -0.618500 0.162000 0.030000
v -0.603500 0.162000 0.025981
v -0.618500 0.168000 0.030000
v -0.633500 0.168000 0.025981
v -0.633500 0.162000 0.025981
v -0.618500 0.162000 0.030000
v -0.633500 0.168000 0.025981
v -0.644481 0.168000 0.015000
v -0.644481 0.162000 0.015000
v -0.633500 0.162000 0.025981
v -0.644481 0.168000 0.015000
v -0.648500 0.168000 0.000000
v -0.648500 0.162000 0.000000
v -0.644481 0.162000 0.015000
v -0.648500 0.168000 0.000000
v -0.644481 0.168000 -0.015000
v -0.644481 0.162000 -0.015000
v -0.648500 0.162000 0.000000
v -0.644481 0.168000 -0.015000
v -0.633500 0.168000 -0.025981
v -0.633500 0.162000 -0.025981
v -0.644481 0.162000 -0.015000
v -0.633500 0.168000 -0.025981
v -0.618500 0.168000 -0.030000
v -0.618500 0.162000 -0.030000
v -0.633500 0.162000 -0.025981
v -0.618500 0.168000 -0.030000
v -0.603500 0.168000 -0.025981
v -0.603500 0.162000 -0.025981
v -0.618500 0.162000 -0.030000
v -0.603500 0.168000 -0.025981
v -0.592519 0.168000 -0.015000
v -0.592519 0.162000 -0.015000
v -0.603500 0.162000 -0.025981
v -0.592519 0.168000 -0.015000
v -0.588500 0.168000 0.000000
v -0.588500 0.162000 0.000000
v -0.592519 0.162000 -0.015000
v -0.608500 0.168000 -0.017321
v -0.598500 0.168000 0.000000
v -0.608500 0.168000 0.017321
v -0.608500 0.168000 -0.017321
v -0.608500 0.168000 0.017321
v -0.628500 0.168000 0.017321
v -0.608500 0.168000 -0.017321
v -0.628500 0.168000 0.017321
v -0.638500 0.168000 0.000000
v -0.638500 0.168000 0.000000
v -0.628500 0.168000 -0.017321
v -0.608500 0.168000 -0.017321
v -0.598500 0.186000 0.000000
v -0.608500 0.186000 -0.017321
v -0.628500 0.186000 -0.017321
v -0.598500 0.186000 0.000000
v -0.628500 0.186000 -0.017321
v -0.638500 0.186000 0.000000
v -0.598500 0.186000 0.000000
v -0.638500 0.186000 0.000000
v -0.628500 0.186000 0.017321
v -0.628500 0.186000 0.017321
v -0.608500 0.186000 0.017321
v -0.598500 0.186000 0.000000
v -0.598500 0.186000 0.000000
v -0.608500 0.186000 0.017321
v -0.608500 0.168000 0.017321
v -0.598500 0.168000 0.000000
v -0.608500 0.186000 0.017321
v -0.628500 0.186000 0.017321
v -0.628500 0.168000 0.017321
v -0.608500 0.168000 0.017321
v -0.628500 0.186000 0.017321
v -0.638500 0.186000 0.000000
v -0.638500 0.168000 0.000000
v -0.628500 0.168000 0.017321
v -0.638500 0.186000 0.000000
v -0.628500 0.186000 -0.017321
v -0.628500 0.168000 -0.017321
v -0.638500 0.168000 0.000000
v -0.628500 0.186000 -0.017321
v -0.608500 0.186000 -0.017321
v -0.608500 0.168000 -0.017321
v -0.628500 0.168000 -0.017321
v -0.608500 0.186000 -0.017321
v -0.598500 0.186000 0.000000
v -0.598500 0.168000 0.000000
v -0.608500 0.168000 -0.017321
v -0.609500 0.186000 -0.015588
v -0.600500 0.186000 0.000000
v -0.609500 0.186000 0.015588
v -0.609500 0.186000 -0.015588
v -0.609500 0.186000 0.015588
v -0.627500 0.186000 0.015588
v -0.609500 0.186000 -0.015588
v -0.627500 0.186000 0.015588
v -0.636500 0.186000 0.000000
v -0.636500 0.186000 0.000000
v -0.627500 0.186000 -0.015588
v -0.609500 0.186000 -0.015588
v -0.600500 0.189000 0.000000
v -0.609500 0.189000 -0.015588
v -0.627500 0.189000 -0.015588
v -0.600500 0.189000 0.000000
v -0.627500 0.189000 -0.015588
v -0.636500 0.189000 0.000000
v -0.600500 0.189000 0.000000
v -0.636500 0.189000 0.000000
v -0.627500 0.189000 0.015588
v -0.627500 0.189000 0.015588
v -0.609500 0.189000 0.015588
v -0.600500 0.189000 0.000000
v -0.600500 0.189000 0.000000
v -0.609500 0.189000 0.015588
v -0.609500 0.186000 0.015588
v -0.600500 0.186000 0.000000
v -0.609500 0.189000 0.015588
v -0.627500 0.189000 0.015588
v -0.627500 0.186000 0.015588
v -0.609500 0.186000 0.015588
v -0.627500 0.189000 0.015588
v -0.636500 0.189000 0.000000
v -0.636500 0.186000 0.000000
v -0.627500 0.186000 0.015588
v -0.636500 0.189000 0.000000
v -0.627500 0.189000 -0.015588
v -0.627500 0.186000 -0.015588
v -0.636500 0.186000 0.000000
v -0.627500 0.189000 -0.015588
v -0.609500 0.189000 -0.015588
v -0.609500 0.186000 -0.015588
v -0.627500 0.186000 -0.015588
v -0.609500 0.189000 -0.015588
v -0.600500 0.189000 0.000000
v -0.600500 0.186000 0.000000
v -0.609500 0.186000 -0.015588
v -0.681500 0.099422 -0.300000
v -0.681500 0.108000 -0.300000
v -0.681500 0.108000 0.300000
v -0.681500 0.099422 0.300000
v -0.681500 0.108000 -0.300000
v -0.687500 0.113000 -0.300000
v -0.687500 0.113000 0.300000
v -0.681500 0.108000 0.300000
v -0.687500 0.113000 -0.300000
v -0.725500 0.124000 -0.300000
v -0.725500 0.124000 0.300000
v -0.687500 0.113000 0.300000
v -0.725500 0.124000 -0.300000
v -0.739500 0.134000 -0.300000
v -0.739500 0.134000 0.300000
v -0.725500 0.124000 0.300000
v -0.739500 0.134000 -0.300000
v -0.742500 0.145000 -0.300000
v -0.742500 0.145000 0.300000
v -0.739500 0.134000 0.300000
v -0.742500 0.145000 -0.300000
v -0.742500 0.207000 -0.300000
v -0.742500 0.207000 0.300000
v -0.742500 0.145000 0.300000
v -0.742500 0.207000 -0.300000
v -0.738500 0.219000 -0.300000
v -0.738500 0.219000 0.300000
v -0.742500 0.207000 0.300000
v -0.738500 0.219000 -0.300000
v -0.724500 0.225000 -0.300000
v -0.724500 0.225000 0.300000
v -0.738500 0.219000 0.300000
v -0.724500 0.225000 -0.300000
v -0.718500 0.231000 -0.300000
v -0.718500 0.231000 0.300000
v -0.724500 0.225000 0.300000
v -0.718500 0.231000 -0.300000
v -0.717500 0.239000 -0.300000
v -0.717500 0.239000 0.300000
v -0.718500 0.231000 0.300000
v -0.717500 0.239000 -0.300000
v -0.717500 0.254000 -0.300000
v -0.717500 0.254000 0.300000
v -0.717500 0.239000 0.300000
v -0.717500 0.254000 -0.300000
v -0.719500 0.260000 -0.300000
v -0.719500 0.260000 0.300000
v -0.717500 0.254000 0.300000
v -0.719500 0.260000 -0.300000
v -0.725500 0.264280 -0.300000
v -0.725500 0.264280 0.300000
v -0.719500 0.260000 0.300000
v -0.725500 0.264280 -0.300000
v -0.777500 0.264280 -0.300000
v -0.777500 0.264280 0.300000
v -0.725500 0.264280 0.300000
v -0.777500 0.264280 -0.300000
v -0.783500 0.260000 -0.300000
v -0.783500 0.260000 0.300000
v -0.777500 0.264280 0.300000
v -0.783500 0.260000 -0.300000
v -0.785500 0.254000 -0.300000
v -0.785500 0.254000 0.300000
v -0.783500 0.260000 0.300000
v -0.785500 0.254000 -0.300000
v -0.785500 0.239000 -0.300000
v -0.785500 0.239000 0.300000
v -0.785500 0.254000 0.300000
v -0.785500 0.239000 -0.300000
v -0.784500 0.231000 -0.300000
v -0.784500 0.231000 0.300000
v -0.785500 0.239000 0.300000
v -0.784500 0.231000 -0.300000
v -0.778500 0.225000 -0.300000
v -0.778500 0.225000 0.300000
v -0.784500 0.231000 0.300000
v -0.778500 0.225000 -0.300000
v -0.764500 0.219000 -0.300000
v -0.764500 0.219000 0.300000
v -0.778500 0.225000 0.300000
v -0.764500 0.219000 -0.300000
v -0.760500 0.207000 -0.300000
v -0.760500 0.207000 0.300000
v -0.764500 0.219000 0.300000
v -0.760500 0.207000 -0.300000
v -0.760500 0.145000 -0.300000
v -0.760500 0.145000 0.300000
v -0.760500 0.207000 0.300000
v -0.760500 0.145000 -0.300000
v -0.763500 0.134000 -0.300000
v -0.763500 0.134000 0.300000
v -0.760500 0.145000 0.300000
v -0.763500 0.134000 -0.300000
v -0.777500 0.124000 -0.300000
v -0.777500 0.124000 0.300000
v -0.763500 0.134000 0.300000
v -0.777500 0.124000 -0.300000
v -0.815500 0.113000 -0.300000
v -0.815500 0.113000 0.300000
v -0.777500 0.124000 0.300000
v -0.815500 0.113000 -0.300000
v -0.821500 0.108000 -0.300000
v -0.821500 0.108000 0.300000
v -0.815500 0.113000 0.300000
v -0.821500 0.108000 -0.300000
v -0.821500 0.099422 -0.300000
v -0.821500 0.099422 0.300000
v -0.821500 0.108000 0.300000
v -0.821500 0.099422 -0.300000
v -0.681500 0.099422 -0.300000
v -0.681500 0.099422 0.300000
v -0.821500 0.099422 0.300000
v -0.681500 0.099422 -0.300000
v -0.821500 0.099422 -0.300000
v -0.821500 0.108000 -0.300000
v -0.681500 0.099422 -0.300000
v -0.821500 0.108000 -0.300000
v -0.815500 0.113000 -0.300000
v -0.681500 0.099422 -0.300000
v -0.815500 0.113000 -0.300000
v -0.777500 0.124000 -0.300000
v -0.681500 0.099422 -0.300000
v -0.777500 0.124000 -0.300000
v -0.763500 0.134000 -0.300000
v -0.764500 0.219000 -0.300000
v -0.778500 0.225000 -0.300000
v -0.784500 0.231000 -0.300000
v -0.764500 0.219000 -0.300000
v -0.784500 0.231000 -0.300000
v -0.785500 0.239000 -0.300000
v -0.764500 0.219000 -0.300000
v -0.785500 0.239000 -0.300000
v -0.785500 0.254000 -0.300000
v -0.764500 0.219000 -0.300000
v -0.785500 0.254000 -0.300000
v -0.783500 0.260000 -0.300000
v -0.764500 0.219000 -0.300000
v -0.783500 0.260000 -0.300000
v -0.777500 0.264280 -0.300000
v -0.760500 0.207000 -0.300000
v -0.764500 0.219000 -0.300000
v -0.777500 0.264280 -0.300000
v -0.760500 0.207000 -0.300000
v -0.777500 0.264280 -0.300000
v -0.725500 0.264280 -0.300000
v -0.760500 0.207000 -0.300000
v -0.725500 0.264280 -0.300000
v -0.719500 0.260000 -0.300000
v -0.760500 0.207000 -0.300000
v -0.719500 0.260000 -0.300000
v -0.717500 0.254000 -0.300000
v -0.760500 0.207000 -0.300000
v -0.717500 0.254000 -0.300000
v -0.717500 0.239000 -0.300000
v -0.760500 0.207000 -0.300000
v -0.717500 0.239000 -0.300000
v -0.718500 0.231000 -0.300000
v -0.718500 0.231000 -0.300000
v -0.724500 0.225000 -0.300000
v -0.738500 0.219000 -0.300000
v -0.760500 0.207000 -0.300000
v -0.718500 0.231000 -0.300000
v -0.738500 0.219000 -0.300000
v -0.760500 0.207000 -0.300000
v -0.738500 0.219000 -0.300000
v -0.742500 0.207000 -0.300000
v -0.760500 0.145000 -0.300000
v -0.760500 0.207000 -0.300000
v -0.742500 0.207000 -0.300000
v -0.763500 0.134000 -0.300000
v -0.760500 0.145000 -0.300000
v -0.742500 0.207000 -0.300000
v -0.763500 0.134000 -0.300000
v -0.742500 0.207000 -0.300000
v -0.742500 0.145000 -0.300000
v -0.763500 0.134000 -0.300000
v -0.742500 0.145000 -0.300000
v -0.739500 0.134000 -0.300000
v -0.763500 0.134000 -0.300000
v -0.739500 0.134000 -0.300000
v -0.725500 0.124000 -0.300000
v -0.681500 0.099422 -0.300000
v -0.763500 0.134000 -0.300000
v -0.725500 0.124000 -0.300000
v -0.681500 0.099422 -0.300000
v -0.725500 0.124000 -0.300000
v -0.687500 0.113000 -0.300000
v -0.687500 0.113000 -0.300000
v -0.681500 0.108000 -0.300000
v -0.681500 0.099422 -0.300000
v -0.821500 0.099422 0.300000
v -0.681500 0.099422 0.300000
v -0.681500 0.108000 0.300000
v -0.821500 0.099422 0.300000
v -0.681500 0.108000 0.300000
v -0.687500 0.113000 0.300000
v -0.821500 0.099422 0.300000
v -0.687500 0.113000 0.300000
v -0.725500 0.124000 0.300000
v -0.821500 0.099422 0.300000
v -0.725500 0.124000 0.300000
v -0.739500 0.134000 0.300000
v -0.738500 0.219000 0.300000
v -0.724500 0.225000 0.300000
v -0.718500 0.231000 0.300000
v -0.738500 0.219000 0.300000
v -0.718500 0.231000 0.300000
v -0.717500 0.239000 0.300000
v -0.738500 0.219000 0.300000
v -0.717500 0.239000 0.300000
v -0.717500 0.254000 0.300000
v -0.738500 0.219000 0.300000
v -0.717500 0.254000 0.300000
v -0.719500 0.260000 0.300000
v -0.738500 0.219000 0.300000
v -0.719500 0.260000 0.300000
v -0.725500 0.264280 0.300000
v -0.742500 0.207000 0.300000
v -0.738500 0.219000 0.300000
v -0.725500 0.264280 0.300000
v -0.742500 0.207000 0.300000
v -0.725500 0.264280 0.300000
v -0.777500 0.264280 0.300000
v -0.742500 0.207000 0.300000
v -0.777500 0.264280 0.300000
v -0.783500 0.260000 0.300000
v -0.742500 0.207000 0.300000
v -0.783500 0.260000 0.300000
v -0.785500 0.254000 0.300000
v -0.742500 0.207000 0.300000
v -0.785500 0.254000 0.300000
v -0.785500 0.239000 0.300000
v -0.742500 0.207000 0.300000
v -0.785500 0.239000 0.300000
v -0.784500 0.231000 0.300000
v -0.784500 0.231000 0.300000
v -0.778500 0.225000 0.300000
v -0.764500 0.219000 0.300000
v -0.742500 0.207000 0.300000
v -0.784500 0.231000 0.300000
v -0.764500 0.219000 0.300000
v -0.742500 0.207000 0.300000
v -0.764500 0.219000 0.300000
v -0.760500 0.207000 0.300000
v -0.742500 0.145000 0.300000
v -0.742500 0.207000 0.300000
v -0.760500 0.207000 0.300000
v -0.739500 0.134000 0.300000
v -0.742500 0.145000 0.300000
v -0.760500 0.207000 0.300000
v -0.739500 0.134000 0.300000
v -0.760500 0.207000 0.300000
v -0.760500 0.145000 0.300000
v -0.739500 0.134000 0.300000
v -0.760500 0.145000 0.300000
v -0.763500 0.134000 0.300000
v -0.739500 0.134000 0.300000
v -0.763500 0.134000 0.300000
v -0.777500 0.124000 0.300000
v -0.821500 0.099422 0.300000
v -0.739500 0.134000 0.300000
v -0.777500 0.124000 0.300000
v -0.821500 0.099422 0.300000
v -0.777500 0.124000 0.300000
v -0.815500 0.113000 0.300000
v -0.815500 0.113000 0.300000
v -0.821500 0.108000 0.300000
v -0.821500 0.099422 0.300000
v 0.675500 0.085422 -0.101000
v 0.681500 0.085422 -0.107000
v 0.821500 0.085422 -0.107000
v 0.675500 0.085422 -0.101000
v 0.821500 0.085422 -0.107000
v 0.827500 0.085422 -0.101000
v 0.675500 0.085422 -0.101000
v 0.827500 0.085422 -0.101000
v 0.827500 0.085422 0.101000
v 0.675500 0.085422 -0.101000
v 0.827500 0.085422 0.101000
v 0.821500 0.085422 0.107000
v 0.675500 0.085422 -0.101000
v 0.821500 0.085422 0.107000
v 0.681500 0.085422 0.107000
v 0.681500 0.085422 0.107000
v 0.675500 0.085422 0.101000
v 0.675500 0.085422 -0.101000
v 0.681500 0.095422 -0.107000
v 0.675500 0.095422 -0.101000
v 0.675500 0.095422 0.101000
v 0.681500 0.095422 -0.107000
v 0.675500 0.095422 0.101000
v 0.681500 0.095422 0.107000
v 0.681500 0.095422 -0.107000
v 0.681500 0.095422 0.107000
v 0.821500 0.095422 0.107000
v 0.681500 0.095422 -0.107000
v 0.821500 0.095422 0.107000
v 0.827500 0.095422 0.101000
v 0.681500 0.095422 -0.107000
v 0.827500 0.095422 0.101000
v 0.827500 0.095422 -0.101000
v 0.827500 0.095422 -0.101000
v 0.821500 0.095422 -0.107000
v 0.681500 0.095422 -0.107000
v 0.681500 0.095422 -0.107000
v 0.821500 0.095422 -0.107000
v 0.821500 0.085422 -0.107000
v 0.681500 0.085422 -0.107000
v 0.821500 0.095422 -0.107000
v 0.827500 0.095422 -0.101000
v 0.827500 0.085422 -0.101000
v 0.821500 0.085422 -0.107000
v 0.827500 0.095422 -0.101000
v 0.827500 0.095422 0.101000
v 0.827500 0.085422 0.101000
v 0.827500 0.085422 -0.101000
v 0.827500 0.095422 0.101000
v 0.821500 0.095422 0.107000
v 0.821500 0.085422 0.107000
v 0.827500 0.085422 0.101000
v 0.821500 0.095422 0.107000
v 0.681500 0.095422 0.107000
v 0.681500 0.085422 0.107000
v 0.821500 0.085422 0.107000
v 0.681500 0.095422 0.107000
v 0.675500 0.095422 0.101000
v 0.675500 0.085422 0.101000
v 0.681500 0.085422 0.107000
v 0.675500 0.095422 0.101000
v 0.675500 0.095422 -0.101000
v 0.675500 0.085422 -0.101000
v 0.675500 0.085422 0.101000
v 0.675500 0.095422 -0.101000
v 0.681500 0.095422 -0.107000
v 0.681500 0.085422 -0.107000
v 0.675500 0.085422 -0.101000
v 0.676500 0.095422 -0.100000
v 0.682500 0.095422 -0.106000
v 0.820500 0.095422 -0.106000
v 0.676500 0.095422 -0.100000
v 0.820500 0.095422 -0.106000
v 0.826500 0.095422 -0.100000
v 0.676500 0.095422 -0.100000
v 0.826500 0.095422 -0.100000
v 0.826500 0.095422 0.100000
v 0.676500 0.095422 -0.100000
v 0.826500 0.095422 0.100000
v 0.820500 0.095422 0.106000
v 0.676500 0.095422 -0.100000
v 0.820500 0.095422 0.106000
v 0.682500 0.095422 0.106000
v 0.682500 0.095422 0.106000
v 0.676500 0.095422 0.100000
v 0.676500 0.095422 -0.100000
v 0.682500 0.099422 -0.106000
v 0.676500 0.099422 -0.100000
v 0.676500 0.099422 0.100000
v 0.682500 0.099422 -0.106000
v 0.676500 0.099422 0.100000
v 0.682500 0.099422 0.106000
v 0.682500 0.099422 -0.106000
v 0.682500 0.099422 0.106000
v 0.820500 0.099422 0.106000
v 0.682500 0.099422 -0.106000
v 0.820500 0.099422 0.106000
v 0.826500 0.099422 0.100000
v 0.682500 0.099422 -0.106000
v 0.826500 0.099422 0.100000
v 0.826500 0.099422 -0.100000
v 0.826500 0.099422 -0.100000
v 0.820500 0.099422 -0.106000
v 0.682500 0.099422 -0.106000
v 0.682500 0.099422 -0.106000
v 0.820500 0.099422 -0.106000
v 0.820500 0.095422 -0.106000
v 0.682500 0.095422 -0.106000
v 0.820500 0.099422 -0.106000
v 0.826500 0.099422 -0.100000
v 0.826500 0.095422 -0.100000
v 0.820500 0.095422 -0.106000
v 0.826500 0.099422 -0.100000
v 0.826500 0.099422 0.100000
v 0.826500 0.095422 0.100000
v 0.826500 0.095422 -0.100000
v 0.826500 0.099422 0.100000
v 0.820500 0.099422 0.106000
v 0.820500 0.095422 0.106000
v 0.826500 0.095422 0.100000
v 0.820500 0.099422 0.106000
v 0.682500 0.099422 0.106000
v 0.682500 0.095422 0.106000
v 0.820500 0.095422 0.106000
v 0.682500 0.099422 0.106000
v 0.676500 0.099422 0.100000
v 0.676500 0.095422 0.100000
v 0.682500 0.095422 0.106000
v 0.676500 0.099422 0.100000
v 0.676500 0.099422 -0.100000
v 0.676500 0.095422 -0.100000
v 0.676500 0.095422 0.100000
v 0.676500 0.099422 -0.100000
v 0.682500 0.099422 -0.106000
v 0.682500 0.095422 -0.106000
v 0.676500 0.095422 -0.100000
v 0.556500 0.085422 -0.100000
v 0.559500 0.085422 -0.103000
v 0.679500 0.085422 -0.103000
v 0.556500 0.085422 -0.100000
v 0.679500 0.085422 -0.103000
v 0.682500 0.085422 -0.100000
v 0.556500 0.085422 -0.100000
v 0.682500 0.085422 -0.100000
v 0.682500 0.085422 0.100000
v 0.556500 0.085422 -0.100000
v 0.682500 0.085422 0.100000
v 0.679500 0.085422 0.103000
v 0.556500 0.085422 -0.100000
v 0.679500 0.085422 0.103000
v 0.559500 0.085422 0.103000
v 0.559500 0.085422 0.103000
v 0.556500 0.085422 0.100000
v 0.556500 0.085422 -0.100000
v 0.559500 0.095422 -0.103000
v 0.556500 0.095422 -0.100000
v 0.556500 0.095422 0.100000
v 0.559500 0.095422 -0.103000
v 0.556500 0.095422 0.100000
v 0.559500 0.095422 0.103000
v 0.559500 0.095422 -0.103000
v 0.559500 0.095422 0.103000
v 0.679500 0.095422 0.103000
v 0.559500 0.095422 -0.103000
v 0.679500 0.095422 0.103000
v 0.682500 0.095422 0.100000
v 0.559500 0.095422 -0.103000
v 0.682500 0.095422 0.100000
v 0.682500 0.095422 -0.100000
v 0.682500 0.095422 -0.100000
v 0.679500 0.095422 -0.103000
v 0.559500 0.095422 -0.103000
v 0.559500 0.095422 -0.103000
v 0.679500 0.095422 -0.103000
v 0.679500 0.085422 -0.103000
v 0.559500 0.085422 -0.103000
v 0.679500 0.095422 -0.103000
v 0.682500 0.095422 -0.100000
v 0.682500 0.085422 -0.100000
v 0.679500 0.085422 -0.103000
v 0.682500 0.095422 -0.100000
v 0.682500 0.095422 0.100000
v 0.682500 0.085422 0.100000
v 0.682500 0.085422 -0.100000
v 0.682500 0.095422 0.100000
v 0.679500 0.095422 0.103000
v 0.679500 0.085422 0.103000
v 0.682500 0.085422 0.100000
v 0.679500 0.095422 0.103000
v 0.559500 0.095422 0.103000
v 0.559500 0.085422 0.103000
v 0.679500 0.085422 0.103000
v 0.559500 0.095422 0.103000
v 0.556500 0.095422 0.100000
v 0.556500 0.085422 0.100000
v 0.559500 0.085422 0.103000
v 0.556500 0.095422 0.100000
v 0.556500 0.095422 -0.100000
v 0.556500 0.085422 -0.100000
v 0.556500 0.085422 0.100000
v 0.556500 0.095422 -0.100000
v 0.559500 0.095422 -0.103000
v 0.559500 0.085422 -0.103000
v 0.556500 0.085422 -0.100000
v 0.552500 0.095422 -0.105000
v 0.554500 0.095422 -0.107000
v 0.566500 0.095422 -0.107000
v 0.552500 0.095422 -0.105000
v 0.566500 0.095422 -0.107000
v 0.568500 0.095422 -0.105000
v 0.552500 0.095422 -0.105000
v 0.568500 0.095422 -0.105000
v 0.568500 0.095422 0.105000
v 0.552500 0.095422 -0.105000
v 0.568500 0.095422 0.105000
v 0.566500 0.095422 0.107000
v 0.552500 0.095422 -0.105000
v 0.566500 0.095422 0.107000
v 0.554500 0.095422 0.107000
v 0.554500 0.095422 0.107000
v 0.552500 0.095422 0.105000
v 0.552500 0.095422 -0.105000
v 0.554500 0.126422 -0.107000
v 0.552500 0.126422 -0.105000
v 0.552500 0.126422 0.105000
v 0.554500 0.126422 -0.107000
v 0.552500 0.126422 0.105000
v 0.554500 0.126422 0.107000
v 0.554500 0.126422 -0.107000
v 0.554500 0.126422 0.107000
v 0.566500 0.126422 0.107000
v 0.554500 0.126422 -0.107000
v 0.566500 0.126422 0.107000
v 0.568500 0.126422 0.105000
v 0.554500 0.126422 -0.107000
v 0.568500 0.126422 0.105000
v 0.568500 0.126422 -0.105000
v 0.568500 0.126422 -0.105000
v 0.566500 0.126422 -0.107000
v 0.554500 0.126422 -0.107000
v 0.554500 0.126422 -0.107000
v 0.566500 0.126422 -0.107000
v 0.566500 0.095422 -0.107000
v 0.554500 0.095422 -0.107000
v 0.566500 0.126422 -0.107000
v 0.568500 0.126422 -0.105000
v 0.568500 0.095422 -0.105000
v 0.566500 0.095422 -0.107000
v 0.568500 0.126422 -0.105000
v 0.568500 0.126422 0.105000
v 0.568500 0.095422 0.105000
v 0.568500 0.095422 -0.105000
v 0.568500 0.126422 0.105000
v 0.566500 0.126422 0.107000
v 0.566500 0.095422 0.107000
v 0.568500 0.095422 0.105000
v 0.566500 0.126422 0.107000
v 0.554500 0.126422 0.107000
v 0.554500 0.095422 0.107000
v 0.566500 0.095422 0.107000
v 0.554500 0.126422 0.107000
v 0.552500 0.126422 0.105000
v 0.552500 0.095422 0.105000
v 0.554500 0.095422 0.107000
v 0.552500 0.126422 0.105000
v 0.552500 0.126422 -0.105000
v 0.552500 0.095422 -0.105000
v 0.552500 0.095422 0.105000
v 0.552500 0.126422 -0.105000
v 0.554500 0.126422 -0.107000
v 0.554500 0.095422 -0.107000
v 0.552500 0.095422 -0.105000
v 0.709500 0.119400 -0.105000
v 0.709500 0.129000 -0.105000
v 0.683500 0.123500 -0.105000
v 0.709500 0.119400 -0.105000
v 0.683500 0.123500 -0.105000
v 0.675500 0.123500 -0.105000
v 0.709500 0.119400 -0.105000
v 0.675500 0.123500 -0.105000
v 0.601500 0.109500 -0.105000
v 0.601500 0.109500 -0.105000
v 0.563500 0.109500 -0.105000
v 0.563500 0.095422 -0.105000
v 0.709500 0.119400 -0.105000
v 0.601500 0.109500 -0.105000
v 0.563500 0.095422 -0.105000
v 0.563500 0.095422 -0.105000
v 0.669500 0.095422 -0.105000
v 0.681500 0.108000 -0.105000
v 0.563500 0.095422 -0.105000
v 0.681500 0.108000 -0.105000
v 0.709500 0.119400 -0.105000
v 0.709500 0.129000 0.105000
v 0.709500 0.119400 0.105000
v 0.681500 0.108000 0.105000
v 0.681500 0.108000 0.105000
v 0.669500 0.095422 0.105000
v 0.563500 0.095422 0.105000
v 0.709500 0.129000 0.105000
v 0.681500 0.108000 0.105000
v 0.563500 0.095422 0.105000
v 0.563500 0.095422 0.105000
v 0.563500 0.109500 0.105000
v 0.601500 0.109500 0.105000
v 0.563500 0.095422 0.105000
v 0.601500 0.109500 0.105000
v 0.675500 0.123500 0.105000
v 0.563500 0.095422 0.105000
v 0.675500 0.123500 0.105000
v 0.683500 0.123500 0.105000
v 0.563500 0.095422 0.105000
v 0.683500 0.123500 0.105000
v 0.709500 0.129000 0.105000
v 0.709500 0.119400 0.105000
v 0.681500 0.108000 0.105000
v 0.681500 0.108000 -0.105000
v 0.709500 0.119400 -0.105000
v 0.681500 0.108000 0.105000
v 0.669500 0.095422 0.105000
v 0.669500 0.095422 -0.105000
v 0.681500 0.108000 -0.105000
v 0.669500 0.095422 0.105000
v 0.563500 0.095422 0.105000
v 0.563500 0.095422 -0.105000
v 0.669500 0.095422 -0.105000
v 0.563500 0.095422 0.105000
v 0.563500 0.109500 0.105000
v 0.563500 0.109500 -0.105000
v 0.563500 0.095422 -0.105000
v 0.563500 0.109500 0.105000
v 0.601500 0.109500 0.105000
v 0.601500 0.109500 -0.105000
v 0.563500 0.109500 -0.105000
v 0.601500 0.109500 0.105000
v 0.675500 0.123500 0.105000
v 0.675500 0.123500 -0.105000
v 0.601500 0.109500 -0.105000
v 0.675500 0.123500 0.105000
v 0.683500 0.123500 0.105000
v 0.683500 0.123500 -0.105000
v 0.675500 0.123500 -0.105000
v 0.683500 0.123500 0.105000
v 0.709500 0.129000 0.105000
v 0.709500 0.129000 -0.105000
v 0.683500 0.123500 -0.105000
v 0.709500 0.129000 0.105000
v 0.709500 0.119400 0.105000
v 0.709500 0.119400 -0.105000
v 0.709500 0.129000 -0.105000
v 0.626590 0.095422 -0.005878
v 0.628500 0.095422 0.000000
v 0.626590 0.095422 0.005878
v 0.626590 0.095422 -0.005878
v 0.626590 0.095422 0.005878
v 0.621590 0.095422 0.009511
v 0.626590 0.095422 -0.005878
v 0.621590 0.095422 0.009511
v 0.615410 0.095422 0.009511
v 0.626590 0.095422 -0.005878
v 0.615410 0.095422 0.009511
v 0.610410 0.095422 0.005878
v 0.626590 0.095422 -0.005878
v 0.610410 0.095422 0.005878
v 0.608500 0.095422 0.000000
v 0.626590 0.095422 -0.005878
v 0.608500 0.095422 0.000000
v 0.610410 0.095422 -0.005878
v 0.626590 0.095422 -0.005878
v 0.610410 0.095422 -0.005878
v 0.615410 0.095422 -0.009511
v 0.615410 0.095422 -0.009511
v 0.621590 0.095422 -0.009511
v 0.626590 0.095422 -0.005878
v 0.628500 0.192000 0.000000
v 0.626590 0.192000 -0.005878
v 0.621590 0.192000 -0.009511
v 0.628500 0.192000 0.000000
v 0.621590 0.192000 -0.009511
v 0.615410 0.192000 -0.009511
v 0.628500 0.192000 0.000000
v 0.615410 0.192000 -0.009511
v 0.610410 0.192000 -0.005878
v 0.628500 0.192000 0.000000
v 0.610410 0.192000 -0.005878
v 0.608500 0.192000 0.000000
v 0.628500 0.192000 0.000000
v 0.608500 0.192000 0.000000
v 0.610410 0.192000 0.005878
v 0.628500 0.192000 0.000000
v 0.610410 0.192000 0.005878
v 0.615410 0.192000 0.009511
v 0.628500 0.192000 0.000000
v 0.615410 0.192000 0.009511
v 0.621590 0.192000 0.009511
v 0.621590 0.192000 0.009511
v 0.626590 0.192000 0.005878
v 0.628500 0.192000 0.000000
v 0.628500 0.192000 0.000000
v 0.626590 0.192000 0.005878
v 0.626590 0.095422 0.005878
v 0.628500 0.095422 0.000000
v 0.626590 0.192000 0.005878
v 0.621590 0.192000 0.009511
v 0.621590 0.095422 0.009511
v 0.626590 0.095422 0.005878
v 0.621590 0.192000 0.009511
v 0.615410 0.192000 0.009511
v 0.615410 0.095422 0.009511
v 0.621590 0.095422 0.009511
v 0.615410 0.192000 0.009511
v 0.610410 0.192000 0.005878
v 0.610410 0.095422 0.005878
v 0.615410 0.095422 0.009511
v 0.610410 0.192000 0.005878
v 0.608500 0.192000 0.000000
v 0.608500 0.095422 0.000000
v 0.610410 0.095422 0.005878
v 0.608500 0.192000 0.000000
v 0.610410 0.192000 -0.005878
v 0.610410 0.095422 -0.005878
v 0.608500 0.095422 0.000000
v 0.610410 0.192000 -0.005878
v 0.615410 0.192000 -0.009511
v 0.615410 0.095422 -0.009511
v 0.610410 0.095422 -0.005878
v 0.615410 0.192000 -0.009511
v 0.621590 0.192000 -0.009511
v 0.621590 0.095422 -0.009511
v 0.615410 0.095422 -0.009511
v 0.621590 0.192000 -0.009511
v 0.626590 0.192000 -0.005878
v 0.626590 0.095422 -0.005878
v 0.621590 0.095422 -0.009511
v 0.626590 0.192000 -0.005878
v 0.628500 0.192000 0.000000
v 0.628500 0.095422 0.000000
v 0.626590 0.095422 -0.005878
v 0.644481 0.162000 -0.015000
v 0.648500 0.162000 0.000000
v 0.644481 0.162000 0.015000
v 0.644481 0.162000 -0.015000
v 0.644481 0.162000 0.015000
v 0.633500 0.162000 0.025981
v 0.644481 0.162000 -0.015000
v 0.633500 0.162000 0.025981
v 0.618500 0.162000 0.030000
v 0.644481 0.162000 -0.015000
v 0.618500 0.162000 0.030000
v 0.603500 0.162000 0.025981
v 0.644481 0.162000 -0.015000
v 0.603500 0.162000 0.025981
v 0.592519 0.162000 0.015000
v 0.644481 0.162000 -0.015000
v 0.592519 0.162000 0.015000
v 0.588500 0.162000 0.000000
v 0.644481 0.162000 -0.015000
v 0.588500 0.162000 0.000000
v 0.592519 0.162000 -0.015000
v 0.644481 0.162000 -0.015000
v 0.592519 0.162000 -0.015000
v 0.603500 0.162000 -0.025981
v 0.644481 0.162000 -0.015000
v 0.603500 0.162000 -0.025981
v 0.618500 0.162000 -0.030000
v 0.618500 0.162000 -0.030000
v 0.633500 0.162000 -0.025981
v 0.644481 0.162000 -0.015000
v 0.648500 0.168000 0.000000
v 0.644481 0.168000 -0.015000
v 0.633500 0.168000 -0.025981
v 0.648500 0.168000 0.000000
v 0.633500 0.168000 -0.025981
v 0.618500 0.168000 -0.030000
v 0.648500 0.168000 0.000000
v 0.618500 0.168000 -0.030000
v 0.603500 0.168000 -0.025981
v 0.648500 0.168000 0.000000
v 0.603500 0.168000 -0.025981
v 0.592519 0.168000 -0.015000
v 0.648500 0.168000 0.000000
v 0.592519 0.168000 -0.015000
v 0.588500 0.168000 0.000000
v 0.648500 0.168000 0.000000
v 0.588500 0.168000 0.000000
v 0.592519 0.168000 0.015000
v 0.648500 0.168000 0.000000
v 0.592519 0.168000 0.015000
v 0.603500 0.168000 0.025981
v 0.648500 0.168000 0.000000
v 0.603500 0.168000 0.025981
v 0.618500 0.168000 0.030000
v 0.648500 0.168000 0.000000
v 0.618500 0.168000 0.030000
v 0.633500 0.168000 0.025981
v 0.633500 0.168000 0.025981
v 0.644481 0.168000 0.015000
v 0.648500 0.168000 0.000000
v 0.648500 0.168000 0.000000
v 0.644481 0.168000 0.015000
v 0.644481 0.162000 0.015000
v 0.648500 0.162000 0.000000
v 0.644481 0.168000 0.015000
v 0.633500 0.168000 0.025981
v 0.633500 0.162000 0.025981
v 0.644481 0.162000 0.015000
v 0.633500 0.168000 0.025981
v 0.618500 0.168000 0.030000
v 0.618500 0.162000 0.030000
v 0.633500 0.162000 0.025981
v 0.618500 0.168000 0.030000
v 0.603500 0.168000 0.025981
v 0.603500 0.162000 0.025981
v 0.618500 0.162000 0.030000
v 0.603500 0.168000 0.025981
v 0.592519 0.168000 0.015000
v 0.592519 0.162000 0.015000
v 0.603500 0.162000 0.025981
v 0.592519 0.168000 0.015000
v 0.588500 0.168000 0.000000
v 0.588500 0.162000 0.000000
v 0.592519 0.162000 0.015000
v 0.588500 0.168000 0.000000
v 0.592519 0.168000 -0.015000
v 0.592519 0.162000 -0.015000
v 0.588500 0.162000 0.000000
v 0.592519 0.168000 -0.015000
v 0.603500 0.168000 -0.025981
v 0.603500 0.162000 -0.025981
v 0.592519 0.162000 -0.015000
v 0.603500 0.168000 -0.025981
v 0.618500 0.168000 -0.030000
v 0.618500 0.162000 -0.030000
v 0.603500 0.162000 -0.025981
v 0.618500 0.168000 -0.030000
v 0.633500 0.168000 -0.025981
v 0.633500 0.162000 -0.025981
v 0.618500 0.162000 -0.030000
v 0.633500 0.168000 -0.025981
v 0.644481 0.168000 -0.015000
v 0.644481 0.162000 -0.015000
v 0.633500 0.162000 -0.025981
v 0.644481 0.168000 -0.015000
v 0.648500 0.168000 0.000000
v 0.648500 0.162000 0.000000
v 0.644481 0.162000 -0.015000
v 0.628500 0.168000 -0.017321
v 0.638500 0.168000 0.000000
v 0.628500 0.168000 0.017321
v 0.628500 0.168000 -0.017321
v 0.628500 0.168000 0.017321
v 0.608500 0.168000 0.017321
v 0.628500 0.168000 -0.017321
v 0.608500 0.168000 0.017321
v 0.598500 0.168000 0.000000
v 0.598500 0.168000 0.000000
v 0.608500 0.168000 -0.017321
v 0.628500 0.168000 -0.017321
v 0.638500 0.186000 0.000000
v 0.628500 0.186000 -0.017321
v 0.608500 0.186000 -0.017321
v 0.638500 0.186000 0.000000
v 0.608500 0.186000 -0.017321
v 0.598500 0.186000 0.000000
v 0.638500 0.186000 0.000000
v 0.598500 0.186000 0.000000
v 0.608500 0.186000 0.017321
v 0.608500 0.186000 0.017321
v 0.628500 0.186000 0.017321
v 0.638500 0.186000 0.000000
v 0.638500 0.186000 0.000000
v 0.628500 0.186000 0.017321
v 0.628500 0.168000 0.017321
v 0.638500 0.168000 0.000000
v 0.628500 0.186000 0.017321
v 0.608500 0.186000 0.017321
v 0.608500 0.168000 0.017321
v 0.628500 0.168000 0.017321
v 0.608500 0.186000 0.017321
v 0.598500 0.186000 0.000000
v 0.598500 0.168000 0.000000
v 0.608500 0.168000 0.017321
v 0.598500 0.186000 0.000000
v 0.608500 0.186000 -0.017321
v 0.608500 0.168000 -0.017321
v 0.598500 0.168000 0.000000
v 0.608500 0.186000 -0.017321
v 0.628500 0.186000 -0.017321
v 0.628500 0.168000 -0.017321
v 0.608500 0.168000 -0.017321
v 0.628500 0.186000 -0.017321
v 0.638500 0.186000 0.000000
v 0.638500 0.168000 0.000000
v 0.628500 0.168000 -0.017321
v 0.627500 0.186000 -0.015588
v 0.636500 0.186000 0.000000
v 0.627500 0.186000 0.015588
v 0.627500 0.186000 -0.015588
v 0.627500 0.186000 0.015588
v 0.609500 0.186000 0.015588
v 0.627500 0.186000 -0.015588
v 0.609500 0.186000 0.015588
v 0.600500 0.186000 0.000000
v 0.600500 0.186000 0.000000
v 0.609500 0.186000 -0.015588
v 0.627500 0.186000 -0.015588
v 0.636500 0.189000 0.000000
v 0.627500 0.189000 -0.015588
v 0.609500 0.189000 -0.015588
v 0.636500 0.189000 0.000000
v 0.609500 0.189000 -0.015588
v 0.600500 0.189000 0.000000
v 0.636500 0.189000 0.000000
v 0.600500 0.189000 0.000000
v 0.609500 0.189000 0.015588
v 0.609500 0.189000 0.015588
v 0.627500 0.189000 0.015588
v 0.636500 0.189000 0.000000
v 0.636500 0.189000 0.000000
v 0.627500 0.189000 0.015588
v 0.627500 0.186000 0.015588
v 0.636500 0.186000 0.000000
v 0.627500 0.189000 0.015588
v 0.609500 0.189000 0.015588
v 0.609500 0.186000 0.015588
v 0.627500 0.186000 0.015588
v 0.609500 0.189000 0.015588
v 0.600500 0.189000 0.000000
v 0.600500 0.186000 0.000000
v 0.609500 0.186000 0.015588
v 0.600500 0.189000 0.000000
v 0.609500 0.189000 -0.015588
v 0.609500 0.186000 -0.015588
v 0.600500 0.186000 0.000000
v 0.609500 0.189000 -0.015588
v 0.627500 0.189000 -0.015588
v 0.627500 0.186000 -0.015588
v 0.609500 0.186000 -0.015588
v 0.627500 0.189000 -0.015588
v 0.636500 0.189000 0.000000
v 0.636500 0.186000 0.000000
v 0.627500 0.186000 -0.015588
v 0.820500 0.085422 -0.100000
v 0.823500 0.085422 -0.103000
v 0.943500 0.085422 -0.103000
v 0.820500 0.085422 -0.100000
v 0.943500 0.085422 -0.103000
v 0.946500 0.085422 -0.100000
v 0.820500 0.085422 -0.100000
v 0.946500 0.085422 -0.100000
v 0.946500 0.085422 0.100000
v 0.820500 0.085422 -0.100000
v 0.946500 0.085422 0.100000
v 0.943500 0.085422 0.103000
v 0.820500 0.085422 -0.100000
v 0.943500 0.085422 0.103000
v 0.823500 0.085422 0.103000
v 0.823500 0.085422 0.103000
v 0.820500 0.085422 0.100000
v 0.820500 0.085422 -0.100000
v 0.823500 0.095422 -0.103000
v 0.820500 0.095422 -0.100000
v 0.820500 0.095422 0.100000
v 0.823500 0.095422 -0.103000
v 0.820500 0.095422 0.100000
v 0.823500 0.095422 0.103000
v 0.823500 0.095422 -0.103000
v 0.823500 0.095422 0.103000
v 0.943500 0.095422 0.103000
v 0.823500 0.095422 -0.103000
v 0.943500 0.095422 0.103000
v 0.946500 0.095422 0.100000
v 0.823500 0.095422 -0.103000
v 0.946500 0.095422 0.100000
v 0.946500 0.095422 -0.100000
v 0.946500 0.095422 -0.100000
v 0.943500 0.095422 -0.103000
v 0.823500 0.095422 -0.103000
v 0.823500 0.095422 -0.103000
v 0.943500 0.095422 -0.103000
v 0.943500 0.085422 -0.103000
v 0.823500 0.085422 -0.103000
v 0.943500 0.095422 -0.103000
v 0.946500 0.095422 -0.100000
v 0.946500 0.085422 -0.100000
v 0.943500 0.085422 -0.103000
v 0.946500 0.095422 -0.100000
v 0.946500 0.095422 0.100000
v 0.946500 0.085422 0.100000
v 0.946500 0.085422 -0.100000
v 0.946500 0.095422 0.100000
v 0.943500 0.095422 0.103000
v 0.943500 0.085422 0.103000
v 0.946500 0.085422 0.100000
v 0.943500 0.095422 0.103000
v 0.823500 0.095422 0.103000
v 0.823500 0.085422 0.103000
v 0.943500 0.085422 0.103000
v 0.823500 0.095422 0.103000
v 0.820500 0.095422 0.100000
v 0.820500 0.085422 0.100000
v 0.823500 0.085422 0.103000
v 0.820500 0.095422 0.100000
v 0.820500 0.095422 -0.100000
v 0.820500 0.085422 -0.100000
v 0.820500 0.085422 0.100000
v 0.820500 0.095422 -0.100000
v 0.823500 0.095422 -0.103000
v 0.823500 0.085422 -0.103000
v 0.820500 0.085422 -0.100000
v 0.934500 0.095422 -0.105000
v 0.936500 0.095422 -0.107000
v 0.948500 0.095422 -0.107000
v 0.934500 0.095422 -0.105000
v 0.948500 0.095422 -0.107000
v 0.950500 0.095422 -0.105000
v 0.934500 0.095422 -0.105000
v 0.950500 0.095422 -0.105000
v 0.950500 0.095422 0.105000
v 0.934500 0.095422 -0.105000
v 0.950500 0.095422 0.105000
v 0.948500 0.095422 0.107000
v 0.934500 0.095422 -0.105000
v 0.948500 0.095422 0.107000
v 0.936500 0.095422 0.107000
v 0.936500 0.095422 0.107000
v 0.934500 0.095422 0.105000
v 0.934500 0.095422 -0.105000
v 0.936500 0.126422 -0.107000
v 0.934500 0.126422 -0.105000
v 0.934500 0.126422 0.105000
v 0.936500 0.126422 -0.107000
v 0.934500 0.126422 0.105000
v 0.936500 0.126422 0.107000
v 0.936500 0.126422 -0.107000
v 0.936500 0.126422 0.107000
v 0.948500 0.126422 0.107000
v 0.936500 0.126422 -0.107000
v 0.948500 0.126422 0.107000
v 0.950500 0.126422 0.105000
v 0.936500 0.126422 -0.107000
v 0.950500 0.126422 0.105000
v 0.950500 0.126422 -0.105000
v 0.950500 0.126422 -0.105000
v 0.948500 0.126422 -0.107000
v 0.936500 0.126422 -0.107000
v 0.936500 0.126422 -0.107000
v 0.948500 0.126422 -0.107000
v 0.948500 0.095422 -0.107000
v 0.936500 0.095422 -0.107000
v 0.948500 0.126422 -0.107000
v 0.950500 0.126422 -0.105000
v 0.950500 0.095422 -0.105000
v 0.948500 0.095422 -0.107000
v 0.950500 0.126422 -0.105000
v 0.950500 0.126422 0.105000
v 0.950500 0.095422 0.105000
v 0.950500 0.095422 -0.105000
v 0.950500 0.126422 0.105000
v 0.948500 0.126422 0.107000
v 0.948500 0.095422 0.107000
v 0.950500 0.095422 0.105000
v 0.948500 0.126422 0.107000
v 0.936500 0.126422 0.107000
v 0.936500 0.095422 0.107000
v 0.948500 0.095422 0.107000
v 0.936500 0.126422 0.107000
v 0.934500 0.126422 0.105000
v 0.934500 0.095422 0.105000
v 0.936500 0.095422 0.107000
v 0.934500 0.126422 0.105000
v 0.934500 0.126422 -0.105000
v 0.934500 0.095422 -0.105000
v 0.934500 0.095422 0.105000
v 0.934500 0.126422 -0.105000
v 0.936500 0.126422 -0.107000
v 0.936500 0.095422 -0.107000
v 0.934500 0.095422 -0.105000
v 0.793500 0.129000 -0.105000
v 0.793500 0.119400 -0.105000
v 0.821500 0.108000 -0.105000
v 0.821500 0.108000 -0.105000
v 0.833500 0.095422 -0.105000
v 0.939500 0.095422 -0.105000
v 0.793500 0.129000 -0.105000
v 0.821500 0.108000 -0.105000
v 0.939500 0.095422 -0.105000
v 0.939500 0.095422 -0.105000
v 0.939500 0.109500 -0.105000
v 0.901500 0.109500 -0.105000
v 0.939500 0.095422 -0.105000
v 0.901500 0.109500 -0.105000
v 0.827500 0.123500 -0.105000
v 0.939500 0.095422 -0.105000
v 0.827500 0.123500 -0.105000
v 0.819500 0.123500 -0.105000
v 0.939500 0.095422 -0.105000
v 0.819500 0.123500 -0.105000
v 0.793500 0.129000 -0.105000
v 0.793500 0.119400 0.105000
v 0.793500 0.129000 0.105000
v 0.819500 0.123500 0.105000
v 0.793500 0.119400 0.105000
v 0.819500 0.123500 0.105000
v 0.827500 0.123500 0.105000
v 0.793500 0.119400 0.105000
v 0.827500 0.123500 0.105000
v 0.901500 0.109500 0.105000
v 0.901500 0.109500 0.105000
v 0.939500 0.109500 0.105000
v 0.939500 0.095422 0.105000
v 0.793500 0.119400 0.105000
v 0.901500 0.109500 0.105000
v 0.939500 0.095422 0.105000
v 0.939500 0.095422 0.105000
v 0.833500 0.095422 0.105000
v 0.821500 0.108000 0.105000
v 0.939500 0.095422 0.105000
v 0.821500 0.108000 0.105000
v 0.793500 0.119400 0.105000
v 0.793500 0.119400 -0.105000
v 0.821500 0.108000 -0.105000
v 0.821500 0.108000 0.105000
v 0.793500 0.119400 0.105000
v 0.821500 0.108000 -0.105000
v 0.833500 0.095422 -0.105000
v 0.833500 0.095422 0.105000
v 0.821500 0.108000 0.105000
v 0.833500 0.095422 -0.105000
v 0.939500 0.095422 -0.105000
v 0.939500 0.095422 0.105000
v 0.833500 0.095422 0.105000
v 0.939500 0.095422 -0.105000
v 0.939500 0.109500 -0.105000
v 0.939500 0.109500 0.105000
v 0.939500 0.095422 0.105000
v 0.939500 0.109500 -0.105000
v 0.901500 0.109500 -0.105000
v 0.901500 0.109500 0.105000
v 0.939500 0.109500 0.105000
v 0.901500 0.109500 -0.105000
v 0.827500 0.123500 -0.105000
v 0.827500 0.123500 0.105000
v 0.901500 0.109500 0.105000
v 0.827500 0.123500 -0.105000
v 0.819500 0.123500 -0.105000
v 0.819500 0.123500 0.105000
v 0.827500 0.123500 0.105000
v 0.819500 0.123500 -0.105000
v 0.793500 0.129000 -0.105000
v 0.793500 0.129000 0.105000
v 0.819500 0.123500 0.105000
v 0.793500 0.129000 -0.105000
v 0.793500 0.119400 -0.105000
v 0.793500 0.119400 0.105000
v 0.793500 0.129000 0.105000
v 0.892590 0.095422 -0.005878
v 0.894500 0.095422 0.000000
v 0.892590 0.095422 0.005878
v 0.892590 0.095422 -0.005878
v 0.892590 0.095422 0.005878
v 0.887590 0.095422 0.009511
v 0.892590 0.095422 -0.005878
v 0.887590 0.095422 0.009511
v 0.881410 0.095422 0.009511
v 0.892590 0.095422 -0.005878
v 0.881410 0.095422 0.009511
v 0.876410 0.095422 0.005878
v 0.892590 0.095422 -0.005878
v 0.876410 0.095422 0.005878
v 0.874500 0.095422 0.000000
v 0.892590 0.095422 -0.005878
v 0.874500 0.095422 0.000000
v 0.876410 0.095422 -0.005878
v 0.892590 0.095422 -0.005878
v 0.876410 0.095422 -0.005878
v 0.881410 0.095422 -0.009511
v 0.881410 0.095422 -0.009511
v 0.887590 0.095422 -0.009511
v 0.892590 0.095422 -0.005878
v 0.894500 0.192000 0.000000
v 0.892590 0.192000 -0.005878
v 0.887590 0.192000 -0.009511
v 0.894500 0.192000 0.000000
v 0.887590 0.192000 -0.009511
v 0.881410 0.192000 -0.009511
v 0.894500 0.192000 0.000000
v 0.881410 0.192000 -0.009511
v 0.876410 0.192000 -0.005878
v 0.894500 0.192000 0.000000
v 0.876410 0.192000 -0.005878
v 0.874500 0.192000 0.000000
v 0.894500 0.192000 0.000000
v 0.874500 0.192000 0.000000
v 0.876410 0.192000 0.005878
v 0.894500 0.192000 0.000000
v 0.876410 0.192000 0.005878
v 0.881410 0.192000 0.009511
v 0.894500 0.192000 0.000000
v 0.881410 0.192000 0.009511
v 0.887590 0.192000 0.009511
v 0.887590 0.192000 0.009511
v 0.892590 0.192000 0.005878
v 0.894500 0.192000 0.000000
v 0.894500 0.192000 0.000000
v 0.892590 0.192000 0.005878
v 0.892590 0.095422 0.005878
v 0.894500 0.095422 0.000000
v 0.892590 0.192000 0.005878
v 0.887590 0.192000 0.009511
v 0.887590 0.095422 0.009511
v 0.892590 0.095422 0.005878
v 0.887590 0.192000 0.009511
v 0.881410 0.192000 0.009511
v 0.881410 0.095422 0.009511
v 0.887590 0.095422 0.009511
v 0.881410 0.192000 0.009511
v 0.876410 0.192000 0.005878
v 0.876410 0.095422 0.005878
v 0.881410 0.095422 0.009511
v 0.876410 0.192000 0.005878
v 0.874500 0.192000 0.000000
v 0.874500 0.095422 0.000000
v 0.876410 0.095422 0.005878
v 0.874500 0.192000 0.000000
v 0.876410 0.192000 -0.005878
v 0.876410 0.095422 -0.005878
v 0.874500 0.095422 0.000000
v 0.876410 0.192000 -0.005878
v 0.881410 0.192000 -0.009511
v 0.881410 0.095422 -0.009511
v 0.876410 0.095422 -0.005878
v 0.881410 0.192000 -0.009511
v 0.887590 0.192000 -0.009511
v 0.887590 0.095422 -0.009511
v 0.881410 0.095422 -0.009511
v 0.887590 0.192000 -0.009511
v 0.892590 0.192000 -0.005878
v 0.892590 0.095422 -0.005878
v 0.887590 0.095422 -0.009511
v 0.892590 0.192000 -0.005878
v 0.894500 0.192000 0.000000
v 0.894500 0.095422 0.000000
v 0.892590 0.095422 -0.005878
v 0.910481 0.162000 -0.015000
v 0.914500 0.162000 0.000000
v 0.910481 0.162000 0.015000
v 0.910481 0.162000 -0.015000
v 0.910481 0.162000 0.015000
v 0.899500 0.162000 0.025981
v 0.910481 0.162000 -0.015000
v 0.899500 0.162000 0.025981
v 0.884500 0.162000 0.030000
v 0.910481 0.162000 -0.015000
v 0.884500 0.162000 0.030000
v 0.869500 0.162000 0.025981
v 0.910481 0.162000 -0.015000
v 0.869500 0.162000 0.025981
v 0.858519 0.162000 0.015000
v 0.910481 0.162000 -0.015000
v 0.858519 0.162000 0.015000
v 0.854500 0.162000 0.000000
v 0.910481 0.162000 -0.015000
v 0.854500 0.162000 0.000000
v 0.858519 0.162000 -0.015000
v 0.910481 0.162000 -0.015000
v 0.858519 0.162000 -0.015000
v 0.869500 0.162000 -0.025981
v 0.910481 0.162000 -0.015000
v 0.869500 0.162000 -0.025981
v 0.884500 0.162000 -0.030000
v 0.884500 0.162000 -0.030000
v 0.899500 0.162000 -0.025981
v 0.910481 0.162000 -0.015000
v 0.914500 0.168000 0.000000
v 0.910481 0.168000 -0.015000
v 0.899500 0.168000 -0.025981
v 0.914500 0.168000 0.000000
v 0.899500 0.168000 -0.025981
v 0.884500 0.168000 -0.030000
v 0.914500 0.168000 0.000000
v 0.884500 0.168000 -0.030000
v 0.869500 0.168000 -0.025981
v 0.914500 0.168000 0.000000
v 0.869500 0.168000 -0.025981
v 0.858519 0.168000 -0.015000
v 0.914500 0.168000 0.000000
v 0.858519 0.168000 -0.015000
v 0.854500 0.168000 0.000000
v 0.914500 0.168000 0.000000
v 0.854500 0.168000 0.000000
v 0.858519 0.168000 0.015000
v 0.914500 0.168000 0.000000
v 0.858519 0.168000 0.015000
v 0.869500 0.168000 0.025981
v 0.914500 0.168000 0.000000
v 0.869500 0.168000 0.025981
v 0.884500 0.168000 0.030000
v 0.914500 0.168000 0.000000
v 0.884500 0.168000 0.030000
v 0.899500 0.168000 0.025981
v 0.899500 0.168000 0.025981
v 0.910481 0.168000 0.015000
v 0.914500 0.168000 0.000000
v 0.914500 0.168000 0.000000
v 0.910481 0.168000 0.015000
v 0.910481 0.162000 0.015000
v 0.914500 0.162000 0.000000
v 0.910481 0.168000 0.015000
v 0.899500 0.168000 0.025981
v 0.899500 0.162000 0.025981
v 0.910481 0.162000 0.015000
v 0.899500 0.168000 0.025981
v 0.884500 0.168000 0.030000
v 0.884500 0.162000 0.030000
v 0.899500 0.162000 0.025981
v 0.884500 0.168000 0.030000
v 0.869500 0.168000 0.025981
v 0.869500 0.162000 0.025981
v 0.884500 0.162000 0.030000
v 0.869500 0.168000 0.025981
v 0.858519 0.168000 0.015000
v 0.858519 0.162000 0.015000
v 0.869500 0.162000 0.025981
v 0.858519 0.168000 0.015000
v 0.854500 0.168000 0.000000
v 0.854500 0.162000 0.000000
v 0.858519 0.162000 0.015000
v 0.854500 0.168000 0.000000
v 0.858519 0.168000 -0.015000
v 0.858519 0.162000 -0.015000
v 0.854500 0.162000 0.000000
v 0.858519 0.168000 -0.015000
v 0.869500 0.168000 -0.025981
v 0.869500 0.162000 -0.025981
v 0.858519 0.162000 -0.015000
v 0.869500 0.168000 -0.025981
v 0.884500 0.168000 -0.030000
v 0.884500 0.162000 -0.030000
v 0.869500 0.162000 -0.025981
v 0.884500 0.168000 -0.030000
v 0.899500 0.168000 -0.025981
v 0.899500 0.162000 -0.025981
v 0.884500 0.162000 -0.030000
v 0.899500 0.168000 -0.025981
v 0.910481 0.168000 -0.015000
v 0.910481 0.162000 -0.015000
v 0.899500 0.162000 -0.025981
v 0.910481 0.168000 -0.015000
v 0.914500 0.168000 0.000000
v 0.914500 0.162000 0.000000
v 0.910481 0.162000 -0.015000
v 0.894500 0.168000 -0.017321
v 0.904500 0.168000 0.000000
v 0.894500 0.168000 0.017321
v 0.894500 0.168000 -0.017321
v 0.894500 0.168000 0.017321
v 0.874500 0.168000 0.017321
v 0.894500 0.168000 -0.017321
v 0.874500 0.168000 0.017321
v 0.864500 0.168000 0.000000
v 0.864500 0.168000 0.000000
v 0.874500 0.168000 -0.017321
v 0.894500 0.168000 -0.017321
v 0.904500 0.186000 0.000000
v 0.894500 0.186000 -0.017321
v 0.874500 0.186000 -0.017321
v 0.904500 0.186000 0.000000
v 0.874500 0.186000 -0.017321
v 0.864500 0.186000 0.000000
v 0.904500 0.186000 0.000000
v 0.864500 0.186000 0.000000
v 0.874500 0.186000 0.017321
v 0.874500 0.186000 0.017321
v 0.894500 0.186000 0.017321
v 0.904500 0.186000 0.000000
v 0.904500 0.186000 0.000000
v 0.894500 0.186000 0.017321
v 0.894500 0.168000 0.017321
v 0.904500 0.168000 0.000000
v 0.894500 0.186000 0.017321
v 0.874500 0.186000 0.017321
v 0.874500 0.168000 0.017321
v 0.894500 0.168000 0.017321
v 0.874500 0.186000 0.017321
v 0.864500 0.186000 0.000000
v 0.864500 0.168000 0.000000
v 0.874500 0.168000 0.017321
v 0.864500 0.186000 0.000000
v 0.874500 0.186000 -0.017321
v 0.874500 0.168000 -0.017321
v 0.864500 0.168000 0.000000
v 0.874500 0.186000 -0.017321
v 0.894500 0.186000 -0.017321
v 0.894500 0.168000 -0.017321
v 0.874500 0.168000 -0.017321
v 0.894500 0.186000 -0.017321
v 0.904500 0.186000 0.000000
v 0.904500 0.168000 0.000000
v 0.894500 0.168000 -0.017321
v 0.893500 0.186000 -0.015588
v 0.902500 0.186000 0.000000
v 0.893500 0.186000 0.015588
v 0.893500 0.186000 -0.015588
v 0.893500 0.186000 0.015588
v 0.875500 0.186000 0.015588
v 0.893500 0.186000 -0.015588
v 0.875500 0.186000 0.015588
v 0.866500 0.186000 0.000000
v 0.866500 0.186000 0.000000
v 0.875500 0.186000 -0.015588
v 0.893500 0.186000 -0.015588
v 0.902500 0.189000 0.000000
v 0.893500 0.189000 -0.015588
v 0.875500 0.189000 -0.015588
v 0.902500 0.189000 0.000000
v 0.875500 0.189000 -0.015588
v 0.866500 0.189000 0.000000
v 0.902500 0.189000 0.000000
v 0.866500 0.189000 0.000000
v 0.875500 0.189000 0.015588
v 0.875500 0.189000 0.015588
v 0.893500 0.189000 0.015588
v 0.902500 0.189000 0.000000
v 0.902500 0.189000 0.000000
v 0.893500 0.189000 0.015588
v 0.893500 0.186000 0.015588
v 0.902500 0.186000 0.000000
v 0.893500 0.189000 0.015588
v 0.875500 0.189000 0.015588
v 0.875500 0.186000 0.015588
v 0.893500 0.186000 0.015588
v 0.875500 0.189000 0.015588
v 0.866500 0.189000 0.000000
v 0.866500 0.186000 0.000000
v 0.875500 0.186000 0.015588
v 0.866500 0.189000 0.000000
v 0.875500 0.189000 -0.015588
v 0.875500 0.186000 -0.015588
v 0.866500 0.186000 0.000000
v 0.875500 0.189000 -0.015588
v 0.893500 0.189000 -0.015588
v 0.893500 0.186000 -0.015588
v 0.875500 0.186000 -0.015588
v 0.893500 0.189000 -0.015588
v 0.902500 0.189000 0.000000
v 0.902500 0.186000 0.000000
v 0.893500 0.186000 -0.015588
v 0.821500 0.099422 -0.300000
v 0.821500 0.108000 -0.300000
v 0.821500 0.108000 0.300000
v 0.821500 0.099422 0.300000
v 0.821500 0.108000 -0.300000
v 0.815500 0.113000 -0.300000
v 0.815500 0.113000 0.300000
v 0.821500 0.108000 0.300000
v 0.815500 0.113000 -0.300000
v 0.777500 0.124000 -0.300000
v 0.777500 0.124000 0.300000
v 0.815500 0.113000 0.300000
v 0.777500 0.124000 -0.300000
v 0.763500 0.134000 -0.300000
v 0.763500 0.134000 0.300000
v 0.777500 0.124000 0.300000
v 0.763500 0.134000 -0.300000
v 0.760500 0.145000 -0.300000
v 0.760500 0.145000 0.300000
v 0.763500 0.134000 0.300000
v 0.760500 0.145000 -0.300000
v 0.760500 0.207000 -0.300000
v 0.760500 0.207000 0.300000
v 0.760500 0.145000 0.300000
v 0.760500 0.207000 -0.300000
v 0.764500 0.219000 -0.300000
v 0.764500 0.219000 0.300000
v 0.760500 0.207000 0.300000
v 0.764500 0.219000 -0.300000
v 0.778500 0.225000 -0.300000
v 0.778500 0.225000 0.300000
v 0.764500 0.219000 0.300000
v 0.778500 0.225000 -0.300000
v 0.784500 0.231000 -0.300000
v 0.784500 0.231000 0.300000
v 0.778500 0.225000 0.300000
v 0.784500 0.231000 -0.300000
v 0.785500 0.239000 -0.300000
v 0.785500 0.239000 0.300000
v 0.784500 0.231000 0.300000
v 0.785500 0.239000 -0.300000
v 0.785500 0.254000 -0.300000
v 0.785500 0.254000 0.300000
v 0.785500 0.239000 0.300000
v 0.785500 0.254000 -0.300000
v 0.783500 0.260000 -0.300000
v 0.783500 0.260000 0.300000
v 0.785500 0.254000 0.300000
v 0.783500 0.260000 -0.300000
v 0.777500 0.264280 -0.300000
v 0.777500 0.264280 0.300000
v 0.783500 0.260000 0.300000
v 0.777500 0.264280 -0.300000
v 0.725500 0.264280 -0.300000
v 0.725500 0.264280 0.300000
v 0.777500 0.264280 0.300000
v 0.725500 0.264280 -0.300000
v 0.719500 0.260000 -0.300000
v 0.719500 0.260000 0.300000
v 0.725500 0.264280 0.300000
v 0.719500 0.260000 -0.300000
v 0.717500 0.254000 -0.300000
v 0.717500 0.254000 0.300000
v 0.719500 0.260000 0.300000
v 0.717500 0.254000 -0.300000
v 0.717500 0.239000 -0.300000
v 0.717500 0.239000 0.300000
v 0.717500 0.254000 0.300000
v 0.717500 0.239000 -0.300000
v 0.718500 0.231000 -0.300000
v 0.718500 0.231000 0.300000
v 0.717500 0.239000 0.300000
v 0.718500 0.231000 -0.300000
v 0.724500 0.225000 -0.300000
v 0.724500 0.225000 0.300000
v 0.718500 0.231000 0.300000
v 0.724500 0.225000 -0.300000
v 0.738500 0.219000 -0.300000
v 0.738500 0.219000 0.300000
v 0.724500 0.225000 0.300000
v 0.738500 0.219000 -0.300000
v 0.742500 0.207000 -0.300000
v 0.742500 0.207000 0.300000
v 0.738500 0.219000 0.300000
v 0.742500 0.207000 -0.300000
v 0.742500 0.145000 -0.300000
v 0.742500 0.145000 0.300000
v 0.742500 0.207000 0.300000
v 0.742500 0.145000 -0.300000
v 0.739500 0.134000 -0.300000
v 0.739500 0.134000 0.300000
v 0.742500 0.145000 0.300000
v 0.739500 0.134000 -0.300000
v 0.725500 0.124000 -0.300000
v 0.725500 0.124000 0.300000
v 0.739500 0.134000 0.300000
v 0.725500 0.124000 -0.300000
v 0.687500 0.113000 -0.300000
v 0.687500 0.113000 0.300000
v 0.725500 0.124000 0.300000
v 0.687500 0.113000 -0.300000
v 0.681500 0.108000 -0.300000
v 0.681500 0.108000 0.300000
v 0.687500 0.113000 0.300000
v 0.681500 0.108000 -0.300000
v 0.681500 0.099422 -0.300000
v 0.681500 0.099422 0.300000
v 0.681500 0.108000 0.300000
v 0.681500 0.099422 -0.300000
v 0.821500 0.099422 -0.300000
v 0.821500 0.099422 0.300000
v 0.681500 0.099422 0.300000
v 0.821500 0.099422 -0.300000
v 0.681500 0.099422 -0.300000
v 0.681500 0.108000 -0.300000
v 0.821500 0.099422 -0.300000
v 0.681500 0.108000 -0.300000
v 0.687500 0.113000 -0.300000
v 0.821500 0.099422 -0.300000
v 0.687500 0.113000 -0.300000
v 0.725500 0.124000 -0.300000
v 0.821500 0.099422 -0.300000
v 0.725500 0.124000 -0.300000
v 0.739500 0.134000 -0.300000
v 0.738500 0.219000 -0.300000
v 0.724500 0.225000 -0.300000
v 0.718500 0.231000 -0.300000
v 0.738500 0.219000 -0.300000
v 0.718500 0.231000 -0.300000
v 0.717500 0.239000 -0.300000
v 0.738500 0.219000 -0.300000
v 0.717500 0.239000 -0.300000
v 0.717500 0.254000 -0.300000
v 0.738500 0.219000 -0.300000
v 0.717500 0.254000 -0.300000
v 0.719500 0.260000 -0.300000
v 0.738500 0.219000 -0.300000
v 0.719500 0.260000 -0.300000
v 0.725500 0.264280 -0.300000
v 0.742500 0.207000 -0.300000
v 0.738500 0.219000 -0.300000
v 0.725500 0.264280 -0.300000
v 0.742500 0.207000 -0.300000
v 0.725500 0.264280 -0.300000
v 0.777500 0.264280 -0.300000
v 0.742500 0.207000 -0.300000
v 0.777500 0.264280 -0.300000
v 0.783500 0.260000 -0.300000
v 0.742500 0.207000 -0.300000
v 0.783500 0.260000 -0.300000
v 0.785500 0.254000 -0.300000
v 0.742500 0.207000 -0.300000
v 0.785500 0.254000 -0.300000
v 0.785500 0.239000 -0.300000
v 0.742500 0.207000 -0.300000
v 0.785500 0.239000 -0.300000
v 0.784500 0.231000 -0.300000
v 0.784500 0.231000 -0.300000
v 0.778500 0.225000 -0.300000
v 0.764500 0.219000 -0.300000
v 0.742500 0.207000 -0.300000
v 0.784500 0.231000 -0.300000
v 0.764500 0.219000 -0.300000
v 0.742500 0.207000 -0.300000
v 0.764500 0.219000 -0.300000
v 0.760500 0.207000 -0.300000
v 0.742500 0.145000 -0.300000
v 0.742500 0.207000 -0.300000
v 0.760500 0.207000 -0.300000
v 0.739500 0.134000 -0.300000
v 0.742500 0.145000 -0.300000
v 0.760500 0.207000 -0.300000
v 0.739500 0.134000 -0.300000
v 0.760500 0.207000 -0.300000
v 0.760500 0.145000 -0.300000
v 0.739500 0.134000 -0.300000
v 0.760500 0.145000 -0.300000
v 0.763500 0.134000 -0.300000
v 0.739500 0.134000 -0.300000
v 0.763500 0.134000 -0.300000
v 0.777500 0.124000 -0.300000
v 0.821500 0.099422 -0.300000
v 0.739500 0.134000 -0.300000
v 0.777500 0.124000 -0.300000
v 0.821500 0.099422 -0.300000
v 0.777500 0.124000 -0.300000
v 0.815500 0.113000 -0.300000
v 0.815500 0.113000 -0.300000
v 0.821500 0.108000 -0.300000
v 0.821500 0.099422 -0.300000
v 0.681500 0.099422 0.300000
v 0.821500 0.099422 0.300000
v 0.821500 0.108000 0.300000
v 0.681500 0.099422 0.300000
v 0.821500 0.108000 0.300000
v 0.815500 0.113000 0.300000
v 0.681500 0.099422 0.300000
v 0.815500 0.113000 0.300000
v 0.777500 0.124000 0.300000
v 0.681500 0.099422 0.300000
v 0.777500 0.124000 0.300000
v 0.763500 0.134000 0.300000
v 0.764500 0.219000 0.300000
v 0.778500 0.225000 0.300000
v 0.784500 0.231000 0.300000
v 0.764500 0.219000 0.300000
v 0.784500 0.231000 0.300000
v 0.785500 0.239000 0.300000
v 0.764500 0.219000 0.300000
v 0.785500 0.239000 0.300000
v 0.785500 0.254000 0.300000
v 0.764500 0.219000 0.300000
v 0.785500 0.254000 0.300000
v 0.783500 0.260000 0.300000
v 0.764500 0.219000 0.300000
v 0.783500 0.260000 0.300000
v 0.777500 0.264280 0.300000
v 0.760500 0.207000 0.300000
v 0.764500 0.219000 0.300000
v 0.777500 0.264280 0.300000
v 0.760500 0.207000 0.300000
v 0.777500 0.264280 0.300000
v 0.725500 0.264280 0.300000
v 0.760500 0.207000 0.300000
v 0.725500 0.264280 0.300000
v 0.719500 0.260000 0.300000
v 0.760500 0.207000 0.300000
v 0.719500 0.260000 0.300000
v 0.717500 0.254000 0.300000
v 0.760500 0.207000 0.300000
v 0.717500 0.254000 0.300000
v 0.717500 0.239000 0.300000
v 0.760500 0.207000 0.300000
v 0.717500 0.239000 0.300000
v 0.718500 0.231000 0.300000
v 0.718500 0.231000 0.300000
v 0.724500 0.225000 0.300000
v 0.738500 0.219000 0.300000
v 0.760500 0.207000 0.300000
v 0.718500 0.231000 0.300000
v 0.738500 0.219000 0.300000
v 0.760500 0.207000 0.300000
v 0.738500 0.219000 0.300000
v 0.742500 0.207000 0.300000
v 0.760500 0.145000 0.300000
v 0.760500 0.207000 0.300000
v 0.742500 0.207000 0.300000
v 0.763500 0.134000 0.300000
v 0.760500 0.145000 0.300000
v 0.742500 0.207000 0.300000
v 0.763500 0.134000 0.300000
v 0.742500 0.207000 0.300000
v 0.742500 0.145000 0.300000
v 0.763500 0.134000 0.300000
v 0.742500 0.145000 0.300000
v 0.739500 0.134000 0.300000
v 0.763500 0.134000 0.300000
v 0.739500 0.134000 0.300000
v 0.725500 0.124000 0.300000
v 0.681500 0.099422 0.300000
v 0.763500 0.134000 0.300000
v 0.725500 0.124000 0.300000
v 0.681500 0.099422 0.300000
v 0.725500 0.124000 0.300000
v 0.687500 0.113000 0.300000
v 0.687500 0.113000 0.300000
v 0.681500 0.108000 0.300000
v 0.681500 0.099422 0.300000
vt 0.01062500 0.01585821
vt 0.32937500 0.01585821
vt 0.32937500 0.49160448
vt 0.01062500 0.49160448
vt 0.01062500 0.49160448
vt 0.32937500 0.49160448
vt 0.32937500 0.01585821
vt 0.01062500 0.01585821
vt 0.01062500 0.49160448
vt 0.32937500 0.49160448
vt 0.32937500 0.01585821
vt 0.01062500 0.01585821
vt 0.01062500 0.49160448
vt 0.32937500 0.49160448
vt 0.32937500 0.01585821
vt 0.01062500 0.01585821
vt 0.01062500 0.49160448
vt 0.32937500 0.49160448
vt 0.32937500 0.01585821
vt 0.01062500 0.01585821
vt 0.01062500 0.49160448
vt 0.32937500 0.49160448
vt 0.32937500 0.01585821
vt 0.01062500 0.01585821
vt 0.01062500 0.01585821
vt 0.32937500 0.01585821
vt 0.32937500 0.49160448
vt 0.01062500 0.49160448
vt 0.01062500 0.49160448
vt 0.32937500 0.49160448
vt 0.32937500 0.01585821
vt 0.01062500 0.01585821
vt 0.01062500 0.49160448
vt 0.32937500 0.49160448
vt 0.32937500 0.01585821
vt 0.01062500 0.01585821
vt 0.01062500 0.49160448
vt 0.32937500 0.49160448
vt 0.32937500 0.01585821
vt 0.01062500 0.01585821
vt 0.01062500 0.49160448
vt 0.32937500 0.49160448
vt 0.32937500 0.01585821
vt 0.01062500 0.01585821
vt 0.01062500 0.49160448
vt 0.32937500 0.49160448
vt 0.32937500 0.01585821
vt 0.01062500 0.01585821
vt 0.60837500 0.03017506
vt 0.61013651 0.02537313
vt 0.65123849 0.02537313
vt 0.60837500 0.03017506
vt 0.65123849 0.02537313
vt 0.65300000 0.03017506
vt 0.60837500 0.03017506
vt 0.65300000 0.03017506
vt 0.65300000 0.19183987
vt 0.60837500 0.03017506
vt 0.65300000 0.19183987
vt 0.65123849 0.19664179
vt 0.60837500 0.03017506
vt 0.65123849 0.19664179
vt 0.61013651 0.19664179
vt 0.61013651 0.19664179
vt 0.60837500 0.19183987
vt 0.60837500 0.03017506
vt 0.61013651 0.02537313
vt 0.60837500 0.03017506
vt 0.60837500 0.19183987
vt 0.61013651 0.02537313
vt 0.60837500 0.19183987
vt 0.61013651 0.19664179
vt 0.61013651 0.02537313
vt 0.61013651 0.19664179
vt 0.65123849 0.19664179
vt 0.61013651 0.02537313
vt 0.65123849 0.19664179
vt 0.65300000 0.19183987
vt 0.61013651 0.02537313
vt 0.65300000 0.19183987
vt 0.65300000 0.03017506
vt 0.65300000 0.03017506
vt 0.65123849 0.02537313
vt 0.61013651 0.02537313
vt 0.60837500 0.19664179
vt 0.65300000 0.19664179
vt 0.65300000 0.02537313
vt 0.60837500 0.02537313
vt 0.60837500 0.19664179
vt 0.65300000 0.19664179
vt 0.65300000 0.02537313
vt 0.60837500 0.02537313
vt 0.60837500 0.19664179
vt 0.65300000 0.19664179
vt 0.65300000 0.02537313
vt 0.60837500 0.02537313
vt 0.60837500 0.19664179
vt 0.65300000 0.19664179
vt 0.65300000 0.02537313
vt 0.60837500 0.02537313
vt 0.60837500 0.19664179
vt 0.65300000 0.19664179
vt 0.65300000 0.02537313
vt 0.60837500 0.02537313
vt 0.60837500 0.19664179
vt 0.65300000 0.19664179
vt 0.65300000 0.02537313
vt 0.60837500 0.02537313
vt 0.60837500 0.19664179
vt 0.65300000 0.19664179
vt 0.65300000 0.02537313
vt 0.60837500 0.02537313
vt 0.60837500 0.19664179
vt 0.65300000 0.19664179
vt 0.65300000 0.02537313
vt 0.60837500 0.02537313
vt 0.60837500 0.31566812
vt 0.61016000 0.31082090
vt 0.65121500 0.31082090
vt 0.60837500 0.31566812
vt 0.65121500 0.31082090
vt 0.65300000 0.31566812
vt 0.60837500 0.31566812
vt 0.65300000 0.31566812
vt 0.65300000 0.47724233
vt 0.60837500 0.31566812
vt 0.65300000 0.47724233
vt 0.65121500 0.48208955
vt 0.60837500 0.31566812
vt 0.65121500 0.48208955
vt 0.61016000 0.48208955
vt 0.61016000 0.48208955
vt 0.60837500 0.47724233
vt 0.60837500 0.31566812
vt 0.61016000 0.31082090
vt 0.60837500 0.31566812
vt 0.60837500 0.47724233
vt 0.61016000 0.31082090
vt 0.60837500 0.47724233
vt 0.61016000 0.48208955
vt 0.61016000 0.31082090
vt 0.61016000 0.48208955
vt 0.65121500 0.48208955
vt 0.61016000 0.31082090
vt 0.65121500 0.48208955
vt 0.65300000 0.47724233
vt 0.61016000 0.31082090
vt 0.65300000 0.47724233
vt 0.65300000 0.31566812
vt 0.65300000 0.31566812
vt 0.65121500 0.31082090
vt 0.61016000 0.31082090
vt 0.60837500 0.48208955
vt 0.65300000 0.48208955
vt 0.65300000 0.31082090
vt 0.60837500 0.31082090
vt 0.60837500 0.48208955
vt 0.65300000 0.48208955
vt 0.65300000 0.31082090
vt 0.60837500 0.31082090
vt 0.60837500 0.48208955
vt 0.65300000 0.48208955
vt 0.65300000 0.31082090
vt 0.60837500 0.31082090
vt 0.60837500 0.48208955
vt 0.65300000 0.48208955
vt 0.65300000 0.31082090
vt 0.60837500 0.31082090
vt 0.60837500 0.48208955
vt 0.65300000 0.48208955
vt 0.65300000 0.31082090
vt 0.60837500 0.31082090
vt 0.60837500 0.48208955
vt 0.65300000 0.48208955
vt 0.65300000 0.31082090
vt 0.60837500 0.31082090
vt 0.60837500 0.48208955
vt 0.65300000 0.48208955
vt 0.65300000 0.31082090
vt 0.60837500 0.31082090
vt 0.60837500 0.48208955
vt 0.65300000 0.48208955
vt 0.65300000 0.31082090
vt 0.60837500 0.31082090
vt 0.34062500 0.02278655
vt 0.34631696 0.01585821
vt 0.57399554 0.01585821
vt 0.34062500 0.02278655
vt 0.57399554 0.01585821
vt 0.57968750 0.02278655
vt 0.34062500 0.02278655
vt 0.57968750 0.02278655
vt 0.57968750 0.48467613
vt 0.34062500 0.02278655
vt 0.57968750 0.48467613
vt 0.57399554 0.49160448
vt 0.34062500 0.02278655
vt 0.57399554 0.49160448
vt 0.34631696 0.49160448
vt 0.34631696 0.49160448
vt 0.34062500 0.48467613
vt 0.34062500 0.02278655
vt 0.34631696 0.01585821
vt 0.34062500 0.02278655
vt 0.34062500 0.48467613
vt 0.34631696 0.01585821
vt 0.34062500 0.48467613
vt 0.34631696 0.49160448
vt 0.34631696 0.01585821
vt 0.34631696 0.49160448
vt 0.57399554 0.49160448
vt 0.34631696 0.01585821
vt 0.57399554 0.49160448
vt 0.57968750 0.48467613
vt 0.34631696 0.01585821
vt 0.57968750 0.48467613
vt 0.57968750 0.02278655
vt 0.57968750 0.02278655
vt 0.57399554 0.01585821
vt 0.34631696 0.01585821
vt 0.34062500 0.49160448
vt 0.57968750 0.49160448
vt 0.57968750 0.01585821
vt 0.34062500 0.01585821
vt 0.34062500 0.49160448
vt 0.57968750 0.49160448
vt 0.57968750 0.01585821
vt 0.34062500 0.01585821
vt 0.34062500 0.49160448
vt 0.57968750 0.49160448
vt 0.57968750 0.01585821
vt 0.34062500 0.01585821
vt 0.34062500 0.49160448
vt 0.57968750 0.49160448
vt 0.57968750 0.01585821
vt 0.34062500 0.01585821
vt 0.34062500 0.49160448
vt 0.57968750 0.49160448
vt 0.57968750 0.01585821
vt 0.34062500 0.01585821
vt 0.34062500 0.49160448
vt 0.57968750 0.49160448
vt 0.57968750 0.01585821
vt 0.34062500 0.01585821
vt 0.34062500 0.49160448
vt 0.57968750 0.49160448
vt 0.57968750 0.01585821
vt 0.34062500 0.01585821
vt 0.34062500 0.49160448
vt 0.57968750 0.49160448
vt 0.57968750 0.01585821
vt 0.34062500 0.01585821
vt 0.60837500 0.02697378
vt 0.61395312 0.02537313
vt 0.64742188 0.02537313
vt 0.60837500 0.02697378
vt 0.64742188 0.02537313
vt 0.65300000 0.02697378
vt 0.60837500 0.02697378
vt 0.65300000 0.02697378
vt 0.65300000 0.19504115
vt 0.60837500 0.02697378
vt 0.65300000 0.19504115
vt 0.64742188 0.19664179
vt 0.60837500 0.02697378
vt 0.64742188 0.19664179
vt 0.61395312 0.19664179
vt 0.61395312 0.19664179
vt 0.60837500 0.19504115
vt 0.60837500 0.02697378
vt 0.61395312 0.02537313
vt 0.60837500 0.02697378
vt 0.60837500 0.19504115
vt 0.61395312 0.02537313
vt 0.60837500 0.19504115
vt 0.61395312 0.19664179
vt 0.61395312 0.02537313
vt 0.61395312 0.19664179
vt 0.64742188 0.19664179
vt 0.61395312 0.02537313
vt 0.64742188 0.19664179
vt 0.65300000 0.19504115
vt 0.61395312 0.02537313
vt 0.65300000 0.19504115
vt 0.65300000 0.02697378
vt 0.65300000 0.02697378
vt 0.64742188 0.02537313
vt 0.61395312 0.02537313
vt 0.60837500 0.19664179
vt 0.65300000 0.19664179
vt 0.65300000 0.02537313
vt 0.60837500 0.02537313
vt 0.60837500 0.19664179
vt 0.65300000 0.19664179
vt 0.65300000 0.02537313
vt 0.60837500 0.02537313
vt 0.60837500 0.19664179
vt 0.65300000 0.19664179
vt 0.65300000 0.02537313
vt 0.60837500 0.02537313
vt 0.60837500 0.19664179
vt 0.65300000 0.19664179
vt 0.65300000 0.02537313
vt 0.60837500 0.02537313
vt 0.60837500 0.19664179
vt 0.65300000 0.19664179
vt 0.65300000 0.02537313
vt 0.60837500 0.02537313
vt 0.60837500 0.19664179
vt 0.65300000 0.19664179
vt 0.65300000 0.02537313
vt 0.60837500 0.02537313
vt 0.60837500 0.19664179
vt 0.65300000 0.19664179
vt 0.65300000 0.02537313
vt 0.60837500 0.02537313
vt 0.60837500 0.19664179
vt 0.65300000 0.19664179
vt 0.65300000 0.02537313
vt 0.60837500 0.02537313
vt 0.34062500 0.35558791
vt 0.34062500 0.49160448
vt 0.38319777 0.41367832
vt 0.34062500 0.35558791
vt 0.38319777 0.41367832
vt 0.39629709 0.41367832
vt 0.34062500 0.35558791
vt 0.39629709 0.41367832
vt 0.51746575 0.21532083
vt 0.51746575 0.21532083
vt 0.57968750 0.21532083
vt 0.57968750 0.01585821
vt 0.34062500 0.35558791
vt 0.51746575 0.21532083
vt 0.57968750 0.01585821
vt 0.57968750 0.01585821
vt 0.40612158 0.01585821
vt 0.38647260 0.19406824
vt 0.57968750 0.01585821
vt 0.38647260 0.19406824
vt 0.34062500 0.35558791
vt 0.34062500 0.49160448
vt 0.34062500 0.35558791
vt 0.38647260 0.19406824
vt 0.38647260 0.19406824
vt 0.40612158 0.01585821
vt 0.57968750 0.01585821
vt 0.34062500 0.49160448
vt 0.38647260 0.19406824
vt 0.57968750 0.01585821
vt 0.57968750 0.01585821
vt 0.57968750 0.21532083
vt 0.51746575 0.21532083
vt 0.57968750 0.01585821
vt 0.51746575 0.21532083
vt 0.39629709 0.41367832
vt 0.57968750 0.01585821
vt 0.39629709 0.41367832
vt 0.38319777 0.41367832
vt 0.57968750 0.01585821
vt 0.38319777 0.41367832
vt 0.34062500 0.49160448
vt 0.34062500 0.49160448
vt 0.57968750 0.49160448
vt 0.57968750 0.01585821
vt 0.34062500 0.01585821
vt 0.34062500 0.49160448
vt 0.57968750 0.49160448
vt 0.57968750 0.01585821
vt 0.34062500 0.01585821
vt 0.34062500 0.49160448
vt 0.57968750 0.49160448
vt 0.57968750 0.01585821
vt 0.34062500 0.01585821
vt 0.34062500 0.49160448
vt 0.57968750 0.49160448
vt 0.57968750 0.01585821
vt 0.34062500 0.01585821
vt 0.34062500 0.49160448
vt 0.57968750 0.49160448
vt 0.57968750 0.01585821
vt 0.34062500 0.01585821
vt 0.34062500 0.49160448
vt 0.57968750 0.49160448
vt 0.57968750 0.01585821
vt 0.34062500 0.01585821
vt 0.34062500 0.49160448
vt 0.57968750 0.49160448
vt 0.57968750 0.01585821
vt 0.34062500 0.01585821
vt 0.34062500 0.49160448
vt 0.57968750 0.49160448
vt 0.57968750 0.01585821
vt 0.34062500 0.01585821
vt 0.34062500 0.49160448
vt 0.57968750 0.49160448
vt 0.57968750 0.01585821
vt 0.34062500 0.01585821
vt 0.55685906 0.11391302
vt 0.57968750 0.25373134
vt 0.55685906 0.39354966
vt 0.55685906 0.11391302
vt 0.55685906 0.39354966
vt 0.49709344 0.47996214
vt 0.55685906 0.11391302
vt 0.49709344 0.47996214
vt 0.42321906 0.47996214
vt 0.55685906 0.11391302
vt 0.42321906 0.47996214
vt 0.36345344 0.39354966
vt 0.55685906 0.11391302
vt 0.36345344 0.39354966
vt 0.34062500 0.25373134
vt 0.55685906 0.11391302
vt 0.34062500 0.25373134
vt 0.36345344 0.11391302
vt 0.55685906 0.11391302
vt 0.36345344 0.11391302
vt 0.42321906 0.02750055
vt 0.42321906 0.02750055
vt 0.49709344 0.02750055
vt 0.55685906 0.11391302
vt 0.57968750 0.25373134
vt 0.55685906 0.11391302
vt 0.49709344 0.02750055
vt 0.57968750 0.25373134
vt 0.49709344 0.02750055
vt 0.42321906 0.02750055
vt 0.57968750 0.25373134
vt 0.42321906 0.02750055
vt 0.36345344 0.11391302
vt 0.57968750 0.25373134
vt 0.36345344 0.11391302
vt 0.34062500 0.25373134
vt 0.57968750 0.25373134
vt 0.34062500 0.25373134
vt 0.36345344 0.39354966
vt 0.57968750 0.25373134
vt 0.36345344 0.39354966
vt 0.42321906 0.47996214
vt 0.57968750 0.25373134
vt 0.42321906 0.47996214
vt 0.49709344 0.47996214
vt 0.49709344 0.47996214
vt 0.55685906 0.39354966
vt 0.57968750 0.25373134
vt 0.34062500 0.49160448
vt 0.36453125 0.49160448
vt 0.36453125 0.01585821
vt 0.34062500 0.01585821
vt 0.36453125 0.49160448
vt 0.38843750 0.49160448
vt 0.38843750 0.01585821
vt 0.36453125 0.01585821
vt 0.38843750 0.49160448
vt 0.41234375 0.49160448
vt 0.41234375 0.01585821
vt 0.38843750 0.01585821
vt 0.41234375 0.49160448
vt 0.43625000 0.49160448
vt 0.43625000 0.01585821
vt 0.41234375 0.01585821
vt 0.43625000 0.49160448
vt 0.46015625 0.49160448
vt 0.46015625 0.01585821
vt 0.43625000 0.01585821
vt 0.46015625 0.49160448
vt 0.48406250 0.49160448
vt 0.48406250 0.01585821
vt 0.46015625 0.01585821
vt 0.48406250 0.49160448
vt 0.50796875 0.49160448
vt 0.50796875 0.01585821
vt 0.48406250 0.01585821
vt 0.50796875 0.49160448
vt 0.53187500 0.49160448
vt 0.53187500 0.01585821
vt 0.50796875 0.01585821
vt 0.53187500 0.49160448
vt 0.55578125 0.49160448
vt 0.55578125 0.01585821
vt 0.53187500 0.01585821
vt 0.55578125 0.49160448
vt 0.57968750 0.49160448
vt 0.57968750 0.01585821
vt 0.55578125 0.01585821
vt 0.56367335 0.13479478
vt 0.57968750 0.25373134
vt 0.56367335 0.37266791
vt 0.56367335 0.13479478
vt 0.56367335 0.37266791
vt 0.51992188 0.45973552
vt 0.56367335 0.13479478
vt 0.51992188 0.45973552
vt 0.46015625 0.49160448
vt 0.56367335 0.13479478
vt 0.46015625 0.49160448
vt 0.40039062 0.45973552
vt 0.56367335 0.13479478
vt 0.40039062 0.45973552
vt 0.35663915 0.37266791
vt 0.56367335 0.13479478
vt 0.35663915 0.37266791
vt 0.34062500 0.25373134
vt 0.56367335 0.13479478
vt 0.34062500 0.25373134
vt 0.35663915 0.13479478
vt 0.56367335 0.13479478
vt 0.35663915 0.13479478
vt 0.40039062 0.04772717
vt 0.56367335 0.13479478
vt 0.40039062 0.04772717
vt 0.46015625 0.01585821
vt 0.46015625 0.01585821
vt 0.51992188 0.04772717
vt 0.56367335 0.13479478
vt 0.57968750 0.25373134
vt 0.56367335 0.13479478
vt 0.51992188 0.04772717
vt 0.57968750 0.25373134
vt 0.51992188 0.04772717
vt 0.46015625 0.01585821
vt 0.57968750 0.25373134
vt 0.46015625 0.01585821
vt 0.40039062 0.04772717
vt 0.57968750 0.25373134
vt 0.40039062 0.04772717
vt 0.35663915 0.13479478
vt 0.57968750 0.25373134
vt 0.35663915 0.13479478
vt 0.34062500 0.25373134
vt 0.57968750 0.25373134
vt 0.34062500 0.25373134
vt 0.35663915 0.37266791
vt 0.57968750 0.25373134
vt 0.35663915 0.37266791
vt 0.40039062 0.45973552
vt 0.57968750 0.25373134
vt 0.40039062 0.45973552
vt 0.46015625 0.49160448
vt 0.57968750 0.25373134
vt 0.46015625 0.49160448
vt 0.51992188 0.45973552
vt 0.51992188 0.45973552
vt 0.56367335 0.37266791
vt 0.57968750 0.25373134
vt 0.34062500 0.49160448
vt 0.36054687 0.49160448
vt 0.36054687 0.01585821
vt 0.34062500 0.01585821
vt 0.36054687 0.49160448
vt 0.38046875 0.49160448
vt 0.38046875 0.01585821
vt 0.36054687 0.01585821
vt 0.38046875 0.49160448
vt 0.40039062 0.49160448
vt 0.40039062 0.01585821
vt 0.38046875 0.01585821
vt 0.40039062 0.49160448
vt 0.42031250 0.49160448
vt 0.42031250 0.01585821
vt 0.40039062 0.01585821
vt 0.42031250 0.49160448
vt 0.44023438 0.49160448
vt 0.44023438 0.01585821
vt 0.42031250 0.01585821
vt 0.44023438 0.49160448
vt 0.46015625 0.49160448
vt 0.46015625 0.01585821
vt 0.44023438 0.01585821
vt 0.46015625 0.49160448
vt 0.48007813 0.49160448
vt 0.48007813 0.01585821
vt 0.46015625 0.01585821
vt 0.48007813 0.49160448
vt 0.50000000 0.49160448
vt 0.50000000 0.01585821
vt 0.48007813 0.01585821
vt 0.50000000 0.49160448
vt 0.51992187 0.49160448
vt 0.51992187 0.01585821
vt 0.50000000 0.01585821
vt 0.51992187 0.49160448
vt 0.53984375 0.49160448
vt 0.53984375 0.01585821
vt 0.51992187 0.01585821
vt 0.53984375 0.49160448
vt 0.55976563 0.49160448
vt 0.55976563 0.01585821
vt 0.53984375 0.01585821
vt 0.55976563 0.49160448
vt 0.57968750 0.49160448
vt 0.57968750 0.01585821
vt 0.55976563 0.01585821
vt 0.51992188 0.04772717
vt 0.57968750 0.25373134
vt 0.51992188 0.45973552
vt 0.51992188 0.04772717
vt 0.51992188 0.45973552
vt 0.40039062 0.45973552
vt 0.51992188 0.04772717
vt 0.40039062 0.45973552
vt 0.34062500 0.25373134
vt 0.34062500 0.25373134
vt 0.40039062 0.04772717
vt 0.51992188 0.04772717
vt 0.57968750 0.25373134
vt 0.51992188 0.04772717
vt 0.40039062 0.04772717
vt 0.57968750 0.25373134
vt 0.40039062 0.04772717
vt 0.34062500 0.25373134
vt 0.57968750 0.25373134
vt 0.34062500 0.25373134
vt 0.40039062 0.45973552
vt 0.40039062 0.45973552
vt 0.51992188 0.45973552
vt 0.57968750 0.25373134
vt 0.34062500 0.49160448
vt 0.38046875 0.49160448
vt 0.38046875 0.01585821
vt 0.34062500 0.01585821
vt 0.38046875 0.49160448
vt 0.42031250 0.49160448
vt 0.42031250 0.01585821
vt 0.38046875 0.01585821
vt 0.42031250 0.49160448
vt 0.46015625 0.49160448
vt 0.46015625 0.01585821
vt 0.42031250 0.01585821
vt 0.46015625 0.49160448
vt 0.50000000 0.49160448
vt 0.50000000 0.01585821
vt 0.46015625 0.01585821
vt 0.50000000 0.49160448
vt 0.53984375 0.49160448
vt 0.53984375 0.01585821
vt 0.50000000 0.01585821
vt 0.53984375 0.49160448
vt 0.57968750 0.49160448
vt 0.57968750 0.01585821
vt 0.53984375 0.01585821
vt 0.51992188 0.04772717
vt 0.57968750 0.25373134
vt 0.51992188 0.45973552
vt 0.51992188 0.04772717
vt 0.51992188 0.45973552
vt 0.40039062 0.45973552
vt 0.51992188 0.04772717
vt 0.40039062 0.45973552
vt 0.34062500 0.25373134
vt 0.34062500 0.25373134
vt 0.40039062 0.04772717
vt 0.51992188 0.04772717
vt 0.57968750 0.25373134
vt 0.51992188 0.04772717
vt 0.40039062 0.04772717
vt 0.57968750 0.25373134
vt 0.40039062 0.04772717
vt 0.34062500 0.25373134
vt 0.57968750 0.25373134
vt 0.34062500 0.25373134
vt 0.40039062 0.45973552
vt 0.40039062 0.45973552
vt 0.51992188 0.45973552
vt 0.57968750 0.25373134
vt 0.34062500 0.49160448
vt 0.38046875 0.49160448
vt 0.38046875 0.01585821
vt 0.34062500 0.01585821
vt 0.38046875 0.49160448
vt 0.42031250 0.49160448
vt 0.42031250 0.01585821
vt 0.38046875 0.01585821
vt 0.42031250 0.49160448
vt 0.46015625 0.49160448
vt 0.46015625 0.01585821
vt 0.42031250 0.01585821
vt 0.46015625 0.49160448
vt 0.50000000 0.49160448
vt 0.50000000 0.01585821
vt 0.46015625 0.01585821
vt 0.50000000 0.49160448
vt 0.53984375 0.49160448
vt 0.53984375 0.01585821
vt 0.50000000 0.01585821
vt 0.53984375 0.49160448
vt 0.57968750 0.49160448
vt 0.57968750 0.01585821
vt 0.53984375 0.01585821
vt 0.34062500 0.02278655
vt 0.34631696 0.01585821
vt 0.57399554 0.01585821
vt 0.34062500 0.02278655
vt 0.57399554 0.01585821
vt 0.57968750 0.02278655
vt 0.34062500 0.02278655
vt 0.57968750 0.02278655
vt 0.57968750 0.48467613
vt 0.34062500 0.02278655
vt 0.57968750 0.48467613
vt 0.57399554 0.49160448
vt 0.34062500 0.02278655
vt 0.57399554 0.49160448
vt 0.34631696 0.49160448
vt 0.34631696 0.49160448
vt 0.34062500 0.48467613
vt 0.34062500 0.02278655
vt 0.34631696 0.01585821
vt 0.34062500 0.02278655
vt 0.34062500 0.48467613
vt 0.34631696 0.01585821
vt 0.34062500 0.48467613
vt 0.34631696 0.49160448
vt 0.34631696 0.01585821
vt 0.34631696 0.49160448
vt 0.57399554 0.49160448
vt 0.34631696 0.01585821
vt 0.57399554 0.49160448
vt 0.57968750 0.48467613
vt 0.34631696 0.01585821
vt 0.57968750 0.48467613
vt 0.57968750 0.02278655
vt 0.57968750 0.02278655
vt 0.57399554 0.01585821
vt 0.34631696 0.01585821
vt 0.34062500 0.49160448
vt 0.57968750 0.49160448
vt 0.57968750 0.01585821
vt 0.34062500 0.01585821
vt 0.34062500 0.49160448
vt 0.57968750 0.49160448
vt 0.57968750 0.01585821
vt 0.34062500 0.01585821
vt 0.34062500 0.49160448
vt 0.57968750 0.49160448
vt 0.57968750 0.01585821
vt 0.34062500 0.01585821
vt 0.34062500 0.49160448
vt 0.57968750 0.49160448
vt 0.57968750 0.01585821
vt 0.34062500 0.01585821
vt 0.34062500 0.49160448
vt 0.57968750 0.49160448
vt 0.57968750 0.01585821
vt 0.34062500 0.01585821
vt 0.34062500 0.49160448
vt 0.57968750 0.49160448
vt 0.57968750 0.01585821
vt 0.34062500 0.01585821
vt 0.34062500 0.49160448
vt 0.57968750 0.49160448
vt 0.57968750 0.01585821
vt 0.34062500 0.01585821
vt 0.34062500 0.49160448
vt 0.57968750 0.49160448
vt 0.57968750 0.01585821
vt 0.34062500 0.01585821
vt 0.60837500 0.02697378
vt 0.61395312 0.02537313
vt 0.64742188 0.02537313
vt 0.60837500 0.02697378
vt 0.64742188 0.02537313
vt 0.65300000 0.02697378
vt 0.60837500 0.02697378
vt 0.65300000 0.02697378
vt 0.65300000 0.19504115
vt 0.60837500 0.02697378
vt 0.65300000 0.19504115
vt 0.64742188 0.19664179
vt 0.60837500 0.02697378
vt 0.64742188 0.19664179
vt 0.61395312 0.19664179
vt 0.61395312 0.19664179
vt 0.60837500 0.19504115
vt 0.60837500 0.02697378
vt 0.61395312 0.02537313
vt 0.60837500 0.02697378
vt 0.60837500 0.19504115
vt 0.61395312 0.02537313
vt 0.60837500 0.19504115
vt 0.61395312 0.19664179
vt 0.61395312 0.02537313
vt 0.61395312 0.19664179
vt 0.64742188 0.19664179
vt 0.61395312 0.02537313
vt 0.64742188 0.19664179
vt 0.65300000 0.19504115
vt 0.61395312 0.02537313
vt 0.65300000 0.19504115
vt 0.65300000 0.02697378
vt 0.65300000 0.02697378
vt 0.64742188 0.02537313
vt 0.61395312 0.02537313
vt 0.60837500 0.19664179
vt 0.65300000 0.19664179
vt 0.65300000 0.02537313
vt 0.60837500 0.02537313
vt 0.60837500 0.19664179
vt 0.65300000 0.19664179
vt 0.65300000 0.02537313
vt 0.60837500 0.02537313
vt 0.60837500 0.19664179
vt 0.65300000 0.19664179
vt 0.65300000 0.02537313
vt 0.60837500 0.02537313
vt 0.60837500 0.19664179
vt 0.65300000 0.19664179
vt 0.65300000 0.02537313
vt 0.60837500 0.02537313
vt 0.60837500 0.19664179
vt 0.65300000 0.19664179
vt 0.65300000 0.02537313
vt 0.60837500 0.02537313
vt 0.60837500 0.19664179
vt 0.65300000 0.19664179
vt 0.65300000 0.02537313
vt 0.60837500 0.02537313
vt 0.60837500 0.19664179
vt 0.65300000 0.19664179
vt 0.65300000 0.02537313
vt 0.60837500 0.02537313
vt 0.60837500 0.19664179
vt 0.65300000 0.19664179
vt 0.65300000 0.02537313
vt 0.60837500 0.02537313
vt 0.34062500 0.49160448
vt 0.34062500 0.35558791
vt 0.38647260 0.19406824
vt 0.38647260 0.19406824
vt 0.40612158 0.01585821
vt 0.57968750 0.01585821
vt 0.34062500 0.49160448
vt 0.38647260 0.19406824
vt 0.57968750 0.01585821
vt 0.57968750 0.01585821
vt 0.57968750 0.21532083
vt 0.51746575 0.21532083
vt 0.57968750 0.01585821
vt 0.51746575 0.21532083
vt 0.39629709 0.41367832
vt 0.57968750 0.01585821
vt 0.39629709 0.41367832
vt 0.38319777 0.41367832
vt 0.57968750 0.01585821
vt 0.38319777 0.41367832
vt 0.34062500 0.49160448
vt 0.34062500 0.35558791
vt 0.34062500 0.49160448
vt 0.38319777 0.41367832
vt 0.34062500 0.35558791
vt 0.38319777 0.41367832
vt 0.39629709 0.41367832
vt 0.34062500 0.35558791
vt 0.39629709 0.41367832
vt 0.51746575 0.21532083
vt 0.51746575 0.21532083
vt 0.57968750 0.21532083
vt 0.57968750 0.01585821
vt 0.34062500 0.35558791
vt 0.51746575 0.21532083
vt 0.57968750 0.01585821
vt 0.57968750 0.01585821
vt 0.40612158 0.01585821
vt 0.38647260 0.19406824
vt 0.57968750 0.01585821
vt 0.38647260 0.19406824
vt 0.34062500 0.35558791
vt 0.34062500 0.01585821
vt 0.57968750 0.01585821
vt 0.57968750 0.49160448
vt 0.34062500 0.49160448
vt 0.34062500 0.01585821
vt 0.57968750 0.01585821
vt 0.57968750 0.49160448
vt 0.34062500 0.49160448
vt 0.34062500 0.01585821
vt 0.57968750 0.01585821
vt 0.57968750 0.49160448
vt 0.34062500 0.49160448
vt 0.34062500 0.01585821
vt 0.57968750 0.01585821
vt 0.57968750 0.49160448
vt 0.34062500 0.49160448
vt 0.34062500 0.01585821
vt 0.57968750 0.01585821
vt 0.57968750 0.49160448
vt 0.34062500 0.49160448
vt 0.34062500 0.01585821
vt 0.57968750 0.01585821
vt 0.57968750 0.49160448
vt 0.34062500 0.49160448
vt 0.34062500 0.01585821
vt 0.57968750 0.01585821
vt 0.57968750 0.49160448
vt 0.34062500 0.49160448
vt 0.34062500 0.01585821
vt 0.57968750 0.01585821
vt 0.57968750 0.49160448
vt 0.34062500 0.49160448
vt 0.34062500 0.01585821
vt 0.57968750 0.01585821
vt 0.57968750 0.49160448
vt 0.34062500 0.49160448
vt 0.55685906 0.11391302
vt 0.57968750 0.25373134
vt 0.55685906 0.39354966
vt 0.55685906 0.11391302
vt 0.55685906 0.39354966
vt 0.49709344 0.47996214
vt 0.55685906 0.11391302
vt 0.49709344 0.47996214
vt 0.42321906 0.47996214
vt 0.55685906 0.11391302
vt 0.42321906 0.47996214
vt 0.36345344 0.39354966
vt 0.55685906 0.11391302
vt 0.36345344 0.39354966
vt 0.34062500 0.25373134
vt 0.55685906 0.11391302
vt 0.34062500 0.25373134
vt 0.36345344 0.11391302
vt 0.55685906 0.11391302
vt 0.36345344 0.11391302
vt 0.42321906 0.02750055
vt 0.42321906 0.02750055
vt 0.49709344 0.02750055
vt 0.55685906 0.11391302
vt 0.57968750 0.25373134
vt 0.55685906 0.11391302
vt 0.49709344 0.02750055
vt 0.57968750 0.25373134
vt 0.49709344 0.02750055
vt 0.42321906 0.02750055
vt 0.57968750 0.25373134
vt 0.42321906 0.02750055
vt 0.36345344 0.11391302
vt 0.57968750 0.25373134
vt 0.36345344 0.11391302
vt 0.34062500 0.25373134
vt 0.57968750 0.25373134
vt 0.34062500 0.25373134
vt 0.36345344 0.39354966
vt 0.57968750 0.25373134
vt 0.36345344 0.39354966
vt 0.42321906 0.47996214
vt 0.57968750 0.25373134
vt 0.42321906 0.47996214
vt 0.49709344 0.47996214
vt 0.49709344 0.47996214
vt 0.55685906 0.39354966
vt 0.57968750 0.25373134
vt 0.34062500 0.49160448
vt 0.36453125 0.49160448
vt 0.36453125 0.01585821
vt 0.34062500 0.01585821
vt 0.36453125 0.49160448
vt 0.38843750 0.49160448
vt 0.38843750 0.01585821
vt 0.36453125 0.01585821
vt 0.38843750 0.49160448
vt 0.41234375 0.49160448
vt 0.41234375 0.01585821
vt 0.38843750 0.01585821
vt 0.41234375 0.49160448
vt 0.43625000 0.49160448
vt 0.43625000 0.01585821
vt 0.41234375 0.01585821
vt 0.43625000 0.49160448
vt 0.46015625 0.49160448
vt 0.46015625 0.01585821
vt 0.43625000 0.01585821
vt 0.46015625 0.49160448
vt 0.48406250 0.49160448
vt 0.48406250 0.01585821
vt 0.46015625 0.01585821
vt 0.48406250 0.49160448
vt 0.50796875 0.49160448
vt 0.50796875 0.01585821
vt 0.48406250 0.01585821
vt 0.50796875 0.49160448
vt 0.53187500 0.49160448
vt 0.53187500 0.01585821
vt 0.50796875 0.01585821
vt 0.53187500 0.49160448
vt 0.55578125 0.49160448
vt 0.55578125 0.01585821
vt 0.53187500 0.01585821
vt 0.55578125 0.49160448
vt 0.57968750 0.49160448
vt 0.57968750 0.01585821
vt 0.55578125 0.01585821
vt 0.56367335 0.13479478
vt 0.57968750 0.25373134
vt 0.56367335 0.37266791
vt 0.56367335 0.13479478
vt 0.56367335 0.37266791
vt 0.51992188 0.45973552
vt 0.56367335 0.13479478
vt 0.51992188 0.45973552
vt 0.46015625 0.49160448
vt 0.56367335 0.13479478
vt 0.46015625 0.49160448
vt 0.40039062 0.45973552
vt 0.56367335 0.13479478
vt 0.40039062 0.45973552
vt 0.35663915 0.37266791
vt 0.56367335 0.13479478
vt 0.35663915 0.37266791
vt 0.34062500 0.25373134
vt 0.56367335 0.13479478
vt 0.34062500 0.25373134
vt 0.35663915 0.13479478
vt 0.56367335 0.13479478
vt 0.35663915 0.13479478
vt 0.40039062 0.04772717
vt 0.56367335 0.13479478
vt 0.40039062 0.04772717
vt 0.46015625 0.01585821
vt 0.46015625 0.01585821
vt 0.51992188 0.04772717
vt 0.56367335 0.13479478
vt 0.57968750 0.25373134
vt 0.56367335 0.13479478
vt 0.51992188 0.04772717
vt 0.57968750 0.25373134
vt 0.51992188 0.04772717
vt 0.46015625 0.01585821
vt 0.57968750 0.25373134
vt 0.46015625 0.01585821
vt 0.40039062 0.04772717
vt 0.57968750 0.25373134
vt 0.40039062 0.04772717
vt 0.35663915 0.13479478
vt 0.57968750 0.25373134
vt 0.35663915 0.13479478
vt 0.34062500 0.25373134
vt 0.57968750 0.25373134
vt 0.34062500 0.25373134
vt 0.35663915 0.37266791
vt 0.57968750 0.25373134
vt 0.35663915 0.37266791
vt 0.40039062 0.45973552
vt 0.57968750 0.25373134
vt 0.40039062 0.45973552
vt 0.46015625 0.49160448
vt 0.57968750 0.25373134
vt 0.46015625 0.49160448
vt 0.51992188 0.45973552
vt 0.51992188 0.45973552
vt 0.56367335 0.37266791
vt 0.57968750 0.25373134
vt 0.34062500 0.49160448
vt 0.36054687 0.49160448
vt 0.36054687 0.01585821
vt 0.34062500 0.01585821
vt 0.36054687 0.49160448
vt 0.38046875 0.49160448
vt 0.38046875 0.01585821
vt 0.36054687 0.01585821
vt 0.38046875 0.49160448
vt 0.40039062 0.49160448
vt 0.40039062 0.01585821
vt 0.38046875 0.01585821
vt 0.40039062 0.49160448
vt 0.42031250 0.49160448
vt 0.42031250 0.01585821
vt 0.40039062 0.01585821
vt 0.42031250 0.49160448
vt 0.44023438 0.49160448
vt 0.44023438 0.01585821
vt 0.42031250 0.01585821
vt 0.44023438 0.49160448
vt 0.46015625 0.49160448
vt 0.46015625 0.01585821
vt 0.44023438 0.01585821
vt 0.46015625 0.49160448
vt 0.48007813 0.49160448
vt 0.48007813 0.01585821
vt 0.46015625 0.01585821
vt 0.48007813 0.49160448
vt 0.50000000 0.49160448
vt 0.50000000 0.01585821
vt 0.48007813 0.01585821
vt 0.50000000 0.49160448
vt 0.51992187 0.49160448
vt 0.51992187 0.01585821
vt 0.50000000 0.01585821
vt 0.51992187 0.49160448
vt 0.53984375 0.49160448
vt 0.53984375 0.01585821
vt 0.51992187 0.01585821
vt 0.53984375 0.49160448
vt 0.55976563 0.49160448
vt 0.55976563 0.01585821
vt 0.53984375 0.01585821
vt 0.55976563 0.49160448
vt 0.57968750 0.49160448
vt 0.57968750 0.01585821
vt 0.55976563 0.01585821
vt 0.51992188 0.04772717
vt 0.57968750 0.25373134
vt 0.51992188 0.45973552
vt 0.51992188 0.04772717
vt 0.51992188 0.45973552
vt 0.40039062 0.45973552
vt 0.51992188 0.04772717
vt 0.40039062 0.45973552
vt 0.34062500 0.25373134
vt 0.34062500 0.25373134
vt 0.40039062 0.04772717
vt 0.51992188 0.04772717
vt 0.57968750 0.25373134
vt 0.51992188 0.04772717
vt 0.40039062 0.04772717
vt 0.57968750 0.25373134
vt 0.40039062 0.04772717
vt 0.34062500 0.25373134
vt 0.57968750 0.25373134
vt 0.34062500 0.25373134
vt 0.40039062 0.45973552
vt 0.40039062 0.45973552
vt 0.51992188 0.45973552
vt 0.57968750 0.25373134
vt 0.34062500 0.49160448
vt 0.38046875 0.49160448
vt 0.38046875 0.01585821
vt 0.34062500 0.01585821
vt 0.38046875 0.49160448
vt 0.42031250 0.49160448
vt 0.42031250 0.01585821
vt 0.38046875 0.01585821
vt 0.42031250 0.49160448
vt 0.46015625 0.49160448
vt 0.46015625 0.01585821
vt 0.42031250 0.01585821
vt 0.46015625 0.49160448
vt 0.50000000 0.49160448
vt 0.50000000 0.01585821
vt 0.46015625 0.01585821
vt 0.50000000 0.49160448
vt 0.53984375 0.49160448
vt 0.53984375 0.01585821
vt 0.50000000 0.01585821
vt 0.53984375 0.49160448
vt 0.57968750 0.49160448
vt 0.57968750 0.01585821
vt 0.53984375 0.01585821
vt 0.51992188 0.04772717
vt 0.57968750 0.25373134
vt 0.51992188 0.45973552
vt 0.51992188 0.04772717
vt 0.51992188 0.45973552
vt 0.40039062 0.45973552
vt 0.51992188 0.04772717
vt 0.40039062 0.45973552
vt 0.34062500 0.25373134
vt 0.34062500 0.25373134
vt 0.40039062 0.04772717
vt 0.51992188 0.04772717
vt 0.57968750 0.25373134
vt 0.51992188 0.04772717
vt 0.40039062 0.04772717
vt 0.57968750 0.25373134
vt 0.40039062 0.04772717
vt 0.34062500 0.25373134
vt 0.57968750 0.25373134
vt 0.34062500 0.25373134
vt 0.40039062 0.45973552
vt 0.40039062 0.45973552
vt 0.51992188 0.45973552
vt 0.57968750 0.25373134
vt 0.34062500 0.49160448
vt 0.38046875 0.49160448
vt 0.38046875 0.01585821
vt 0.34062500 0.01585821
vt 0.38046875 0.49160448
vt 0.42031250 0.49160448
vt 0.42031250 0.01585821
vt 0.38046875 0.01585821
vt 0.42031250 0.49160448
vt 0.46015625 0.49160448
vt 0.46015625 0.01585821
vt 0.42031250 0.01585821
vt 0.46015625 0.49160448
vt 0.50000000 0.49160448
vt 0.50000000 0.01585821
vt 0.46015625 0.01585821
vt 0.50000000 0.49160448
vt 0.53984375 0.49160448
vt 0.53984375 0.01585821
vt 0.50000000 0.01585821
vt 0.53984375 0.49160448
vt 0.57968750 0.49160448
vt 0.57968750 0.01585821
vt 0.53984375 0.01585821
vt 0.01062500 0.50839552
vt 0.01062500 0.53314987
vt 0.32937500 0.53314987
vt 0.32937500 0.50839552
vt 0.01062500 0.53314987
vt 0.01062500 0.54757884
vt 0.32937500 0.54757884
vt 0.32937500 0.53314987
vt 0.01062500 0.54757884
vt 0.01062500 0.57932257
vt 0.32937500 0.57932257
vt 0.32937500 0.54757884
vt 0.01062500 0.57932257
vt 0.01062500 0.60818052
vt 0.32937500 0.60818052
vt 0.32937500 0.57932257
vt 0.01062500 0.60818052
vt 0.01062500 0.63992425
vt 0.32937500 0.63992425
vt 0.32937500 0.60818052
vt 0.01062500 0.63992425
vt 0.01062500 0.81884350
vt 0.32937500 0.81884350
vt 0.32937500 0.63992425
vt 0.01062500 0.81884350
vt 0.01062500 0.85347303
vt 0.32937500 0.85347303
vt 0.32937500 0.81884350
vt 0.01062500 0.85347303
vt 0.01062500 0.87078779
vt 0.32937500 0.87078779
vt 0.32937500 0.85347303
vt 0.01062500 0.87078779
vt 0.01062500 0.88810256
vt 0.32937500 0.88810256
vt 0.32937500 0.87078779
vt 0.01062500 0.88810256
vt 0.01062500 0.91118891
vt 0.32937500 0.91118891
vt 0.32937500 0.88810256
vt 0.01062500 0.91118891
vt 0.01062500 0.95447583
vt 0.32937500 0.95447583
vt 0.32937500 0.91118891
vt 0.01062500 0.95447583
vt 0.01062500 0.97179059
vt 0.32937500 0.97179059
vt 0.32937500 0.95447583
vt 0.34062500 0.97014925
vt 0.34062500 0.92817164
vt 0.65937500 0.92817164
vt 0.65937500 0.97014925
vt 0.34062500 0.92817164
vt 0.34062500 0.56436567
vt 0.65937500 0.56436567
vt 0.65937500 0.92817164
vt 0.34062500 0.56436567
vt 0.34062500 0.52238806
vt 0.65937500 0.52238806
vt 0.65937500 0.56436567
vt 0.01062500 0.97179059
vt 0.01062500 0.95447583
vt 0.32937500 0.95447583
vt 0.32937500 0.97179059
vt 0.01062500 0.95447583
vt 0.01062500 0.91118891
vt 0.32937500 0.91118891
vt 0.32937500 0.95447583
vt 0.01062500 0.91118891
vt 0.01062500 0.88810256
vt 0.32937500 0.88810256
vt 0.32937500 0.91118891
vt 0.01062500 0.88810256
vt 0.01062500 0.87078779
vt 0.32937500 0.87078779
vt 0.32937500 0.88810256
vt 0.01062500 0.87078779
vt 0.01062500 0.85347303
vt 0.32937500 0.85347303
vt 0.32937500 0.87078779
vt 0.01062500 0.85347303
vt 0.01062500 0.81884350
vt 0.32937500 0.81884350
vt 0.32937500 0.85347303
vt 0.01062500 0.81884350
vt 0.01062500 0.63992425
vt 0.32937500 0.63992425
vt 0.32937500 0.81884350
vt 0.01062500 0.63992425
vt 0.01062500 0.60818052
vt 0.32937500 0.60818052
vt 0.32937500 0.63992425
vt 0.01062500 0.60818052
vt 0.01062500 0.57932257
vt 0.32937500 0.57932257
vt 0.32937500 0.60818052
vt 0.01062500 0.57932257
vt 0.01062500 0.54757884
vt 0.32937500 0.54757884
vt 0.32937500 0.57932257
vt 0.01062500 0.54757884
vt 0.01062500 0.53314987
vt 0.32937500 0.53314987
vt 0.32937500 0.54757884
vt 0.01062500 0.53314987
vt 0.01062500 0.50839552
vt 0.32937500 0.50839552
vt 0.32937500 0.53314987
vt 0.01062500 0.50839552
vt 0.01062500 0.57500000
vt 0.32937500 0.57500000
vt 0.32937500 0.50839552
vt 0.98937500 0.50839552
vt 0.67062500 0.50839552
vt 0.67062500 0.53314987
vt 0.98937500 0.50839552
vt 0.67062500 0.53314987
vt 0.68428571 0.54757884
vt 0.98937500 0.50839552
vt 0.68428571 0.54757884
vt 0.77080357 0.57932257
vt 0.98937500 0.50839552
vt 0.77080357 0.57932257
vt 0.80267857 0.60818052
vt 0.80040179 0.85347303
vt 0.76852679 0.87078779
vt 0.75486607 0.88810256
vt 0.80040179 0.85347303
vt 0.75486607 0.88810256
vt 0.75258929 0.91118891
vt 0.80040179 0.85347303
vt 0.75258929 0.91118891
vt 0.75258929 0.95447583
vt 0.80040179 0.85347303
vt 0.75258929 0.95447583
vt 0.75714286 0.97179059
vt 0.80040179 0.85347303
vt 0.75714286 0.97179059
vt 0.77080357 0.98414179
vt 0.80950893 0.81884350
vt 0.80040179 0.85347303
vt 0.77080357 0.98414179
vt 0.80950893 0.81884350
vt 0.77080357 0.98414179
vt 0.88919643 0.98414179
vt 0.80950893 0.81884350
vt 0.88919643 0.98414179
vt 0.90285714 0.97179059
vt 0.80950893 0.81884350
vt 0.90285714 0.97179059
vt 0.90741071 0.95447583
vt 0.80950893 0.81884350
vt 0.90741071 0.95447583
vt 0.90741071 0.91118891
vt 0.80950893 0.81884350
vt 0.90741071 0.91118891
vt 0.90513393 0.88810256
vt 0.90513393 0.88810256
vt 0.89147321 0.87078779
vt 0.85959821 0.85347303
vt 0.80950893 0.81884350
vt 0.90513393 0.88810256
vt 0.85959821 0.85347303
vt 0.80950893 0.81884350
vt 0.85959821 0.85347303
vt 0.85049107 0.81884350
vt 0.80950893 0.63992425
vt 0.80950893 0.81884350
vt 0.85049107 0.81884350
vt 0.80267857 0.60818052
vt 0.80950893 0.63992425
vt 0.85049107 0.81884350
vt 0.80267857 0.60818052
vt 0.85049107 0.81884350
vt 0.85049107 0.63992425
vt 0.80267857 0.60818052
vt 0.85049107 0.63992425
vt 0.85732143 0.60818052
vt 0.80267857 0.60818052
vt 0.85732143 0.60818052
vt 0.88919643 0.57932257
vt 0.98937500 0.50839552
vt 0.80267857 0.60818052
vt 0.88919643 0.57932257
vt 0.98937500 0.50839552
vt 0.88919643 0.57932257
vt 0.97571429 0.54757884
vt 0.97571429 0.54757884
vt 0.98937500 0.53314987
vt 0.98937500 0.50839552
vt 0.67062500 0.50839552
vt 0.98937500 0.50839552
vt 0.98937500 0.53314987
vt 0.67062500 0.50839552
vt 0.98937500 0.53314987
vt 0.97571429 0.54757884
vt 0.67062500 0.50839552
vt 0.97571429 0.54757884
vt 0.88919643 0.57932257
vt 0.67062500 0.50839552
vt 0.88919643 0.57932257
vt 0.85732143 0.60818052
vt 0.85959821 0.85347303
vt 0.89147321 0.87078779
vt 0.90513393 0.88810256
vt 0.85959821 0.85347303
vt 0.90513393 0.88810256
vt 0.90741071 0.91118891
vt 0.85959821 0.85347303
vt 0.90741071 0.91118891
vt 0.90741071 0.95447583
vt 0.85959821 0.85347303
vt 0.90741071 0.95447583
vt 0.90285714 0.97179059
vt 0.85959821 0.85347303
vt 0.90285714 0.97179059
vt 0.88919643 0.98414179
vt 0.85049107 0.81884350
vt 0.85959821 0.85347303
vt 0.88919643 0.98414179
vt 0.85049107 0.81884350
vt 0.88919643 0.98414179
vt 0.77080357 0.98414179
vt 0.85049107 0.81884350
vt 0.77080357 0.98414179
vt 0.75714286 0.97179059
vt 0.85049107 0.81884350
vt 0.75714286 0.97179059
vt 0.75258929 0.95447583
vt 0.85049107 0.81884350
vt 0.75258929 0.95447583
vt 0.75258929 0.91118891
vt 0.85049107 0.81884350
vt 0.75258929 0.91118891
vt 0.75486607 0.88810256
vt 0.75486607 0.88810256
vt 0.76852679 0.87078779
vt 0.80040179 0.85347303
vt 0.85049107 0.81884350
vt 0.75486607 0.88810256
vt 0.80040179 0.85347303
vt 0.85049107 0.81884350
vt 0.80040179 0.85347303
vt 0.80950893 0.81884350
vt 0.85049107 0.63992425
vt 0.85049107 0.81884350
vt 0.80950893 0.81884350
vt 0.85732143 0.60818052
vt 0.85049107 0.63992425
vt 0.80950893 0.81884350
vt 0.85732143 0.60818052
vt 0.80950893 0.81884350
vt 0.80950893 0.63992425
vt 0.85732143 0.60818052
vt 0.80950893 0.63992425
vt 0.80267857 0.60818052
vt 0.85732143 0.60818052
vt 0.80267857 0.60818052
vt 0.77080357 0.57932257
vt 0.67062500 0.50839552
vt 0.85732143 0.60818052
vt 0.77080357 0.57932257
vt 0.67062500 0.50839552
vt 0.77080357 0.57932257
vt 0.68428571 0.54757884
vt 0.68428571 0.54757884
vt 0.67062500 0.53314987
vt 0.67062500 0.50839552
vt 0.60837500 0.03017506
vt 0.61013651 0.02537313
vt 0.65123849 0.02537313
vt 0.60837500 0.03017506
vt 0.65123849 0.02537313
vt 0.65300000 0.03017506
vt 0.60837500 0.03017506
vt 0.65300000 0.03017506
vt 0.65300000 0.19183987
vt 0.60837500 0.03017506
vt 0.65300000 0.19183987
vt 0.65123849 0.19664179
vt 0.60837500 0.03017506
vt 0.65123849 0.19664179
vt 0.61013651 0.19664179
vt 0.61013651 0.19664179
vt 0.60837500 0.19183987
vt 0.60837500 0.03017506
vt 0.61013651 0.02537313
vt 0.60837500 0.03017506
vt 0.60837500 0.19183987
vt 0.61013651 0.02537313
vt 0.60837500 0.19183987
vt 0.61013651 0.19664179
vt 0.61013651 0.02537313
vt 0.61013651 0.19664179
vt 0.65123849 0.19664179
vt 0.61013651 0.02537313
vt 0.65123849 0.19664179
vt 0.65300000 0.19183987
vt 0.61013651 0.02537313
vt 0.65300000 0.19183987
vt 0.65300000 0.03017506
vt 0.65300000 0.03017506
vt 0.65123849 0.02537313
vt 0.61013651 0.02537313
vt 0.60837500 0.19664179
vt 0.65300000 0.19664179
vt 0.65300000 0.02537313
vt 0.60837500 0.02537313
vt 0.60837500 0.19664179
vt 0.65300000 0.19664179
vt 0.65300000 0.02537313
vt 0.60837500 0.02537313
vt 0.60837500 0.19664179
vt 0.65300000 0.19664179
vt 0.65300000 0.02537313
vt 0.60837500 0.02537313
vt 0.60837500 0.19664179
vt 0.65300000 0.19664179
vt 0.65300000 0.02537313
vt 0.60837500 0.02537313
vt 0.60837500 0.19664179
vt 0.65300000 0.19664179
vt 0.65300000 0.02537313
vt 0.60837500 0.02537313
vt 0.60837500 0.19664179
vt 0.65300000 0.19664179
vt 0.65300000 0.02537313
vt 0.60837500 0.02537313
vt 0.60837500 0.19664179
vt 0.65300000 0.19664179
vt 0.65300000 0.02537313
vt 0.60837500 0.02537313
vt 0.60837500 0.19664179
vt 0.65300000 0.19664179
vt 0.65300000 0.02537313
vt 0.60837500 0.02537313
vt 0.60837500 0.31566812
vt 0.61016000 0.31082090
vt 0.65121500 0.31082090
vt 0.60837500 0.31566812
vt 0.65121500 0.31082090
vt 0.65300000 0.31566812
vt 0.60837500 0.31566812
vt 0.65300000 0.31566812
vt 0.65300000 0.47724233
vt 0.60837500 0.31566812
vt 0.65300000 0.47724233
vt 0.65121500 0.48208955
vt 0.60837500 0.31566812
vt 0.65121500 0.48208955
vt 0.61016000 0.48208955
vt 0.61016000 0.48208955
vt 0.60837500 0.47724233
vt 0.60837500 0.31566812
vt 0.61016000 0.31082090
vt 0.60837500 0.31566812
vt 0.60837500 0.47724233
vt 0.61016000 0.31082090
vt 0.60837500 0.47724233
vt 0.61016000 0.48208955
vt 0.61016000 0.31082090
vt 0.61016000 0.48208955
vt 0.65121500 0.48208955
vt 0.61016000 0.31082090
vt 0.65121500 0.48208955
vt 0.65300000 0.47724233
vt 0.61016000 0.31082090
vt 0.65300000 0.47724233
vt 0.65300000 0.31566812
vt 0.65300000 0.31566812
vt 0.65121500 0.31082090
vt 0.61016000 0.31082090
vt 0.60837500 0.48208955
vt 0.65300000 0.48208955
vt 0.65300000 0.31082090
vt 0.60837500 0.31082090
vt 0.60837500 0.48208955
vt 0.65300000 0.48208955
vt 0.65300000 0.31082090
vt 0.60837500 0.31082090
vt 0.60837500 0.48208955
vt 0.65300000 0.48208955
vt 0.65300000 0.31082090
vt 0.60837500 0.31082090
vt 0.60837500 0.48208955
vt 0.65300000 0.48208955
vt 0.65300000 0.31082090
vt 0.60837500 0.31082090
vt 0.60837500 0.48208955
vt 0.65300000 0.48208955
vt 0.65300000 0.31082090
vt 0.60837500 0.31082090
vt 0.60837500 0.48208955
vt 0.65300000 0.48208955
vt 0.65300000 0.31082090
vt 0.60837500 0.31082090
vt 0.60837500 0.48208955
vt 0.65300000 0.48208955
vt 0.65300000 0.31082090
vt 0.60837500 0.31082090
vt 0.60837500 0.48208955
vt 0.65300000 0.48208955
vt 0.65300000 0.31082090
vt 0.60837500 0.31082090
vt 0.34062500 0.02278655
vt 0.34631696 0.01585821
vt 0.57399554 0.01585821
vt 0.34062500 0.02278655
vt 0.57399554 0.01585821
vt 0.57968750 0.02278655
vt 0.34062500 0.02278655
vt 0.57968750 0.02278655
vt 0.57968750 0.48467613
vt 0.34062500 0.02278655
vt 0.57968750 0.48467613
vt 0.57399554 0.49160448
vt 0.34062500 0.02278655
vt 0.57399554 0.49160448
vt 0.34631696 0.49160448
vt 0.34631696 0.49160448
vt 0.34062500 0.48467613
vt 0.34062500 0.02278655
vt 0.34631696 0.01585821
vt 0.34062500 0.02278655
vt 0.34062500 0.48467613
vt 0.34631696 0.01585821
vt 0.34062500 0.48467613
vt 0.34631696 0.49160448
vt 0.34631696 0.01585821
vt 0.34631696 0.49160448
vt 0.57399554 0.49160448
vt 0.34631696 0.01585821
vt 0.57399554 0.49160448
vt 0.57968750 0.48467613
vt 0.34631696 0.01585821
vt 0.57968750 0.48467613
vt 0.57968750 0.02278655
vt 0.57968750 0.02278655
vt 0.57399554 0.01585821
vt 0.34631696 0.01585821
vt 0.34062500 0.49160448
vt 0.57968750 0.49160448
vt 0.57968750 0.01585821
vt 0.34062500 0.01585821
vt 0.34062500 0.49160448
vt 0.57968750 0.49160448
vt 0.57968750 0.01585821
vt 0.34062500 0.01585821
vt 0.34062500 0.49160448
vt 0.57968750 0.49160448
vt 0.57968750 0.01585821
vt 0.34062500 0.01585821
vt 0.34062500 0.49160448
vt 0.57968750 0.49160448
vt 0.57968750 0.01585821
vt 0.34062500 0.01585821
vt 0.34062500 0.49160448
vt 0.57968750 0.49160448
vt 0.57968750 0.01585821
vt 0.34062500 0.01585821
vt 0.34062500 0.49160448
vt 0.57968750 0.49160448
vt 0.57968750 0.01585821
vt 0.34062500 0.01585821
vt 0.34062500 0.49160448
vt 0.57968750 0.49160448
vt 0.57968750 0.01585821
vt 0.34062500 0.01585821
vt 0.34062500 0.49160448
vt 0.57968750 0.49160448
vt 0.57968750 0.01585821
vt 0.34062500 0.01585821
vt 0.60837500 0.02697378
vt 0.61395312 0.02537313
vt 0.64742188 0.02537313
vt 0.60837500 0.02697378
vt 0.64742188 0.02537313
vt 0.65300000 0.02697378
vt 0.60837500 0.02697378
vt 0.65300000 0.02697378
vt 0.65300000 0.19504115
vt 0.60837500 0.02697378
vt 0.65300000 0.19504115
vt 0.64742188 0.19664179
vt 0.60837500 0.02697378
vt 0.64742188 0.19664179
vt 0.61395312 0.19664179
vt 0.61395312 0.19664179
vt 0.60837500 0.19504115
vt 0.60837500 0.02697378
vt 0.61395312 0.02537313
vt 0.60837500 0.02697378
vt 0.60837500 0.19504115
vt 0.61395312 0.02537313
vt 0.60837500 0.19504115
vt 0.61395312 0.19664179
vt 0.61395312 0.02537313
vt 0.61395312 0.19664179
vt 0.64742188 0.19664179
vt 0.61395312 0.02537313
vt 0.64742188 0.19664179
vt 0.65300000 0.19504115
vt 0.61395312 0.02537313
vt 0.65300000 0.19504115
vt 0.65300000 0.02697378
vt 0.65300000 0.02697378
vt 0.64742188 0.02537313
vt 0.61395312 0.02537313
vt 0.60837500 0.19664179
vt 0.65300000 0.19664179
vt 0.65300000 0.02537313
vt 0.60837500 0.02537313
vt 0.60837500 0.19664179
vt 0.65300000 0.19664179
vt 0.65300000 0.02537313
vt 0.60837500 0.02537313
vt 0.60837500 0.19664179
vt 0.65300000 0.19664179
vt 0.65300000 0.02537313
vt 0.60837500 0.02537313
vt 0.60837500 0.19664179
vt 0.65300000 0.19664179
vt 0.65300000 0.02537313
vt 0.60837500 0.02537313
vt 0.60837500 0.19664179
vt 0.65300000 0.19664179
vt 0.65300000 0.02537313
vt 0.60837500 0.02537313
vt 0.60837500 0.19664179
vt 0.65300000 0.19664179
vt 0.65300000 0.02537313
vt 0.60837500 0.02537313
vt 0.60837500 0.19664179
vt 0.65300000 0.19664179
vt 0.65300000 0.02537313
vt 0.60837500 0.02537313
vt 0.60837500 0.19664179
vt 0.65300000 0.19664179
vt 0.65300000 0.02537313
vt 0.60837500 0.02537313
vt 0.34062500 0.35558791
vt 0.34062500 0.49160448
vt 0.38319777 0.41367832
vt 0.34062500 0.35558791
vt 0.38319777 0.41367832
vt 0.39629709 0.41367832
vt 0.34062500 0.35558791
vt 0.39629709 0.41367832
vt 0.51746575 0.21532083
vt 0.51746575 0.21532083
vt 0.57968750 0.21532083
vt 0.57968750 0.01585821
vt 0.34062500 0.35558791
vt 0.51746575 0.21532083
vt 0.57968750 0.01585821
vt 0.57968750 0.01585821
vt 0.40612158 0.01585821
vt 0.38647260 0.19406824
vt 0.57968750 0.01585821
vt 0.38647260 0.19406824
vt 0.34062500 0.35558791
vt 0.34062500 0.49160448
vt 0.34062500 0.35558791
vt 0.38647260 0.19406824
vt 0.38647260 0.19406824
vt 0.40612158 0.01585821
vt 0.57968750 0.01585821
vt 0.34062500 0.49160448
vt 0.38647260 0.19406824
vt 0.57968750 0.01585821
vt 0.57968750 0.01585821
vt 0.57968750 0.21532083
vt 0.51746575 0.21532083
vt 0.57968750 0.01585821
vt 0.51746575 0.21532083
vt 0.39629709 0.41367832
vt 0.57968750 0.01585821
vt 0.39629709 0.41367832
vt 0.38319777 0.41367832
vt 0.57968750 0.01585821
vt 0.38319777 0.41367832
vt 0.34062500 0.49160448
vt 0.34062500 0.49160448
vt 0.57968750 0.49160448
vt 0.57968750 0.01585821
vt 0.34062500 0.01585821
vt 0.34062500 0.49160448
vt 0.57968750 0.49160448
vt 0.57968750 0.01585821
vt 0.34062500 0.01585821
vt 0.34062500 0.49160448
vt 0.57968750 0.49160448
vt 0.57968750 0.01585821
vt 0.34062500 0.01585821
vt 0.34062500 0.49160448
vt 0.57968750 0.49160448
vt 0.57968750 0.01585821
vt 0.34062500 0.01585821
vt 0.34062500 0.49160448
vt 0.57968750 0.49160448
vt 0.57968750 0.01585821
vt 0.34062500 0.01585821
vt 0.34062500 0.49160448
vt 0.57968750 0.49160448
vt 0.57968750 0.01585821
vt 0.34062500 0.01585821
vt 0.34062500 0.49160448
vt 0.57968750 0.49160448
vt 0.57968750 0.01585821
vt 0.34062500 0.01585821
vt 0.34062500 0.49160448
vt 0.57968750 0.49160448
vt 0.57968750 0.01585821
vt 0.34062500 0.01585821
vt 0.34062500 0.49160448
vt 0.57968750 0.49160448
vt 0.57968750 0.01585821
vt 0.34062500 0.01585821
vt 0.55685906 0.11391302
vt 0.57968750 0.25373134
vt 0.55685906 0.39354966
vt 0.55685906 0.11391302
vt 0.55685906 0.39354966
vt 0.49709344 0.47996214
vt 0.55685906 0.11391302
vt 0.49709344 0.47996214
vt 0.42321906 0.47996214
vt 0.55685906 0.11391302
vt 0.42321906 0.47996214
vt 0.36345344 0.39354966
vt 0.55685906 0.11391302
vt 0.36345344 0.39354966
vt 0.34062500 0.25373134
vt 0.55685906 0.11391302
vt 0.34062500 0.25373134
vt 0.36345344 0.11391302
vt 0.55685906 0.11391302
vt 0.36345344 0.11391302
vt 0.42321906 0.02750055
vt 0.42321906 0.02750055
vt 0.49709344 0.02750055
vt 0.55685906 0.11391302
vt 0.57968750 0.25373134
vt 0.55685906 0.11391302
vt 0.49709344 0.02750055
vt 0.57968750 0.25373134
vt 0.49709344 0.02750055
vt 0.42321906 0.02750055
vt 0.57968750 0.25373134
vt 0.42321906 0.02750055
vt 0.36345344 0.11391302
vt 0.57968750 0.25373134
vt 0.36345344 0.11391302
vt 0.34062500 0.25373134
vt 0.57968750 0.25373134
vt 0.34062500 0.25373134
vt 0.36345344 0.39354966
vt 0.57968750 0.25373134
vt 0.36345344 0.39354966
vt 0.42321906 0.47996214
vt 0.57968750 0.25373134
vt 0.42321906 0.47996214
vt 0.49709344 0.47996214
vt 0.49709344 0.47996214
vt 0.55685906 0.39354966
vt 0.57968750 0.25373134
vt 0.34062500 0.49160448
vt 0.36453125 0.49160448
vt 0.36453125 0.01585821
vt 0.34062500 0.01585821
vt 0.36453125 0.49160448
vt 0.38843750 0.49160448
vt 0.38843750 0.01585821
vt 0.36453125 0.01585821
vt 0.38843750 0.49160448
vt 0.41234375 0.49160448
vt 0.41234375 0.01585821
vt 0.38843750 0.01585821
vt 0.41234375 0.49160448
vt 0.43625000 0.49160448
vt 0.43625000 0.01585821
vt 0.41234375 0.01585821
vt 0.43625000 0.49160448
vt 0.46015625 0.49160448
vt 0.46015625 0.01585821
vt 0.43625000 0.01585821
vt 0.46015625 0.49160448
vt 0.48406250 0.49160448
vt 0.48406250 0.01585821
vt 0.46015625 0.01585821
vt 0.48406250 0.49160448
vt 0.50796875 0.49160448
vt 0.50796875 0.01585821
vt 0.48406250 0.01585821
vt 0.50796875 0.49160448
vt 0.53187500 0.49160448
vt 0.53187500 0.01585821
vt 0.50796875 0.01585821
vt 0.53187500 0.49160448
vt 0.55578125 0.49160448
vt 0.55578125 0.01585821
vt 0.53187500 0.01585821
vt 0.55578125 0.49160448
vt 0.57968750 0.49160448
vt 0.57968750 0.01585821
vt 0.55578125 0.01585821
vt 0.56367335 0.13479478
vt 0.57968750 0.25373134
vt 0.56367335 0.37266791
vt 0.56367335 0.13479478
vt 0.56367335 0.37266791
vt 0.51992188 0.45973552
vt 0.56367335 0.13479478
vt 0.51992188 0.45973552
vt 0.46015625 0.49160448
vt 0.56367335 0.13479478
vt 0.46015625 0.49160448
vt 0.40039062 0.45973552
vt 0.56367335 0.13479478
vt 0.40039062 0.45973552
vt 0.35663915 0.37266791
vt 0.56367335 0.13479478
vt 0.35663915 0.37266791
vt 0.34062500 0.25373134
vt 0.56367335 0.13479478
vt 0.34062500 0.25373134
vt 0.35663915 0.13479478
vt 0.56367335 0.13479478
vt 0.35663915 0.13479478
vt 0.40039062 0.04772717
vt 0.56367335 0.13479478
vt 0.40039062 0.04772717
vt 0.46015625 0.01585821
vt 0.46015625 0.01585821
vt 0.51992188 0.04772717
vt 0.56367335 0.13479478
vt 0.57968750 0.25373134
vt 0.56367335 0.13479478
vt 0.51992188 0.04772717
vt 0.57968750 0.25373134
vt 0.51992188 0.04772717
vt 0.46015625 0.01585821
vt 0.57968750 0.25373134
vt 0.46015625 0.01585821
vt 0.40039062 0.04772717
vt 0.57968750 0.25373134
vt 0.40039062 0.04772717
vt 0.35663915 0.13479478
vt 0.57968750 0.25373134
vt 0.35663915 0.13479478
vt 0.34062500 0.25373134
vt 0.57968750 0.25373134
vt 0.34062500 0.25373134
vt 0.35663915 0.37266791
vt 0.57968750 0.25373134
vt 0.35663915 0.37266791
vt 0.40039062 0.45973552
vt 0.57968750 0.25373134
vt 0.40039062 0.45973552
vt 0.46015625 0.49160448
vt 0.57968750 0.25373134
vt 0.46015625 0.49160448
vt 0.51992188 0.45973552
vt 0.51992188 0.45973552
vt 0.56367335 0.37266791
vt 0.57968750 0.25373134
vt 0.34062500 0.49160448
vt 0.36054687 0.49160448
vt 0.36054687 0.01585821
vt 0.34062500 0.01585821
vt 0.36054687 0.49160448
vt 0.38046875 0.49160448
vt 0.38046875 0.01585821
vt 0.36054687 0.01585821
vt 0.38046875 0.49160448
vt 0.40039062 0.49160448
vt 0.40039062 0.01585821
vt 0.38046875 0.01585821
vt 0.40039062 0.49160448
vt 0.42031250 0.49160448
vt 0.42031250 0.01585821
vt 0.40039062 0.01585821
vt 0.42031250 0.49160448
vt 0.44023438 0.49160448
vt 0.44023438 0.01585821
vt 0.42031250 0.01585821
vt 0.44023438 0.49160448
vt 0.46015625 0.49160448
vt 0.46015625 0.01585821
vt 0.44023438 0.01585821
vt 0.46015625 0.49160448
vt 0.48007813 0.49160448
vt 0.48007813 0.01585821
vt 0.46015625 0.01585821
vt 0.48007813 0.49160448
vt 0.50000000 0.49160448
vt 0.50000000 0.01585821
vt 0.48007813 0.01585821
vt 0.50000000 0.49160448
vt 0.51992187 0.49160448
vt 0.51992187 0.01585821
vt 0.50000000 0.01585821
vt 0.51992187 0.49160448
vt 0.53984375 0.49160448
vt 0.53984375 0.01585821
vt 0.51992187 0.01585821
vt 0.53984375 0.49160448
vt 0.55976563 0.49160448
vt 0.55976563 0.01585821
vt 0.53984375 0.01585821
vt 0.55976563 0.49160448
vt 0.57968750 0.49160448
vt 0.57968750 0.01585821
vt 0.55976563 0.01585821
vt 0.51992188 0.04772717
vt 0.57968750 0.25373134
vt 0.51992188 0.45973552
vt 0.51992188 0.04772717
vt 0.51992188 0.45973552
vt 0.40039062 0.45973552
vt 0.51992188 0.04772717
vt 0.40039062 0.45973552
vt 0.34062500 0.25373134
vt 0.34062500 0.25373134
vt 0.40039062 0.04772717
vt 0.51992188 0.04772717
vt 0.57968750 0.25373134
vt 0.51992188 0.04772717
vt 0.40039062 0.04772717
vt 0.57968750 0.25373134
vt 0.40039062 0.04772717
vt 0.34062500 0.25373134
vt 0.57968750 0.25373134
vt 0.34062500 0.25373134
vt 0.40039062 0.45973552
vt 0.40039062 0.45973552
vt 0.51992188 0.45973552
vt 0.57968750 0.25373134
vt 0.34062500 0.49160448
vt 0.38046875 0.49160448
vt 0.38046875 0.01585821
vt 0.34062500 0.01585821
vt 0.38046875 0.49160448
vt 0.42031250 0.49160448
vt 0.42031250 0.01585821
vt 0.38046875 0.01585821
vt 0.42031250 0.49160448
vt 0.46015625 0.49160448
vt 0.46015625 0.01585821
vt 0.42031250 0.01585821
vt 0.46015625 0.49160448
vt 0.50000000 0.49160448
vt 0.50000000 0.01585821
vt 0.46015625 0.01585821
vt 0.50000000 0.49160448
vt 0.53984375 0.49160448
vt 0.53984375 0.01585821
vt 0.50000000 0.01585821
vt 0.53984375 0.49160448
vt 0.57968750 0.49160448
vt 0.57968750 0.01585821
vt 0.53984375 0.01585821
vt 0.51992188 0.04772717
vt 0.57968750 0.25373134
vt 0.51992188 0.45973552
vt 0.51992188 0.04772717
vt 0.51992188 0.45973552
vt 0.40039062 0.45973552
vt 0.51992188 0.04772717
vt 0.40039062 0.45973552
vt 0.34062500 0.25373134
vt 0.34062500 0.25373134
vt 0.40039062 0.04772717
vt 0.51992188 0.04772717
vt 0.57968750 0.25373134
vt 0.51992188 0.04772717
vt 0.40039062 0.04772717
vt 0.57968750 0.25373134
vt 0.40039062 0.04772717
vt 0.34062500 0.25373134
vt 0.57968750 0.25373134
vt 0.34062500 0.25373134
vt 0.40039062 0.45973552
vt 0.40039062 0.45973552
vt 0.51992188 0.45973552
vt 0.57968750 0.25373134
vt 0.34062500 0.49160448
vt 0.38046875 0.49160448
vt 0.38046875 0.01585821
vt 0.34062500 0.01585821
vt 0.38046875 0.49160448
vt 0.42031250 0.49160448
vt 0.42031250 0.01585821
vt 0.38046875 0.01585821
vt 0.42031250 0.49160448
vt 0.46015625 0.49160448
vt 0.46015625 0.01585821
vt 0.42031250 0.01585821
vt 0.46015625 0.49160448
vt 0.50000000 0.49160448
vt 0.50000000 0.01585821
vt 0.46015625 0.01585821
vt 0.50000000 0.49160448
vt 0.53984375 0.49160448
vt 0.53984375 0.01585821
vt 0.50000000 0.01585821
vt 0.53984375 0.49160448
vt 0.57968750 0.49160448
vt 0.57968750 0.01585821
vt 0.53984375 0.01585821
vt 0.34062500 0.02278655
vt 0.34631696 0.01585821
vt 0.57399554 0.01585821
vt 0.34062500 0.02278655
vt 0.57399554 0.01585821
vt 0.57968750 0.02278655
vt 0.34062500 0.02278655
vt 0.57968750 0.02278655
vt 0.57968750 0.48467613
vt 0.34062500 0.02278655
vt 0.57968750 0.48467613
vt 0.57399554 0.49160448
vt 0.34062500 0.02278655
vt 0.57399554 0.49160448
vt 0.34631696 0.49160448
vt 0.34631696 0.49160448
vt 0.34062500 0.48467613
vt 0.34062500 0.02278655
vt 0.34631696 0.01585821
vt 0.34062500 0.02278655
vt 0.34062500 0.48467613
vt 0.34631696 0.01585821
vt 0.34062500 0.48467613
vt 0.34631696 0.49160448
vt 0.34631696 0.01585821
vt 0.34631696 0.49160448
vt 0.57399554 0.49160448
vt 0.34631696 0.01585821
vt 0.57399554 0.49160448
vt 0.57968750 0.48467613
vt 0.34631696 0.01585821
vt 0.57968750 0.48467613
vt 0.57968750 0.02278655
vt 0.57968750 0.02278655
vt 0.57399554 0.01585821
vt 0.34631696 0.01585821
vt 0.34062500 0.49160448
vt 0.57968750 0.49160448
vt 0.57968750 0.01585821
vt 0.34062500 0.01585821
vt 0.34062500 0.49160448
vt 0.57968750 0.49160448
vt 0.57968750 0.01585821
vt 0.34062500 0.01585821
vt 0.34062500 0.49160448
vt 0.57968750 0.49160448
vt 0.57968750 0.01585821
vt 0.34062500 0.01585821
vt 0.34062500 0.49160448
vt 0.57968750 0.49160448
vt 0.57968750 0.01585821
vt 0.34062500 0.01585821
vt 0.34062500 0.49160448
vt 0.57968750 0.49160448
vt 0.57968750 0.01585821
vt 0.34062500 0.01585821
vt 0.34062500 0.49160448
vt 0.57968750 0.49160448
vt 0.57968750 0.01585821
vt 0.34062500 0.01585821
vt 0.34062500 0.49160448
vt 0.57968750 0.49160448
vt 0.57968750 0.01585821
vt 0.34062500 0.01585821
vt 0.34062500 0.49160448
vt 0.57968750 0.49160448
vt 0.57968750 0.01585821
vt 0.34062500 0.01585821
vt 0.60837500 0.02697378
vt 0.61395312 0.02537313
vt 0.64742188 0.02537313
vt 0.60837500 0.02697378
vt 0.64742188 0.02537313
vt 0.65300000 0.02697378
vt 0.60837500 0.02697378
vt 0.65300000 0.02697378
vt 0.65300000 0.19504115
vt 0.60837500 0.02697378
vt 0.65300000 0.19504115
vt 0.64742188 0.19664179
vt 0.60837500 0.02697378
vt 0.64742188 0.19664179
vt 0.61395312 0.19664179
vt 0.61395312 0.19664179
vt 0.60837500 0.19504115
vt 0.60837500 0.02697378
vt 0.61395312 0.02537313
vt 0.60837500 0.02697378
vt 0.60837500 0.19504115
vt 0.61395312 0.02537313
vt 0.60837500 0.19504115
vt 0.61395312 0.19664179
vt 0.61395312 0.02537313
vt 0.61395312 0.19664179
vt 0.64742188 0.19664179
vt 0.61395312 0.02537313
vt 0.64742188 0.19664179
vt 0.65300000 0.19504115
vt 0.61395312 0.02537313
vt 0.65300000 0.19504115
vt 0.65300000 0.02697378
vt 0.65300000 0.02697378
vt 0.64742188 0.02537313
vt 0.61395312 0.02537313
vt 0.60837500 0.19664179
vt 0.65300000 0.19664179
vt 0.65300000 0.02537313
vt 0.60837500 0.02537313
vt 0.60837500 0.19664179
vt 0.65300000 0.19664179
vt 0.65300000 0.02537313
vt 0.60837500 0.02537313
vt 0.60837500 0.19664179
vt 0.65300000 0.19664179
vt 0.65300000 0.02537313
vt 0.60837500 0.02537313
vt 0.60837500 0.19664179
vt 0.65300000 0.19664179
vt 0.65300000 0.02537313
vt 0.60837500 0.02537313
vt 0.60837500 0.19664179
vt 0.65300000 0.19664179
vt 0.65300000 0.02537313
vt 0.60837500 0.02537313
vt 0.60837500 0.19664179
vt 0.65300000 0.19664179
vt 0.65300000 0.02537313
vt 0.60837500 0.02537313
vt 0.60837500 0.19664179
vt 0.65300000 0.19664179
vt 0.65300000 0.02537313
vt 0.60837500 0.02537313
vt 0.60837500 0.19664179
vt 0.65300000 0.19664179
vt 0.65300000 0.02537313
vt 0.60837500 0.02537313
vt 0.34062500 0.49160448
vt 0.34062500 0.35558791
vt 0.38647260 0.19406824
vt 0.38647260 0.19406824
vt 0.40612158 0.01585821
vt 0.57968750 0.01585821
vt 0.34062500 0.49160448
vt 0.38647260 0.19406824
vt 0.57968750 0.01585821
vt 0.57968750 0.01585821
vt 0.57968750 0.21532083
vt 0.51746575 0.21532083
vt 0.57968750 0.01585821
vt 0.51746575 0.21532083
vt 0.39629709 0.41367832
vt 0.57968750 0.01585821
vt 0.39629709 0.41367832
vt 0.38319777 0.41367832
vt 0.57968750 0.01585821
vt 0.38319777 0.41367832
vt 0.34062500 0.49160448
vt 0.34062500 0.35558791
vt 0.34062500 0.49160448
vt 0.38319777 0.41367832
vt 0.34062500 0.35558791
vt 0.38319777 0.41367832
vt 0.39629709 0.41367832
vt 0.34062500 0.35558791
vt 0.39629709 0.41367832
vt 0.51746575 0.21532083
vt 0.51746575 0.21532083
vt 0.57968750 0.21532083
vt 0.57968750 0.01585821
vt 0.34062500 0.35558791
vt 0.51746575 0.21532083
vt 0.57968750 0.01585821
vt 0.57968750 0.01585821
vt 0.40612158 0.01585821
vt 0.38647260 0.19406824
vt 0.57968750 0.01585821
vt 0.38647260 0.19406824
vt 0.34062500 0.35558791
vt 0.34062500 0.01585821
vt 0.57968750 0.01585821
vt 0.57968750 0.49160448
vt 0.34062500 0.49160448
vt 0.34062500 0.01585821
vt 0.57968750 0.01585821
vt 0.57968750 0.49160448
vt 0.34062500 0.49160448
vt 0.34062500 0.01585821
vt 0.57968750 0.01585821
vt 0.57968750 0.49160448
vt 0.34062500 0.49160448
vt 0.34062500 0.01585821
vt 0.57968750 0.01585821
vt 0.57968750 0.49160448
vt 0.34062500 0.49160448
vt 0.34062500 0.01585821
vt 0.57968750 0.01585821
vt 0.57968750 0.49160448
vt 0.34062500 0.49160448
vt 0.34062500 0.01585821
vt 0.57968750 0.01585821
vt 0.57968750 0.49160448
vt 0.34062500 0.49160448
vt 0.34062500 0.01585821
vt 0.57968750 0.01585821
vt 0.57968750 0.49160448
vt 0.34062500 0.49160448
vt 0.34062500 0.01585821
vt 0.57968750 0.01585821
vt 0.57968750 0.49160448
vt 0.34062500 0.49160448
vt 0.34062500 0.01585821
vt 0.57968750 0.01585821
vt 0.57968750 0.49160448
vt 0.34062500 0.49160448
vt 0.55685906 0.11391302
vt 0.57968750 0.25373134
vt 0.55685906 0.39354966
vt 0.55685906 0.11391302
vt 0.55685906 0.39354966
vt 0.49709344 0.47996214
vt 0.55685906 0.11391302
vt 0.49709344 0.47996214
vt 0.42321906 0.47996214
vt 0.55685906 0.11391302
vt 0.42321906 0.47996214
vt 0.36345344 0.39354966
vt 0.55685906 0.11391302
vt 0.36345344 0.39354966
vt 0.34062500 0.25373134
vt 0.55685906 0.11391302
vt 0.34062500 0.25373134
vt 0.36345344 0.11391302
vt 0.55685906 0.11391302
vt 0.36345344 0.11391302
vt 0.42321906 0.02750055
vt 0.42321906 0.02750055
vt 0.49709344 0.02750055
vt 0.55685906 0.11391302
vt 0.57968750 0.25373134
vt 0.55685906 0.11391302
vt 0.49709344 0.02750055
vt 0.57968750 0.25373134
vt 0.49709344 0.02750055
vt 0.42321906 0.02750055
vt 0.57968750 0.25373134
vt 0.42321906 0.02750055
vt 0.36345344 0.11391302
vt 0.57968750 0.25373134
vt 0.36345344 0.11391302
vt 0.34062500 0.25373134
vt 0.57968750 0.25373134
vt 0.34062500 0.25373134
vt 0.36345344 0.39354966
vt 0.57968750 0.25373134
vt 0.36345344 0.39354966
vt 0.42321906 0.47996214
vt 0.57968750 0.25373134
vt 0.42321906 0.47996214
vt 0.49709344 0.47996214
vt 0.49709344 0.47996214
vt 0.55685906 0.39354966
vt 0.57968750 0.25373134
vt 0.34062500 0.49160448
vt 0.36453125 0.49160448
vt 0.36453125 0.01585821
vt 0.34062500 0.01585821
vt 0.36453125 0.49160448
vt 0.38843750 0.49160448
vt 0.38843750 0.01585821
vt 0.36453125 0.01585821
vt 0.38843750 0.49160448
vt 0.41234375 0.49160448
vt 0.41234375 0.01585821
vt 0.38843750 0.01585821
vt 0.41234375 0.49160448
vt 0.43625000 0.49160448
vt 0.43625000 0.01585821
vt 0.41234375 0.01585821
vt 0.43625000 0.49160448
vt 0.46015625 0.49160448
vt 0.46015625 0.01585821
vt 0.43625000 0.01585821
vt 0.46015625 0.49160448
vt 0.48406250 0.49160448
vt 0.48406250 0.01585821
vt 0.46015625 0.01585821
vt 0.48406250 0.49160448
vt 0.50796875 0.49160448
vt 0.50796875 0.01585821
vt 0.48406250 0.01585821
vt 0.50796875 0.49160448
vt 0.53187500 0.49160448
vt 0.53187500 0.01585821
vt 0.50796875 0.01585821
vt 0.53187500 0.49160448
vt 0.55578125 0.49160448
vt 0.55578125 0.01585821
vt 0.53187500 0.01585821
vt 0.55578125 0.49160448
vt 0.57968750 0.49160448
vt 0.57968750 0.01585821
vt 0.55578125 0.01585821
vt 0.56367335 0.13479478
vt 0.57968750 0.25373134
vt 0.56367335 0.37266791
vt 0.56367335 0.13479478
vt 0.56367335 0.37266791
vt 0.51992188 0.45973552
vt 0.56367335 0.13479478
vt 0.51992188 0.45973552
vt 0.46015625 0.49160448
vt 0.56367335 0.13479478
vt 0.46015625 0.49160448
vt 0.40039062 0.45973552
vt 0.56367335 0.13479478
vt 0.40039062 0.45973552
vt 0.35663915 0.37266791
vt 0.56367335 0.13479478
vt 0.35663915 0.37266791
vt 0.34062500 0.25373134
vt 0.56367335 0.13479478
vt 0.34062500 0.25373134
vt 0.35663915 0.13479478
vt 0.56367335 0.13479478
vt 0.35663915 0.13479478
vt 0.40039062 0.04772717
vt 0.56367335 0.13479478
vt 0.40039062 0.04772717
vt 0.46015625 0.01585821
vt 0.46015625 0.01585821
vt 0.51992188 0.04772717
vt 0.56367335 0.13479478
vt 0.57968750 0.25373134
vt 0.56367335 0.13479478
vt 0.51992188 0.04772717
vt 0.57968750 0.25373134
vt 0.51992188 0.04772717
vt 0.46015625 0.01585821
vt 0.57968750 0.25373134
vt 0.46015625 0.01585821
vt 0.40039062 0.04772717
vt 0.57968750 0.25373134
vt 0.40039062 0.04772717
vt 0.35663915 0.13479478
vt 0.57968750 0.25373134
vt 0.35663915 0.13479478
vt 0.34062500 0.25373134
vt 0.57968750 0.25373134
vt 0.34062500 0.25373134
vt 0.35663915 0.37266791
vt 0.57968750 0.25373134
vt 0.35663915 0.37266791
vt 0.40039062 0.45973552
vt 0.57968750 0.25373134
vt 0.40039062 0.45973552
vt 0.46015625 0.49160448
vt 0.57968750 0.25373134
vt 0.46015625 0.49160448
vt 0.51992188 0.45973552
vt 0.51992188 0.45973552
vt 0.56367335 0.37266791
vt 0.57968750 0.25373134
vt 0.34062500 0.49160448
vt 0.36054687 0.49160448
vt 0.36054687 0.01585821
vt 0.34062500 0.01585821
vt 0.36054687 0.49160448
vt 0.38046875 0.49160448
vt 0.38046875 0.01585821
vt 0.36054687 0.01585821
vt 0.38046875 0.49160448
vt 0.40039062 0.49160448
vt 0.40039062 0.01585821
vt 0.38046875 0.01585821
vt 0.40039062 0.49160448
vt 0.42031250 0.49160448
vt 0.42031250 0.01585821
vt 0.40039062 0.01585821
vt 0.42031250 0.49160448
vt 0.44023438 0.49160448
vt 0.44023438 0.01585821
vt 0.42031250 0.01585821
vt 0.44023438 0.49160448
vt 0.46015625 0.49160448
vt 0.46015625 0.01585821
vt 0.44023438 0.01585821
vt 0.46015625 0.49160448
vt 0.48007813 0.49160448
vt 0.48007813 0.01585821
vt 0.46015625 0.01585821
vt 0.48007813 0.49160448
vt 0.50000000 0.49160448
vt 0.50000000 0.01585821
vt 0.48007813 0.01585821
vt 0.50000000 0.49160448
vt 0.51992187 0.49160448
vt 0.51992187 0.01585821
vt 0.50000000 0.01585821
vt 0.51992187 0.49160448
vt 0.53984375 0.49160448
vt 0.53984375 0.01585821
vt 0.51992187 0.01585821
vt 0.53984375 0.49160448
vt 0.55976563 0.49160448
vt 0.55976563 0.01585821
vt 0.53984375 0.01585821
vt 0.55976563 0.49160448
vt 0.57968750 0.49160448
vt 0.57968750 0.01585821
vt 0.55976563 0.01585821
vt 0.51992188 0.04772717
vt 0.57968750 0.25373134
vt 0.51992188 0.45973552
vt 0.51992188 0.04772717
vt 0.51992188 0.45973552
vt 0.40039062 0.45973552
vt 0.51992188 0.04772717
vt 0.40039062 0.45973552
vt 0.34062500 0.25373134
vt 0.34062500 0.25373134
vt 0.40039062 0.04772717
vt 0.51992188 0.04772717
vt 0.57968750 0.25373134
vt 0.51992188 0.04772717
vt 0.40039062 0.04772717
vt 0.57968750 0.25373134
vt 0.40039062 0.04772717
vt 0.34062500 0.25373134
vt 0.57968750 0.25373134
vt 0.34062500 0.25373134
vt 0.40039062 0.45973552
vt 0.40039062 0.45973552
vt 0.51992188 0.45973552
vt 0.57968750 0.25373134
vt 0.34062500 0.49160448
vt 0.38046875 0.49160448
vt 0.38046875 0.01585821
vt 0.34062500 0.01585821
vt 0.38046875 0.49160448
vt 0.42031250 0.49160448
vt 0.42031250 0.01585821
vt 0.38046875 0.01585821
vt 0.42031250 0.49160448
vt 0.46015625 0.49160448
vt 0.46015625 0.01585821
vt 0.42031250 0.01585821
vt 0.46015625 0.49160448
vt 0.50000000 0.49160448
vt 0.50000000 0.01585821
vt 0.46015625 0.01585821
vt 0.50000000 0.49160448
vt 0.53984375 0.49160448
vt 0.53984375 0.01585821
vt 0.50000000 0.01585821
vt 0.53984375 0.49160448
vt 0.57968750 0.49160448
vt 0.57968750 0.01585821
vt 0.53984375 0.01585821
vt 0.51992188 0.04772717
vt 0.57968750 0.25373134
vt 0.51992188 0.45973552
vt 0.51992188 0.04772717
vt 0.51992188 0.45973552
vt 0.40039062 0.45973552
vt 0.51992188 0.04772717
vt 0.40039062 0.45973552
vt 0.34062500 0.25373134
vt 0.34062500 0.25373134
vt 0.40039062 0.04772717
vt 0.51992188 0.04772717
vt 0.57968750 0.25373134
vt 0.51992188 0.04772717
vt 0.40039062 0.04772717
vt 0.57968750 0.25373134
vt 0.40039062 0.04772717
vt 0.34062500 0.25373134
vt 0.57968750 0.25373134
vt 0.34062500 0.25373134
vt 0.40039062 0.45973552
vt 0.40039062 0.45973552
vt 0.51992188 0.45973552
vt 0.57968750 0.25373134
vt 0.34062500 0.49160448
vt 0.38046875 0.49160448
vt 0.38046875 0.01585821
vt 0.34062500 0.01585821
vt 0.38046875 0.49160448
vt 0.42031250 0.49160448
vt 0.42031250 0.01585821
vt 0.38046875 0.01585821
vt 0.42031250 0.49160448
vt 0.46015625 0.49160448
vt 0.46015625 0.01585821
vt 0.42031250 0.01585821
vt 0.46015625 0.49160448
vt 0.50000000 0.49160448
vt 0.50000000 0.01585821
vt 0.46015625 0.01585821
vt 0.50000000 0.49160448
vt 0.53984375 0.49160448
vt 0.53984375 0.01585821
vt 0.50000000 0.01585821
vt 0.53984375 0.49160448
vt 0.57968750 0.49160448
vt 0.57968750 0.01585821
vt 0.53984375 0.01585821
vt 0.01062500 0.50839552
vt 0.01062500 0.53314987
vt 0.32937500 0.53314987
vt 0.32937500 0.50839552
vt 0.01062500 0.53314987
vt 0.01062500 0.54757884
vt 0.32937500 0.54757884
vt 0.32937500 0.53314987
vt 0.01062500 0.54757884
vt 0.01062500 0.57932257
vt 0.32937500 0.57932257
vt 0.32937500 0.54757884
vt 0.01062500 0.57932257
vt 0.01062500 0.60818052
vt 0.32937500 0.60818052
vt 0.32937500 0.57932257
vt 0.01062500 0.60818052
vt 0.01062500 0.63992425
vt 0.32937500 0.63992425
vt 0.32937500 0.60818052
vt 0.01062500 0.63992425
vt 0.01062500 0.81884350
vt 0.32937500 0.81884350
vt 0.32937500 0.63992425
vt 0.01062500 0.81884350
vt 0.01062500 0.85347303
vt 0.32937500 0.85347303
vt 0.32937500 0.81884350
vt 0.01062500 0.85347303
vt 0.01062500 0.87078779
vt 0.32937500 0.87078779
vt 0.32937500 0.85347303
vt 0.01062500 0.87078779
vt 0.01062500 0.88810256
vt 0.32937500 0.88810256
vt 0.32937500 0.87078779
vt 0.01062500 0.88810256
vt 0.01062500 0.91118891
vt 0.32937500 0.91118891
vt 0.32937500 0.88810256
vt 0.01062500 0.91118891
vt 0.01062500 0.95447583
vt 0.32937500 0.95447583
vt 0.32937500 0.91118891
vt 0.01062500 0.95447583
vt 0.01062500 0.97179059
vt 0.32937500 0.97179059
vt 0.32937500 0.95447583
vt 0.34062500 0.97014925
vt 0.34062500 0.92817164
vt 0.65937500 0.92817164
vt 0.65937500 0.97014925
vt 0.34062500 0.92817164
vt 0.34062500 0.56436567
vt 0.65937500 0.56436567
vt 0.65937500 0.92817164
vt 0.34062500 0.56436567
vt 0.34062500 0.52238806
vt 0.65937500 0.52238806
vt 0.65937500 0.56436567
vt 0.01062500 0.97179059
vt 0.01062500 0.95447583
vt 0.32937500 0.95447583
vt 0.32937500 0.97179059
vt 0.01062500 0.95447583
vt 0.01062500 0.91118891
vt 0.32937500 0.91118891
vt 0.32937500 0.95447583
vt 0.01062500 0.91118891
vt 0.01062500 0.88810256
vt 0.32937500 0.88810256
vt 0.32937500 0.91118891
vt 0.01062500 0.88810256
vt 0.01062500 0.87078779
vt 0.32937500 0.87078779
vt 0.32937500 0.88810256
vt 0.01062500 0.87078779
vt 0.01062500 0.85347303
vt 0.32937500 0.85347303
vt 0.32937500 0.87078779
vt 0.01062500 0.85347303
vt 0.01062500 0.81884350
vt 0.32937500 0.81884350
vt 0.32937500 0.85347303
vt 0.01062500 0.81884350
vt 0.01062500 0.63992425
vt 0.32937500 0.63992425
vt 0.32937500 0.81884350
vt 0.01062500 0.63992425
vt 0.01062500 0.60818052
vt 0.32937500 0.60818052
vt 0.32937500 0.63992425
vt 0.01062500 0.60818052
vt 0.01062500 0.57932257
vt 0.32937500 0.57932257
vt 0.32937500 0.60818052
vt 0.01062500 0.57932257
vt 0.01062500 0.54757884
vt 0.32937500 0.54757884
vt 0.32937500 0.57932257
vt 0.01062500 0.54757884
vt 0.01062500 0.53314987
vt 0.32937500 0.53314987
vt 0.32937500 0.54757884
vt 0.01062500 0.53314987
vt 0.01062500 0.50839552
vt 0.32937500 0.50839552
vt 0.32937500 0.53314987
vt 0.01062500 0.50839552
vt 0.01062500 0.57500000
vt 0.32937500 0.57500000
vt 0.32937500 0.50839552
vt 0.98937500 0.50839552
vt 0.67062500 0.50839552
vt 0.67062500 0.53314987
vt 0.98937500 0.50839552
vt 0.67062500 0.53314987
vt 0.68428571 0.54757884
vt 0.98937500 0.50839552
vt 0.68428571 0.54757884
vt 0.77080357 0.57932257
vt 0.98937500 0.50839552
vt 0.77080357 0.57932257
vt 0.80267857 0.60818052
vt 0.80040179 0.85347303
vt 0.76852679 0.87078779
vt 0.75486607 0.88810256
vt 0.80040179 0.85347303
vt 0.75486607 0.88810256
vt 0.75258929 0.91118891
vt 0.80040179 0.85347303
vt 0.75258929 0.91118891
vt 0.75258929 0.95447583
vt 0.80040179 0.85347303
vt 0.75258929 0.95447583
vt 0.75714286 0.97179059
vt 0.80040179 0.85347303
vt 0.75714286 0.97179059
vt 0.77080357 0.98414179
vt 0.80950893 0.81884350
vt 0.80040179 0.85347303
vt 0.77080357 0.98414179
vt 0.80950893 0.81884350
vt 0.77080357 0.98414179
vt 0.88919643 0.98414179
vt 0.80950893 0.81884350
vt 0.88919643 0.98414179
vt 0.90285714 0.97179059
vt 0.80950893 0.81884350
vt 0.90285714 0.97179059
vt 0.90741071 0.95447583
vt 0.80950893 0.81884350
vt 0.90741071 0.95447583
vt 0.90741071 0.91118891
vt 0.80950893 0.81884350
vt 0.90741071 0.91118891
vt 0.90513393 0.88810256
vt 0.90513393 0.88810256
vt 0.89147321 0.87078779
vt 0.85959821 0.85347303
vt 0.80950893 0.81884350
vt 0.90513393 0.88810256
vt 0.85959821 0.85347303
vt 0.80950893 0.81884350
vt 0.85959821 0.85347303
vt 0.85049107 0.81884350
vt 0.80950893 0.63992425
vt 0.80950893 0.81884350
vt 0.85049107 0.81884350
vt 0.80267857 0.60818052
vt 0.80950893 0.63992425
vt 0.85049107 0.81884350
vt 0.80267857 0.60818052
vt 0.85049107 0.81884350
vt 0.85049107 0.63992425
vt 0.80267857 0.60818052
vt 0.85049107 0.63992425
vt 0.85732143 0.60818052
vt 0.80267857 0.60818052
vt 0.85732143 0.60818052
vt 0.88919643 0.57932257
vt 0.98937500 0.50839552
vt 0.80267857 0.60818052
vt 0.88919643 0.57932257
vt 0.98937500 0.50839552
vt 0.88919643 0.57932257
vt 0.97571429 0.54757884
vt 0.97571429 0.54757884
vt 0.98937500 0.53314987
vt 0.98937500 0.50839552
vt 0.67062500 0.50839552
vt 0.98937500 0.50839552
vt 0.98937500 0.53314987
vt 0.67062500 0.50839552
vt 0.98937500 0.53314987
vt 0.97571429 0.54757884
vt 0.67062500 0.50839552
vt 0.97571429 0.54757884
vt 0.88919643 0.57932257
vt 0.67062500 0.50839552
vt 0.88919643 0.57932257
vt 0.85732143 0.60818052
vt 0.85959821 0.85347303
vt 0.89147321 0.87078779
vt 0.90513393 0.88810256
vt 0.85959821 0.85347303
vt 0.90513393 0.88810256
vt 0.90741071 0.91118891
vt 0.85959821 0.85347303
vt 0.90741071 0.91118891
vt 0.90741071 0.95447583
vt 0.85959821 0.85347303
vt 0.90741071 0.95447583
vt 0.90285714 0.97179059
vt 0.85959821 0.85347303
vt 0.90285714 0.97179059
vt 0.88919643 0.98414179
vt 0.85049107 0.81884350
vt 0.85959821 0.85347303
vt 0.88919643 0.98414179
vt 0.85049107 0.81884350
vt 0.88919643 0.98414179
vt 0.77080357 0.98414179
vt 0.85049107 0.81884350
vt 0.77080357 0.98414179
vt 0.75714286 0.97179059
vt 0.85049107 0.81884350
vt 0.75714286 0.97179059
vt 0.75258929 0.95447583
vt 0.85049107 0.81884350
vt 0.75258929 0.95447583
vt 0.75258929 0.91118891
vt 0.85049107 0.81884350
vt 0.75258929 0.91118891
vt 0.75486607 0.88810256
vt 0.75486607 0.88810256
vt 0.76852679 0.87078779
vt 0.80040179 0.85347303
vt 0.85049107 0.81884350
vt 0.75486607 0.88810256
vt 0.80040179 0.85347303
vt 0.85049107 0.81884350
vt 0.80040179 0.85347303
vt 0.80950893 0.81884350
vt 0.85049107 0.63992425
vt 0.85049107 0.81884350
vt 0.80950893 0.81884350
vt 0.85732143 0.60818052
vt 0.85049107 0.63992425
vt 0.80950893 0.81884350
vt 0.85732143 0.60818052
vt 0.80950893 0.81884350
vt 0.80950893 0.63992425
vt 0.85732143 0.60818052
vt 0.80950893 0.63992425
vt 0.80267857 0.60818052
vt 0.85732143 0.60818052
vt 0.80267857 0.60818052
vt 0.77080357 0.57932257
vt 0.67062500 0.50839552
vt 0.85732143 0.60818052
vt 0.77080357 0.57932257
vt 0.67062500 0.50839552
vt 0.77080357 0.57932257
vt 0.68428571 0.54757884
vt 0.68428571 0.54757884
vt 0.67062500 0.53314987
vt 0.67062500 0.50839552
vn 0.00000000 -1.00000000 0.00000000
vn 0.00000000 -1.00000000 0.00000000
vn 0.00000000 -1.00000000 0.00000000
vn 0.00000000 -1.00000000 0.00000000
vn -0.00000000 1.00000000 0.00000000
vn -0.00000000 1.00000000 0.00000000
vn -0.00000000 1.00000000 0.00000000
vn -0.00000000 1.00000000 0.00000000
vn 0.00000000 0.00000000 -1.00000000
vn 0.00000000 0.00000000 -1.00000000
vn 0.00000000 0.00000000 -1.00000000
vn 0.00000000 0.00000000 -1.00000000
vn 1.00000000 0.00000000 -0.00000000
vn 1.00000000 0.00000000 -0.00000000
vn 1.00000000 0.00000000 -0.00000000
vn 1.00000000 0.00000000 -0.00000000
vn 0.00000000 0.00000000 1.00000000
vn 0.00000000 0.00000000 1.00000000
vn 0.00000000 0.00000000 1.00000000
vn 0.00000000 0.00000000 1.00000000
vn -1.00000000 0.00000000 -0.00000000
vn -1.00000000 0.00000000 -0.00000000
vn -1.00000000 0.00000000 -0.00000000
vn -1.00000000 0.00000000 -0.00000000
vn 0.00000000 -1.00000000 0.00000000
vn 0.00000000 -1.00000000 0.00000000
vn 0.00000000 -1.00000000 0.00000000
vn 0.00000000 -1.00000000 0.00000000
vn -0.00000000 1.00000000 0.00000000
vn -0.00000000 1.00000000 0.00000000
vn -0.00000000 1.00000000 0.00000000
vn -0.00000000 1.00000000 0.00000000
vn 0.00000000 0.00000000 -1.00000000
vn 0.00000000 0.00000000 -1.00000000
vn 0.00000000 0.00000000 -1.00000000
vn 0.00000000 0.00000000 -1.00000000
vn 1.00000000 0.00000000 -0.00000000
vn 1.00000000 0.00000000 -0.00000000
vn 1.00000000 0.00000000 -0.00000000
vn 1.00000000 0.00000000 -0.00000000
vn 0.00000000 0.00000000 1.00000000
vn 0.00000000 0.00000000 1.00000000
vn 0.00000000 0.00000000 1.00000000
vn 0.00000000 0.00000000 1.00000000
vn -1.00000000 0.00000000 -0.00000000
vn -1.00000000 0.00000000 -0.00000000
vn -1.00000000 0.00000000 -0.00000000
vn -1.00000000 0.00000000 -0.00000000
vn 0.00000000 -1.00000000 0.00000000
vn 0.00000000 -1.00000000 0.00000000
vn 0.00000000 -1.00000000 0.00000000
vn 0.00000000 -1.00000000 0.00000000
vn 0.00000000 -1.00000000 0.00000000
vn 0.00000000 -1.00000000 0.00000000
vn 0.00000000 -1.00000000 0.00000000
vn 0.00000000 -1.00000000 0.00000000
vn 0.00000000 -1.00000000 0.00000000
vn 0.00000000 -1.00000000 0.00000000
vn 0.00000000 -1.00000000 0.00000000
vn 0.00000000 -1.00000000 0.00000000
vn 0.00000000 -1.00000000 0.00000000
vn 0.00000000 -1.00000000 0.00000000
vn 0.00000000 -1.00000000 0.00000000
vn 0.00000000 -1.00000000 0.00000000
vn 0.00000000 -1.00000000 0.00000000
vn 0.00000000 -1.00000000 0.00000000
vn 0.00000000 1.00000000 0.00000000
vn 0.00000000 1.00000000 0.00000000
vn 0.00000000 1.00000000 0.00000000
vn 0.00000000 1.00000000 -0.00000000
vn 0.00000000 1.00000000 -0.00000000
vn 0.00000000 1.00000000 -0.00000000
vn 0.00000000 1.00000000 0.00000000
vn 0.00000000 1.00000000 0.00000000
vn 0.00000000 1.00000000 0.00000000
vn 0.00000000 1.00000000 0.00000000
vn 0.00000000 1.00000000 0.00000000
vn 0.00000000 1.00000000 0.00000000
vn 0.00000000 1.00000000 0.00000000
vn 0.00000000 1.00000000 0.00000000
vn 0.00000000 1.00000000 0.00000000
vn 0.00000000 1.00000000 0.00000000
vn 0.00000000 1.00000000 0.00000000
vn 0.00000000 1.00000000 0.00000000
vn 0.00000000 0.00000000 -1.00000000
vn 0.00000000 0.00000000 -1.00000000
vn 0.00000000 0.00000000 -1.00000000
vn 0.00000000 0.00000000 -1.00000000
vn 0.70710678 0.00000000 -0.70710678
vn 0.70710678 0.00000000 -0.70710678
vn 0.70710678 0.00000000 -0.70710678
vn 0.70710678 0.00000000 -0.70710678
vn 1.00000000 0.00000000 -0.00000000
vn 1.00000000 0.00000000 -0.00000000
vn 1.00000000 0.00000000 -0.00000000
vn 1.00000000 0.00000000 -0.00000000
vn 0.70710678 0.00000000 0.70710678
vn 0.70710678 0.00000000 0.70710678
vn 0.70710678 0.00000000 0.70710678
vn 0.70710678 0.00000000 0.70710678
vn 0.00000000 0.00000000 1.00000000
vn 0.00000000 0.00000000 1.00000000
vn 0.00000000 0.00000000 1.00000000
vn 0.00000000 0.00000000 1.00000000
vn -0.70710678 0.00000000 0.70710678
vn -0.70710678 0.00000000 0.70710678
vn -0.70710678 0.00000000 0.70710678
vn -0.70710678 0.00000000 0.70710678
vn -1.00000000 0.00000000 -0.00000000
vn -1.00000000 0.00000000 -0.00000000
vn -1.00000000 0.00000000 -0.00000000
vn -1.00000000 0.00000000 -0.00000000
vn -0.70710678 0.00000000 -0.70710678
vn -0.70710678 0.00000000 -0.70710678
vn -0.70710678 0.00000000 -0.70710678
vn -0.70710678 0.00000000 -0.70710678
vn 0.00000000 -1.00000000 0.00000000
vn 0.00000000 -1.00000000 0.00000000
vn 0.00000000 -1.00000000 0.00000000
vn 0.00000000 -1.00000000 0.00000000
vn 0.00000000 -1.00000000 0.00000000
vn 0.00000000 -1.00000000 0.00000000
vn 0.00000000 -1.00000000 0.00000000
vn 0.00000000 -1.00000000 0.00000000
vn 0.00000000 -1.00000000 0.00000000
vn 0.00000000 -1.00000000 0.00000000
vn 0.00000000 -1.00000000 0.00000000
vn 0.00000000 -1.00000000 0.00000000
vn 0.00000000 -1.00000000 0.00000000
vn 0.00000000 -1.00000000 0.00000000
vn 0.00000000 -1.00000000 0.00000000
vn 0.00000000 -1.00000000 0.00000000
vn 0.00000000 -1.00000000 0.00000000
vn 0.00000000 -1.00000000 0.00000000
vn 0.00000000 1.00000000 0.00000000
vn 0.00000000 1.00000000 0.00000000
vn 0.00000000 1.00000000 0.00000000
vn 0.00000000 1.00000000 -0.00000000
vn 0.00000000 1.00000000 -0.00000000
vn 0.00000000 1.00000000 -0.00000000
vn 0.00000000 1.00000000 0.00000000
vn 0.00000000 1.00000000 0.00000000
vn 0.00000000 1.00000000 0.00000000
vn 0.00000000 1.00000000 0.00000000
vn 0.00000000 1.00000000 0.00000000
vn 0.00000000 1.00000000 0.00000000
vn 0.00000000 1.00000000 0.00000000
vn 0.00000000 1.00000000 0.00000000
vn 0.00000000 1.00000000 0.00000000
vn 0.00000000 1.00000000 0.00000000
vn 0.00000000 1.00000000 0.00000000
vn 0.00000000 1.00000000 0.00000000
vn 0.00000000 0.00000000 -1.00000000
vn 0.00000000 0.00000000 -1.00000000
vn 0.00000000 0.00000000 -1.00000000
vn 0.00000000 0.00000000 -1.00000000
vn 0.70710678 0.00000000 -0.70710678
vn 0.70710678 0.00000000 -0.70710678
vn 0.70710678 0.00000000 -0.70710678
vn 0.70710678 0.00000000 -0.70710678
vn 1.00000000 0.00000000 -0.00000000
vn 1.00000000 0.00000000 -0.00000000
vn 1.00000000 0.00000000 -0.00000000
vn 1.00000000 0.00000000 -0.00000000
vn 0.70710678 0.00000000 0.70710678
vn 0.70710678 0.00000000 0.70710678
vn 0.70710678 0.00000000 0.70710678
vn 0.70710678 0.00000000 0.70710678
vn 0.00000000 0.00000000 1.00000000
vn 0.00000000 0.00000000 1.00000000
vn 0.00000000 0.00000000 1.00000000
vn 0.00000000 0.00000000 1.00000000
vn -0.70710678 0.00000000 0.70710678
vn -0.70710678 0.00000000 0.70710678
vn -0.70710678 0.00000000 0.70710678
vn -0.70710678 0.00000000 0.70710678
vn -1.00000000 0.00000000 -0.00000000
vn -1.00000000 0.00000000 -0.00000000
vn -1.00000000 0.00000000 -0.00000000
vn -1.00000000 0.00000000 -0.00000000
vn -0.70710678 0.00000000 -0.70710678
vn -0.70710678 0.00000000 -0.70710678
vn -0.70710678 0.00000000 -0.70710678
vn -0.70710678 0.00000000 -0.70710678
vn 0.00000000 -1.00000000 0.00000000
vn 0.00000000 -1.00000000 0.00000000
vn 0.00000000 -1.00000000 0.00000000
vn 0.00000000 -1.00000000 0.00000000
vn 0.00000000 -1.00000000 0.00000000
vn 0.00000000 -1.00000000 0.00000000
vn 0.00000000 -1.00000000 0.00000000
vn 0.00000000 -1.00000000 0.00000000
vn 0.00000000 -1.00000000 0.00000000
vn 0.00000000 -1.00000000 0.00000000
vn 0.00000000 -1.00000000 0.00000000
vn 0.00000000 -1.00000000 0.00000000
vn 0.00000000 -1.00000000 0.00000000
vn 0.00000000 -1.00000000 0.00000000
vn 0.00000000 -1.00000000 0.00000000
vn 0.00000000 -1.00000000 0.00000000
vn 0.00000000 -1.00000000 0.00000000
vn 0.00000000 -1.00000000 0.00000000
vn 0.00000000 1.00000000 0.00000000
vn 0.00000000 1.00000000 0.00000000
vn 0.00000000 1.00000000 0.00000000
vn 0.00000000 1.00000000 -0.00000000
vn 0.00000000 1.00000000 -0.00000000
vn 0.00000000 1.00000000 -0.00000000
vn 0.00000000 1.00000000 0.00000000
vn 0.00000000 1.00000000 0.00000000
vn 0.00000000 1.00000000 0.00000000
vn 0.00000000 1.00000000 0.00000000
vn 0.00000000 1.00000000 0.00000000
vn 0.00000000 1.00000000 0.00000000
vn 0.00000000 1.00000000 0.00000000
vn 0.00000000 1.00000000 0.00000000
vn 0.00000000 1.00000000 0.00000000
vn 0.00000000 1.00000000 0.00000000
vn 0.00000000 1.00000000 0.00000000
vn 0.00000000 1.00000000 0.00000000
vn 0.00000000 0.00000000 -1.00000000
vn 0.00000000 0.00000000 -1.00000000
vn 0.00000000 0.00000000 -1.00000000
vn 0.00000000 0.00000000 -1.00000000
vn 0.70710678 0.00000000 -0.70710678
vn 0.70710678 0.00000000 -0.70710678
vn 0.70710678 0.00000000 -0.70710678
vn 0.70710678 0.00000000 -0.70710678
vn 1.00000000 0.00000000 -0.00000000
vn 1.00000000 0.00000000 -0.00000000
vn 1.00000000 0.00000000 -0.00000000
vn 1.00000000 0.00000000 -0.00000000
vn 0.70710678 0.00000000 0.70710678
vn 0.70710678 0.00000000 0.70710678
vn 0.70710678 0.00000000 0.70710678
vn 0.70710678 0.00000000 0.70710678
vn 0.00000000 0.00000000 1.00000000
vn 0.00000000 0.00000000 1.00000000
vn 0.00000000 0.00000000 1.00000000
vn 0.00000000 0.00000000 1.00000000
vn -0.70710678 0.00000000 0.70710678
vn -0.70710678 0.00000000 0.70710678
vn -0.70710678 0.00000000 0.70710678
vn -0.70710678 0.00000000 0.70710678
vn -1.00000000 0.00000000 -0.00000000
vn -1.00000000 0.00000000 -0.00000000
vn -1.00000000 0.00000000 -0.00000000
vn -1.00000000 0.00000000 -0.00000000
vn -0.70710678 0.00000000 -0.70710678
vn -0.70710678 0.00000000 -0.70710678
vn -0.70710678 0.00000000 -0.70710678
vn -0.70710678 0.00000000 -0.70710678
vn 0.00000000 -1.00000000 0.00000000
vn 0.00000000 -1.00000000 0.00000000
vn 0.00000000 -1.00000000 0.00000000
vn 0.00000000 -1.00000000 0.00000000
vn 0.00000000 -1.00000000 0.00000000
vn 0.00000000 -1.00000000 0.00000000
vn 0.00000000 -1.00000000 0.00000000
vn 0.00000000 -1.00000000 0.00000000
vn 0.00000000 -1.00000000 0.00000000
vn 0.00000000 -1.00000000 0.00000000
vn 0.00000000 -1.00000000 0.00000000
vn 0.00000000 -1.00000000 0.00000000
vn 0.00000000 -1.00000000 0.00000000
vn 0.00000000 -1.00000000 0.00000000
vn 0.00000000 -1.00000000 0.00000000
vn 0.00000000 -1.00000000 0.00000000
vn 0.00000000 -1.00000000 0.00000000
vn 0.00000000 -1.00000000 0.00000000
vn 0.00000000 1.00000000 0.00000000
vn 0.00000000 1.00000000 0.00000000
vn 0.00000000 1.00000000 0.00000000
vn 0.00000000 1.00000000 -0.00000000
vn 0.00000000 1.00000000 -0.00000000
vn 0.00000000 1.00000000 -0.00000000
vn 0.00000000 1.00000000 0.00000000
vn 0.00000000 1.00000000 0.00000000
vn 0.00000000 1.00000000 0.00000000
vn 0.00000000 1.00000000 0.00000000
vn 0.00000000 1.00000000 0.00000000
vn 0.00000000 1.00000000 0.00000000
vn 0.00000000 1.00000000 0.00000000
vn 0.00000000 1.00000000 0.00000000
vn 0.00000000 1.00000000 0.00000000
vn 0.00000000 1.00000000 0.00000000
vn 0.00000000 1.00000000 0.00000000
vn 0.00000000 1.00000000 0.00000000
vn 0.00000000 0.00000000 -1.00000000
vn 0.00000000 0.00000000 -1.00000000
vn 0.00000000 0.00000000 -1.00000000
vn 0.00000000 0.00000000 -1.00000000
vn 0.70710678 0.00000000 -0.70710678
vn 0.70710678 0.00000000 -0.70710678
vn 0.70710678 0.00000000 -0.70710678
vn 0.70710678 0.00000000 -0.70710678
vn 1.00000000 0.00000000 -0.00000000
vn 1.00000000 0.00000000 -0.00000000
vn 1.00000000 0.00000000 -0.00000000
vn 1.00000000 0.00000000 -0.00000000
vn 0.70710678 0.00000000 0.70710678
vn 0.70710678 0.00000000 0.70710678
vn 0.70710678 0.00000000 0.70710678
vn 0.70710678 0.00000000 0.70710678
vn 0.00000000 0.00000000 1.00000000
vn 0.00000000 0.00000000 1.00000000
vn 0.00000000 0.00000000 1.00000000
vn 0.00000000 0.00000000 1.00000000
vn -0.70710678 0.00000000 0.70710678
vn -0.70710678 0.00000000 0.70710678
vn -0.70710678 0.00000000 0.70710678
vn -0.70710678 0.00000000 0.70710678
vn -1.00000000 0.00000000 -0.00000000
vn -1.00000000 0.00000000 -0.00000000
vn -1.00000000 0.00000000 -0.00000000
vn -1.00000000 0.00000000 -0.00000000
vn -0.70710678 0.00000000 -0.70710678
vn -0.70710678 0.00000000 -0.70710678
vn -0.70710678 0.00000000 -0.70710678
vn -0.70710678 0.00000000 -0.70710678
vn 0.00000000 -0.00000000 1.00000000
vn 0.00000000 -0.00000000 1.00000000
vn 0.00000000 -0.00000000 1.00000000
vn 0.00000000 0.00000000 1.00000000
vn 0.00000000 0.00000000 1.00000000
vn 0.00000000 0.00000000 1.00000000
vn 0.00000000 0.00000000 1.00000000
vn 0.00000000 0.00000000 1.00000000
vn 0.00000000 0.00000000 1.00000000
vn 0.00000000 0.00000000 1.00000000
vn 0.00000000 0.00000000 1.00000000
vn 0.00000000 0.00000000 1.00000000
vn 0.00000000 0.00000000 1.00000000
vn 0.00000000 0.00000000 1.00000000
vn 0.00000000 0.00000000 1.00000000
vn 0.00000000 0.00000000 1.00000000
vn 0.00000000 0.00000000 1.00000000
vn 0.00000000 0.00000000 1.00000000
vn 0.00000000 0.00000000 1.00000000
vn 0.00000000 0.00000000 1.00000000
vn 0.00000000 0.00000000 1.00000000
vn 0.00000000 -0.00000000 -1.00000000
vn 0.00000000 -0.00000000 -1.00000000
vn 0.00000000 -0.00000000 -1.00000000
vn 0.00000000 0.00000000 -1.00000000
vn 0.00000000 0.00000000 -1.00000000
vn 0.00000000 0.00000000 -1.00000000
vn 0.00000000 0.00000000 -1.00000000
vn 0.00000000 0.00000000 -1.00000000
vn 0.00000000 0.00000000 -1.00000000
vn 0.00000000 0.00000000 -1.00000000
vn 0.00000000 0.00000000 -1.00000000
vn 0.00000000 0.00000000 -1.00000000
vn 0.00000000 0.00000000 -1.00000000
vn 0.00000000 0.00000000 -1.00000000
vn 0.00000000 0.00000000 -1.00000000
vn 0.00000000 0.00000000 -1.00000000
vn 0.00000000 0.00000000 -1.00000000
vn 0.00000000 0.00000000 -1.00000000
vn 0.00000000 0.00000000 -1.00000000
vn 0.00000000 0.00000000 -1.00000000
vn 0.00000000 0.00000000 -1.00000000
vn 0.37708674 -0.92617795 0.00000000
vn 0.37708674 -0.92617795 0.00000000
vn 0.37708674 -0.92617795 0.00000000
vn 0.37708674 -0.92617795 0.00000000
vn 0.72353574 -0.69028692 0.00000000
vn 0.72353574 -0.69028692 0.00000000
vn 0.72353574 -0.69028692 0.00000000
vn 0.72353574 -0.69028692 0.00000000
vn -0.00000000 -1.00000000 0.00000000
vn -0.00000000 -1.00000000 0.00000000
vn -0.00000000 -1.00000000 0.00000000
vn -0.00000000 -1.00000000 0.00000000
vn -1.00000000 0.00000000 0.00000000
vn -1.00000000 0.00000000 0.00000000
vn -1.00000000 0.00000000 0.00000000
vn -1.00000000 0.00000000 0.00000000
vn -0.00000000 1.00000000 0.00000000
vn -0.00000000 1.00000000 0.00000000
vn -0.00000000 1.00000000 0.00000000
vn -0.00000000 1.00000000 0.00000000
vn -0.18589167 0.98257025 0.00000000
vn -0.18589167 0.98257025 0.00000000
vn -0.18589167 0.98257025 0.00000000
vn -0.18589167 0.98257025 0.00000000
vn -0.00000000 1.00000000 0.00000000
vn -0.00000000 1.00000000 0.00000000
vn -0.00000000 1.00000000 0.00000000
vn -0.00000000 1.00000000 0.00000000
vn -0.20695859 0.97834970 0.00000000
vn -0.20695859 0.97834970 0.00000000
vn -0.20695859 0.97834970 0.00000000
vn -0.20695859 0.97834970 0.00000000
vn 1.00000000 0.00000000 0.00000000
vn 1.00000000 0.00000000 0.00000000
vn 1.00000000 0.00000000 0.00000000
vn 1.00000000 0.00000000 0.00000000
vn 0.00000000 -1.00000000 0.00000000
vn 0.00000000 -1.00000000 0.00000000
vn 0.00000000 -1.00000000 0.00000000
vn 0.00000000 -1.00000000 0.00000000
vn 0.00000000 -1.00000000 0.00000000
vn 0.00000000 -1.00000000 0.00000000
vn 0.00000000 -1.00000000 0.00000000
vn 0.00000000 -1.00000000 0.00000000
vn 0.00000000 -1.00000000 0.00000000
vn 0.00000000 -1.00000000 0.00000000
vn 0.00000000 -1.00000000 0.00000000
vn 0.00000000 -1.00000000 0.00000000
vn 0.00000000 -1.00000000 0.00000000
vn 0.00000000 -1.00000000 0.00000000
vn 0.00000000 -1.00000000 0.00000000
vn 0.00000000 -1.00000000 0.00000000
vn 0.00000000 -1.00000000 0.00000000
vn 0.00000000 -1.00000000 0.00000000
vn -0.00000000 -1.00000000 0.00000000
vn -0.00000000 -1.00000000 0.00000000
vn -0.00000000 -1.00000000 0.00000000
vn 0.00000000 -1.00000000 0.00000000
vn 0.00000000 -1.00000000 0.00000000
vn 0.00000000 -1.00000000 0.00000000
vn 0.00000000 1.00000000 0.00000000
vn 0.00000000 1.00000000 0.00000000
vn 0.00000000 1.00000000 0.00000000
vn 0.00000000 1.00000000 0.00000000
vn 0.00000000 1.00000000 0.00000000
vn 0.00000000 1.00000000 0.00000000
vn 0.00000000 1.00000000 0.00000000
vn 0.00000000 1.00000000 0.00000000
vn 0.00000000 1.00000000 0.00000000
vn 0.00000000 1.00000000 0.00000000
vn 0.00000000 1.00000000 0.00000000
vn 0.00000000 1.00000000 0.00000000
vn 0.00000000 1.00000000 0.00000000
vn 0.00000000 1.00000000 0.00000000
vn 0.00000000 1.00000000 0.00000000
vn 0.00000000 1.00000000 0.00000000
vn 0.00000000 1.00000000 0.00000000
vn 0.00000000 1.00000000 0.00000000
vn 0.00000000 1.00000000 0.00000000
vn 0.00000000 1.00000000 0.00000000
vn 0.00000000 1.00000000 0.00000000
vn 0.00000000 1.00000000 0.00000000
vn 0.00000000 1.00000000 0.00000000
vn 0.00000000 1.00000000 0.00000000
vn 0.95105652 0.00000000 0.30901699
vn 0.95105652 0.00000000 0.30901699
vn 0.95105652 0.00000000 0.30901699
vn 0.95105652 0.00000000 0.30901699
vn 0.58778525 0.00000000 0.80901699
vn 0.58778525 0.00000000 0.80901699
vn 0.58778525 0.00000000 0.80901699
vn 0.58778525 0.00000000 0.80901699
vn 0.00000000 0.00000000 1.00000000
vn 0.00000000 0.00000000 1.00000000
vn 0.00000000 0.00000000 1.00000000
vn 0.00000000 0.00000000 1.00000000
vn -0.58778525 0.00000000 0.80901699
vn -0.58778525 0.00000000 0.80901699
vn -0.58778525 0.00000000 0.80901699
vn -0.58778525 0.00000000 0.80901699
vn -0.95105652 0.00000000 0.30901699
vn -0.95105652 0.00000000 0.30901699
vn -0.95105652 0.00000000 0.30901699
vn -0.95105652 0.00000000 0.30901699
vn -0.95105652 0.00000000 -0.30901699
vn -0.95105652 0.00000000 -0.30901699
vn -0.95105652 0.00000000 -0.30901699
vn -0.95105652 0.00000000 -0.30901699
vn -0.58778525 0.00000000 -0.80901699
vn -0.58778525 0.00000000 -0.80901699
vn -0.58778525 0.00000000 -0.80901699
vn -0.58778525 0.00000000 -0.80901699
vn 0.00000000 0.00000000 -1.00000000
vn 0.00000000 0.00000000 -1.00000000
vn 0.00000000 0.00000000 -1.00000000
vn 0.00000000 0.00000000 -1.00000000
vn 0.58778525 0.00000000 -0.80901699
vn 0.58778525 0.00000000 -0.80901699
vn 0.58778525 0.00000000 -0.80901699
vn 0.58778525 0.00000000 -0.80901699
vn 0.95105652 0.00000000 -0.30901699
vn 0.95105652 0.00000000 -0.30901699
vn 0.95105652 0.00000000 -0.30901699
vn 0.95105652 0.00000000 -0.30901699
vn 0.00000000 -1.00000000 0.00000000
vn 0.00000000 -1.00000000 0.00000000
vn 0.00000000 -1.00000000 0.00000000
vn 0.00000000 -1.00000000 0.00000000
vn 0.00000000 -1.00000000 0.00000000
vn 0.00000000 -1.00000000 0.00000000
vn 0.00000000 -1.00000000 0.00000000
vn 0.00000000 -1.00000000 0.00000000
vn 0.00000000 -1.00000000 0.00000000
vn 0.00000000 -1.00000000 0.00000000
vn 0.00000000 -1.00000000 0.00000000
vn 0.00000000 -1.00000000 0.00000000
vn 0.00000000 -1.00000000 0.00000000
vn 0.00000000 -1.00000000 0.00000000
vn 0.00000000 -1.00000000 0.00000000
vn 0.00000000 -1.00000000 0.00000000
vn 0.00000000 -1.00000000 0.00000000
vn 0.00000000 -1.00000000 0.00000000
vn 0.00000000 -1.00000000 0.00000000
vn 0.00000000 -1.00000000 0.00000000
vn 0.00000000 -1.00000000 0.00000000
vn -0.00000000 -1.00000000 0.00000000
vn -0.00000000 -1.00000000 0.00000000
vn -0.00000000 -1.00000000 0.00000000
vn 0.00000000 -1.00000000 0.00000000
vn 0.00000000 -1.00000000 0.00000000
vn 0.00000000 -1.00000000 0.00000000
vn 0.00000000 -1.00000000 0.00000000
vn 0.00000000 -1.00000000 0.00000000
vn 0.00000000 -1.00000000 0.00000000
vn 0.00000000 1.00000000 0.00000000
vn 0.00000000 1.00000000 0.00000000
vn 0.00000000 1.00000000 0.00000000
vn 0.00000000 1.00000000 0.00000000
vn 0.00000000 1.00000000 0.00000000
vn 0.00000000 1.00000000 0.00000000
vn 0.00000000 1.00000000 0.00000000
vn 0.00000000 1.00000000 0.00000000
vn 0.00000000 1.00000000 0.00000000
vn 0.00000000 1.00000000 0.00000000
vn 0.00000000 1.00000000 0.00000000
vn 0.00000000 1.00000000 0.00000000
vn 0.00000000 1.00000000 0.00000000
vn 0.00000000 1.00000000 0.00000000
vn 0.00000000 1.00000000 0.00000000
vn 0.00000000 1.00000000 0.00000000
vn 0.00000000 1.00000000 0.00000000
vn 0.00000000 1.00000000 0.00000000
vn 0.00000000 1.00000000 0.00000000
vn 0.00000000 1.00000000 0.00000000
vn 0.00000000 1.00000000 0.00000000
vn 0.00000000 1.00000000 0.00000000
vn 0.00000000 1.00000000 0.00000000
vn 0.00000000 1.00000000 0.00000000
vn 0.00000000 1.00000000 0.00000000
vn 0.00000000 1.00000000 0.00000000
vn 0.00000000 1.00000000 0.00000000
vn 0.00000000 1.00000000 0.00000000
vn 0.00000000 1.00000000 0.00000000
vn 0.00000000 1.00000000 0.00000000
vn 0.96592583 0.00000000 0.25881905
vn 0.96592583 0.00000000 0.25881905
vn 0.96592583 0.00000000 0.25881905
vn 0.96592583 0.00000000 0.25881905
vn 0.70710678 0.00000000 0.70710678
vn 0.70710678 0.00000000 0.70710678
vn 0.70710678 0.00000000 0.70710678
vn 0.70710678 0.00000000 0.70710678
vn 0.25881905 0.00000000 0.96592583
vn 0.25881905 0.00000000 0.96592583
vn 0.25881905 0.00000000 0.96592583
vn 0.25881905 0.00000000 0.96592583
vn -0.25881905 0.00000000 0.96592583
vn -0.25881905 0.00000000 0.96592583
vn -0.25881905 0.00000000 0.96592583
vn -0.25881905 0.00000000 0.96592583
vn -0.70710678 0.00000000 0.70710678
vn -0.70710678 0.00000000 0.70710678
vn -0.70710678 0.00000000 0.70710678
vn -0.70710678 0.00000000 0.70710678
vn -0.96592583 0.00000000 0.25881905
vn -0.96592583 0.00000000 0.25881905
vn -0.96592583 0.00000000 0.25881905
vn -0.96592583 0.00000000 0.25881905
vn -0.96592583 0.00000000 -0.25881905
vn -0.96592583 0.00000000 -0.25881905
vn -0.96592583 0.00000000 -0.25881905
vn -0.96592583 0.00000000 -0.25881905
vn -0.70710678 0.00000000 -0.70710678
vn -0.70710678 0.00000000 -0.70710678
vn -0.70710678 0.00000000 -0.70710678
vn -0.70710678 0.00000000 -0.70710678
vn -0.25881905 0.00000000 -0.96592583
vn -0.25881905 0.00000000 -0.96592583
vn -0.25881905 0.00000000 -0.96592583
vn -0.25881905 0.00000000 -0.96592583
vn 0.25881905 0.00000000 -0.96592583
vn 0.25881905 0.00000000 -0.96592583
vn 0.25881905 0.00000000 -0.96592583
vn 0.25881905 0.00000000 -0.96592583
vn 0.70710678 0.00000000 -0.70710678
vn 0.70710678 0.00000000 -0.70710678
vn 0.70710678 0.00000000 -0.70710678
vn 0.70710678 0.00000000 -0.70710678
vn 0.96592583 0.00000000 -0.25881905
vn 0.96592583 0.00000000 -0.25881905
vn 0.96592583 0.00000000 -0.25881905
vn 0.96592583 0.00000000 -0.25881905
vn 0.00000000 -1.00000000 0.00000000
vn 0.00000000 -1.00000000 0.00000000
vn 0.00000000 -1.00000000 0.00000000
vn 0.00000000 -1.00000000 0.00000000
vn 0.00000000 -1.00000000 0.00000000
vn 0.00000000 -1.00000000 0.00000000
vn 0.00000000 -1.00000000 0.00000000
vn 0.00000000 -1.00000000 0.00000000
vn 0.00000000 -1.00000000 0.00000000
vn 0.00000000 -1.00000000 0.00000000
vn 0.00000000 -1.00000000 0.00000000
vn 0.00000000 -1.00000000 0.00000000
vn 0.00000000 1.00000000 0.00000000
vn 0.00000000 1.00000000 0.00000000
vn 0.00000000 1.00000000 0.00000000
vn 0.00000000 1.00000000 0.00000000
vn 0.00000000 1.00000000 0.00000000
vn 0.00000000 1.00000000 0.00000000
vn 0.00000000 1.00000000 0.00000000
vn 0.00000000 1.00000000 0.00000000
vn 0.00000000 1.00000000 0.00000000
vn -0.00000000 1.00000000 0.00000000
vn -0.00000000 1.00000000 0.00000000
vn -0.00000000 1.00000000 0.00000000
vn 0.86602540 0.00000000 0.50000000
vn 0.86602540 0.00000000 0.50000000
vn 0.86602540 0.00000000 0.50000000
vn 0.86602540 0.00000000 0.50000000
vn 0.00000000 0.00000000 1.00000000
vn 0.00000000 0.00000000 1.00000000
vn 0.00000000 0.00000000 1.00000000
vn 0.00000000 0.00000000 1.00000000
vn -0.86602540 0.00000000 0.50000000
vn -0.86602540 0.00000000 0.50000000
vn -0.86602540 0.00000000 0.50000000
vn -0.86602540 0.00000000 0.50000000
vn -0.86602540 0.00000000 -0.50000000
vn -0.86602540 0.00000000 -0.50000000
vn -0.86602540 0.00000000 -0.50000000
vn -0.86602540 0.00000000 -0.50000000
vn -0.00000000 0.00000000 -1.00000000
vn -0.00000000 0.00000000 -1.00000000
vn -0.00000000 0.00000000 -1.00000000
vn -0.00000000 0.00000000 -1.00000000
vn 0.86602540 0.00000000 -0.50000000
vn 0.86602540 0.00000000 -0.50000000
vn 0.86602540 0.00000000 -0.50000000
vn 0.86602540 0.00000000 -0.50000000
vn 0.00000000 -1.00000000 0.00000000
vn 0.00000000 -1.00000000 0.00000000
vn 0.00000000 -1.00000000 0.00000000
vn 0.00000000 -1.00000000 0.00000000
vn 0.00000000 -1.00000000 0.00000000
vn 0.00000000 -1.00000000 0.00000000
vn 0.00000000 -1.00000000 0.00000000
vn 0.00000000 -1.00000000 0.00000000
vn 0.00000000 -1.00000000 0.00000000
vn 0.00000000 -1.00000000 0.00000000
vn 0.00000000 -1.00000000 0.00000000
vn 0.00000000 -1.00000000 0.00000000
vn 0.00000000 1.00000000 0.00000000
vn 0.00000000 1.00000000 0.00000000
vn 0.00000000 1.00000000 0.00000000
vn 0.00000000 1.00000000 0.00000000
vn 0.00000000 1.00000000 0.00000000
vn 0.00000000 1.00000000 0.00000000
vn 0.00000000 1.00000000 0.00000000
vn 0.00000000 1.00000000 0.00000000
vn 0.00000000 1.00000000 0.00000000
vn 0.00000000 1.00000000 0.00000000
vn 0.00000000 1.00000000 0.00000000
vn 0.00000000 1.00000000 0.00000000
vn 0.86602540 0.00000000 0.50000000
vn 0.86602540 0.00000000 0.50000000
vn 0.86602540 0.00000000 0.50000000
vn 0.86602540 0.00000000 0.50000000
vn 0.00000000 0.00000000 1.00000000
vn 0.00000000 0.00000000 1.00000000
vn 0.00000000 0.00000000 1.00000000
vn 0.00000000 0.00000000 1.00000000
vn -0.86602540 0.00000000 0.50000000
vn -0.86602540 0.00000000 0.50000000
vn -0.86602540 0.00000000 0.50000000
vn -0.86602540 0.00000000 0.50000000
vn -0.86602540 0.00000000 -0.50000000
vn -0.86602540 0.00000000 -0.50000000
vn -0.86602540 0.00000000 -0.50000000
vn -0.86602540 0.00000000 -0.50000000
vn -0.00000000 0.00000000 -1.00000000
vn -0.00000000 0.00000000 -1.00000000
vn -0.00000000 0.00000000 -1.00000000
vn -0.00000000 0.00000000 -1.00000000
vn 0.86602540 0.00000000 -0.50000000
vn 0.86602540 0.00000000 -0.50000000
vn 0.86602540 0.00000000 -0.50000000
vn 0.86602540 0.00000000 -0.50000000
vn 0.00000000 -1.00000000 0.00000000
vn 0.00000000 -1.00000000 0.00000000
vn 0.00000000 -1.00000000 0.00000000
vn 0.00000000 -1.00000000 0.00000000
vn 0.00000000 -1.00000000 0.00000000
vn 0.00000000 -1.00000000 0.00000000
vn 0.00000000 -1.00000000 0.00000000
vn 0.00000000 -1.00000000 0.00000000
vn 0.00000000 -1.00000000 0.00000000
vn 0.00000000 -1.00000000 0.00000000
vn 0.00000000 -1.00000000 0.00000000
vn 0.00000000 -1.00000000 0.00000000
vn 0.00000000 -1.00000000 0.00000000
vn 0.00000000 -1.00000000 0.00000000
vn 0.00000000 -1.00000000 0.00000000
vn 0.00000000 -1.00000000 0.00000000
vn 0.00000000 -1.00000000 0.00000000
vn 0.00000000 -1.00000000 0.00000000
vn 0.00000000 1.00000000 0.00000000
vn 0.00000000 1.00000000 0.00000000
vn 0.00000000 1.00000000 0.00000000
vn 0.00000000 1.00000000 -0.00000000
vn 0.00000000 1.00000000 -0.00000000
vn 0.00000000 1.00000000 -0.00000000
vn 0.00000000 1.00000000 0.00000000
vn 0.00000000 1.00000000 0.00000000
vn 0.00000000 1.00000000 0.00000000
vn 0.00000000 1.00000000 0.00000000
vn 0.00000000 1.00000000 0.00000000
vn 0.00000000 1.00000000 0.00000000
vn 0.00000000 1.00000000 0.00000000
vn 0.00000000 1.00000000 0.00000000
vn 0.00000000 1.00000000 0.00000000
vn 0.00000000 1.00000000 0.00000000
vn 0.00000000 1.00000000 0.00000000
vn 0.00000000 1.00000000 0.00000000
vn 0.00000000 0.00000000 -1.00000000
vn 0.00000000 0.00000000 -1.00000000
vn 0.00000000 0.00000000 -1.00000000
vn 0.00000000 0.00000000 -1.00000000
vn 0.70710678 0.00000000 -0.70710678
vn 0.70710678 0.00000000 -0.70710678
vn 0.70710678 0.00000000 -0.70710678
vn 0.70710678 0.00000000 -0.70710678
vn 1.00000000 0.00000000 -0.00000000
vn 1.00000000 0.00000000 -0.00000000
vn 1.00000000 0.00000000 -0.00000000
vn 1.00000000 0.00000000 -0.00000000
vn 0.70710678 0.00000000 0.70710678
vn 0.70710678 0.00000000 0.70710678
vn 0.70710678 0.00000000 0.70710678
vn 0.70710678 0.00000000 0.70710678
vn 0.00000000 0.00000000 1.00000000
vn 0.00000000 0.00000000 1.00000000
vn 0.00000000 0.00000000 1.00000000
vn 0.00000000 0.00000000 1.00000000
vn -0.70710678 0.00000000 0.70710678
vn -0.70710678 0.00000000 0.70710678
vn -0.70710678 0.00000000 0.70710678
vn -0.70710678 0.00000000 0.70710678
vn -1.00000000 0.00000000 -0.00000000
vn -1.00000000 0.00000000 -0.00000000
vn -1.00000000 0.00000000 -0.00000000
vn -1.00000000 0.00000000 -0.00000000
vn -0.70710678 0.00000000 -0.70710678
vn -0.70710678 0.00000000 -0.70710678
vn -0.70710678 0.00000000 -0.70710678
vn -0.70710678 0.00000000 -0.70710678
vn 0.00000000 -1.00000000 0.00000000
vn 0.00000000 -1.00000000 0.00000000
vn 0.00000000 -1.00000000 0.00000000
vn 0.00000000 -1.00000000 0.00000000
vn 0.00000000 -1.00000000 0.00000000
vn 0.00000000 -1.00000000 0.00000000
vn 0.00000000 -1.00000000 0.00000000
vn 0.00000000 -1.00000000 0.00000000
vn 0.00000000 -1.00000000 0.00000000
vn 0.00000000 -1.00000000 0.00000000
vn 0.00000000 -1.00000000 0.00000000
vn 0.00000000 -1.00000000 0.00000000
vn 0.00000000 -1.00000000 0.00000000
vn 0.00000000 -1.00000000 0.00000000
vn 0.00000000 -1.00000000 0.00000000
vn 0.00000000 -1.00000000 0.00000000
vn 0.00000000 -1.00000000 0.00000000
vn 0.00000000 -1.00000000 0.00000000
vn 0.00000000 1.00000000 0.00000000
vn 0.00000000 1.00000000 0.00000000
vn 0.00000000 1.00000000 0.00000000
vn 0.00000000 1.00000000 -0.00000000
vn 0.00000000 1.00000000 -0.00000000
vn 0.00000000 1.00000000 -0.00000000
vn 0.00000000 1.00000000 0.00000000
vn 0.00000000 1.00000000 0.00000000
vn 0.00000000 1.00000000 0.00000000
vn 0.00000000 1.00000000 0.00000000
vn 0.00000000 1.00000000 0.00000000
vn 0.00000000 1.00000000 0.00000000
vn 0.00000000 1.00000000 0.00000000
vn 0.00000000 1.00000000 0.00000000
vn 0.00000000 1.00000000 0.00000000
vn 0.00000000 1.00000000 0.00000000
vn 0.00000000 1.00000000 0.00000000
vn 0.00000000 1.00000000 0.00000000
vn 0.00000000 0.00000000 -1.00000000
vn 0.00000000 0.00000000 -1.00000000
vn 0.00000000 0.00000000 -1.00000000
vn 0.00000000 0.00000000 -1.00000000
vn 0.70710678 0.00000000 -0.70710678
vn 0.70710678 0.00000000 -0.70710678
vn 0.70710678 0.00000000 -0.70710678
vn 0.70710678 0.00000000 -0.70710678
vn 1.00000000 0.00000000 -0.00000000
vn 1.00000000 0.00000000 -0.00000000
vn 1.00000000 0.00000000 -0.00000000
vn 1.00000000 0.00000000 -0.00000000
vn 0.70710678 0.00000000 0.70710678
vn 0.70710678 0.00000000 0.70710678
vn 0.70710678 0.00000000 0.70710678
vn 0.70710678 0.00000000 0.70710678
vn 0.00000000 0.00000000 1.00000000
vn 0.00000000 0.00000000 1.00000000
vn 0.00000000 0.00000000 1.00000000
vn 0.00000000 0.00000000 1.00000000
vn -0.70710678 0.00000000 0.70710678
vn -0.70710678 0.00000000 0.70710678
vn -0.70710678 0.00000000 0.70710678
vn -0.70710678 0.00000000 0.70710678
vn -1.00000000 0.00000000 -0.00000000
vn -1.00000000 0.00000000 -0.00000000
vn -1.00000000 0.00000000 -0.00000000
vn -1.00000000 0.00000000 -0.00000000
vn -0.70710678 0.00000000 -0.70710678
vn -0.70710678 0.00000000 -0.70710678
vn -0.70710678 0.00000000 -0.70710678
vn -0.70710678 0.00000000 -0.70710678
vn 0.00000000 0.00000000 1.00000000
vn 0.00000000 0.00000000 1.00000000
vn 0.00000000 0.00000000 1.00000000
vn 0.00000000 0.00000000 1.00000000
vn 0.00000000 0.00000000 1.00000000
vn 0.00000000 0.00000000 1.00000000
vn 0.00000000 0.00000000 1.00000000
vn 0.00000000 0.00000000 1.00000000
vn 0.00000000 0.00000000 1.00000000
vn 0.00000000 -0.00000000 1.00000000
vn 0.00000000 -0.00000000 1.00000000
vn 0.00000000 -0.00000000 1.00000000
vn 0.00000000 0.00000000 1.00000000
vn 0.00000000 0.00000000 1.00000000
vn 0.00000000 0.00000000 1.00000000
vn 0.00000000 0.00000000 1.00000000
vn 0.00000000 0.00000000 1.00000000
vn 0.00000000 0.00000000 1.00000000
vn 0.00000000 0.00000000 1.00000000
vn 0.00000000 0.00000000 1.00000000
vn 0.00000000 0.00000000 1.00000000
vn 0.00000000 0.00000000 -1.00000000
vn 0.00000000 0.00000000 -1.00000000
vn 0.00000000 0.00000000 -1.00000000
vn 0.00000000 0.00000000 -1.00000000
vn 0.00000000 0.00000000 -1.00000000
vn 0.00000000 0.00000000 -1.00000000
vn 0.00000000 0.00000000 -1.00000000
vn 0.00000000 0.00000000 -1.00000000
vn 0.00000000 0.00000000 -1.00000000
vn 0.00000000 0.00000000 -1.00000000
vn 0.00000000 0.00000000 -1.00000000
vn 0.00000000 0.00000000 -1.00000000
vn 0.00000000 0.00000000 -1.00000000
vn 0.00000000 0.00000000 -1.00000000
vn 0.00000000 0.00000000 -1.00000000
vn 0.00000000 0.00000000 -1.00000000
vn 0.00000000 0.00000000 -1.00000000
vn 0.00000000 0.00000000 -1.00000000
vn 0.00000000 0.00000000 -1.00000000
vn 0.00000000 0.00000000 -1.00000000
vn 0.00000000 0.00000000 -1.00000000
vn -0.37708674 -0.92617795 0.00000000
vn -0.37708674 -0.92617795 0.00000000
vn -0.37708674 -0.92617795 0.00000000
vn -0.37708674 -0.92617795 0.00000000
vn -0.72353574 -0.69028692 0.00000000
vn -0.72353574 -0.69028692 0.00000000
vn -0.72353574 -0.69028692 0.00000000
vn -0.72353574 -0.69028692 0.00000000
vn 0.00000000 -1.00000000 0.00000000
vn 0.00000000 -1.00000000 0.00000000
vn 0.00000000 -1.00000000 0.00000000
vn 0.00000000 -1.00000000 0.00000000
vn 1.00000000 0.00000000 0.00000000
vn 1.00000000 0.00000000 0.00000000
vn 1.00000000 0.00000000 0.00000000
vn 1.00000000 0.00000000 0.00000000
vn 0.00000000 1.00000000 0.00000000
vn 0.00000000 1.00000000 0.00000000
vn 0.00000000 1.00000000 0.00000000
vn 0.00000000 1.00000000 0.00000000
vn 0.18589167 0.98257025 0.00000000
vn 0.18589167 0.98257025 0.00000000
vn 0.18589167 0.98257025 0.00000000
vn 0.18589167 0.98257025 0.00000000
vn 0.00000000 1.00000000 0.00000000
vn 0.00000000 1.00000000 0.00000000
vn 0.00000000 1.00000000 0.00000000
vn 0.00000000 1.00000000 0.00000000
vn 0.20695859 0.97834970 0.00000000
vn 0.20695859 0.97834970 0.00000000
vn 0.20695859 0.97834970 0.00000000
vn 0.20695859 0.97834970 0.00000000
vn -1.00000000 0.00000000 0.00000000
vn -1.00000000 0.00000000 0.00000000
vn -1.00000000 0.00000000 0.00000000
vn -1.00000000 0.00000000 0.00000000
vn 0.00000000 -1.00000000 0.00000000
vn 0.00000000 -1.00000000 0.00000000
vn 0.00000000 -1.00000000 0.00000000
vn 0.00000000 -1.00000000 0.00000000
vn 0.00000000 -1.00000000 0.00000000
vn 0.00000000 -1.00000000 0.00000000
vn 0.00000000 -1.00000000 0.00000000
vn 0.00000000 -1.00000000 0.00000000
vn 0.00000000 -1.00000000 0.00000000
vn 0.00000000 -1.00000000 0.00000000
vn 0.00000000 -1.00000000 0.00000000
vn 0.00000000 -1.00000000 0.00000000
vn 0.00000000 -1.00000000 0.00000000
vn 0.00000000 -1.00000000 0.00000000
vn 0.00000000 -1.00000000 0.00000000
vn 0.00000000 -1.00000000 0.00000000
vn 0.00000000 -1.00000000 0.00000000
vn 0.00000000 -1.00000000 0.00000000
vn -0.00000000 -1.00000000 0.00000000
vn -0.00000000 -1.00000000 0.00000000
vn -0.00000000 -1.00000000 0.00000000
vn 0.00000000 -1.00000000 0.00000000
vn 0.00000000 -1.00000000 0.00000000
vn 0.00000000 -1.00000000 0.00000000
vn 0.00000000 1.00000000 0.00000000
vn 0.00000000 1.00000000 0.00000000
vn 0.00000000 1.00000000 0.00000000
vn 0.00000000 1.00000000 0.00000000
vn 0.00000000 1.00000000 0.00000000
vn 0.00000000 1.00000000 0.00000000
vn 0.00000000 1.00000000 0.00000000
vn 0.00000000 1.00000000 0.00000000
vn 0.00000000 1.00000000 0.00000000
vn 0.00000000 1.00000000 0.00000000
vn 0.00000000 1.00000000 0.00000000
vn 0.00000000 1.00000000 0.00000000
vn 0.00000000 1.00000000 0.00000000
vn 0.00000000 1.00000000 0.00000000
vn 0.00000000 1.00000000 0.00000000
vn 0.00000000 1.00000000 0.00000000
vn 0.00000000 1.00000000 0.00000000
vn 0.00000000 1.00000000 0.00000000
vn 0.00000000 1.00000000 0.00000000
vn 0.00000000 1.00000000 0.00000000
vn 0.00000000 1.00000000 0.00000000
vn 0.00000000 1.00000000 0.00000000
vn 0.00000000 1.00000000 0.00000000
vn 0.00000000 1.00000000 0.00000000
vn 0.95105652 0.00000000 0.30901699
vn 0.95105652 0.00000000 0.30901699
vn 0.95105652 0.00000000 0.30901699
vn 0.95105652 0.00000000 0.30901699
vn 0.58778525 0.00000000 0.80901699
vn 0.58778525 0.00000000 0.80901699
vn 0.58778525 0.00000000 0.80901699
vn 0.58778525 0.00000000 0.80901699
vn 0.00000000 0.00000000 1.00000000
vn 0.00000000 0.00000000 1.00000000
vn 0.00000000 0.00000000 1.00000000
vn 0.00000000 0.00000000 1.00000000
vn -0.58778525 0.00000000 0.80901699
vn -0.58778525 0.00000000 0.80901699
vn -0.58778525 0.00000000 0.80901699
vn -0.58778525 0.00000000 0.80901699
vn -0.95105652 0.00000000 0.30901699
vn -0.95105652 0.00000000 0.30901699
vn -0.95105652 0.00000000 0.30901699
vn -0.95105652 0.00000000 0.30901699
vn -0.95105652 0.00000000 -0.30901699
vn -0.95105652 0.00000000 -0.30901699
vn -0.95105652 0.00000000 -0.30901699
vn -0.95105652 0.00000000 -0.30901699
vn -0.58778525 0.00000000 -0.80901699
vn -0.58778525 0.00000000 -0.80901699
vn -0.58778525 0.00000000 -0.80901699
vn -0.58778525 0.00000000 -0.80901699
vn 0.00000000 0.00000000 -1.00000000
vn 0.00000000 0.00000000 -1.00000000
vn 0.00000000 0.00000000 -1.00000000
vn 0.00000000 0.00000000 -1.00000000
vn 0.58778525 0.00000000 -0.80901699
vn 0.58778525 0.00000000 -0.80901699
vn 0.58778525 0.00000000 -0.80901699
vn 0.58778525 0.00000000 -0.80901699
vn 0.95105652 0.00000000 -0.30901699
vn 0.95105652 0.00000000 -0.30901699
vn 0.95105652 0.00000000 -0.30901699
vn 0.95105652 0.00000000 -0.30901699
vn 0.00000000 -1.00000000 0.00000000
vn 0.00000000 -1.00000000 0.00000000
vn 0.00000000 -1.00000000 0.00000000
vn 0.00000000 -1.00000000 0.00000000
vn 0.00000000 -1.00000000 0.00000000
vn 0.00000000 -1.00000000 0.00000000
vn 0.00000000 -1.00000000 0.00000000
vn 0.00000000 -1.00000000 0.00000000
vn 0.00000000 -1.00000000 0.00000000
vn 0.00000000 -1.00000000 0.00000000
vn 0.00000000 -1.00000000 0.00000000
vn 0.00000000 -1.00000000 0.00000000
vn 0.00000000 -1.00000000 0.00000000
vn 0.00000000 -1.00000000 0.00000000
vn 0.00000000 -1.00000000 0.00000000
vn 0.00000000 -1.00000000 0.00000000
vn 0.00000000 -1.00000000 0.00000000
vn 0.00000000 -1.00000000 0.00000000
vn 0.00000000 -1.00000000 0.00000000
vn 0.00000000 -1.00000000 0.00000000
vn 0.00000000 -1.00000000 0.00000000
vn -0.00000000 -1.00000000 0.00000000
vn -0.00000000 -1.00000000 0.00000000
vn -0.00000000 -1.00000000 0.00000000
vn 0.00000000 -1.00000000 0.00000000
vn 0.00000000 -1.00000000 0.00000000
vn 0.00000000 -1.00000000 0.00000000
vn 0.00000000 -1.00000000 0.00000000
vn 0.00000000 -1.00000000 0.00000000
vn 0.00000000 -1.00000000 0.00000000
vn 0.00000000 1.00000000 0.00000000
vn 0.00000000 1.00000000 0.00000000
vn 0.00000000 1.00000000 0.00000000
vn 0.00000000 1.00000000 0.00000000
vn 0.00000000 1.00000000 0.00000000
vn 0.00000000 1.00000000 0.00000000
vn 0.00000000 1.00000000 0.00000000
vn 0.00000000 1.00000000 0.00000000
vn 0.00000000 1.00000000 0.00000000
vn 0.00000000 1.00000000 0.00000000
vn 0.00000000 1.00000000 0.00000000
vn 0.00000000 1.00000000 0.00000000
vn 0.00000000 1.00000000 0.00000000
vn 0.00000000 1.00000000 0.00000000
vn 0.00000000 1.00000000 0.00000000
vn 0.00000000 1.00000000 0.00000000
vn 0.00000000 1.00000000 0.00000000
vn 0.00000000 1.00000000 0.00000000
vn 0.00000000 1.00000000 0.00000000
vn 0.00000000 1.00000000 0.00000000
vn 0.00000000 1.00000000 0.00000000
vn 0.00000000 1.00000000 0.00000000
vn 0.00000000 1.00000000 0.00000000
vn 0.00000000 1.00000000 0.00000000
vn 0.00000000 1.00000000 0.00000000
vn 0.00000000 1.00000000 0.00000000
vn 0.00000000 1.00000000 0.00000000
vn 0.00000000 1.00000000 0.00000000
vn 0.00000000 1.00000000 0.00000000
vn 0.00000000 1.00000000 0.00000000
vn 0.96592583 0.00000000 0.25881905
vn 0.96592583 0.00000000 0.25881905
vn 0.96592583 0.00000000 0.25881905
vn 0.96592583 0.00000000 0.25881905
vn 0.70710678 0.00000000 0.70710678
vn 0.70710678 0.00000000 0.70710678
vn 0.70710678 0.00000000 0.70710678
vn 0.70710678 0.00000000 0.70710678
vn 0.25881905 0.00000000 0.96592583
vn 0.25881905 0.00000000 0.96592583
vn 0.25881905 0.00000000 0.96592583
vn 0.25881905 0.00000000 0.96592583
vn -0.25881905 0.00000000 0.96592583
vn -0.25881905 0.00000000 0.96592583
vn -0.25881905 0.00000000 0.96592583
vn -0.25881905 0.00000000 0.96592583
vn -0.70710678 0.00000000 0.70710678
vn -0.70710678 0.00000000 0.70710678
vn -0.70710678 0.00000000 0.70710678
vn -0.70710678 0.00000000 0.70710678
vn -0.96592583 0.00000000 0.25881905
vn -0.96592583 0.00000000 0.25881905
vn -0.96592583 0.00000000 0.25881905
vn -0.96592583 0.00000000 0.25881905
vn -0.96592583 0.00000000 -0.25881905
vn -0.96592583 0.00000000 -0.25881905
vn -0.96592583 0.00000000 -0.25881905
vn -0.96592583 0.00000000 -0.25881905
vn -0.70710678 0.00000000 -0.70710678
vn -0.70710678 0.00000000 -0.70710678
vn -0.70710678 0.00000000 -0.70710678
vn -0.70710678 0.00000000 -0.70710678
vn -0.25881905 0.00000000 -0.96592583
vn -0.25881905 0.00000000 -0.96592583
vn -0.25881905 0.00000000 -0.96592583
vn -0.25881905 0.00000000 -0.96592583
vn 0.25881905 0.00000000 -0.96592583
vn 0.25881905 0.00000000 -0.96592583
vn 0.25881905 0.00000000 -0.96592583
vn 0.25881905 0.00000000 -0.96592583
vn 0.70710678 0.00000000 -0.70710678
vn 0.70710678 0.00000000 -0.70710678
vn 0.70710678 0.00000000 -0.70710678
vn 0.70710678 0.00000000 -0.70710678
vn 0.96592583 0.00000000 -0.25881905
vn 0.96592583 0.00000000 -0.25881905
vn 0.96592583 0.00000000 -0.25881905
vn 0.96592583 0.00000000 -0.25881905
vn 0.00000000 -1.00000000 0.00000000
vn 0.00000000 -1.00000000 0.00000000
vn 0.00000000 -1.00000000 0.00000000
vn 0.00000000 -1.00000000 0.00000000
vn 0.00000000 -1.00000000 0.00000000
vn 0.00000000 -1.00000000 0.00000000
vn 0.00000000 -1.00000000 0.00000000
vn 0.00000000 -1.00000000 0.00000000
vn 0.00000000 -1.00000000 0.00000000
vn 0.00000000 -1.00000000 0.00000000
vn 0.00000000 -1.00000000 0.00000000
vn 0.00000000 -1.00000000 0.00000000
vn 0.00000000 1.00000000 0.00000000
vn 0.00000000 1.00000000 0.00000000
vn 0.00000000 1.00000000 0.00000000
vn 0.00000000 1.00000000 0.00000000
vn 0.00000000 1.00000000 0.00000000
vn 0.00000000 1.00000000 0.00000000
vn 0.00000000 1.00000000 0.00000000
vn 0.00000000 1.00000000 0.00000000
vn 0.00000000 1.00000000 0.00000000
vn -0.00000000 1.00000000 0.00000000
vn -0.00000000 1.00000000 0.00000000
vn -0.00000000 1.00000000 0.00000000
vn 0.86602540 0.00000000 0.50000000
vn 0.86602540 0.00000000 0.50000000
vn 0.86602540 0.00000000 0.50000000
vn 0.86602540 0.00000000 0.50000000
vn 0.00000000 0.00000000 1.00000000
vn 0.00000000 0.00000000 1.00000000
vn 0.00000000 0.00000000 1.00000000
vn 0.00000000 0.00000000 1.00000000
vn -0.86602540 0.00000000 0.50000000
vn -0.86602540 0.00000000 0.50000000
vn -0.86602540 0.00000000 0.50000000
vn -0.86602540 0.00000000 0.50000000
vn -0.86602540 0.00000000 -0.50000000
vn -0.86602540 0.00000000 -0.50000000
vn -0.86602540 0.00000000 -0.50000000
vn -0.86602540 0.00000000 -0.50000000
vn -0.00000000 0.00000000 -1.00000000
vn -0.00000000 0.00000000 -1.00000000
vn -0.00000000 0.00000000 -1.00000000
vn -0.00000000 0.00000000 -1.00000000
vn 0.86602540 0.00000000 -0.50000000
vn 0.86602540 0.00000000 -0.50000000
vn 0.86602540 0.00000000 -0.50000000
vn 0.86602540 0.00000000 -0.50000000
vn 0.00000000 -1.00000000 0.00000000
vn 0.00000000 -1.00000000 0.00000000
vn 0.00000000 -1.00000000 0.00000000
vn 0.00000000 -1.00000000 0.00000000
vn 0.00000000 -1.00000000 0.00000000
vn 0.00000000 -1.00000000 0.00000000
vn 0.00000000 -1.00000000 0.00000000
vn 0.00000000 -1.00000000 0.00000000
vn 0.00000000 -1.00000000 0.00000000
vn 0.00000000 -1.00000000 0.00000000
vn 0.00000000 -1.00000000 0.00000000
vn 0.00000000 -1.00000000 0.00000000
vn 0.00000000 1.00000000 0.00000000
vn 0.00000000 1.00000000 0.00000000
vn 0.00000000 1.00000000 0.00000000
vn 0.00000000 1.00000000 0.00000000
vn 0.00000000 1.00000000 0.00000000
vn 0.00000000 1.00000000 0.00000000
vn 0.00000000 1.00000000 0.00000000
vn 0.00000000 1.00000000 0.00000000
vn 0.00000000 1.00000000 0.00000000
vn 0.00000000 1.00000000 0.00000000
vn 0.00000000 1.00000000 0.00000000
vn 0.00000000 1.00000000 0.00000000
vn 0.86602540 0.00000000 0.50000000
vn 0.86602540 0.00000000 0.50000000
vn 0.86602540 0.00000000 0.50000000
vn 0.86602540 0.00000000 0.50000000
vn 0.00000000 0.00000000 1.00000000
vn 0.00000000 0.00000000 1.00000000
vn 0.00000000 0.00000000 1.00000000
vn 0.00000000 0.00000000 1.00000000
vn -0.86602540 0.00000000 0.50000000
vn -0.86602540 0.00000000 0.50000000
vn -0.86602540 0.00000000 0.50000000
vn -0.86602540 0.00000000 0.50000000
vn -0.86602540 0.00000000 -0.50000000
vn -0.86602540 0.00000000 -0.50000000
vn -0.86602540 0.00000000 -0.50000000
vn -0.86602540 0.00000000 -0.50000000
vn -0.00000000 0.00000000 -1.00000000
vn -0.00000000 0.00000000 -1.00000000
vn -0.00000000 0.00000000 -1.00000000
vn -0.00000000 0.00000000 -1.00000000
vn 0.86602540 0.00000000 -0.50000000
vn 0.86602540 0.00000000 -0.50000000
vn 0.86602540 0.00000000 -0.50000000
vn 0.86602540 0.00000000 -0.50000000
vn 1.00000000 0.00000000 0.00000000
vn 1.00000000 0.00000000 0.00000000
vn 1.00000000 0.00000000 0.00000000
vn 1.00000000 0.00000000 0.00000000
vn 0.64018440 0.76822128 0.00000000
vn 0.64018440 0.76822128 0.00000000
vn 0.64018440 0.76822128 0.00000000
vn 0.64018440 0.76822128 0.00000000
vn 0.27805808 0.96056426 0.00000000
vn 0.27805808 0.96056426 0.00000000
vn 0.27805808 0.96056426 0.00000000
vn 0.27805808 0.96056426 0.00000000
vn 0.58123819 0.81373347 0.00000000
vn 0.58123819 0.81373347 0.00000000
vn 0.58123819 0.81373347 0.00000000
vn 0.58123819 0.81373347 0.00000000
vn 0.96476382 0.26311741 0.00000000
vn 0.96476382 0.26311741 0.00000000
vn 0.96476382 0.26311741 0.00000000
vn 0.96476382 0.26311741 0.00000000
vn 1.00000000 0.00000000 0.00000000
vn 1.00000000 0.00000000 0.00000000
vn 1.00000000 0.00000000 0.00000000
vn 1.00000000 0.00000000 0.00000000
vn 0.94868330 -0.31622777 0.00000000
vn 0.94868330 -0.31622777 0.00000000
vn 0.94868330 -0.31622777 0.00000000
vn 0.94868330 -0.31622777 0.00000000
vn 0.39391930 -0.91914503 0.00000000
vn 0.39391930 -0.91914503 0.00000000
vn 0.39391930 -0.91914503 0.00000000
vn 0.39391930 -0.91914503 0.00000000
vn 0.70710678 -0.70710678 0.00000000
vn 0.70710678 -0.70710678 0.00000000
vn 0.70710678 -0.70710678 0.00000000
vn 0.70710678 -0.70710678 0.00000000
vn 0.99227788 -0.12403473 0.00000000
vn 0.99227788 -0.12403473 0.00000000
vn 0.99227788 -0.12403473 0.00000000
vn 0.99227788 -0.12403473 0.00000000
vn 1.00000000 0.00000000 0.00000000
vn 1.00000000 0.00000000 0.00000000
vn 1.00000000 0.00000000 0.00000000
vn 1.00000000 0.00000000 0.00000000
vn 0.94868330 0.31622777 0.00000000
vn 0.94868330 0.31622777 0.00000000
vn 0.94868330 0.31622777 0.00000000
vn 0.94868330 0.31622777 0.00000000
vn 0.58072468 0.81410002 0.00000000
vn 0.58072468 0.81410002 0.00000000
vn 0.58072468 0.81410002 0.00000000
vn 0.58072468 0.81410002 0.00000000
vn 0.00000000 1.00000000 0.00000000
vn 0.00000000 1.00000000 0.00000000
vn 0.00000000 1.00000000 0.00000000
vn 0.00000000 1.00000000 0.00000000
vn -0.58072468 0.81410002 0.00000000
vn -0.58072468 0.81410002 0.00000000
vn -0.58072468 0.81410002 0.00000000
vn -0.58072468 0.81410002 0.00000000
vn -0.94868330 0.31622777 0.00000000
vn -0.94868330 0.31622777 0.00000000
vn -0.94868330 0.31622777 0.00000000
vn -0.94868330 0.31622777 0.00000000
vn -1.00000000 0.00000000 0.00000000
vn -1.00000000 0.00000000 0.00000000
vn -1.00000000 0.00000000 0.00000000
vn -1.00000000 0.00000000 0.00000000
vn -0.99227788 -0.12403473 0.00000000
vn -0.99227788 -0.12403473 0.00000000
vn -0.99227788 -0.12403473 0.00000000
vn -0.99227788 -0.12403473 0.00000000
vn -0.70710678 -0.70710678 0.00000000
vn -0.70710678 -0.70710678 0.00000000
vn -0.70710678 -0.70710678 0.00000000
vn -0.70710678 -0.70710678 0.00000000
vn -0.39391930 -0.91914503 0.00000000
vn -0.39391930 -0.91914503 0.00000000
vn -0.39391930 -0.91914503 0.00000000
vn -0.39391930 -0.91914503 0.00000000
vn -0.94868330 -0.31622777 0.00000000
vn -0.94868330 -0.31622777 0.00000000
vn -0.94868330 -0.31622777 0.00000000
vn -0.94868330 -0.31622777 0.00000000
vn -1.00000000 0.00000000 0.00000000
vn -1.00000000 0.00000000 0.00000000
vn -1.00000000 0.00000000 0.00000000
vn -1.00000000 0.00000000 0.00000000
vn -0.96476382 0.26311741 0.00000000
vn -0.96476382 0.26311741 0.00000000
vn -0.96476382 0.26311741 0.00000000
vn -0.96476382 0.26311741 0.00000000
vn -0.58123819 0.81373347 0.00000000
vn -0.58123819 0.81373347 0.00000000
vn -0.58123819 0.81373347 0.00000000
vn -0.58123819 0.81373347 0.00000000
vn -0.27805808 0.96056426 0.00000000
vn -0.27805808 0.96056426 0.00000000
vn -0.27805808 0.96056426 0.00000000
vn -0.27805808 0.96056426 0.00000000
vn -0.64018440 0.76822128 0.00000000
vn -0.64018440 0.76822128 0.00000000
vn -0.64018440 0.76822128 0.00000000
vn -0.64018440 0.76822128 0.00000000
vn -1.00000000 0.00000000 0.00000000
vn -1.00000000 0.00000000 0.00000000
vn -1.00000000 0.00000000 0.00000000
vn -1.00000000 0.00000000 0.00000000
vn 0.00000000 -1.00000000 0.00000000
vn 0.00000000 -1.00000000 0.00000000
vn 0.00000000 -1.00000000 0.00000000
vn 0.00000000 -1.00000000 0.00000000
vn 0.00000000 0.00000000 -1.00000000
vn 0.00000000 0.00000000 -1.00000000
vn 0.00000000 0.00000000 -1.00000000
vn 0.00000000 0.00000000 -1.00000000
vn 0.00000000 0.00000000 -1.00000000
vn 0.00000000 0.00000000 -1.00000000
vn 0.00000000 0.00000000 -1.00000000
vn 0.00000000 0.00000000 -1.00000000
vn 0.00000000 0.00000000 -1.00000000
vn 0.00000000 0.00000000 -1.00000000
vn 0.00000000 0.00000000 -1.00000000
vn 0.00000000 0.00000000 -1.00000000
vn 0.00000000 0.00000000 -1.00000000
vn 0.00000000 0.00000000 -1.00000000
vn 0.00000000 0.00000000 -1.00000000
vn 0.00000000 0.00000000 -1.00000000
vn 0.00000000 0.00000000 -1.00000000
vn 0.00000000 0.00000000 -1.00000000
vn 0.00000000 0.00000000 -1.00000000
vn 0.00000000 0.00000000 -1.00000000
vn 0.00000000 0.00000000 -1.00000000
vn 0.00000000 0.00000000 -1.00000000
vn 0.00000000 0.00000000 -1.00000000
vn 0.00000000 0.00000000 -1.00000000
vn 0.00000000 0.00000000 -1.00000000
vn 0.00000000 0.00000000 -1.00000000
vn 0.00000000 0.00000000 -1.00000000
vn 0.00000000 0.00000000 -1.00000000
vn 0.00000000 0.00000000 -1.00000000
vn 0.00000000 0.00000000 -1.00000000
vn 0.00000000 0.00000000 -1.00000000
vn 0.00000000 0.00000000 -1.00000000
vn 0.00000000 0.00000000 -1.00000000
vn 0.00000000 0.00000000 -1.00000000
vn 0.00000000 0.00000000 -1.00000000
vn 0.00000000 0.00000000 -1.00000000
vn 0.00000000 0.00000000 -1.00000000
vn 0.00000000 0.00000000 -1.00000000
vn 0.00000000 0.00000000 -1.00000000
vn 0.00000000 0.00000000 -1.00000000
vn 0.00000000 0.00000000 -1.00000000
vn 0.00000000 0.00000000 -1.00000000
vn 0.00000000 0.00000000 -1.00000000
vn 0.00000000 0.00000000 -1.00000000
vn 0.00000000 0.00000000 -1.00000000
vn 0.00000000 0.00000000 -1.00000000
vn 0.00000000 0.00000000 -1.00000000
vn 0.00000000 0.00000000 -1.00000000
vn 0.00000000 0.00000000 -1.00000000
vn 0.00000000 0.00000000 -1.00000000
vn 0.00000000 0.00000000 -1.00000000
vn 0.00000000 0.00000000 -1.00000000
vn 0.00000000 0.00000000 -1.00000000
vn 0.00000000 0.00000000 -1.00000000
vn 0.00000000 0.00000000 -1.00000000
vn 0.00000000 0.00000000 -1.00000000
vn 0.00000000 0.00000000 -1.00000000
vn 0.00000000 0.00000000 -1.00000000
vn 0.00000000 0.00000000 -1.00000000
vn 0.00000000 0.00000000 -1.00000000
vn 0.00000000 0.00000000 -1.00000000
vn 0.00000000 0.00000000 -1.00000000
vn 0.00000000 0.00000000 -1.00000000
vn 0.00000000 0.00000000 -1.00000000
vn 0.00000000 0.00000000 -1.00000000
vn 0.00000000 0.00000000 -1.00000000
vn 0.00000000 0.00000000 -1.00000000
vn 0.00000000 0.00000000 -1.00000000
vn 0.00000000 0.00000000 -1.00000000
vn 0.00000000 0.00000000 -1.00000000
vn 0.00000000 0.00000000 -1.00000000
vn 0.00000000 0.00000000 -1.00000000
vn 0.00000000 0.00000000 -1.00000000
vn 0.00000000 0.00000000 -1.00000000
vn 0.00000000 0.00000000 -1.00000000
vn 0.00000000 0.00000000 -1.00000000
vn 0.00000000 0.00000000 -1.00000000
vn 0.00000000 0.00000000 -1.00000000
vn 0.00000000 0.00000000 1.00000000
vn 0.00000000 0.00000000 1.00000000
vn 0.00000000 0.00000000 1.00000000
vn 0.00000000 0.00000000 1.00000000
vn 0.00000000 0.00000000 1.00000000
vn 0.00000000 0.00000000 1.00000000
vn 0.00000000 0.00000000 1.00000000
vn 0.00000000 0.00000000 1.00000000
vn 0.00000000 0.00000000 1.00000000
vn 0.00000000 0.00000000 1.00000000
vn 0.00000000 0.00000000 1.00000000
vn 0.00000000 0.00000000 1.00000000
vn 0.00000000 0.00000000 1.00000000
vn 0.00000000 0.00000000 1.00000000
vn 0.00000000 0.00000000 1.00000000
vn 0.00000000 0.00000000 1.00000000
vn 0.00000000 0.00000000 1.00000000
vn 0.00000000 0.00000000 1.00000000
vn 0.00000000 0.00000000 1.00000000
vn 0.00000000 0.00000000 1.00000000
vn 0.00000000 0.00000000 1.00000000
vn 0.00000000 0.00000000 1.00000000
vn 0.00000000 0.00000000 1.00000000
vn 0.00000000 0.00000000 1.00000000
vn 0.00000000 0.00000000 1.00000000
vn 0.00000000 0.00000000 1.00000000
vn 0.00000000 0.00000000 1.00000000
vn 0.00000000 0.00000000 1.00000000
vn 0.00000000 0.00000000 1.00000000
vn 0.00000000 0.00000000 1.00000000
vn 0.00000000 -0.00000000 1.00000000
vn 0.00000000 -0.00000000 1.00000000
vn 0.00000000 -0.00000000 1.00000000
vn 0.00000000 0.00000000 1.00000000
vn 0.00000000 0.00000000 1.00000000
vn 0.00000000 0.00000000 1.00000000
vn 0.00000000 0.00000000 1.00000000
vn 0.00000000 0.00000000 1.00000000
vn 0.00000000 0.00000000 1.00000000
vn 0.00000000 0.00000000 1.00000000
vn 0.00000000 0.00000000 1.00000000
vn 0.00000000 0.00000000 1.00000000
vn 0.00000000 0.00000000 1.00000000
vn 0.00000000 0.00000000 1.00000000
vn 0.00000000 0.00000000 1.00000000
vn 0.00000000 0.00000000 1.00000000
vn 0.00000000 0.00000000 1.00000000
vn 0.00000000 0.00000000 1.00000000
vn 0.00000000 0.00000000 1.00000000
vn 0.00000000 0.00000000 1.00000000
vn 0.00000000 0.00000000 1.00000000
vn 0.00000000 0.00000000 1.00000000
vn 0.00000000 0.00000000 1.00000000
vn 0.00000000 0.00000000 1.00000000
vn 0.00000000 -0.00000000 1.00000000
vn 0.00000000 -0.00000000 1.00000000
vn 0.00000000 -0.00000000 1.00000000
vn 0.00000000 0.00000000 1.00000000
vn 0.00000000 0.00000000 1.00000000
vn 0.00000000 0.00000000 1.00000000
vn 0.00000000 0.00000000 1.00000000
vn 0.00000000 0.00000000 1.00000000
vn 0.00000000 0.00000000 1.00000000
vn 0.00000000 0.00000000 1.00000000
vn 0.00000000 0.00000000 1.00000000
vn 0.00000000 0.00000000 1.00000000
vn 0.00000000 0.00000000 1.00000000
vn 0.00000000 0.00000000 1.00000000
vn 0.00000000 0.00000000 1.00000000
vn 0.00000000 0.00000000 1.00000000
vn 0.00000000 0.00000000 1.00000000
vn 0.00000000 0.00000000 1.00000000
vn 0.00000000 0.00000000 1.00000000
vn 0.00000000 0.00000000 1.00000000
vn 0.00000000 0.00000000 1.00000000
vn 0.00000000 0.00000000 1.00000000
vn 0.00000000 0.00000000 1.00000000
vn 0.00000000 0.00000000 1.00000000
vn 0.00000000 -1.00000000 0.00000000
vn 0.00000000 -1.00000000 0.00000000
vn 0.00000000 -1.00000000 0.00000000
vn 0.00000000 -1.00000000 0.00000000
vn 0.00000000 -1.00000000 0.00000000
vn 0.00000000 -1.00000000 0.00000000
vn 0.00000000 -1.00000000 0.00000000
vn 0.00000000 -1.00000000 0.00000000
vn 0.00000000 -1.00000000 0.00000000
vn 0.00000000 -1.00000000 0.00000000
vn 0.00000000 -1.00000000 0.00000000
vn 0.00000000 -1.00000000 0.00000000
vn 0.00000000 -1.00000000 0.00000000
vn 0.00000000 -1.00000000 0.00000000
vn 0.00000000 -1.00000000 0.00000000
vn 0.00000000 -1.00000000 0.00000000
vn 0.00000000 -1.00000000 0.00000000
vn 0.00000000 -1.00000000 0.00000000
vn 0.00000000 1.00000000 0.00000000
vn 0.00000000 1.00000000 0.00000000
vn 0.00000000 1.00000000 0.00000000
vn 0.00000000 1.00000000 -0.00000000
vn 0.00000000 1.00000000 -0.00000000
vn 0.00000000 1.00000000 -0.00000000
vn 0.00000000 1.00000000 0.00000000
vn 0.00000000 1.00000000 0.00000000
vn 0.00000000 1.00000000 0.00000000
vn 0.00000000 1.00000000 0.00000000
vn 0.00000000 1.00000000 0.00000000
vn 0.00000000 1.00000000 0.00000000
vn 0.00000000 1.00000000 0.00000000
vn 0.00000000 1.00000000 0.00000000
vn 0.00000000 1.00000000 0.00000000
vn 0.00000000 1.00000000 0.00000000
vn 0.00000000 1.00000000 0.00000000
vn 0.00000000 1.00000000 0.00000000
vn 0.00000000 0.00000000 -1.00000000
vn 0.00000000 0.00000000 -1.00000000
vn 0.00000000 0.00000000 -1.00000000
vn 0.00000000 0.00000000 -1.00000000
vn 0.70710678 0.00000000 -0.70710678
vn 0.70710678 0.00000000 -0.70710678
vn 0.70710678 0.00000000 -0.70710678
vn 0.70710678 0.00000000 -0.70710678
vn 1.00000000 0.00000000 -0.00000000
vn 1.00000000 0.00000000 -0.00000000
vn 1.00000000 0.00000000 -0.00000000
vn 1.00000000 0.00000000 -0.00000000
vn 0.70710678 0.00000000 0.70710678
vn 0.70710678 0.00000000 0.70710678
vn 0.70710678 0.00000000 0.70710678
vn 0.70710678 0.00000000 0.70710678
vn 0.00000000 0.00000000 1.00000000
vn 0.00000000 0.00000000 1.00000000
vn 0.00000000 0.00000000 1.00000000
vn 0.00000000 0.00000000 1.00000000
vn -0.70710678 0.00000000 0.70710678
vn -0.70710678 0.00000000 0.70710678
vn -0.70710678 0.00000000 0.70710678
vn -0.70710678 0.00000000 0.70710678
vn -1.00000000 0.00000000 -0.00000000
vn -1.00000000 0.00000000 -0.00000000
vn -1.00000000 0.00000000 -0.00000000
vn -1.00000000 0.00000000 -0.00000000
vn -0.70710678 0.00000000 -0.70710678
vn -0.70710678 0.00000000 -0.70710678
vn -0.70710678 0.00000000 -0.70710678
vn -0.70710678 0.00000000 -0.70710678
vn 0.00000000 -1.00000000 0.00000000
vn 0.00000000 -1.00000000 0.00000000
vn 0.00000000 -1.00000000 0.00000000
vn 0.00000000 -1.00000000 0.00000000
vn 0.00000000 -1.00000000 0.00000000
vn 0.00000000 -1.00000000 0.00000000
vn 0.00000000 -1.00000000 0.00000000
vn 0.00000000 -1.00000000 0.00000000
vn 0.00000000 -1.00000000 0.00000000
vn 0.00000000 -1.00000000 0.00000000
vn 0.00000000 -1.00000000 0.00000000
vn 0.00000000 -1.00000000 0.00000000
vn 0.00000000 -1.00000000 0.00000000
vn 0.00000000 -1.00000000 0.00000000
vn 0.00000000 -1.00000000 0.00000000
vn 0.00000000 -1.00000000 0.00000000
vn 0.00000000 -1.00000000 0.00000000
vn 0.00000000 -1.00000000 0.00000000
vn 0.00000000 1.00000000 0.00000000
vn 0.00000000 1.00000000 0.00000000
vn 0.00000000 1.00000000 0.00000000
vn 0.00000000 1.00000000 -0.00000000
vn 0.00000000 1.00000000 -0.00000000
vn 0.00000000 1.00000000 -0.00000000
vn 0.00000000 1.00000000 0.00000000
vn 0.00000000 1.00000000 0.00000000
vn 0.00000000 1.00000000 0.00000000
vn 0.00000000 1.00000000 0.00000000
vn 0.00000000 1.00000000 0.00000000
vn 0.00000000 1.00000000 0.00000000
vn 0.00000000 1.00000000 0.00000000
vn 0.00000000 1.00000000 0.00000000
vn 0.00000000 1.00000000 0.00000000
vn 0.00000000 1.00000000 0.00000000
vn 0.00000000 1.00000000 0.00000000
vn 0.00000000 1.00000000 0.00000000
vn 0.00000000 0.00000000 -1.00000000
vn 0.00000000 0.00000000 -1.00000000
vn 0.00000000 0.00000000 -1.00000000
vn 0.00000000 0.00000000 -1.00000000
vn 0.70710678 0.00000000 -0.70710678
vn 0.70710678 0.00000000 -0.70710678
vn 0.70710678 0.00000000 -0.70710678
vn 0.70710678 0.00000000 -0.70710678
vn 1.00000000 0.00000000 -0.00000000
vn 1.00000000 0.00000000 -0.00000000
vn 1.00000000 0.00000000 -0.00000000
vn 1.00000000 0.00000000 -0.00000000
vn 0.70710678 0.00000000 0.70710678
vn 0.70710678 0.00000000 0.70710678
vn 0.70710678 0.00000000 0.70710678
vn 0.70710678 0.00000000 0.70710678
vn 0.00000000 0.00000000 1.00000000
vn 0.00000000 0.00000000 1.00000000
vn 0.00000000 0.00000000 1.00000000
vn 0.00000000 0.00000000 1.00000000
vn -0.70710678 0.00000000 0.70710678
vn -0.70710678 0.00000000 0.70710678
vn -0.70710678 0.00000000 0.70710678
vn -0.70710678 0.00000000 0.70710678
vn -1.00000000 0.00000000 -0.00000000
vn -1.00000000 0.00000000 -0.00000000
vn -1.00000000 0.00000000 -0.00000000
vn -1.00000000 0.00000000 -0.00000000
vn -0.70710678 0.00000000 -0.70710678
vn -0.70710678 0.00000000 -0.70710678
vn -0.70710678 0.00000000 -0.70710678
vn -0.70710678 0.00000000 -0.70710678
vn 0.00000000 -1.00000000 0.00000000
vn 0.00000000 -1.00000000 0.00000000
vn 0.00000000 -1.00000000 0.00000000
vn 0.00000000 -1.00000000 0.00000000
vn 0.00000000 -1.00000000 0.00000000
vn 0.00000000 -1.00000000 0.00000000
vn 0.00000000 -1.00000000 0.00000000
vn 0.00000000 -1.00000000 0.00000000
vn 0.00000000 -1.00000000 0.00000000
vn 0.00000000 -1.00000000 0.00000000
vn 0.00000000 -1.00000000 0.00000000
vn 0.00000000 -1.00000000 0.00000000
vn 0.00000000 -1.00000000 0.00000000
vn 0.00000000 -1.00000000 0.00000000
vn 0.00000000 -1.00000000 0.00000000
vn 0.00000000 -1.00000000 0.00000000
vn 0.00000000 -1.00000000 0.00000000
vn 0.00000000 -1.00000000 0.00000000
vn 0.00000000 1.00000000 0.00000000
vn 0.00000000 1.00000000 0.00000000
vn 0.00000000 1.00000000 0.00000000
vn 0.00000000 1.00000000 -0.00000000
vn 0.00000000 1.00000000 -0.00000000
vn 0.00000000 1.00000000 -0.00000000
vn 0.00000000 1.00000000 0.00000000
vn 0.00000000 1.00000000 0.00000000
vn 0.00000000 1.00000000 0.00000000
vn 0.00000000 1.00000000 0.00000000
vn 0.00000000 1.00000000 0.00000000
vn 0.00000000 1.00000000 0.00000000
vn 0.00000000 1.00000000 0.00000000
vn 0.00000000 1.00000000 0.00000000
vn 0.00000000 1.00000000 0.00000000
vn 0.00000000 1.00000000 0.00000000
vn 0.00000000 1.00000000 0.00000000
vn 0.00000000 1.00000000 0.00000000
vn 0.00000000 0.00000000 -1.00000000
vn 0.00000000 0.00000000 -1.00000000
vn 0.00000000 0.00000000 -1.00000000
vn 0.00000000 0.00000000 -1.00000000
vn 0.70710678 0.00000000 -0.70710678
vn 0.70710678 0.00000000 -0.70710678
vn 0.70710678 0.00000000 -0.70710678
vn 0.70710678 0.00000000 -0.70710678
vn 1.00000000 0.00000000 -0.00000000
vn 1.00000000 0.00000000 -0.00000000
vn 1.00000000 0.00000000 -0.00000000
vn 1.00000000 0.00000000 -0.00000000
vn 0.70710678 0.00000000 0.70710678
vn 0.70710678 0.00000000 0.70710678
vn 0.70710678 0.00000000 0.70710678
vn 0.70710678 0.00000000 0.70710678
vn 0.00000000 0.00000000 1.00000000
vn 0.00000000 0.00000000 1.00000000
vn 0.00000000 0.00000000 1.00000000
vn 0.00000000 0.00000000 1.00000000
vn -0.70710678 0.00000000 0.70710678
vn -0.70710678 0.00000000 0.70710678
vn -0.70710678 0.00000000 0.70710678
vn -0.70710678 0.00000000 0.70710678
vn -1.00000000 0.00000000 -0.00000000
vn -1.00000000 0.00000000 -0.00000000
vn -1.00000000 0.00000000 -0.00000000
vn -1.00000000 0.00000000 -0.00000000
vn -0.70710678 0.00000000 -0.70710678
vn -0.70710678 0.00000000 -0.70710678
vn -0.70710678 0.00000000 -0.70710678
vn -0.70710678 0.00000000 -0.70710678
vn 0.00000000 -1.00000000 0.00000000
vn 0.00000000 -1.00000000 0.00000000
vn 0.00000000 -1.00000000 0.00000000
vn 0.00000000 -1.00000000 0.00000000
vn 0.00000000 -1.00000000 0.00000000
vn 0.00000000 -1.00000000 0.00000000
vn 0.00000000 -1.00000000 0.00000000
vn 0.00000000 -1.00000000 0.00000000
vn 0.00000000 -1.00000000 0.00000000
vn 0.00000000 -1.00000000 0.00000000
vn 0.00000000 -1.00000000 0.00000000
vn 0.00000000 -1.00000000 0.00000000
vn 0.00000000 -1.00000000 0.00000000
vn 0.00000000 -1.00000000 0.00000000
vn 0.00000000 -1.00000000 0.00000000
vn 0.00000000 -1.00000000 0.00000000
vn 0.00000000 -1.00000000 0.00000000
vn 0.00000000 -1.00000000 0.00000000
vn 0.00000000 1.00000000 0.00000000
vn 0.00000000 1.00000000 0.00000000
vn 0.00000000 1.00000000 0.00000000
vn 0.00000000 1.00000000 -0.00000000
vn 0.00000000 1.00000000 -0.00000000
vn 0.00000000 1.00000000 -0.00000000
vn 0.00000000 1.00000000 0.00000000
vn 0.00000000 1.00000000 0.00000000
vn 0.00000000 1.00000000 0.00000000
vn 0.00000000 1.00000000 0.00000000
vn 0.00000000 1.00000000 0.00000000
vn 0.00000000 1.00000000 0.00000000
vn 0.00000000 1.00000000 0.00000000
vn 0.00000000 1.00000000 0.00000000
vn 0.00000000 1.00000000 0.00000000
vn 0.00000000 1.00000000 0.00000000
vn 0.00000000 1.00000000 0.00000000
vn 0.00000000 1.00000000 0.00000000
vn 0.00000000 0.00000000 -1.00000000
vn 0.00000000 0.00000000 -1.00000000
vn 0.00000000 0.00000000 -1.00000000
vn 0.00000000 0.00000000 -1.00000000
vn 0.70710678 0.00000000 -0.70710678
vn 0.70710678 0.00000000 -0.70710678
vn 0.70710678 0.00000000 -0.70710678
vn 0.70710678 0.00000000 -0.70710678
vn 1.00000000 0.00000000 -0.00000000
vn 1.00000000 0.00000000 -0.00000000
vn 1.00000000 0.00000000 -0.00000000
vn 1.00000000 0.00000000 -0.00000000
vn 0.70710678 0.00000000 0.70710678
vn 0.70710678 0.00000000 0.70710678
vn 0.70710678 0.00000000 0.70710678
vn 0.70710678 0.00000000 0.70710678
vn 0.00000000 0.00000000 1.00000000
vn 0.00000000 0.00000000 1.00000000
vn 0.00000000 0.00000000 1.00000000
vn 0.00000000 0.00000000 1.00000000
vn -0.70710678 0.00000000 0.70710678
vn -0.70710678 0.00000000 0.70710678
vn -0.70710678 0.00000000 0.70710678
vn -0.70710678 0.00000000 0.70710678
vn -1.00000000 0.00000000 -0.00000000
vn -1.00000000 0.00000000 -0.00000000
vn -1.00000000 0.00000000 -0.00000000
vn -1.00000000 0.00000000 -0.00000000
vn -0.70710678 0.00000000 -0.70710678
vn -0.70710678 0.00000000 -0.70710678
vn -0.70710678 0.00000000 -0.70710678
vn -0.70710678 0.00000000 -0.70710678
vn 0.00000000 -0.00000000 1.00000000
vn 0.00000000 -0.00000000 1.00000000
vn 0.00000000 -0.00000000 1.00000000
vn 0.00000000 0.00000000 1.00000000
vn 0.00000000 0.00000000 1.00000000
vn 0.00000000 0.00000000 1.00000000
vn 0.00000000 0.00000000 1.00000000
vn 0.00000000 0.00000000 1.00000000
vn 0.00000000 0.00000000 1.00000000
vn 0.00000000 0.00000000 1.00000000
vn 0.00000000 0.00000000 1.00000000
vn 0.00000000 0.00000000 1.00000000
vn 0.00000000 0.00000000 1.00000000
vn 0.00000000 0.00000000 1.00000000
vn 0.00000000 0.00000000 1.00000000
vn 0.00000000 0.00000000 1.00000000
vn 0.00000000 0.00000000 1.00000000
vn 0.00000000 0.00000000 1.00000000
vn 0.00000000 0.00000000 1.00000000
vn 0.00000000 0.00000000 1.00000000
vn 0.00000000 0.00000000 1.00000000
vn 0.00000000 -0.00000000 -1.00000000
vn 0.00000000 -0.00000000 -1.00000000
vn 0.00000000 -0.00000000 -1.00000000
vn 0.00000000 0.00000000 -1.00000000
vn 0.00000000 0.00000000 -1.00000000
vn 0.00000000 0.00000000 -1.00000000
vn 0.00000000 0.00000000 -1.00000000
vn 0.00000000 0.00000000 -1.00000000
vn 0.00000000 0.00000000 -1.00000000
vn 0.00000000 0.00000000 -1.00000000
vn 0.00000000 0.00000000 -1.00000000
vn 0.00000000 0.00000000 -1.00000000
vn 0.00000000 0.00000000 -1.00000000
vn 0.00000000 0.00000000 -1.00000000
vn 0.00000000 0.00000000 -1.00000000
vn 0.00000000 0.00000000 -1.00000000
vn 0.00000000 0.00000000 -1.00000000
vn 0.00000000 0.00000000 -1.00000000
vn 0.00000000 0.00000000 -1.00000000
vn 0.00000000 0.00000000 -1.00000000
vn 0.00000000 0.00000000 -1.00000000
vn 0.37708674 -0.92617795 0.00000000
vn 0.37708674 -0.92617795 0.00000000
vn 0.37708674 -0.92617795 0.00000000
vn 0.37708674 -0.92617795 0.00000000
vn 0.72353574 -0.69028692 0.00000000
vn 0.72353574 -0.69028692 0.00000000
vn 0.72353574 -0.69028692 0.00000000
vn 0.72353574 -0.69028692 0.00000000
vn -0.00000000 -1.00000000 0.00000000
vn -0.00000000 -1.00000000 0.00000000
vn -0.00000000 -1.00000000 0.00000000
vn -0.00000000 -1.00000000 0.00000000
vn -1.00000000 0.00000000 0.00000000
vn -1.00000000 0.00000000 0.00000000
vn -1.00000000 0.00000000 0.00000000
vn -1.00000000 0.00000000 0.00000000
vn -0.00000000 1.00000000 0.00000000
vn -0.00000000 1.00000000 0.00000000
vn -0.00000000 1.00000000 0.00000000
vn -0.00000000 1.00000000 0.00000000
vn -0.18589167 0.98257025 0.00000000
vn -0.18589167 0.98257025 0.00000000
vn -0.18589167 0.98257025 0.00000000
vn -0.18589167 0.98257025 0.00000000
vn -0.00000000 1.00000000 0.00000000
vn -0.00000000 1.00000000 0.00000000
vn -0.00000000 1.00000000 0.00000000
vn -0.00000000 1.00000000 0.00000000
vn -0.20695859 0.97834970 0.00000000
vn -0.20695859 0.97834970 0.00000000
vn -0.20695859 0.97834970 0.00000000
vn -0.20695859 0.97834970 0.00000000
vn 1.00000000 0.00000000 0.00000000
vn 1.00000000 0.00000000 0.00000000
vn 1.00000000 0.00000000 0.00000000
vn 1.00000000 0.00000000 0.00000000
vn 0.00000000 -1.00000000 0.00000000
vn 0.00000000 -1.00000000 0.00000000
vn 0.00000000 -1.00000000 0.00000000
vn 0.00000000 -1.00000000 0.00000000
vn 0.00000000 -1.00000000 0.00000000
vn 0.00000000 -1.00000000 0.00000000
vn 0.00000000 -1.00000000 0.00000000
vn 0.00000000 -1.00000000 0.00000000
vn 0.00000000 -1.00000000 0.00000000
vn 0.00000000 -1.00000000 0.00000000
vn 0.00000000 -1.00000000 0.00000000
vn 0.00000000 -1.00000000 0.00000000
vn 0.00000000 -1.00000000 0.00000000
vn 0.00000000 -1.00000000 0.00000000
vn 0.00000000 -1.00000000 0.00000000
vn 0.00000000 -1.00000000 0.00000000
vn 0.00000000 -1.00000000 0.00000000
vn 0.00000000 -1.00000000 0.00000000
vn -0.00000000 -1.00000000 0.00000000
vn -0.00000000 -1.00000000 0.00000000
vn -0.00000000 -1.00000000 0.00000000
vn 0.00000000 -1.00000000 0.00000000
vn 0.00000000 -1.00000000 0.00000000
vn 0.00000000 -1.00000000 0.00000000
vn 0.00000000 1.00000000 0.00000000
vn 0.00000000 1.00000000 0.00000000
vn 0.00000000 1.00000000 0.00000000
vn 0.00000000 1.00000000 0.00000000
vn 0.00000000 1.00000000 0.00000000
vn 0.00000000 1.00000000 0.00000000
vn 0.00000000 1.00000000 0.00000000
vn 0.00000000 1.00000000 0.00000000
vn 0.00000000 1.00000000 0.00000000
vn 0.00000000 1.00000000 0.00000000
vn 0.00000000 1.00000000 0.00000000
vn 0.00000000 1.00000000 0.00000000
vn 0.00000000 1.00000000 0.00000000
vn 0.00000000 1.00000000 0.00000000
vn 0.00000000 1.00000000 0.00000000
vn 0.00000000 1.00000000 0.00000000
vn 0.00000000 1.00000000 0.00000000
vn 0.00000000 1.00000000 0.00000000
vn 0.00000000 1.00000000 0.00000000
vn 0.00000000 1.00000000 0.00000000
vn 0.00000000 1.00000000 0.00000000
vn 0.00000000 1.00000000 0.00000000
vn 0.00000000 1.00000000 0.00000000
vn 0.00000000 1.00000000 0.00000000
vn 0.95105652 0.00000000 0.30901699
vn 0.95105652 0.00000000 0.30901699
vn 0.95105652 0.00000000 0.30901699
vn 0.95105652 0.00000000 0.30901699
vn 0.58778525 0.00000000 0.80901699
vn 0.58778525 0.00000000 0.80901699
vn 0.58778525 0.00000000 0.80901699
vn 0.58778525 0.00000000 0.80901699
vn 0.00000000 0.00000000 1.00000000
vn 0.00000000 0.00000000 1.00000000
vn 0.00000000 0.00000000 1.00000000
vn 0.00000000 0.00000000 1.00000000
vn -0.58778525 0.00000000 0.80901699
vn -0.58778525 0.00000000 0.80901699
vn -0.58778525 0.00000000 0.80901699
vn -0.58778525 0.00000000 0.80901699
vn -0.95105652 0.00000000 0.30901699
vn -0.95105652 0.00000000 0.30901699
vn -0.95105652 0.00000000 0.30901699
vn -0.95105652 0.00000000 0.30901699
vn -0.95105652 0.00000000 -0.30901699
vn -0.95105652 0.00000000 -0.30901699
vn -0.95105652 0.00000000 -0.30901699
vn -0.95105652 0.00000000 -0.30901699
vn -0.58778525 0.00000000 -0.80901699
vn -0.58778525 0.00000000 -0.80901699
vn -0.58778525 0.00000000 -0.80901699
vn -0.58778525 0.00000000 -0.80901699
vn 0.00000000 0.00000000 -1.00000000
vn 0.00000000 0.00000000 -1.00000000
vn 0.00000000 0.00000000 -1.00000000
vn 0.00000000 0.00000000 -1.00000000
vn 0.58778525 0.00000000 -0.80901699
vn 0.58778525 0.00000000 -0.80901699
vn 0.58778525 0.00000000 -0.80901699
vn 0.58778525 0.00000000 -0.80901699
vn 0.95105652 0.00000000 -0.30901699
vn 0.95105652 0.00000000 -0.30901699
vn 0.95105652 0.00000000 -0.30901699
vn 0.95105652 0.00000000 -0.30901699
vn 0.00000000 -1.00000000 0.00000000
vn 0.00000000 -1.00000000 0.00000000
vn 0.00000000 -1.00000000 0.00000000
vn 0.00000000 -1.00000000 0.00000000
vn 0.00000000 -1.00000000 0.00000000
vn 0.00000000 -1.00000000 0.00000000
vn 0.00000000 -1.00000000 0.00000000
vn 0.00000000 -1.00000000 0.00000000
vn 0.00000000 -1.00000000 0.00000000
vn 0.00000000 -1.00000000 0.00000000
vn 0.00000000 -1.00000000 0.00000000
vn 0.00000000 -1.00000000 0.00000000
vn 0.00000000 -1.00000000 0.00000000
vn 0.00000000 -1.00000000 0.00000000
vn 0.00000000 -1.00000000 0.00000000
vn 0.00000000 -1.00000000 0.00000000
vn 0.00000000 -1.00000000 0.00000000
vn 0.00000000 -1.00000000 0.00000000
vn 0.00000000 -1.00000000 0.00000000
vn 0.00000000 -1.00000000 0.00000000
vn 0.00000000 -1.00000000 0.00000000
vn -0.00000000 -1.00000000 0.00000000
vn -0.00000000 -1.00000000 0.00000000
vn -0.00000000 -1.00000000 0.00000000
vn 0.00000000 -1.00000000 0.00000000
vn 0.00000000 -1.00000000 0.00000000
vn 0.00000000 -1.00000000 0.00000000
vn 0.00000000 -1.00000000 0.00000000
vn 0.00000000 -1.00000000 0.00000000
vn 0.00000000 -1.00000000 0.00000000
vn 0.00000000 1.00000000 0.00000000
vn 0.00000000 1.00000000 0.00000000
vn 0.00000000 1.00000000 0.00000000
vn 0.00000000 1.00000000 0.00000000
vn 0.00000000 1.00000000 0.00000000
vn 0.00000000 1.00000000 0.00000000
vn 0.00000000 1.00000000 0.00000000
vn 0.00000000 1.00000000 0.00000000
vn 0.00000000 1.00000000 0.00000000
vn 0.00000000 1.00000000 0.00000000
vn 0.00000000 1.00000000 0.00000000
vn 0.00000000 1.00000000 0.00000000
vn 0.00000000 1.00000000 0.00000000
vn 0.00000000 1.00000000 0.00000000
vn 0.00000000 1.00000000 0.00000000
vn 0.00000000 1.00000000 0.00000000
vn 0.00000000 1.00000000 0.00000000
vn 0.00000000 1.00000000 0.00000000
vn 0.00000000 1.00000000 0.00000000
vn 0.00000000 1.00000000 0.00000000
vn 0.00000000 1.00000000 0.00000000
vn 0.00000000 1.00000000 0.00000000
vn 0.00000000 1.00000000 0.00000000
vn 0.00000000 1.00000000 0.00000000
vn 0.00000000 1.00000000 0.00000000
vn 0.00000000 1.00000000 0.00000000
vn 0.00000000 1.00000000 0.00000000
vn 0.00000000 1.00000000 0.00000000
vn 0.00000000 1.00000000 0.00000000
vn 0.00000000 1.00000000 0.00000000
vn 0.96592583 0.00000000 0.25881905
vn 0.96592583 0.00000000 0.25881905
vn 0.96592583 0.00000000 0.25881905
vn 0.96592583 0.00000000 0.25881905
vn 0.70710678 0.00000000 0.70710678
vn 0.70710678 0.00000000 0.70710678
vn 0.70710678 0.00000000 0.70710678
vn 0.70710678 0.00000000 0.70710678
vn 0.25881905 0.00000000 0.96592583
vn 0.25881905 0.00000000 0.96592583
vn 0.25881905 0.00000000 0.96592583
vn 0.25881905 0.00000000 0.96592583
vn -0.25881905 0.00000000 0.96592583
vn -0.25881905 0.00000000 0.96592583
vn -0.25881905 0.00000000 0.96592583
vn -0.25881905 0.00000000 0.96592583
vn -0.70710678 0.00000000 0.70710678
vn -0.70710678 0.00000000 0.70710678
vn -0.70710678 0.00000000 0.70710678
vn -0.70710678 0.00000000 0.70710678
vn -0.96592583 0.00000000 0.25881905
vn -0.96592583 0.00000000 0.25881905
vn -0.96592583 0.00000000 0.25881905
vn -0.96592583 0.00000000 0.25881905
vn -0.96592583 0.00000000 -0.25881905
vn -0.96592583 0.00000000 -0.25881905
vn -0.96592583 0.00000000 -0.25881905
vn -0.96592583 0.00000000 -0.25881905
vn -0.70710678 0.00000000 -0.70710678
vn -0.70710678 0.00000000 -0.70710678
vn -0.70710678 0.00000000 -0.70710678
vn -0.70710678 0.00000000 -0.70710678
vn -0.25881905 0.00000000 -0.96592583
vn -0.25881905 0.00000000 -0.96592583
vn -0.25881905 0.00000000 -0.96592583
vn -0.25881905 0.00000000 -0.96592583
vn 0.25881905 0.00000000 -0.96592583
vn 0.25881905 0.00000000 -0.96592583
vn 0.25881905 0.00000000 -0.96592583
vn 0.25881905 0.00000000 -0.96592583
vn 0.70710678 0.00000000 -0.70710678
vn 0.70710678 0.00000000 -0.70710678
vn 0.70710678 0.00000000 -0.70710678
vn 0.70710678 0.00000000 -0.70710678
vn 0.96592583 0.00000000 -0.25881905
vn 0.96592583 0.00000000 -0.25881905
vn 0.96592583 0.00000000 -0.25881905
vn 0.96592583 0.00000000 -0.25881905
vn 0.00000000 -1.00000000 0.00000000
vn 0.00000000 -1.00000000 0.00000000
vn 0.00000000 -1.00000000 0.00000000
vn 0.00000000 -1.00000000 0.00000000
vn 0.00000000 -1.00000000 0.00000000
vn 0.00000000 -1.00000000 0.00000000
vn 0.00000000 -1.00000000 0.00000000
vn 0.00000000 -1.00000000 0.00000000
vn 0.00000000 -1.00000000 0.00000000
vn 0.00000000 -1.00000000 0.00000000
vn 0.00000000 -1.00000000 0.00000000
vn 0.00000000 -1.00000000 0.00000000
vn 0.00000000 1.00000000 0.00000000
vn 0.00000000 1.00000000 0.00000000
vn 0.00000000 1.00000000 0.00000000
vn 0.00000000 1.00000000 0.00000000
vn 0.00000000 1.00000000 0.00000000
vn 0.00000000 1.00000000 0.00000000
vn 0.00000000 1.00000000 0.00000000
vn 0.00000000 1.00000000 0.00000000
vn 0.00000000 1.00000000 0.00000000
vn -0.00000000 1.00000000 0.00000000
vn -0.00000000 1.00000000 0.00000000
vn -0.00000000 1.00000000 0.00000000
vn 0.86602540 0.00000000 0.50000000
vn 0.86602540 0.00000000 0.50000000
vn 0.86602540 0.00000000 0.50000000
vn 0.86602540 0.00000000 0.50000000
vn 0.00000000 0.00000000 1.00000000
vn 0.00000000 0.00000000 1.00000000
vn 0.00000000 0.00000000 1.00000000
vn 0.00000000 0.00000000 1.00000000
vn -0.86602540 0.00000000 0.50000000
vn -0.86602540 0.00000000 0.50000000
vn -0.86602540 0.00000000 0.50000000
vn -0.86602540 0.00000000 0.50000000
vn -0.86602540 0.00000000 -0.50000000
vn -0.86602540 0.00000000 -0.50000000
vn -0.86602540 0.00000000 -0.50000000
vn -0.86602540 0.00000000 -0.50000000
vn -0.00000000 0.00000000 -1.00000000
vn -0.00000000 0.00000000 -1.00000000
vn -0.00000000 0.00000000 -1.00000000
vn -0.00000000 0.00000000 -1.00000000
vn 0.86602540 0.00000000 -0.50000000
vn 0.86602540 0.00000000 -0.50000000
vn 0.86602540 0.00000000 -0.50000000
vn 0.86602540 0.00000000 -0.50000000
vn 0.00000000 -1.00000000 0.00000000
vn 0.00000000 -1.00000000 0.00000000
vn 0.00000000 -1.00000000 0.00000000
vn 0.00000000 -1.00000000 0.00000000
vn 0.00000000 -1.00000000 0.00000000
vn 0.00000000 -1.00000000 0.00000000
vn 0.00000000 -1.00000000 0.00000000
vn 0.00000000 -1.00000000 0.00000000
vn 0.00000000 -1.00000000 0.00000000
vn 0.00000000 -1.00000000 0.00000000
vn 0.00000000 -1.00000000 0.00000000
vn 0.00000000 -1.00000000 0.00000000
vn 0.00000000 1.00000000 0.00000000
vn 0.00000000 1.00000000 0.00000000
vn 0.00000000 1.00000000 0.00000000
vn 0.00000000 1.00000000 0.00000000
vn 0.00000000 1.00000000 0.00000000
vn 0.00000000 1.00000000 0.00000000
vn 0.00000000 1.00000000 0.00000000
vn 0.00000000 1.00000000 0.00000000
vn 0.00000000 1.00000000 0.00000000
vn 0.00000000 1.00000000 0.00000000
vn 0.00000000 1.00000000 0.00000000
vn 0.00000000 1.00000000 0.00000000
vn 0.86602540 0.00000000 0.50000000
vn 0.86602540 0.00000000 0.50000000
vn 0.86602540 0.00000000 0.50000000
vn 0.86602540 0.00000000 0.50000000
vn 0.00000000 0.00000000 1.00000000
vn 0.00000000 0.00000000 1.00000000
vn 0.00000000 0.00000000 1.00000000
vn 0.00000000 0.00000000 1.00000000
vn -0.86602540 0.00000000 0.50000000
vn -0.86602540 0.00000000 0.50000000
vn -0.86602540 0.00000000 0.50000000
vn -0.86602540 0.00000000 0.50000000
vn -0.86602540 0.00000000 -0.50000000
vn -0.86602540 0.00000000 -0.50000000
vn -0.86602540 0.00000000 -0.50000000
vn -0.86602540 0.00000000 -0.50000000
vn -0.00000000 0.00000000 -1.00000000
vn -0.00000000 0.00000000 -1.00000000
vn -0.00000000 0.00000000 -1.00000000
vn -0.00000000 0.00000000 -1.00000000
vn 0.86602540 0.00000000 -0.50000000
vn 0.86602540 0.00000000 -0.50000000
vn 0.86602540 0.00000000 -0.50000000
vn 0.86602540 0.00000000 -0.50000000
vn 0.00000000 -1.00000000 0.00000000
vn 0.00000000 -1.00000000 0.00000000
vn 0.00000000 -1.00000000 0.00000000
vn 0.00000000 -1.00000000 0.00000000
vn 0.00000000 -1.00000000 0.00000000
vn 0.00000000 -1.00000000 0.00000000
vn 0.00000000 -1.00000000 0.00000000
vn 0.00000000 -1.00000000 0.00000000
vn 0.00000000 -1.00000000 0.00000000
vn 0.00000000 -1.00000000 0.00000000
vn 0.00000000 -1.00000000 0.00000000
vn 0.00000000 -1.00000000 0.00000000
vn 0.00000000 -1.00000000 0.00000000
vn 0.00000000 -1.00000000 0.00000000
vn 0.00000000 -1.00000000 0.00000000
vn 0.00000000 -1.00000000 0.00000000
vn 0.00000000 -1.00000000 0.00000000
vn 0.00000000 -1.00000000 0.00000000
vn 0.00000000 1.00000000 0.00000000
vn 0.00000000 1.00000000 0.00000000
vn 0.00000000 1.00000000 0.00000000
vn 0.00000000 1.00000000 -0.00000000
vn 0.00000000 1.00000000 -0.00000000
vn 0.00000000 1.00000000 -0.00000000
vn 0.00000000 1.00000000 0.00000000
vn 0.00000000 1.00000000 0.00000000
vn 0.00000000 1.00000000 0.00000000
vn 0.00000000 1.00000000 0.00000000
vn 0.00000000 1.00000000 0.00000000
vn 0.00000000 1.00000000 0.00000000
vn 0.00000000 1.00000000 0.00000000
vn 0.00000000 1.00000000 0.00000000
vn 0.00000000 1.00000000 0.00000000
vn 0.00000000 1.00000000 0.00000000
vn 0.00000000 1.00000000 0.00000000
vn 0.00000000 1.00000000 0.00000000
vn 0.00000000 0.00000000 -1.00000000
vn 0.00000000 0.00000000 -1.00000000
vn 0.00000000 0.00000000 -1.00000000
vn 0.00000000 0.00000000 -1.00000000
vn 0.70710678 0.00000000 -0.70710678
vn 0.70710678 0.00000000 -0.70710678
vn 0.70710678 0.00000000 -0.70710678
vn 0.70710678 0.00000000 -0.70710678
vn 1.00000000 0.00000000 -0.00000000
vn 1.00000000 0.00000000 -0.00000000
vn 1.00000000 0.00000000 -0.00000000
vn 1.00000000 0.00000000 -0.00000000
vn 0.70710678 0.00000000 0.70710678
vn 0.70710678 0.00000000 0.70710678
vn 0.70710678 0.00000000 0.70710678
vn 0.70710678 0.00000000 0.70710678
vn 0.00000000 0.00000000 1.00000000
vn 0.00000000 0.00000000 1.00000000
vn 0.00000000 0.00000000 1.00000000
vn 0.00000000 0.00000000 1.00000000
vn -0.70710678 0.00000000 0.70710678
vn -0.70710678 0.00000000 0.70710678
vn -0.70710678 0.00000000 0.70710678
vn -0.70710678 0.00000000 0.70710678
vn -1.00000000 0.00000000 -0.00000000
vn -1.00000000 0.00000000 -0.00000000
vn -1.00000000 0.00000000 -0.00000000
vn -1.00000000 0.00000000 -0.00000000
vn -0.70710678 0.00000000 -0.70710678
vn -0.70710678 0.00000000 -0.70710678
vn -0.70710678 0.00000000 -0.70710678
vn -0.70710678 0.00000000 -0.70710678
vn 0.00000000 -1.00000000 0.00000000
vn 0.00000000 -1.00000000 0.00000000
vn 0.00000000 -1.00000000 0.00000000
vn 0.00000000 -1.00000000 0.00000000
vn 0.00000000 -1.00000000 0.00000000
vn 0.00000000 -1.00000000 0.00000000
vn 0.00000000 -1.00000000 0.00000000
vn 0.00000000 -1.00000000 0.00000000
vn 0.00000000 -1.00000000 0.00000000
vn 0.00000000 -1.00000000 0.00000000
vn 0.00000000 -1.00000000 0.00000000
vn 0.00000000 -1.00000000 0.00000000
vn 0.00000000 -1.00000000 0.00000000
vn 0.00000000 -1.00000000 0.00000000
vn 0.00000000 -1.00000000 0.00000000
vn 0.00000000 -1.00000000 0.00000000
vn 0.00000000 -1.00000000 0.00000000
vn 0.00000000 -1.00000000 0.00000000
vn 0.00000000 1.00000000 0.00000000
vn 0.00000000 1.00000000 0.00000000
vn 0.00000000 1.00000000 0.00000000
vn 0.00000000 1.00000000 -0.00000000
vn 0.00000000 1.00000000 -0.00000000
vn 0.00000000 1.00000000 -0.00000000
vn 0.00000000 1.00000000 0.00000000
vn 0.00000000 1.00000000 0.00000000
vn 0.00000000 1.00000000 0.00000000
vn 0.00000000 1.00000000 0.00000000
vn 0.00000000 1.00000000 0.00000000
vn 0.00000000 1.00000000 0.00000000
vn 0.00000000 1.00000000 0.00000000
vn 0.00000000 1.00000000 0.00000000
vn 0.00000000 1.00000000 0.00000000
vn 0.00000000 1.00000000 0.00000000
vn 0.00000000 1.00000000 0.00000000
vn 0.00000000 1.00000000 0.00000000
vn 0.00000000 0.00000000 -1.00000000
vn 0.00000000 0.00000000 -1.00000000
vn 0.00000000 0.00000000 -1.00000000
vn 0.00000000 0.00000000 -1.00000000
vn 0.70710678 0.00000000 -0.70710678
vn 0.70710678 0.00000000 -0.70710678
vn 0.70710678 0.00000000 -0.70710678
vn 0.70710678 0.00000000 -0.70710678
vn 1.00000000 0.00000000 -0.00000000
vn 1.00000000 0.00000000 -0.00000000
vn 1.00000000 0.00000000 -0.00000000
vn 1.00000000 0.00000000 -0.00000000
vn 0.70710678 0.00000000 0.70710678
vn 0.70710678 0.00000000 0.70710678
vn 0.70710678 0.00000000 0.70710678
vn 0.70710678 0.00000000 0.70710678
vn 0.00000000 0.00000000 1.00000000
vn 0.00000000 0.00000000 1.00000000
vn 0.00000000 0.00000000 1.00000000
vn 0.00000000 0.00000000 1.00000000
vn -0.70710678 0.00000000 0.70710678
vn -0.70710678 0.00000000 0.70710678
vn -0.70710678 0.00000000 0.70710678
vn -0.70710678 0.00000000 0.70710678
vn -1.00000000 0.00000000 -0.00000000
vn -1.00000000 0.00000000 -0.00000000
vn -1.00000000 0.00000000 -0.00000000
vn -1.00000000 0.00000000 -0.00000000
vn -0.70710678 0.00000000 -0.70710678
vn -0.70710678 0.00000000 -0.70710678
vn -0.70710678 0.00000000 -0.70710678
vn -0.70710678 0.00000000 -0.70710678
vn 0.00000000 0.00000000 1.00000000
vn 0.00000000 0.00000000 1.00000000
vn 0.00000000 0.00000000 1.00000000
vn 0.00000000 0.00000000 1.00000000
vn 0.00000000 0.00000000 1.00000000
vn 0.00000000 0.00000000 1.00000000
vn 0.00000000 0.00000000 1.00000000
vn 0.00000000 0.00000000 1.00000000
vn 0.00000000 0.00000000 1.00000000
vn 0.00000000 -0.00000000 1.00000000
vn 0.00000000 -0.00000000 1.00000000
vn 0.00000000 -0.00000000 1.00000000
vn 0.00000000 0.00000000 1.00000000
vn 0.00000000 0.00000000 1.00000000
vn 0.00000000 0.00000000 1.00000000
vn 0.00000000 0.00000000 1.00000000
vn 0.00000000 0.00000000 1.00000000
vn 0.00000000 0.00000000 1.00000000
vn 0.00000000 0.00000000 1.00000000
vn 0.00000000 0.00000000 1.00000000
vn 0.00000000 0.00000000 1.00000000
vn 0.00000000 0.00000000 -1.00000000
vn 0.00000000 0.00000000 -1.00000000
vn 0.00000000 0.00000000 -1.00000000
vn 0.00000000 0.00000000 -1.00000000
vn 0.00000000 0.00000000 -1.00000000
vn 0.00000000 0.00000000 -1.00000000
vn 0.00000000 0.00000000 -1.00000000
vn 0.00000000 0.00000000 -1.00000000
vn 0.00000000 0.00000000 -1.00000000
vn 0.00000000 0.00000000 -1.00000000
vn 0.00000000 0.00000000 -1.00000000
vn 0.00000000 0.00000000 -1.00000000
vn 0.00000000 0.00000000 -1.00000000
vn 0.00000000 0.00000000 -1.00000000
vn 0.00000000 0.00000000 -1.00000000
vn 0.00000000 0.00000000 -1.00000000
vn 0.00000000 0.00000000 -1.00000000
vn 0.00000000 0.00000000 -1.00000000
vn 0.00000000 0.00000000 -1.00000000
vn 0.00000000 0.00000000 -1.00000000
vn 0.00000000 0.00000000 -1.00000000
vn -0.37708674 -0.92617795 0.00000000
vn -0.37708674 -0.92617795 0.00000000
vn -0.37708674 -0.92617795 0.00000000
vn -0.37708674 -0.92617795 0.00000000
vn -0.72353574 -0.69028692 0.00000000
vn -0.72353574 -0.69028692 0.00000000
vn -0.72353574 -0.69028692 0.00000000
vn -0.72353574 -0.69028692 0.00000000
vn 0.00000000 -1.00000000 0.00000000
vn 0.00000000 -1.00000000 0.00000000
vn 0.00000000 -1.00000000 0.00000000
vn 0.00000000 -1.00000000 0.00000000
vn 1.00000000 0.00000000 0.00000000
vn 1.00000000 0.00000000 0.00000000
vn 1.00000000 0.00000000 0.00000000
vn 1.00000000 0.00000000 0.00000000
vn 0.00000000 1.00000000 0.00000000
vn 0.00000000 1.00000000 0.00000000
vn 0.00000000 1.00000000 0.00000000
vn 0.00000000 1.00000000 0.00000000
vn 0.18589167 0.98257025 0.00000000
vn 0.18589167 0.98257025 0.00000000
vn 0.18589167 0.98257025 0.00000000
vn 0.18589167 0.98257025 0.00000000
vn 0.00000000 1.00000000 0.00000000
vn 0.00000000 1.00000000 0.00000000
vn 0.00000000 1.00000000 0.00000000
vn 0.00000000 1.00000000 0.00000000
vn 0.20695859 0.97834970 0.00000000
vn 0.20695859 0.97834970 0.00000000
vn 0.20695859 0.97834970 0.00000000
vn 0.20695859 0.97834970 0.00000000
vn -1.00000000 0.00000000 0.00000000
vn -1.00000000 0.00000000 0.00000000
vn -1.00000000 0.00000000 0.00000000
vn -1.00000000 0.00000000 0.00000000
vn 0.00000000 -1.00000000 0.00000000
vn 0.00000000 -1.00000000 0.00000000
vn 0.00000000 -1.00000000 0.00000000
vn 0.00000000 -1.00000000 0.00000000
vn 0.00000000 -1.00000000 0.00000000
vn 0.00000000 -1.00000000 0.00000000
vn 0.00000000 -1.00000000 0.00000000
vn 0.00000000 -1.00000000 0.00000000
vn 0.00000000 -1.00000000 0.00000000
vn 0.00000000 -1.00000000 0.00000000
vn 0.00000000 -1.00000000 0.00000000
vn 0.00000000 -1.00000000 0.00000000
vn 0.00000000 -1.00000000 0.00000000
vn 0.00000000 -1.00000000 0.00000000
vn 0.00000000 -1.00000000 0.00000000
vn 0.00000000 -1.00000000 0.00000000
vn 0.00000000 -1.00000000 0.00000000
vn 0.00000000 -1.00000000 0.00000000
vn -0.00000000 -1.00000000 0.00000000
vn -0.00000000 -1.00000000 0.00000000
vn -0.00000000 -1.00000000 0.00000000
vn 0.00000000 -1.00000000 0.00000000
vn 0.00000000 -1.00000000 0.00000000
vn 0.00000000 -1.00000000 0.00000000
vn 0.00000000 1.00000000 0.00000000
vn 0.00000000 1.00000000 0.00000000
vn 0.00000000 1.00000000 0.00000000
vn 0.00000000 1.00000000 0.00000000
vn 0.00000000 1.00000000 0.00000000
vn 0.00000000 1.00000000 0.00000000
vn 0.00000000 1.00000000 0.00000000
vn 0.00000000 1.00000000 0.00000000
vn 0.00000000 1.00000000 0.00000000
vn 0.00000000 1.00000000 0.00000000
vn 0.00000000 1.00000000 0.00000000
vn 0.00000000 1.00000000 0.00000000
vn 0.00000000 1.00000000 0.00000000
vn 0.00000000 1.00000000 0.00000000
vn 0.00000000 1.00000000 0.00000000
vn 0.00000000 1.00000000 0.00000000
vn 0.00000000 1.00000000 0.00000000
vn 0.00000000 1.00000000 0.00000000
vn 0.00000000 1.00000000 0.00000000
vn 0.00000000 1.00000000 0.00000000
vn 0.00000000 1.00000000 0.00000000
vn 0.00000000 1.00000000 0.00000000
vn 0.00000000 1.00000000 0.00000000
vn 0.00000000 1.00000000 0.00000000
vn 0.95105652 0.00000000 0.30901699
vn 0.95105652 0.00000000 0.30901699
vn 0.95105652 0.00000000 0.30901699
vn 0.95105652 0.00000000 0.30901699
vn 0.58778525 0.00000000 0.80901699
vn 0.58778525 0.00000000 0.80901699
vn 0.58778525 0.00000000 0.80901699
vn 0.58778525 0.00000000 0.80901699
vn 0.00000000 0.00000000 1.00000000
vn 0.00000000 0.00000000 1.00000000
vn 0.00000000 0.00000000 1.00000000
vn 0.00000000 0.00000000 1.00000000
vn -0.58778525 0.00000000 0.80901699
vn -0.58778525 0.00000000 0.80901699
vn -0.58778525 0.00000000 0.80901699
vn -0.58778525 0.00000000 0.80901699
vn -0.95105652 0.00000000 0.30901699
vn -0.95105652 0.00000000 0.30901699
vn -0.95105652 0.00000000 0.30901699
vn -0.95105652 0.00000000 0.30901699
vn -0.95105652 0.00000000 -0.30901699
vn -0.95105652 0.00000000 -0.30901699
vn -0.95105652 0.00000000 -0.30901699
vn -0.95105652 0.00000000 -0.30901699
vn -0.58778525 0.00000000 -0.80901699
vn -0.58778525 0.00000000 -0.80901699
vn -0.58778525 0.00000000 -0.80901699
vn -0.58778525 0.00000000 -0.80901699
vn 0.00000000 0.00000000 -1.00000000
vn 0.00000000 0.00000000 -1.00000000
vn 0.00000000 0.00000000 -1.00000000
vn 0.00000000 0.00000000 -1.00000000
vn 0.58778525 0.00000000 -0.80901699
vn 0.58778525 0.00000000 -0.80901699
vn 0.58778525 0.00000000 -0.80901699
vn 0.58778525 0.00000000 -0.80901699
vn 0.95105652 0.00000000 -0.30901699
vn 0.95105652 0.00000000 -0.30901699
vn 0.95105652 0.00000000 -0.30901699
vn 0.95105652 0.00000000 -0.30901699
vn 0.00000000 -1.00000000 0.00000000
vn 0.00000000 -1.00000000 0.00000000
vn 0.00000000 -1.00000000 0.00000000
vn 0.00000000 -1.00000000 0.00000000
vn 0.00000000 -1.00000000 0.00000000
vn 0.00000000 -1.00000000 0.00000000
vn 0.00000000 -1.00000000 0.00000000
vn 0.00000000 -1.00000000 0.00000000
vn 0.00000000 -1.00000000 0.00000000
vn 0.00000000 -1.00000000 0.00000000
vn 0.00000000 -1.00000000 0.00000000
vn 0.00000000 -1.00000000 0.00000000
vn 0.00000000 -1.00000000 0.00000000
vn 0.00000000 -1.00000000 0.00000000
vn 0.00000000 -1.00000000 0.00000000
vn 0.00000000 -1.00000000 0.00000000
vn 0.00000000 -1.00000000 0.00000000
vn 0.00000000 -1.00000000 0.00000000
vn 0.00000000 -1.00000000 0.00000000
vn 0.00000000 -1.00000000 0.00000000
vn 0.00000000 -1.00000000 0.00000000
vn -0.00000000 -1.00000000 0.00000000
vn -0.00000000 -1.00000000 0.00000000
vn -0.00000000 -1.00000000 0.00000000
vn 0.00000000 -1.00000000 0.00000000
vn 0.00000000 -1.00000000 0.00000000
vn 0.00000000 -1.00000000 0.00000000
vn 0.00000000 -1.00000000 0.00000000
vn 0.00000000 -1.00000000 0.00000000
vn 0.00000000 -1.00000000 0.00000000
vn 0.00000000 1.00000000 0.00000000
vn 0.00000000 1.00000000 0.00000000
vn 0.00000000 1.00000000 0.00000000
vn 0.00000000 1.00000000 0.00000000
vn 0.00000000 1.00000000 0.00000000
vn 0.00000000 1.00000000 0.00000000
vn 0.00000000 1.00000000 0.00000000
vn 0.00000000 1.00000000 0.00000000
vn 0.00000000 1.00000000 0.00000000
vn 0.00000000 1.00000000 0.00000000
vn 0.00000000 1.00000000 0.00000000
vn 0.00000000 1.00000000 0.00000000
vn 0.00000000 1.00000000 0.00000000
vn 0.00000000 1.00000000 0.00000000
vn 0.00000000 1.00000000 0.00000000
vn 0.00000000 1.00000000 0.00000000
vn 0.00000000 1.00000000 0.00000000
vn 0.00000000 1.00000000 0.00000000
vn 0.00000000 1.00000000 0.00000000
vn 0.00000000 1.00000000 0.00000000
vn 0.00000000 1.00000000 0.00000000
vn 0.00000000 1.00000000 0.00000000
vn 0.00000000 1.00000000 0.00000000
vn 0.00000000 1.00000000 0.00000000
vn 0.00000000 1.00000000 0.00000000
vn 0.00000000 1.00000000 0.00000000
vn 0.00000000 1.00000000 0.00000000
vn 0.00000000 1.00000000 0.00000000
vn 0.00000000 1.00000000 0.00000000
vn 0.00000000 1.00000000 0.00000000
vn 0.96592583 0.00000000 0.25881905
vn 0.96592583 0.00000000 0.25881905
vn 0.96592583 0.00000000 0.25881905
vn 0.96592583 0.00000000 0.25881905
vn 0.70710678 0.00000000 0.70710678
vn 0.70710678 0.00000000 0.70710678
vn 0.70710678 0.00000000 0.70710678
vn 0.70710678 0.00000000 0.70710678
vn 0.25881905 0.00000000 0.96592583
vn 0.25881905 0.00000000 0.96592583
vn 0.25881905 0.00000000 0.96592583
vn 0.25881905 0.00000000 0.96592583
vn -0.25881905 0.00000000 0.96592583
vn -0.25881905 0.00000000 0.96592583
vn -0.25881905 0.00000000 0.96592583
vn -0.25881905 0.00000000 0.96592583
vn -0.70710678 0.00000000 0.70710678
vn -0.70710678 0.00000000 0.70710678
vn -0.70710678 0.00000000 0.70710678
vn -0.70710678 0.00000000 0.70710678
vn -0.96592583 0.00000000 0.25881905
vn -0.96592583 0.00000000 0.25881905
vn -0.96592583 0.00000000 0.25881905
vn -0.96592583 0.00000000 0.25881905
vn -0.96592583 0.00000000 -0.25881905
vn -0.96592583 0.00000000 -0.25881905
vn -0.96592583 0.00000000 -0.25881905
vn -0.96592583 0.00000000 -0.25881905
vn -0.70710678 0.00000000 -0.70710678
vn -0.70710678 0.00000000 -0.70710678
vn -0.70710678 0.00000000 -0.70710678
vn -0.70710678 0.00000000 -0.70710678
vn -0.25881905 0.00000000 -0.96592583
vn -0.25881905 0.00000000 -0.96592583
vn -0.25881905 0.00000000 -0.96592583
vn -0.25881905 0.00000000 -0.96592583
vn 0.25881905 0.00000000 -0.96592583
vn 0.25881905 0.00000000 -0.96592583
vn 0.25881905 0.00000000 -0.96592583
vn 0.25881905 0.00000000 -0.96592583
vn 0.70710678 0.00000000 -0.70710678
vn 0.70710678 0.00000000 -0.70710678
vn 0.70710678 0.00000000 -0.70710678
vn 0.70710678 0.00000000 -0.70710678
vn 0.96592583 0.00000000 -0.25881905
vn 0.96592583 0.00000000 -0.25881905
vn 0.96592583 0.00000000 -0.25881905
vn 0.96592583 0.00000000 -0.25881905
vn 0.00000000 -1.00000000 0.00000000
vn 0.00000000 -1.00000000 0.00000000
vn 0.00000000 -1.00000000 0.00000000
vn 0.00000000 -1.00000000 0.00000000
vn 0.00000000 -1.00000000 0.00000000
vn 0.00000000 -1.00000000 0.00000000
vn 0.00000000 -1.00000000 0.00000000
vn 0.00000000 -1.00000000 0.00000000
vn 0.00000000 -1.00000000 0.00000000
vn 0.00000000 -1.00000000 0.00000000
vn 0.00000000 -1.00000000 0.00000000
vn 0.00000000 -1.00000000 0.00000000
vn 0.00000000 1.00000000 0.00000000
vn 0.00000000 1.00000000 0.00000000
vn 0.00000000 1.00000000 0.00000000
vn 0.00000000 1.00000000 0.00000000
vn 0.00000000 1.00000000 0.00000000
vn 0.00000000 1.00000000 0.00000000
vn 0.00000000 1.00000000 0.00000000
vn 0.00000000 1.00000000 0.00000000
vn 0.00000000 1.00000000 0.00000000
vn -0.00000000 1.00000000 0.00000000
vn -0.00000000 1.00000000 0.00000000
vn -0.00000000 1.00000000 0.00000000
vn 0.86602540 0.00000000 0.50000000
vn 0.86602540 0.00000000 0.50000000
vn 0.86602540 0.00000000 0.50000000
vn 0.86602540 0.00000000 0.50000000
vn 0.00000000 0.00000000 1.00000000
vn 0.00000000 0.00000000 1.00000000
vn 0.00000000 0.00000000 1.00000000
vn 0.00000000 0.00000000 1.00000000
vn -0.86602540 0.00000000 0.50000000
vn -0.86602540 0.00000000 0.50000000
vn -0.86602540 0.00000000 0.50000000
vn -0.86602540 0.00000000 0.50000000
vn -0.86602540 0.00000000 -0.50000000
vn -0.86602540 0.00000000 -0.50000000
vn -0.86602540 0.00000000 -0.50000000
vn -0.86602540 0.00000000 -0.50000000
vn -0.00000000 0.00000000 -1.00000000
vn -0.00000000 0.00000000 -1.00000000
vn -0.00000000 0.00000000 -1.00000000
vn -0.00000000 0.00000000 -1.00000000
vn 0.86602540 0.00000000 -0.50000000
vn 0.86602540 0.00000000 -0.50000000
vn 0.86602540 0.00000000 -0.50000000
vn 0.86602540 0.00000000 -0.50000000
vn 0.00000000 -1.00000000 0.00000000
vn 0.00000000 -1.00000000 0.00000000
vn 0.00000000 -1.00000000 0.00000000
vn 0.00000000 -1.00000000 0.00000000
vn 0.00000000 -1.00000000 0.00000000
vn 0.00000000 -1.00000000 0.00000000
vn 0.00000000 -1.00000000 0.00000000
vn 0.00000000 -1.00000000 0.00000000
vn 0.00000000 -1.00000000 0.00000000
vn 0.00000000 -1.00000000 0.00000000
vn 0.00000000 -1.00000000 0.00000000
vn 0.00000000 -1.00000000 0.00000000
vn 0.00000000 1.00000000 0.00000000
vn 0.00000000 1.00000000 0.00000000
vn 0.00000000 1.00000000 0.00000000
vn 0.00000000 1.00000000 0.00000000
vn 0.00000000 1.00000000 0.00000000
vn 0.00000000 1.00000000 0.00000000
vn 0.00000000 1.00000000 0.00000000
vn 0.00000000 1.00000000 0.00000000
vn 0.00000000 1.00000000 0.00000000
vn 0.00000000 1.00000000 0.00000000
vn 0.00000000 1.00000000 0.00000000
vn 0.00000000 1.00000000 0.00000000
vn 0.86602540 0.00000000 0.50000000
vn 0.86602540 0.00000000 0.50000000
vn 0.86602540 0.00000000 0.50000000
vn 0.86602540 0.00000000 0.50000000
vn 0.00000000 0.00000000 1.00000000
vn 0.00000000 0.00000000 1.00000000
vn 0.00000000 0.00000000 1.00000000
vn 0.00000000 0.00000000 1.00000000
vn -0.86602540 0.00000000 0.50000000
vn -0.86602540 0.00000000 0.50000000
vn -0.86602540 0.00000000 0.50000000
vn -0.86602540 0.00000000 0.50000000
vn -0.86602540 0.00000000 -0.50000000
vn -0.86602540 0.00000000 -0.50000000
vn -0.86602540 0.00000000 -0.50000000
vn -0.86602540 0.00000000 -0.50000000
vn -0.00000000 0.00000000 -1.00000000
vn -0.00000000 0.00000000 -1.00000000
vn -0.00000000 0.00000000 -1.00000000
vn -0.00000000 0.00000000 -1.00000000
vn 0.86602540 0.00000000 -0.50000000
vn 0.86602540 0.00000000 -0.50000000
vn 0.86602540 0.00000000 -0.50000000
vn 0.86602540 0.00000000 -0.50000000
vn 1.00000000 0.00000000 0.00000000
vn 1.00000000 0.00000000 0.00000000
vn 1.00000000 0.00000000 0.00000000
vn 1.00000000 0.00000000 0.00000000
vn 0.64018440 0.76822128 0.00000000
vn 0.64018440 0.76822128 0.00000000
vn 0.64018440 0.76822128 0.00000000
vn 0.64018440 0.76822128 0.00000000
vn 0.27805808 0.96056426 0.00000000
vn 0.27805808 0.96056426 0.00000000
vn 0.27805808 0.96056426 0.00000000
vn 0.27805808 0.96056426 0.00000000
vn 0.58123819 0.81373347 0.00000000
vn 0.58123819 0.81373347 0.00000000
vn 0.58123819 0.81373347 0.00000000
vn 0.58123819 0.81373347 0.00000000
vn 0.96476382 0.26311741 0.00000000
vn 0.96476382 0.26311741 0.00000000
vn 0.96476382 0.26311741 0.00000000
vn 0.96476382 0.26311741 0.00000000
vn 1.00000000 0.00000000 0.00000000
vn 1.00000000 0.00000000 0.00000000
vn 1.00000000 0.00000000 0.00000000
vn 1.00000000 0.00000000 0.00000000
vn 0.94868330 -0.31622777 0.00000000
vn 0.94868330 -0.31622777 0.00000000
vn 0.94868330 -0.31622777 0.00000000
vn 0.94868330 -0.31622777 0.00000000
vn 0.39391930 -0.91914503 0.00000000
vn 0.39391930 -0.91914503 0.00000000
vn 0.39391930 -0.91914503 0.00000000
vn 0.39391930 -0.91914503 0.00000000
vn 0.70710678 -0.70710678 0.00000000
vn 0.70710678 -0.70710678 0.00000000
vn 0.70710678 -0.70710678 0.00000000
vn 0.70710678 -0.70710678 0.00000000
vn 0.99227788 -0.12403473 0.00000000
vn 0.99227788 -0.12403473 0.00000000
vn 0.99227788 -0.12403473 0.00000000
vn 0.99227788 -0.12403473 0.00000000
vn 1.00000000 0.00000000 0.00000000
vn 1.00000000 0.00000000 0.00000000
vn 1.00000000 0.00000000 0.00000000
vn 1.00000000 0.00000000 0.00000000
vn 0.94868330 0.31622777 0.00000000
vn 0.94868330 0.31622777 0.00000000
vn 0.94868330 0.31622777 0.00000000
vn 0.94868330 0.31622777 0.00000000
vn 0.58072468 0.81410002 0.00000000
vn 0.58072468 0.81410002 0.00000000
vn 0.58072468 0.81410002 0.00000000
vn 0.58072468 0.81410002 0.00000000
vn 0.00000000 1.00000000 0.00000000
vn 0.00000000 1.00000000 0.00000000
vn 0.00000000 1.00000000 0.00000000
vn 0.00000000 1.00000000 0.00000000
vn -0.58072468 0.81410002 0.00000000
vn -0.58072468 0.81410002 0.00000000
vn -0.58072468 0.81410002 0.00000000
vn -0.58072468 0.81410002 0.00000000
vn -0.94868330 0.31622777 0.00000000
vn -0.94868330 0.31622777 0.00000000
vn -0.94868330 0.31622777 0.00000000
vn -0.94868330 0.31622777 0.00000000
vn -1.00000000 0.00000000 0.00000000
vn -1.00000000 0.00000000 0.00000000
vn -1.00000000 0.00000000 0.00000000
vn -1.00000000 0.00000000 0.00000000
vn -0.99227788 -0.12403473 0.00000000
vn -0.99227788 -0.12403473 0.00000000
vn -0.99227788 -0.12403473 0.00000000
vn -0.99227788 -0.12403473 0.00000000
vn -0.70710678 -0.70710678 0.00000000
vn -0.70710678 -0.70710678 0.00000000
vn -0.70710678 -0.70710678 0.00000000
vn -0.70710678 -0.70710678 0.00000000
vn -0.39391930 -0.91914503 0.00000000
vn -0.39391930 -0.91914503 0.00000000
vn -0.39391930 -0.91914503 0.00000000
vn -0.39391930 -0.91914503 0.00000000
vn -0.94868330 -0.31622777 0.00000000
vn -0.94868330 -0.31622777 0.00000000
vn -0.94868330 -0.31622777 0.00000000
vn -0.94868330 -0.31622777 0.00000000
vn -1.00000000 0.00000000 0.00000000
vn -1.00000000 0.00000000 0.00000000
vn -1.00000000 0.00000000 0.00000000
vn -1.00000000 0.00000000 0.00000000
vn -0.96476382 0.26311741 0.00000000
vn -0.96476382 0.26311741 0.00000000
vn -0.96476382 0.26311741 0.00000000
vn -0.96476382 0.26311741 0.00000000
vn -0.58123819 0.81373347 0.00000000
vn -0.58123819 0.81373347 0.00000000
vn -0.58123819 0.81373347 0.00000000
vn -0.58123819 0.81373347 0.00000000
vn -0.27805808 0.96056426 0.00000000
vn -0.27805808 0.96056426 0.00000000
vn -0.27805808 0.96056426 0.00000000
vn -0.27805808 0.96056426 0.00000000
vn -0.64018440 0.76822128 0.00000000
vn -0.64018440 0.76822128 0.00000000
vn -0.64018440 0.76822128 0.00000000
vn -0.64018440 0.76822128 0.00000000
vn -1.00000000 0.00000000 0.00000000
vn -1.00000000 0.00000000 0.00000000
vn -1.00000000 0.00000000 0.00000000
vn -1.00000000 0.00000000 0.00000000
vn 0.00000000 -1.00000000 0.00000000
vn 0.00000000 -1.00000000 0.00000000
vn 0.00000000 -1.00000000 0.00000000
vn 0.00000000 -1.00000000 0.00000000
vn 0.00000000 0.00000000 -1.00000000
vn 0.00000000 0.00000000 -1.00000000
vn 0.00000000 0.00000000 -1.00000000
vn 0.00000000 0.00000000 -1.00000000
vn 0.00000000 0.00000000 -1.00000000
vn 0.00000000 0.00000000 -1.00000000
vn 0.00000000 0.00000000 -1.00000000
vn 0.00000000 0.00000000 -1.00000000
vn 0.00000000 0.00000000 -1.00000000
vn 0.00000000 0.00000000 -1.00000000
vn 0.00000000 0.00000000 -1.00000000
vn 0.00000000 0.00000000 -1.00000000
vn 0.00000000 0.00000000 -1.00000000
vn 0.00000000 0.00000000 -1.00000000
vn 0.00000000 0.00000000 -1.00000000
vn 0.00000000 0.00000000 -1.00000000
vn 0.00000000 0.00000000 -1.00000000
vn 0.00000000 0.00000000 -1.00000000
vn 0.00000000 0.00000000 -1.00000000
vn 0.00000000 0.00000000 -1.00000000
vn 0.00000000 0.00000000 -1.00000000
vn 0.00000000 0.00000000 -1.00000000
vn 0.00000000 0.00000000 -1.00000000
vn 0.00000000 0.00000000 -1.00000000
vn 0.00000000 0.00000000 -1.00000000
vn 0.00000000 0.00000000 -1.00000000
vn 0.00000000 0.00000000 -1.00000000
vn 0.00000000 0.00000000 -1.00000000
vn 0.00000000 0.00000000 -1.00000000
vn 0.00000000 0.00000000 -1.00000000
vn 0.00000000 0.00000000 -1.00000000
vn 0.00000000 0.00000000 -1.00000000
vn 0.00000000 0.00000000 -1.00000000
vn 0.00000000 0.00000000 -1.00000000
vn 0.00000000 0.00000000 -1.00000000
vn 0.00000000 0.00000000 -1.00000000
vn 0.00000000 0.00000000 -1.00000000
vn 0.00000000 0.00000000 -1.00000000
vn 0.00000000 0.00000000 -1.00000000
vn 0.00000000 0.00000000 -1.00000000
vn 0.00000000 0.00000000 -1.00000000
vn 0.00000000 0.00000000 -1.00000000
vn 0.00000000 0.00000000 -1.00000000
vn 0.00000000 0.00000000 -1.00000000
vn 0.00000000 0.00000000 -1.00000000
vn 0.00000000 0.00000000 -1.00000000
vn 0.00000000 0.00000000 -1.00000000
vn 0.00000000 0.00000000 -1.00000000
vn 0.00000000 0.00000000 -1.00000000
vn 0.00000000 0.00000000 -1.00000000
vn 0.00000000 0.00000000 -1.00000000
vn 0.00000000 0.00000000 -1.00000000
vn 0.00000000 0.00000000 -1.00000000
vn 0.00000000 0.00000000 -1.00000000
vn 0.00000000 0.00000000 -1.00000000
vn 0.00000000 0.00000000 -1.00000000
vn 0.00000000 0.00000000 -1.00000000
vn 0.00000000 0.00000000 -1.00000000
vn 0.00000000 0.00000000 -1.00000000
vn 0.00000000 0.00000000 -1.00000000
vn 0.00000000 0.00000000 -1.00000000
vn 0.00000000 0.00000000 -1.00000000
vn 0.00000000 0.00000000 -1.00000000
vn 0.00000000 0.00000000 -1.00000000
vn 0.00000000 0.00000000 -1.00000000
vn 0.00000000 0.00000000 -1.00000000
vn 0.00000000 0.00000000 -1.00000000
vn 0.00000000 0.00000000 -1.00000000
vn 0.00000000 0.00000000 -1.00000000
vn 0.00000000 0.00000000 -1.00000000
vn 0.00000000 0.00000000 -1.00000000
vn 0.00000000 0.00000000 -1.00000000
vn 0.00000000 0.00000000 -1.00000000
vn 0.00000000 0.00000000 -1.00000000
vn 0.00000000 0.00000000 -1.00000000
vn 0.00000000 0.00000000 -1.00000000
vn 0.00000000 0.00000000 -1.00000000
vn 0.00000000 0.00000000 -1.00000000
vn 0.00000000 0.00000000 1.00000000
vn 0.00000000 0.00000000 1.00000000
vn 0.00000000 0.00000000 1.00000000
vn 0.00000000 0.00000000 1.00000000
vn 0.00000000 0.00000000 1.00000000
vn 0.00000000 0.00000000 1.00000000
vn 0.00000000 0.00000000 1.00000000
vn 0.00000000 0.00000000 1.00000000
vn 0.00000000 0.00000000 1.00000000
vn 0.00000000 0.00000000 1.00000000
vn 0.00000000 0.00000000 1.00000000
vn 0.00000000 0.00000000 1.00000000
vn 0.00000000 0.00000000 1.00000000
vn 0.00000000 0.00000000 1.00000000
vn 0.00000000 0.00000000 1.00000000
vn 0.00000000 0.00000000 1.00000000
vn 0.00000000 0.00000000 1.00000000
vn 0.00000000 0.00000000 1.00000000
vn 0.00000000 0.00000000 1.00000000
vn 0.00000000 0.00000000 1.00000000
vn 0.00000000 0.00000000 1.00000000
vn 0.00000000 0.00000000 1.00000000
vn 0.00000000 0.00000000 1.00000000
vn 0.00000000 0.00000000 1.00000000
vn 0.00000000 0.00000000 1.00000000
vn 0.00000000 0.00000000 1.00000000
vn 0.00000000 0.00000000 1.00000000
vn 0.00000000 0.00000000 1.00000000
vn 0.00000000 0.00000000 1.00000000
vn 0.00000000 0.00000000 1.00000000
vn 0.00000000 -0.00000000 1.00000000
vn 0.00000000 -0.00000000 1.00000000
vn 0.00000000 -0.00000000 1.00000000
vn 0.00000000 0.00000000 1.00000000
vn 0.00000000 0.00000000 1.00000000
vn 0.00000000 0.00000000 1.00000000
vn 0.00000000 0.00000000 1.00000000
vn 0.00000000 0.00000000 1.00000000
vn 0.00000000 0.00000000 1.00000000
vn 0.00000000 0.00000000 1.00000000
vn 0.00000000 0.00000000 1.00000000
vn 0.00000000 0.00000000 1.00000000
vn 0.00000000 0.00000000 1.00000000
vn 0.00000000 0.00000000 1.00000000
vn 0.00000000 0.00000000 1.00000000
vn 0.00000000 0.00000000 1.00000000
vn 0.00000000 0.00000000 1.00000000
vn 0.00000000 0.00000000 1.00000000
vn 0.00000000 0.00000000 1.00000000
vn 0.00000000 0.00000000 1.00000000
vn 0.00000000 0.00000000 1.00000000
vn 0.00000000 0.00000000 1.00000000
vn 0.00000000 0.00000000 1.00000000
vn 0.00000000 0.00000000 1.00000000
vn 0.00000000 -0.00000000 1.00000000
vn 0.00000000 -0.00000000 1.00000000
vn 0.00000000 -0.00000000 1.00000000
vn 0.00000000 0.00000000 1.00000000
vn 0.00000000 0.00000000 1.00000000
vn 0.00000000 0.00000000 1.00000000
vn 0.00000000 0.00000000 1.00000000
vn 0.00000000 0.00000000 1.00000000
vn 0.00000000 0.00000000 1.00000000
vn 0.00000000 0.00000000 1.00000000
vn 0.00000000 0.00000000 1.00000000
vn 0.00000000 0.00000000 1.00000000
vn 0.00000000 0.00000000 1.00000000
vn 0.00000000 0.00000000 1.00000000
vn 0.00000000 0.00000000 1.00000000
vn 0.00000000 0.00000000 1.00000000
vn 0.00000000 0.00000000 1.00000000
vn 0.00000000 0.00000000 1.00000000
vn 0.00000000 0.00000000 1.00000000
vn 0.00000000 0.00000000 1.00000000
vn 0.00000000 0.00000000 1.00000000
vn 0.00000000 0.00000000 1.00000000
vn 0.00000000 0.00000000 1.00000000
vn 0.00000000 0.00000000 1.00000000
g direct_bearer
usemtl mat
f 1/1/1 2/2/2 3/3/3 4/4/4
f 5/5/5 6/6/6 7/7/7 8/8/8
f 9/9/9 10/10/10 11/11/11 12/12/12
f 13/13/13 14/14/14 15/15/15 16/16/16
f 17/17/17 18/18/18 19/19/19 20/20/20
f 21/21/21 22/22/22 23/23/23 24/24/24
f 25/25/25 26/26/26 27/27/27 28/28/28
f 29/29/29 30/30/30 31/31/31 32/32/32
f 33/33/33 34/34/34 35/35/35 36/36/36
f 37/37/37 38/38/38 39/39/39 40/40/40
f 41/41/41 42/42/42 43/43/43 44/44/44
f 45/45/45 46/46/46 47/47/47 48/48/48
g fastener_left
usemtl mat
f 49/49/49 50/50/50 51/51/51
f 52/52/52 53/53/53 54/54/54
f 55/55/55 56/56/56 57/57/57
f 58/58/58 59/59/59 60/60/60
f 61/61/61 62/62/62 63/63/63
f 64/64/64 65/65/65 66/66/66
f 67/67/67 68/68/68 69/69/69
f 70/70/70 71/71/71 72/72/72
f 73/73/73 74/74/74 75/75/75
f 76/76/76 77/77/77 78/78/78
f 79/79/79 80/80/80 81/81/81
f 82/82/82 83/83/83 84/84/84
f 85/85/85 86/86/86 87/87/87 88/88/88
f 89/89/89 90/90/90 91/91/91 92/92/92
f 93/93/93 94/94/94 95/95/95 96/96/96
f 97/97/97 98/98/98 99/99/99 100/100/100
f 101/101/101 102/102/102 103/103/103 104/104/104
f 105/105/105 106/106/106 107/107/107 108/108/108
f 109/109/109 110/110/110 111/111/111 112/112/112
f 113/113/113 114/114/114 115/115/115 116/116/116
f 117/117/117 118/118/118 119/119/119
f 120/120/120 121/121/121 122/122/122
f 123/123/123 124/124/124 125/125/125
f 126/126/126 127/127/127 128/128/128
f 129/129/129 130/130/130 131/131/131
f 132/132/132 133/133/133 134/134/134
f 135/135/135 136/136/136 137/137/137
f 138/138/138 139/139/139 140/140/140
f 141/141/141 142/142/142 143/143/143
f 144/144/144 145/145/145 146/146/146
f 147/147/147 148/148/148 149/149/149
f 150/150/150 151/151/151 152/152/152
f 153/153/153 154/154/154 155/155/155 156/156/156
f 157/157/157 158/158/158 159/159/159 160/160/160
f 161/161/161 162/162/162 163/163/163 164/164/164
f 165/165/165 166/166/166 167/167/167 168/168/168
f 169/169/169 170/170/170 171/171/171 172/172/172
f 173/173/173 174/174/174 175/175/175 176/176/176
f 177/177/177 178/178/178 179/179/179 180/180/180
f 181/181/181 182/182/182 183/183/183 184/184/184
f 185/185/185 186/186/186 187/187/187
f 188/188/188 189/189/189 190/190/190
f 191/191/191 192/192/192 193/193/193
f 194/194/194 195/195/195 196/196/196
f 197/197/197 198/198/198 199/199/199
f 200/200/200 201/201/201 202/202/202
f 203/203/203 204/204/204 205/205/205
f 206/206/206 207/207/207 208/208/208
f 209/209/209 210/210/210 211/211/211
f 212/212/212 213/213/213 214/214/214
f 215/215/215 216/216/216 217/217/217
f 218/218/218 219/219/219 220/220/220
f 221/221/221 222/222/222 223/223/223 224/224/224
f 225/225/225 226/226/226 227/227/227 228/228/228
f 229/229/229 230/230/230 231/231/231 232/232/232
f 233/233/233 234/234/234 235/235/235 236/236/236
f 237/237/237 238/238/238 239/239/239 240/240/240
f 241/241/241 242/242/242 243/243/243 244/244/244
f 245/245/245 246/246/246 247/247/247 248/248/248
f 249/249/249 250/250/250 251/251/251 252/252/252
f 253/253/253 254/254/254 255/255/255
f 256/256/256 257/257/257 258/258/258
f 259/259/259 260/260/260 261/261/261
f 262/262/262 263/263/263 264/264/264
f 265/265/265 266/266/266 267/267/267
f 268/268/268 269/269/269 270/270/270
f 271/271/271 272/272/272 273/273/273
f 274/274/274 275/275/275 276/276/276
f 277/277/277 278/278/278 279/279/279
f 280/280/280 281/281/281 282/282/282
f 283/283/283 284/284/284 285/285/285
f 286/286/286 287/287/287 288/288/288
f 289/289/289 290/290/290 291/291/291 292/292/292
f 293/293/293 294/294/294 295/295/295 296/296/296
f 297/297/297 298/298/298 299/299/299 300/300/300
f 301/301/301 302/302/302 303/303/303 304/304/304
f 305/305/305 306/306/306 307/307/307 308/308/308
f 309/309/309 310/310/310 311/311/311 312/312/312
f 313/313/313 314/314/314 315/315/315 316/316/316
f 317/317/317 318/318/318 319/319/319 320/320/320
f 321/321/321 322/322/322 323/323/323
f 324/324/324 325/325/325 326/326/326
f 327/327/327 328/328/328 329/329/329
f 330/330/330 331/331/331 332/332/332
f 333/333/333 334/334/334 335/335/335
f 336/336/336 337/337/337 338/338/338
f 339/339/339 340/340/340 341/341/341
f 342/342/342 343/343/343 344/344/344
f 345/345/345 346/346/346 347/347/347
f 348/348/348 349/349/349 350/350/350
f 351/351/351 352/352/352 353/353/353
f 354/354/354 355/355/355 356/356/356
f 357/357/357 358/358/358 359/359/359
f 360/360/360 361/361/361 362/362/362
f 363/363/363 364/364/364 365/365/365 366/366/366
f 367/367/367 368/368/368 369/369/369 370/370/370
f 371/371/371 372/372/372 373/373/373 374/374/374
f 375/375/375 376/376/376 377/377/377 378/378/378
f 379/379/379 380/380/380 381/381/381 382/382/382
f 383/383/383 384/384/384 385/385/385 386/386/386
f 387/387/387 388/388/388 389/389/389 390/390/390
f 391/391/391 392/392/392 393/393/393 394/394/394
f 395/395/395 396/396/396 397/397/397 398/398/398
f 399/399/399 400/400/400 401/401/401
f 402/402/402 403/403/403 404/404/404
f 405/405/405 406/406/406 407/407/407
f 408/408/408 409/409/409 410/410/410
f 411/411/411 412/412/412 413/413/413
f 414/414/414 415/415/415 416/416/416
f 417/417/417 418/418/418 419/419/419
f 420/420/420 421/421/421 422/422/422
f 423/423/423 424/424/424 425/425/425
f 426/426/426 427/427/427 428/428/428
f 429/429/429 430/430/430 431/431/431
f 432/432/432 433/433/433 434/434/434
f 435/435/435 436/436/436 437/437/437
f 438/438/438 439/439/439 440/440/440
f 441/441/441 442/442/442 443/443/443
f 444/444/444 445/445/445 446/446/446
f 447/447/447 448/448/448 449/449/449 450/450/450
f 451/451/451 452/452/452 453/453/453 454/454/454
f 455/455/455 456/456/456 457/457/457 458/458/458
f 459/459/459 460/460/460 461/461/461 462/462/462
f 463/463/463 464/464/464 465/465/465 466/466/466
f 467/467/467 468/468/468 469/469/469 470/470/470
f 471/471/471 472/472/472 473/473/473 474/474/474
f 475/475/475 476/476/476 477/477/477 478/478/478
f 479/479/479 480/480/480 481/481/481 482/482/482
f 483/483/483 484/484/484 485/485/485 486/486/486
f 487/487/487 488/488/488 489/489/489
f 490/490/490 491/491/491 492/492/492
f 493/493/493 494/494/494 495/495/495
f 496/496/496 497/497/497 498/498/498
f 499/499/499 500/500/500 501/501/501
f 502/502/502 503/503/503 504/504/504
f 505/505/505 506/506/506 507/507/507
f 508/508/508 509/509/509 510/510/510
f 511/511/511 512/512/512 513/513/513
f 514/514/514 515/515/515 516/516/516
f 517/517/517 518/518/518 519/519/519
f 520/520/520 521/521/521 522/522/522
f 523/523/523 524/524/524 525/525/525
f 526/526/526 527/527/527 528/528/528
f 529/529/529 530/530/530 531/531/531
f 532/532/532 533/533/533 534/534/534
f 535/535/535 536/536/536 537/537/537
f 538/538/538 539/539/539 540/540/540
f 541/541/541 542/542/542 543/543/543
f 544/544/544 545/545/545 546/546/546
f 547/547/547 548/548/548 549/549/549 550/550/550
f 551/551/551 552/552/552 553/553/553 554/554/554
f 555/555/555 556/556/556 557/557/557 558/558/558
f 559/559/559 560/560/560 561/561/561 562/562/562
f 563/563/563 564/564/564 565/565/565 566/566/566
f 567/567/567 568/568/568 569/569/569 570/570/570
f 571/571/571 572/572/572 573/573/573 574/574/574
f 575/575/575 576/576/576 577/577/577 578/578/578
f 579/579/579 580/580/580 581/581/581 582/582/582
f 583/583/583 584/584/584 585/585/585 586/586/586
f 587/587/587 588/588/588 589/589/589 590/590/590
f 591/591/591 592/592/592 593/593/593 594/594/594
f 595/595/595 596/596/596 597/597/597
f 598/598/598 599/599/599 600/600/600
f 601/601/601 602/602/602 603/603/603
f 604/604/604 605/605/605 606/606/606
f 607/607/607 608/608/608 609/609/609
f 610/610/610 611/611/611 612/612/612
f 613/613/613 614/614/614 615/615/615
f 616/616/616 617/617/617 618/618/618
f 619/619/619 620/620/620 621/621/621 622/622/622
f 623/623/623 624/624/624 625/625/625 626/626/626
f 627/627/627 628/628/628 629/629/629 630/630/630
f 631/631/631 632/632/632 633/633/633 634/634/634
f 635/635/635 636/636/636 637/637/637 638/638/638
f 639/639/639 640/640/640 641/641/641 642/642/642
f 643/643/643 644/644/644 645/645/645
f 646/646/646 647/647/647 648/648/648
f 649/649/649 650/650/650 651/651/651
f 652/652/652 653/653/653 654/654/654
f 655/655/655 656/656/656 657/657/657
f 658/658/658 659/659/659 660/660/660
f 661/661/661 662/662/662 663/663/663
f 664/664/664 665/665/665 666/666/666
f 667/667/667 668/668/668 669/669/669 670/670/670
f 671/671/671 672/672/672 673/673/673 674/674/674
f 675/675/675 676/676/676 677/677/677 678/678/678
f 679/679/679 680/680/680 681/681/681 682/682/682
f 683/683/683 684/684/684 685/685/685 686/686/686
f 687/687/687 688/688/688 689/689/689 690/690/690
f 691/691/691 692/692/692 693/693/693
f 694/694/694 695/695/695 696/696/696
f 697/697/697 698/698/698 699/699/699
f 700/700/700 701/701/701 702/702/702
f 703/703/703 704/704/704 705/705/705
f 706/706/706 707/707/707 708/708/708
f 709/709/709 710/710/710 711/711/711
f 712/712/712 713/713/713 714/714/714
f 715/715/715 716/716/716 717/717/717
f 718/718/718 719/719/719 720/720/720
f 721/721/721 722/722/722 723/723/723
f 724/724/724 725/725/725 726/726/726
f 727/727/727 728/728/728 729/729/729 730/730/730
f 731/731/731 732/732/732 733/733/733 734/734/734
f 735/735/735 736/736/736 737/737/737 738/738/738
f 739/739/739 740/740/740 741/741/741 742/742/742
f 743/743/743 744/744/744 745/745/745 746/746/746
f 747/747/747 748/748/748 749/749/749 750/750/750
f 751/751/751 752/752/752 753/753/753 754/754/754
f 755/755/755 756/756/756 757/757/757 758/758/758
f 759/759/759 760/760/760 761/761/761
f 762/762/762 763/763/763 764/764/764
f 765/765/765 766/766/766 767/767/767
f 768/768/768 769/769/769 770/770/770
f 771/771/771 772/772/772 773/773/773
f 774/774/774 775/775/775 776/776/776
f 777/777/777 778/778/778 779/779/779
f 780/780/780 781/781/781 782/782/782
f 783/783/783 784/784/784 785/785/785
f 786/786/786 787/787/787 788/788/788
f 789/789/789 790/790/790 791/791/791
f 792/792/792 793/793/793 794/794/794
f 795/795/795 796/796/796 797/797/797 798/798/798
f 799/799/799 800/800/800 801/801/801 802/802/802
f 803/803/803 804/804/804 805/805/805 806/806/806
f 807/807/807 808/808/808 809/809/809 810/810/810
f 811/811/811 812/812/812 813/813/813 814/814/814
f 815/815/815 816/816/816 817/817/817 818/818/818
f 819/819/819 820/820/820 821/821/821 822/822/822
f 823/823/823 824/824/824 825/825/825 826/826/826
f 827/827/827 828/828/828 829/829/829
f 830/830/830 831/831/831 832/832/832
f 833/833/833 834/834/834 835/835/835
f 836/836/836 837/837/837 838/838/838
f 839/839/839 840/840/840 841/841/841
f 842/842/842 843/843/843 844/844/844
f 845/845/845 846/846/846 847/847/847
f 848/848/848 849/849/849 850/850/850
f 851/851/851 852/852/852 853/853/853
f 854/854/854 855/855/855 856/856/856
f 857/857/857 858/858/858 859/859/859
f 860/860/860 861/861/861 862/862/862
f 863/863/863 864/864/864 865/865/865
f 866/866/866 867/867/867 868/868/868
f 869/869/869 870/870/870 871/871/871 872/872/872
f 873/873/873 874/874/874 875/875/875 876/876/876
f 877/877/877 878/878/878 879/879/879 880/880/880
f 881/881/881 882/882/882 883/883/883 884/884/884
f 885/885/885 886/886/886 887/887/887 888/888/888
f 889/889/889 890/890/890 891/891/891 892/892/892
f 893/893/893 894/894/894 895/895/895 896/896/896
f 897/897/897 898/898/898 899/899/899 900/900/900
f 901/901/901 902/902/902 903/903/903 904/904/904
f 905/905/905 906/906/906 907/907/907
f 908/908/908 909/909/909 910/910/910
f 911/911/911 912/912/912 913/913/913
f 914/914/914 915/915/915 916/916/916
f 917/917/917 918/918/918 919/919/919
f 920/920/920 921/921/921 922/922/922
f 923/923/923 924/924/924 925/925/925
f 926/926/926 927/927/927 928/928/928
f 929/929/929 930/930/930 931/931/931
f 932/932/932 933/933/933 934/934/934
f 935/935/935 936/936/936 937/937/937
f 938/938/938 939/939/939 940/940/940
f 941/941/941 942/942/942 943/943/943
f 944/944/944 945/945/945 946/946/946
f 947/947/947 948/948/948 949/949/949
f 950/950/950 951/951/951 952/952/952
f 953/953/953 954/954/954 955/955/955 956/956/956
f 957/957/957 958/958/958 959/959/959 960/960/960
f 961/961/961 962/962/962 963/963/963 964/964/964
f 965/965/965 966/966/966 967/967/967 968/968/968
f 969/969/969 970/970/970 971/971/971 972/972/972
f 973/973/973 974/974/974 975/975/975 976/976/976
f 977/977/977 978/978/978 979/979/979 980/980/980
f 981/981/981 982/982/982 983/983/983 984/984/984
f 985/985/985 986/986/986 987/987/987 988/988/988
f 989/989/989 990/990/990 991/991/991 992/992/992
f 993/993/993 994/994/994 995/995/995
f 996/996/996 997/997/997 998/998/998
f 999/999/999 1000/1000/1000 1001/1001/1001
f 1002/1002/1002 1003/1003/1003 1004/1004/1004
f 1005/1005/1005 1006/1006/1006 1007/1007/1007
f 1008/1008/1008 1009/1009/1009 1010/1010/1010
f 1011/1011/1011 1012/1012/1012 1013/1013/1013
f 1014/1014/1014 1015/1015/1015 1016/1016/1016
f 1017/1017/1017 1018/1018/1018 1019/1019/1019
f 1020/1020/1020 1021/1021/1021 1022/1022/1022
f 1023/1023/1023 1024/1024/1024 1025/1025/1025
f 1026/1026/1026 1027/1027/1027 1028/1028/1028
f 1029/1029/1029 1030/1030/1030 1031/1031/1031
f 1032/1032/1032 1033/1033/1033 1034/1034/1034
f 1035/1035/1035 1036/1036/1036 1037/1037/1037
f 1038/1038/1038 1039/1039/1039 1040/1040/1040
f 1041/1041/1041 1042/1042/1042 1043/1043/1043
f 1044/1044/1044 1045/1045/1045 1046/1046/1046
f 1047/1047/1047 1048/1048/1048 1049/1049/1049
f 1050/1050/1050 1051/1051/1051 1052/1052/1052
f 1053/1053/1053 1054/1054/1054 1055/1055/1055 1056/1056/1056
f 1057/1057/1057 1058/1058/1058 1059/1059/1059 1060/1060/1060
f 1061/1061/1061 1062/1062/1062 1063/1063/1063 1064/1064/1064
f 1065/1065/1065 1066/1066/1066 1067/1067/1067 1068/1068/1068
f 1069/1069/1069 1070/1070/1070 1071/1071/1071 1072/1072/1072
f 1073/1073/1073 1074/1074/1074 1075/1075/1075 1076/1076/1076
f 1077/1077/1077 1078/1078/1078 1079/1079/1079 1080/1080/1080
f 1081/1081/1081 1082/1082/1082 1083/1083/1083 1084/1084/1084
f 1085/1085/1085 1086/1086/1086 1087/1087/1087 1088/1088/1088
f 1089/1089/1089 1090/1090/1090 1091/1091/1091 1092/1092/1092
f 1093/1093/1093 1094/1094/1094 1095/1095/1095 1096/1096/1096
f 1097/1097/1097 1098/1098/1098 1099/1099/1099 1100/1100/1100
f 1101/1101/1101 1102/1102/1102 1103/1103/1103
f 1104/1104/1104 1105/1105/1105 1106/1106/1106
f 1107/1107/1107 1108/1108/1108 1109/1109/1109
f 1110/1110/1110 1111/1111/1111 1112/1112/1112
f 1113/1113/1113 1114/1114/1114 1115/1115/1115
f 1116/1116/1116 1117/1117/1117 1118/1118/1118
f 1119/1119/1119 1120/1120/1120 1121/1121/1121
f 1122/1122/1122 1123/1123/1123 1124/1124/1124
f 1125/1125/1125 1126/1126/1126 1127/1127/1127 1128/1128/1128
f 1129/1129/1129 1130/1130/1130 1131/1131/1131 1132/1132/1132
f 1133/1133/1133 1134/1134/1134 1135/1135/1135 1136/1136/1136
f 1137/1137/1137 1138/1138/1138 1139/1139/1139 1140/1140/1140
f 1141/1141/1141 1142/1142/1142 1143/1143/1143 1144/1144/1144
f 1145/1145/1145 1146/1146/1146 1147/1147/1147 1148/1148/1148
f 1149/1149/1149 1150/1150/1150 1151/1151/1151
f 1152/1152/1152 1153/1153/1153 1154/1154/1154
f 1155/1155/1155 1156/1156/1156 1157/1157/1157
f 1158/1158/1158 1159/1159/1159 1160/1160/1160
f 1161/1161/1161 1162/1162/1162 1163/1163/1163
f 1164/1164/1164 1165/1165/1165 1166/1166/1166
f 1167/1167/1167 1168/1168/1168 1169/1169/1169
f 1170/1170/1170 1171/1171/1171 1172/1172/1172
f 1173/1173/1173 1174/1174/1174 1175/1175/1175 1176/1176/1176
f 1177/1177/1177 1178/1178/1178 1179/1179/1179 1180/1180/1180
f 1181/1181/1181 1182/1182/1182 1183/1183/1183 1184/1184/1184
f 1185/1185/1185 1186/1186/1186 1187/1187/1187 1188/1188/1188
f 1189/1189/1189 1190/1190/1190 1191/1191/1191 1192/1192/1192
f 1193/1193/1193 1194/1194/1194 1195/1195/1195 1196/1196/1196
g rail_left
usemtl mat
f 1197/1197/1197 1198/1198/1198 1199/1199/1199 1200/1200/1200
f 1201/1201/1201 1202/1202/1202 1203/1203/1203 1204/1204/1204
f 1205/1205/1205 1206/1206/1206 1207/1207/1207 1208/1208/1208
f 1209/1209/1209 1210/1210/1210 1211/1211/1211 1212/1212/1212
f 1213/1213/1213 1214/1214/1214 1215/1215/1215 1216/1216/1216
f 1217/1217/1217 1218/1218/1218 1219/1219/1219 1220/1220/1220
f 1221/1221/1221 1222/1222/1222 1223/1223/1223 1224/1224/1224
f 1225/1225/1225 1226/1226/1226 1227/1227/1227 1228/1228/1228
f 1229/1229/1229 1230/1230/1230 1231/1231/1231 1232/1232/1232
f 1233/1233/1233 1234/1234/1234 1235/1235/1235 1236/1236/1236
f 1237/1237/1237 1238/1238/1238 1239/1239/1239 1240/1240/1240
f 1241/1241/1241 1242/1242/1242 1243/1243/1243 1244/1244/1244
f 1245/1245/1245 1246/1246/1246 1247/1247/1247 1248/1248/1248
f 1249/1249/1249 1250/1250/1250 1251/1251/1251 1252/1252/1252
f 1253/1253/1253 1254/1254/1254 1255/1255/1255 1256/1256/1256
f 1257/1257/1257 1258/1258/1258 1259/1259/1259 1260/1260/1260
f 1261/1261/1261 1262/1262/1262 1263/1263/1263 1264/1264/1264
f 1265/1265/1265 1266/1266/1266 1267/1267/1267 1268/1268/1268
f 1269/1269/1269 1270/1270/1270 1271/1271/1271 1272/1272/1272
f 1273/1273/1273 1274/1274/1274 1275/1275/1275 1276/1276/1276
f 1277/1277/1277 1278/1278/1278 1279/1279/1279 1280/1280/1280
f 1281/1281/1281 1282/1282/1282 1283/1283/1283 1284/1284/1284
f 1285/1285/1285 1286/1286/1286 1287/1287/1287 1288/1288/1288
f 1289/1289/1289 1290/1290/1290 1291/1291/1291 1292/1292/1292
f 1293/1293/1293 1294/1294/1294 1295/1295/1295 1296/1296/1296
f 1297/1297/1297 1298/1298/1298 1299/1299/1299 1300/1300/1300
f 1301/1301/1301 1302/1302/1302 1303/1303/1303 1304/1304/1304
f 1305/1305/1305 1306/1306/1306 1307/1307/1307 1308/1308/1308
g rail_left_end
usemtl mat
f 1309/1309/1309 1310/1310/1310 1311/1311/1311
f 1312/1312/1312 1313/1313/1313 1314/1314/1314
f 1315/1315/1315 1316/1316/1316 1317/1317/1317
f 1318/1318/1318 1319/1319/1319 1320/1320/1320
f 1321/1321/1321 1322/1322/1322 1323/1323/1323
f 1324/1324/1324 1325/1325/1325 1326/1326/1326
f 1327/1327/1327 1328/1328/1328 1329/1329/1329
f 1330/1330/1330 1331/1331/1331 1332/1332/1332
f 1333/1333/1333 1334/1334/1334 1335/1335/1335
f 1336/1336/1336 1337/1337/1337 1338/1338/1338
f 1339/1339/1339 1340/1340/1340 1341/1341/1341
f 1342/1342/1342 1343/1343/1343 1344/1344/1344
f 1345/1345/1345 1346/1346/1346 1347/1347/1347
f 1348/1348/1348 1349/1349/1349 1350/1350/1350
f 1351/1351/1351 1352/1352/1352 1353/1353/1353
f 1354/1354/1354 1355/1355/1355 1356/1356/1356
f 1357/1357/1357 1358/1358/1358 1359/1359/1359
f 1360/1360/1360 1361/1361/1361 1362/1362/1362
f 1363/1363/1363 1364/1364/1364 1365/1365/1365
f 1366/1366/1366 1367/1367/1367 1368/1368/1368
f 1369/1369/1369 1370/1370/1370 1371/1371/1371
f 1372/1372/1372 1373/1373/1373 1374/1374/1374
f 1375/1375/1375 1376/1376/1376 1377/1377/1377
f 1378/1378/1378 1379/1379/1379 1380/1380/1380
f 1381/1381/1381 1382/1382/1382 1383/1383/1383
f 1384/1384/1384 1385/1385/1385 1386/1386/1386
f 1387/1387/1387 1388/1388/1388 1389/1389/1389
f 1390/1390/1390 1391/1391/1391 1392/1392/1392
f 1393/1393/1393 1394/1394/1394 1395/1395/1395
f 1396/1396/1396 1397/1397/1397 1398/1398/1398
f 1399/1399/1399 1400/1400/1400 1401/1401/1401
f 1402/1402/1402 1403/1403/1403 1404/1404/1404
f 1405/1405/1405 1406/1406/1406 1407/1407/1407
f 1408/1408/1408 1409/1409/1409 1410/1410/1410
f 1411/1411/1411 1412/1412/1412 1413/1413/1413
f 1414/1414/1414 1415/1415/1415 1416/1416/1416
f 1417/1417/1417 1418/1418/1418 1419/1419/1419
f 1420/1420/1420 1421/1421/1421 1422/1422/1422
f 1423/1423/1423 1424/1424/1424 1425/1425/1425
f 1426/1426/1426 1427/1427/1427 1428/1428/1428
f 1429/1429/1429 1430/1430/1430 1431/1431/1431
f 1432/1432/1432 1433/1433/1433 1434/1434/1434
f 1435/1435/1435 1436/1436/1436 1437/1437/1437
f 1438/1438/1438 1439/1439/1439 1440/1440/1440
f 1441/1441/1441 1442/1442/1442 1443/1443/1443
f 1444/1444/1444 1445/1445/1445 1446/1446/1446
f 1447/1447/1447 1448/1448/1448 1449/1449/1449
f 1450/1450/1450 1451/1451/1451 1452/1452/1452
f 1453/1453/1453 1454/1454/1454 1455/1455/1455
f 1456/1456/1456 1457/1457/1457 1458/1458/1458
f 1459/1459/1459 1460/1460/1460 1461/1461/1461
f 1462/1462/1462 1463/1463/1463 1464/1464/1464
g fastener_right
usemtl mat
f 1465/1465/1465 1466/1466/1466 1467/1467/1467
f 1468/1468/1468 1469/1469/1469 1470/1470/1470
f 1471/1471/1471 1472/1472/1472 1473/1473/1473
f 1474/1474/1474 1475/1475/1475 1476/1476/1476
f 1477/1477/1477 1478/1478/1478 1479/1479/1479
f 1480/1480/1480 1481/1481/1481 1482/1482/1482
f 1483/1483/1483 1484/1484/1484 1485/1485/1485
f 1486/1486/1486 1487/1487/1487 1488/1488/1488
f 1489/1489/1489 1490/1490/1490 1491/1491/1491
f 1492/1492/1492 1493/1493/1493 1494/1494/1494
f 1495/1495/1495 1496/1496/1496 1497/1497/1497
f 1498/1498/1498 1499/1499/1499 1500/1500/1500
f 1501/1501/1501 1502/1502/1502 1503/1503/1503 1504/1504/1504
f 1505/1505/1505 1506/1506/1506 1507/1507/1507 1508/1508/1508
f 1509/1509/1509 1510/1510/1510 1511/1511/1511 1512/1512/1512
f 1513/1513/1513 1514/1514/1514 1515/1515/1515 1516/1516/1516
f 1517/1517/1517 1518/1518/1518 1519/1519/1519 1520/1520/1520
f 1521/1521/1521 1522/1522/1522 1523/1523/1523 1524/1524/1524
f 1525/1525/1525 1526/1526/1526 1527/1527/1527 1528/1528/1528
f 1529/1529/1529 1530/1530/1530 1531/1531/1531 1532/1532/1532
f 1533/1533/1533 1534/1534/1534 1535/1535/1535
f 1536/1536/1536 1537/1537/1537 1538/1538/1538
f 1539/1539/1539 1540/1540/1540 1541/1541/1541
f 1542/1542/1542 1543/1543/1543 1544/1544/1544
f 1545/1545/1545 1546/1546/1546 1547/1547/1547
f 1548/1548/1548 1549/1549/1549 1550/1550/1550
f 1551/1551/1551 1552/1552/1552 1553/1553/1553
f 1554/1554/1554 1555/1555/1555 1556/1556/1556
f 1557/1557/1557 1558/1558/1558 1559/1559/1559
f 1560/1560/1560 1561/1561/1561 1562/1562/1562
f 1563/1563/1563 1564/1564/1564 1565/1565/1565
f 1566/1566/1566 1567/1567/1567 1568/1568/1568
f 1569/1569/1569 1570/1570/1570 1571/1571/1571 1572/1572/1572
f 1573/1573/1573 1574/1574/1574 1575/1575/1575 1576/1576/1576
f 1577/1577/1577 1578/1578/1578 1579/1579/1579 1580/1580/1580
f 1581/1581/1581 1582/1582/1582 1583/1583/1583 1584/1584/1584
f 1585/1585/1585 1586/1586/1586 1587/1587/1587 1588/1588/1588
f 1589/1589/1589 1590/1590/1590 1591/1591/1591 1592/1592/1592
f 1593/1593/1593 1594/1594/1594 1595/1595/1595 1596/1596/1596
f 1597/1597/1597 1598/1598/1598 1599/1599/1599 1600/1600/1600
f 1601/1601/1601 1602/1602/1602 1603/1603/1603
f 1604/1604/1604 1605/1605/1605 1606/1606/1606
f 1607/1607/1607 1608/1608/1608 1609/1609/1609
f 1610/1610/1610 1611/1611/1611 1612/1612/1612
f 1613/1613/1613 1614/1614/1614 1615/1615/1615
f 1616/1616/1616 1617/1617/1617 1618/1618/1618
f 1619/1619/1619 1620/1620/1620 1621/1621/1621
f 1622/1622/1622 1623/1623/1623 1624/1624/1624
f 1625/1625/1625 1626/1626/1626 1627/1627/1627
f 1628/1628/1628 1629/1629/1629 1630/1630/1630
f 1631/1631/1631 1632/1632/1632 1633/1633/1633
f 1634/1634/1634 1635/1635/1635 1636/1636/1636
f 1637/1637/1637 1638/1638/1638 1639/1639/1639 1640/1640/1640
f 1641/1641/1641 1642/1642/1642 1643/1643/1643 1644/1644/1644
f 1645/1645/1645 1646/1646/1646 1647/1647/1647 1648/1648/1648
f 1649/1649/1649 1650/1650/1650 1651/1651/1651 1652/1652/1652
f 1653/1653/1653 1654/1654/1654 1655/1655/1655 1656/1656/1656
f 1657/1657/1657 1658/1658/1658 1659/1659/1659 1660/1660/1660
f 1661/1661/1661 1662/1662/1662 1663/1663/1663 1664/1664/1664
f 1665/1665/1665 1666/1666/1666 1667/1667/1667 1668/1668/1668
f 1669/1669/1669 1670/1670/1670 1671/1671/1671
f 1672/1672/1672 1673/1673/1673 1674/1674/1674
f 1675/1675/1675 1676/1676/1676 1677/1677/1677
f 1678/1678/1678 1679/1679/1679 1680/1680/1680
f 1681/1681/1681 1682/1682/1682 1683/1683/1683
f 1684/1684/1684 1685/1685/1685 1686/1686/1686
f 1687/1687/1687 1688/1688/1688 1689/1689/1689
f 1690/1690/1690 1691/1691/1691 1692/1692/1692
f 1693/1693/1693 1694/1694/1694 1695/1695/1695
f 1696/1696/1696 1697/1697/1697 1698/1698/1698
f 1699/1699/1699 1700/1700/1700 1701/1701/1701
f 1702/1702/1702 1703/1703/1703 1704/1704/1704
f 1705/1705/1705 1706/1706/1706 1707/1707/1707 1708/1708/1708
f 1709/1709/1709 1710/1710/1710 1711/1711/1711 1712/1712/1712
f 1713/1713/1713 1714/1714/1714 1715/1715/1715 1716/1716/1716
f 1717/1717/1717 1718/1718/1718 1719/1719/1719 1720/1720/1720
f 1721/1721/1721 1722/1722/1722 1723/1723/1723 1724/1724/1724
f 1725/1725/1725 1726/1726/1726 1727/1727/1727 1728/1728/1728
f 1729/1729/1729 1730/1730/1730 1731/1731/1731 1732/1732/1732
f 1733/1733/1733 1734/1734/1734 1735/1735/1735 1736/1736/1736
f 1737/1737/1737 1738/1738/1738 1739/1739/1739
f 1740/1740/1740 1741/1741/1741 1742/1742/1742
f 1743/1743/1743 1744/1744/1744 1745/1745/1745
f 1746/1746/1746 1747/1747/1747 1748/1748/1748
f 1749/1749/1749 1750/1750/1750 1751/1751/1751
f 1752/1752/1752 1753/1753/1753 1754/1754/1754
f 1755/1755/1755 1756/1756/1756 1757/1757/1757
f 1758/1758/1758 1759/1759/1759 1760/1760/1760
f 1761/1761/1761 1762/1762/1762 1763/1763/1763
f 1764/1764/1764 1765/1765/1765 1766/1766/1766
f 1767/1767/1767 1768/1768/1768 1769/1769/1769
f 1770/1770/1770 1771/1771/1771 1772/1772/1772
f 1773/1773/1773 1774/1774/1774 1775/1775/1775
f 1776/1776/1776 1777/1777/1777 1778/1778/1778
f 1779/1779/1779 1780/1780/1780 1781/1781/1781 1782/1782/1782
f 1783/1783/1783 1784/1784/1784 1785/1785/1785 1786/1786/1786
f 1787/1787/1787 1788/1788/1788 1789/1789/1789 1790/1790/1790
f 1791/1791/1791 1792/1792/1792 1793/1793/1793 1794/1794/1794
f 1795/1795/1795 1796/1796/1796 1797/1797/1797 1798/1798/1798
f 1799/1799/1799 1800/1800/1800 1801/1801/1801 1802/1802/1802
f 1803/1803/1803 1804/1804/1804 1805/1805/1805 1806/1806/1806
f 1807/1807/1807 1808/1808/1808 1809/1809/1809 1810/1810/1810
f 1811/1811/1811 1812/1812/1812 1813/1813/1813 1814/1814/1814
f 1815/1815/1815 1816/1816/1816 1817/1817/1817
f 1818/1818/1818 1819/1819/1819 1820/1820/1820
f 1821/1821/1821 1822/1822/1822 1823/1823/1823
f 1824/1824/1824 1825/1825/1825 1826/1826/1826
f 1827/1827/1827 1828/1828/1828 1829/1829/1829
f 1830/1830/1830 1831/1831/1831 1832/1832/1832
f 1833/1833/1833 1834/1834/1834 1835/1835/1835
f 1836/1836/1836 1837/1837/1837 1838/1838/1838
f 1839/1839/1839 1840/1840/1840 1841/1841/1841
f 1842/1842/1842 1843/1843/1843 1844/1844/1844
f 1845/1845/1845 1846/1846/1846 1847/1847/1847
f 1848/1848/1848 1849/1849/1849 1850/1850/1850
f 1851/1851/1851 1852/1852/1852 1853/1853/1853
f 1854/1854/1854 1855/1855/1855 1856/1856/1856
f 1857/1857/1857 1858/1858/1858 1859/1859/1859
f 1860/1860/1860 1861/1861/1861 1862/1862/1862
f 1863/1863/1863 1864/1864/1864 1865/1865/1865 1866/1866/1866
f 1867/1867/1867 1868/1868/1868 1869/1869/1869 1870/1870/1870
f 1871/1871/1871 1872/1872/1872 1873/1873/1873 1874/1874/1874
f 1875/1875/1875 1876/1876/1876 1877/1877/1877 1878/1878/1878
f 1879/1879/1879 1880/1880/1880 1881/1881/1881 1882/1882/1882
f 1883/1883/1883 1884/1884/1884 1885/1885/1885 1886/1886/1886
f 1887/1887/1887 1888/1888/1888 1889/1889/1889 1890/1890/1890
f 1891/1891/1891 1892/1892/1892 1893/1893/1893 1894/1894/1894
f 1895/1895/1895 1896/1896/1896 1897/1897/1897 1898/1898/1898
f 1899/1899/1899 1900/1900/1900 1901/1901/1901 1902/1902/1902
f 1903/1903/1903 1904/1904/1904 1905/1905/1905
f 1906/1906/1906 1907/1907/1907 1908/1908/1908
f 1909/1909/1909 1910/1910/1910 1911/1911/1911
f 1912/1912/1912 1913/1913/1913 1914/1914/1914
f 1915/1915/1915 1916/1916/1916 1917/1917/1917
f 1918/1918/1918 1919/1919/1919 1920/1920/1920
f 1921/1921/1921 1922/1922/1922 1923/1923/1923
f 1924/1924/1924 1925/1925/1925 1926/1926/1926
f 1927/1927/1927 1928/1928/1928 1929/1929/1929
f 1930/1930/1930 1931/1931/1931 1932/1932/1932
f 1933/1933/1933 1934/1934/1934 1935/1935/1935
f 1936/1936/1936 1937/1937/1937 1938/1938/1938
f 1939/1939/1939 1940/1940/1940 1941/1941/1941
f 1942/1942/1942 1943/1943/1943 1944/1944/1944
f 1945/1945/1945 1946/1946/1946 1947/1947/1947
f 1948/1948/1948 1949/1949/1949 1950/1950/1950
f 1951/1951/1951 1952/1952/1952 1953/1953/1953
f 1954/1954/1954 1955/1955/1955 1956/1956/1956
f 1957/1957/1957 1958/1958/1958 1959/1959/1959
f 1960/1960/1960 1961/1961/1961 1962/1962/1962
f 1963/1963/1963 1964/1964/1964 1965/1965/1965 1966/1966/1966
f 1967/1967/1967 1968/1968/1968 1969/1969/1969 1970/1970/1970
f 1971/1971/1971 1972/1972/1972 1973/1973/1973 1974/1974/1974
f 1975/1975/1975 1976/1976/1976 1977/1977/1977 1978/1978/1978
f 1979/1979/1979 1980/1980/1980 1981/1981/1981 1982/1982/1982
f 1983/1983/1983 1984/1984/1984 1985/1985/1985 1986/1986/1986
f 1987/1987/1987 1988/1988/1988 1989/1989/1989 1990/1990/1990
f 1991/1991/1991 1992/1992/1992 1993/1993/1993 1994/1994/1994
f 1995/1995/1995 1996/1996/1996 1997/1997/1997 1998/1998/1998
f 1999/1999/1999 2000/2000/2000 2001/2001/2001 2002/2002/2002
f 2003/2003/2003 2004/2004/2004 2005/2005/2005 2006/2006/2006
f 2007/2007/2007 2008/2008/2008 2009/2009/2009 2010/2010/2010
f 2011/2011/2011 2012/2012/2012 2013/2013/2013
f 2014/2014/2014 2015/2015/2015 2016/2016/2016
f 2017/2017/2017 2018/2018/2018 2019/2019/2019
f 2020/2020/2020 2021/2021/2021 2022/2022/2022
f 2023/2023/2023 2024/2024/2024 2025/2025/2025
f 2026/2026/2026 2027/2027/2027 2028/2028/2028
f 2029/2029/2029 2030/2030/2030 2031/2031/2031
f 2032/2032/2032 2033/2033/2033 2034/2034/2034
f 2035/2035/2035 2036/2036/2036 2037/2037/2037 2038/2038/2038
f 2039/2039/2039 2040/2040/2040 2041/2041/2041 2042/2042/2042
f 2043/2043/2043 2044/2044/2044 2045/2045/2045 2046/2046/2046
f 2047/2047/2047 2048/2048/2048 2049/2049/2049 2050/2050/2050
f 2051/2051/2051 2052/2052/2052 2053/2053/2053 2054/2054/2054
f 2055/2055/2055 2056/2056/2056 2057/2057/2057 2058/2058/2058
f 2059/2059/2059 2060/2060/2060 2061/2061/2061
f 2062/2062/2062 2063/2063/2063 2064/2064/2064
f 2065/2065/2065 2066/2066/2066 2067/2067/2067
f 2068/2068/2068 2069/2069/2069 2070/2070/2070
f 2071/2071/2071 2072/2072/2072 2073/2073/2073
f 2074/2074/2074 2075/2075/2075 2076/2076/2076
f 2077/2077/2077 2078/2078/2078 2079/2079/2079
f 2080/2080/2080 2081/2081/2081 2082/2082/2082
f 2083/2083/2083 2084/2084/2084 2085/2085/2085 2086/2086/2086
f 2087/2087/2087 2088/2088/2088 2089/2089/2089 2090/2090/2090
f 2091/2091/2091 2092/2092/2092 2093/2093/2093 2094/2094/2094
f 2095/2095/2095 2096/2096/2096 2097/2097/2097 2098/2098/2098
f 2099/2099/2099 2100/2100/2100 2101/2101/2101 2102/2102/2102
f 2103/2103/2103 2104/2104/2104 2105/2105/2105 2106/2106/2106
f 2107/2107/2107 2108/2108/2108 2109/2109/2109
f 2110/2110/2110 2111/2111/2111 2112/2112/2112
f 2113/2113/2113 2114/2114/2114 2115/2115/2115
f 2116/2116/2116 2117/2117/2117 2118/2118/2118
f 2119/2119/2119 2120/2120/2120 2121/2121/2121
f 2122/2122/2122 2123/2123/2123 2124/2124/2124
f 2125/2125/2125 2126/2126/2126 2127/2127/2127
f 2128/2128/2128 2129/2129/2129 2130/2130/2130
f 2131/2131/2131 2132/2132/2132 2133/2133/2133
f 2134/2134/2134 2135/2135/2135 2136/2136/2136
f 2137/2137/2137 2138/2138/2138 2139/2139/2139
f 2140/2140/2140 2141/2141/2141 2142/2142/2142
f 2143/2143/2143 2144/2144/2144 2145/2145/2145 2146/2146/2146
f 2147/2147/2147 2148/2148/2148 2149/2149/2149 2150/2150/2150
f 2151/2151/2151 2152/2152/2152 2153/2153/2153 2154/2154/2154
f 2155/2155/2155 2156/2156/2156 2157/2157/2157 2158/2158/2158
f 2159/2159/2159 2160/2160/2160 2161/2161/2161 2162/2162/2162
f 2163/2163/2163 2164/2164/2164 2165/2165/2165 2166/2166/2166
f 2167/2167/2167 2168/2168/2168 2169/2169/2169 2170/2170/2170
f 2171/2171/2171 2172/2172/2172 2173/2173/2173 2174/2174/2174
f 2175/2175/2175 2176/2176/2176 2177/2177/2177
f 2178/2178/2178 2179/2179/2179 2180/2180/2180
f 2181/2181/2181 2182/2182/2182 2183/2183/2183
f 2184/2184/2184 2185/2185/2185 2186/2186/2186
f 2187/2187/2187 2188/2188/2188 2189/2189/2189
f 2190/2190/2190 2191/2191/2191 2192/2192/2192
f 2193/2193/2193 2194/2194/2194 2195/2195/2195
f 2196/2196/2196 2197/2197/2197 2198/2198/2198
f 2199/2199/2199 2200/2200/2200 2201/2201/2201
f 2202/2202/2202 2203/2203/2203 2204/2204/2204
f 2205/2205/2205 2206/2206/2206 2207/2207/2207
f 2208/2208/2208 2209/2209/2209 2210/2210/2210
f 2211/2211/2211 2212/2212/2212 2213/2213/2213 2214/2214/2214
f 2215/2215/2215 2216/2216/2216 2217/2217/2217 2218/2218/2218
f 2219/2219/2219 2220/2220/2220 2221/2221/2221 2222/2222/2222
f 2223/2223/2223 2224/2224/2224 2225/2225/2225 2226/2226/2226
f 2227/2227/2227 2228/2228/2228 2229/2229/2229 2230/2230/2230
f 2231/2231/2231 2232/2232/2232 2233/2233/2233 2234/2234/2234
f 2235/2235/2235 2236/2236/2236 2237/2237/2237 2238/2238/2238
f 2239/2239/2239 2240/2240/2240 2241/2241/2241 2242/2242/2242
f 2243/2243/2243 2244/2244/2244 2245/2245/2245
f 2246/2246/2246 2247/2247/2247 2248/2248/2248
f 2249/2249/2249 2250/2250/2250 2251/2251/2251
f 2252/2252/2252 2253/2253/2253 2254/2254/2254
f 2255/2255/2255 2256/2256/2256 2257/2257/2257
f 2258/2258/2258 2259/2259/2259 2260/2260/2260
f 2261/2261/2261 2262/2262/2262 2263/2263/2263
f 2264/2264/2264 2265/2265/2265 2266/2266/2266
f 2267/2267/2267 2268/2268/2268 2269/2269/2269
f 2270/2270/2270 2271/2271/2271 2272/2272/2272
f 2273/2273/2273 2274/2274/2274 2275/2275/2275
f 2276/2276/2276 2277/2277/2277 2278/2278/2278
f 2279/2279/2279 2280/2280/2280 2281/2281/2281
f 2282/2282/2282 2283/2283/2283 2284/2284/2284
f 2285/2285/2285 2286/2286/2286 2287/2287/2287 2288/2288/2288
f 2289/2289/2289 2290/2290/2290 2291/2291/2291 2292/2292/2292
f 2293/2293/2293 2294/2294/2294 2295/2295/2295 2296/2296/2296
f 2297/2297/2297 2298/2298/2298 2299/2299/2299 2300/2300/2300
f 2301/2301/2301 2302/2302/2302 2303/2303/2303 2304/2304/2304
f 2305/2305/2305 2306/2306/2306 2307/2307/2307 2308/2308/2308
f 2309/2309/2309 2310/2310/2310 2311/2311/2311 2312/2312/2312
f 2313/2313/2313 2314/2314/2314 2315/2315/2315 2316/2316/2316
f 2317/2317/2317 2318/2318/2318 2319/2319/2319 2320/2320/2320
f 2321/2321/2321 2322/2322/2322 2323/2323/2323
f 2324/2324/2324 2325/2325/2325 2326/2326/2326
f 2327/2327/2327 2328/2328/2328 2329/2329/2329
f 2330/2330/2330 2331/2331/2331 2332/2332/2332
f 2333/2333/2333 2334/2334/2334 2335/2335/2335
f 2336/2336/2336 2337/2337/2337 2338/2338/2338
f 2339/2339/2339 2340/2340/2340 2341/2341/2341
f 2342/2342/2342 2343/2343/2343 2344/2344/2344
f 2345/2345/2345 2346/2346/2346 2347/2347/2347
f 2348/2348/2348 2349/2349/2349 2350/2350/2350
f 2351/2351/2351 2352/2352/2352 2353/2353/2353
f 2354/2354/2354 2355/2355/2355 2356/2356/2356
f 2357/2357/2357 2358/2358/2358 2359/2359/2359
f 2360/2360/2360 2361/2361/2361 2362/2362/2362
f 2363/2363/2363 2364/2364/2364 2365/2365/2365
f 2366/2366/2366 2367/2367/2367 2368/2368/2368
f 2369/2369/2369 2370/2370/2370 2371/2371/2371 2372/2372/2372
f 2373/2373/2373 2374/2374/2374 2375/2375/2375 2376/2376/2376
f 2377/2377/2377 2378/2378/2378 2379/2379/2379 2380/2380/2380
f 2381/2381/2381 2382/2382/2382 2383/2383/2383 2384/2384/2384
f 2385/2385/2385 2386/2386/2386 2387/2387/2387 2388/2388/2388
f 2389/2389/2389 2390/2390/2390 2391/2391/2391 2392/2392/2392
f 2393/2393/2393 2394/2394/2394 2395/2395/2395 2396/2396/2396
f 2397/2397/2397 2398/2398/2398 2399/2399/2399 2400/2400/2400
f 2401/2401/2401 2402/2402/2402 2403/2403/2403 2404/2404/2404
f 2405/2405/2405 2406/2406/2406 2407/2407/2407 2408/2408/2408
f 2409/2409/2409 2410/2410/2410 2411/2411/2411
f 2412/2412/2412 2413/2413/2413 2414/2414/2414
f 2415/2415/2415 2416/2416/2416 2417/2417/2417
f 2418/2418/2418 2419/2419/2419 2420/2420/2420
f 2421/2421/2421 2422/2422/2422 2423/2423/2423
f 2424/2424/2424 2425/2425/2425 2426/2426/2426
f 2427/2427/2427 2428/2428/2428 2429/2429/2429
f 2430/2430/2430 2431/2431/2431 2432/2432/2432
f 2433/2433/2433 2434/2434/2434 2435/2435/2435
f 2436/2436/2436 2437/2437/2437 2438/2438/2438
f 2439/2439/2439 2440/2440/2440 2441/2441/2441
f 2442/2442/2442 2443/2443/2443 2444/2444/2444
f 2445/2445/2445 2446/2446/2446 2447/2447/2447
f 2448/2448/2448 2449/2449/2449 2450/2450/2450
f 2451/2451/2451 2452/2452/2452 2453/2453/2453
f 2454/2454/2454 2455/2455/2455 2456/2456/2456
f 2457/2457/2457 2458/2458/2458 2459/2459/2459
f 2460/2460/2460 2461/2461/2461 2462/2462/2462
f 2463/2463/2463 2464/2464/2464 2465/2465/2465
f 2466/2466/2466 2467/2467/2467 2468/2468/2468
f 2469/2469/2469 2470/2470/2470 2471/2471/2471 2472/2472/2472
f 2473/2473/2473 2474/2474/2474 2475/2475/2475 2476/2476/2476
f 2477/2477/2477 2478/2478/2478 2479/2479/2479 2480/2480/2480
f 2481/2481/2481 2482/2482/2482 2483/2483/2483 2484/2484/2484
f 2485/2485/2485 2486/2486/2486 2487/2487/2487 2488/2488/2488
f 2489/2489/2489 2490/2490/2490 2491/2491/2491 2492/2492/2492
f 2493/2493/2493 2494/2494/2494 2495/2495/2495 2496/2496/2496
f 2497/2497/2497 2498/2498/2498 2499/2499/2499 2500/2500/2500
f 2501/2501/2501 2502/2502/2502 2503/2503/2503 2504/2504/2504
f 2505/2505/2505 2506/2506/2506 2507/2507/2507 2508/2508/2508
f 2509/2509/2509 2510/2510/2510 2511/2511/2511 2512/2512/2512
f 2513/2513/2513 2514/2514/2514 2515/2515/2515 2516/2516/2516
f 2517/2517/2517 2518/2518/2518 2519/2519/2519
f 2520/2520/2520 2521/2521/2521 2522/2522/2522
f 2523/2523/2523 2524/2524/2524 2525/2525/2525
f 2526/2526/2526 2527/2527/2527 2528/2528/2528
f 2529/2529/2529 2530/2530/2530 2531/2531/2531
f 2532/2532/2532 2533/2533/2533 2534/2534/2534
f 2535/2535/2535 2536/2536/2536 2537/2537/2537
f 2538/2538/2538 2539/2539/2539 2540/2540/2540
f 2541/2541/2541 2542/2542/2542 2543/2543/2543 2544/2544/2544
f 2545/2545/2545 2546/2546/2546 2547/2547/2547 2548/2548/2548
f 2549/2549/2549 2550/2550/2550 2551/2551/2551 2552/2552/2552
f 2553/2553/2553 2554/2554/2554 2555/2555/2555 2556/2556/2556
f 2557/2557/2557 2558/2558/2558 2559/2559/2559 2560/2560/2560
f 2561/2561/2561 2562/2562/2562 2563/2563/2563 2564/2564/2564
f 2565/2565/2565 2566/2566/2566 2567/2567/2567
f 2568/2568/2568 2569/2569/2569 2570/2570/2570
f 2571/2571/2571 2572/2572/2572 2573/2573/2573
f 2574/2574/2574 2575/2575/2575 2576/2576/2576
f 2577/2577/2577 2578/2578/2578 2579/2579/2579
f 2580/2580/2580 2581/2581/2581 2582/2582/2582
f 2583/2583/2583 2584/2584/2584 2585/2585/2585
f 2586/2586/2586 2587/2587/2587 2588/2588/2588
f 2589/2589/2589 2590/2590/2590 2591/2591/2591 2592/2592/2592
f 2593/2593/2593 2594/2594/2594 2595/2595/2595 2596/2596/2596
f 2597/2597/2597 2598/2598/2598 2599/2599/2599 2600/2600/2600
f 2601/2601/2601 2602/2602/2602 2603/2603/2603 2604/2604/2604
f 2605/2605/2605 2606/2606/2606 2607/2607/2607 2608/2608/2608
f 2609/2609/2609 2610/2610/2610 2611/2611/2611 2612/2612/2612
g rail_right
usemtl mat
f 2613/2613/2613 2614/2614/2614 2615/2615/2615 2616/2616/2616
f 2617/2617/2617 2618/2618/2618 2619/2619/2619 2620/2620/2620
f 2621/2621/2621 2622/2622/2622 2623/2623/2623 2624/2624/2624
f 2625/2625/2625 2626/2626/2626 2627/2627/2627 2628/2628/2628
f 2629/2629/2629 2630/2630/2630 2631/2631/2631 2632/2632/2632
f 2633/2633/2633 2634/2634/2634 2635/2635/2635 2636/2636/2636
f 2637/2637/2637 2638/2638/2638 2639/2639/2639 2640/2640/2640
f 2641/2641/2641 2642/2642/2642 2643/2643/2643 2644/2644/2644
f 2645/2645/2645 2646/2646/2646 2647/2647/2647 2648/2648/2648
f 2649/2649/2649 2650/2650/2650 2651/2651/2651 2652/2652/2652
f 2653/2653/2653 2654/2654/2654 2655/2655/2655 2656/2656/2656
f 2657/2657/2657 2658/2658/2658 2659/2659/2659 2660/2660/2660
f 2661/2661/2661 2662/2662/2662 2663/2663/2663 2664/2664/2664
f 2665/2665/2665 2666/2666/2666 2667/2667/2667 2668/2668/2668
f 2669/2669/2669 2670/2670/2670 2671/2671/2671 2672/2672/2672
f 2673/2673/2673 2674/2674/2674 2675/2675/2675 2676/2676/2676
f 2677/2677/2677 2678/2678/2678 2679/2679/2679 2680/2680/2680
f 2681/2681/2681 2682/2682/2682 2683/2683/2683 2684/2684/2684
f 2685/2685/2685 2686/2686/2686 2687/2687/2687 2688/2688/2688
f 2689/2689/2689 2690/2690/2690 2691/2691/2691 2692/2692/2692
f 2693/2693/2693 2694/2694/2694 2695/2695/2695 2696/2696/2696
f 2697/2697/2697 2698/2698/2698 2699/2699/2699 2700/2700/2700
f 2701/2701/2701 2702/2702/2702 2703/2703/2703 2704/2704/2704
f 2705/2705/2705 2706/2706/2706 2707/2707/2707 2708/2708/2708
f 2709/2709/2709 2710/2710/2710 2711/2711/2711 2712/2712/2712
f 2713/2713/2713 2714/2714/2714 2715/2715/2715 2716/2716/2716
f 2717/2717/2717 2718/2718/2718 2719/2719/2719 2720/2720/2720
f 2721/2721/2721 2722/2722/2722 2723/2723/2723 2724/2724/2724
g rail_right_end
usemtl mat
f 2725/2725/2725 2726/2726/2726 2727/2727/2727
f 2728/2728/2728 2729/2729/2729 2730/2730/2730
f 2731/2731/2731 2732/2732/2732 2733/2733/2733
f 2734/2734/2734 2735/2735/2735 2736/2736/2736
f 2737/2737/2737 2738/2738/2738 2739/2739/2739
f 2740/2740/2740 2741/2741/2741 2742/2742/2742
f 2743/2743/2743 2744/2744/2744 2745/2745/2745
f 2746/2746/2746 2747/2747/2747 2748/2748/2748
f 2749/2749/2749 2750/2750/2750 2751/2751/2751
f 2752/2752/2752 2753/2753/2753 2754/2754/2754
f 2755/2755/2755 2756/2756/2756 2757/2757/2757
f 2758/2758/2758 2759/2759/2759 2760/2760/2760
f 2761/2761/2761 2762/2762/2762 2763/2763/2763
f 2764/2764/2764 2765/2765/2765 2766/2766/2766
f 2767/2767/2767 2768/2768/2768 2769/2769/2769
f 2770/2770/2770 2771/2771/2771 2772/2772/2772
f 2773/2773/2773 2774/2774/2774 2775/2775/2775
f 2776/2776/2776 2777/2777/2777 2778/2778/2778
f 2779/2779/2779 2780/2780/2780 2781/2781/2781
f 2782/2782/2782 2783/2783/2783 2784/2784/2784
f 2785/2785/2785 2786/2786/2786 2787/2787/2787
f 2788/2788/2788 2789/2789/2789 2790/2790/2790
f 2791/2791/2791 2792/2792/2792 2793/2793/2793
f 2794/2794/2794 2795/2795/2795 2796/2796/2796
f 2797/2797/2797 2798/2798/2798 2799/2799/2799
f 2800/2800/2800 2801/2801/2801 2802/2802/2802
f 2803/2803/2803 2804/2804/2804 2805/2805/2805
f 2806/2806/2806 2807/2807/2807 2808/2808/2808
f 2809/2809/2809 2810/2810/2810 2811/2811/2811
f 2812/2812/2812 2813/2813/2813 2814/2814/2814
f 2815/2815/2815 2816/2816/2816 2817/2817/2817
f 2818/2818/2818 2819/2819/2819 2820/2820/2820
f 2821/2821/2821 2822/2822/2822 2823/2823/2823
f 2824/2824/2824 2825/2825/2825 2826/2826/2826
f 2827/2827/2827 2828/2828/2828 2829/2829/2829
f 2830/2830/2830 2831/2831/2831 2832/2832/2832
f 2833/2833/2833 2834/2834/2834 2835/2835/2835
f 2836/2836/2836 2837/2837/2837 2838/2838/2838
f 2839/2839/2839 2840/2840/2840 2841/2841/2841
f 2842/2842/2842 2843/2843/2843 2844/2844/2844
f 2845/2845/2845 2846/2846/2846 2847/2847/2847
f 2848/2848/2848 2849/2849/2849 2850/2850/2850
f 2851/2851/2851 2852/2852/2852 2853/2853/2853
f 2854/2854/2854 2855/2855/2855 2856/2856/2856
f 2857/2857/2857 2858/2858/2858 2859/2859/2859
f 2860/2860/2860 2861/2861/2861 2862/2862/2862
f 2863/2863/2863 2864/2864/2864 2865/2865/2865
f 2866/2866/2866 2867/2867/2867 2868/2868/2868
f 2869/2869/2869 2870/2870/2870 2871/2871/2871
f 2872/2872/2872 2873/2873/2873 2874/2874/2874
f 2875/2875/2875 2876/2876/2876 2877/2877/2877
f 2878/2878/2878 2879/2879/2879 2880/2880/2880
