# metres; Y up; CCW outward; repeat 0.6 m
mtllib outer_guard_endpoint.mtl
v -0.458500 0.099422 0.000000
v -0.458500 0.108000 0.000000
v -0.483500 0.108000 0.100000
v -0.483500 0.099422 0.100000
v -0.458500 0.108000 0.000000
v -0.464500 0.113000 0.000000
v -0.489500 0.113000 0.100000
v -0.483500 0.108000 0.100000
v -0.464500 0.113000 0.000000
v -0.502500 0.124000 0.000000
v -0.527500 0.124000 0.100000
v -0.489500 0.113000 0.100000
v -0.502500 0.124000 0.000000
v -0.516500 0.134000 0.000000
v -0.541500 0.134000 0.100000
v -0.527500 0.124000 0.100000
v -0.516500 0.134000 0.000000
v -0.519500 0.145000 0.000000
v -0.544500 0.145000 0.100000
v -0.541500 0.134000 0.100000
v -0.519500 0.145000 0.000000
v -0.519500 0.207000 0.000000
v -0.544500 0.207000 0.100000
v -0.544500 0.145000 0.100000
v -0.519500 0.207000 0.000000
v -0.515500 0.219000 0.000000
v -0.540500 0.219000 0.100000
v -0.544500 0.207000 0.100000
v -0.515500 0.219000 0.000000
v -0.501500 0.225000 0.000000
v -0.526500 0.225000 0.100000
v -0.540500 0.219000 0.100000
v -0.501500 0.225000 0.000000
v -0.495500 0.231000 0.000000
v -0.520500 0.231000 0.100000
v -0.526500 0.225000 0.100000
v -0.495500 0.231000 0.000000
v -0.494500 0.239000 0.000000
v -0.519500 0.239000 0.100000
v -0.520500 0.231000 0.100000
v -0.494500 0.239000 0.000000
v -0.494500 0.254000 0.000000
v -0.519500 0.254000 0.100000
v -0.519500 0.239000 0.100000
v -0.494500 0.254000 0.000000
v -0.496500 0.260000 0.000000
v -0.521500 0.260000 0.100000
v -0.519500 0.254000 0.100000
v -0.496500 0.260000 0.000000
v -0.502500 0.264280 0.000000
v -0.527500 0.264280 0.100000
v -0.521500 0.260000 0.100000
v -0.502500 0.264280 0.000000
v -0.554500 0.264280 0.000000
v -0.579500 0.264280 0.100000
v -0.527500 0.264280 0.100000
v -0.554500 0.264280 0.000000
v -0.560500 0.260000 0.000000
v -0.585500 0.260000 0.100000
v -0.579500 0.264280 0.100000
v -0.560500 0.260000 0.000000
v -0.562500 0.254000 0.000000
v -0.587500 0.254000 0.100000
v -0.585500 0.260000 0.100000
v -0.562500 0.254000 0.000000
v -0.562500 0.239000 0.000000
v -0.587500 0.239000 0.100000
v -0.587500 0.254000 0.100000
v -0.562500 0.239000 0.000000
v -0.561500 0.231000 0.000000
v -0.586500 0.231000 0.100000
v -0.587500 0.239000 0.100000
v -0.561500 0.231000 0.000000
v -0.555500 0.225000 0.000000
v -0.580500 0.225000 0.100000
v -0.586500 0.231000 0.100000
v -0.555500 0.225000 0.000000
v -0.541500 0.219000 0.000000
v -0.566500 0.219000 0.100000
v -0.580500 0.225000 0.100000
v -0.541500 0.219000 0.000000
v -0.537500 0.207000 0.000000
v -0.562500 0.207000 0.100000
v -0.566500 0.219000 0.100000
v -0.537500 0.207000 0.000000
v -0.537500 0.145000 0.000000
v -0.562500 0.145000 0.100000
v -0.562500 0.207000 0.100000
v -0.537500 0.145000 0.000000
v -0.540500 0.134000 0.000000
v -0.565500 0.134000 0.100000
v -0.562500 0.145000 0.100000
v -0.540500 0.134000 0.000000
v -0.554500 0.124000 0.000000
v -0.579500 0.124000 0.100000
v -0.565500 0.134000 0.100000
v -0.554500 0.124000 0.000000
v -0.592500 0.113000 0.000000
v -0.617500 0.113000 0.100000
v -0.579500 0.124000 0.100000
v -0.592500 0.113000 0.000000
v -0.598500 0.108000 0.000000
v -0.623500 0.108000 0.100000
v -0.617500 0.113000 0.100000
v -0.598500 0.108000 0.000000
v -0.598500 0.099422 0.000000
v -0.623500 0.099422 0.100000
v -0.623500 0.108000 0.100000
v -0.598500 0.099422 0.000000
v -0.458500 0.099422 0.000000
v -0.483500 0.099422 0.100000
v -0.623500 0.099422 0.100000
v -0.483500 0.099422 0.100000
v -0.483500 0.108000 0.100000
v -0.508500 0.108000 0.200000
v -0.508500 0.099422 0.200000
v -0.483500 0.108000 0.100000
v -0.489500 0.113000 0.100000
v -0.514500 0.113000 0.200000
v -0.508500 0.108000 0.200000
v -0.489500 0.113000 0.100000
v -0.527500 0.124000 0.100000
v -0.552500 0.124000 0.200000
v -0.514500 0.113000 0.200000
v -0.527500 0.124000 0.100000
v -0.541500 0.134000 0.100000
v -0.566500 0.134000 0.200000
v -0.552500 0.124000 0.200000
v -0.541500 0.134000 0.100000
v -0.544500 0.145000 0.100000
v -0.569500 0.145000 0.200000
v -0.566500 0.134000 0.200000
v -0.544500 0.145000 0.100000
v -0.544500 0.207000 0.100000
v -0.569500 0.207000 0.200000
v -0.569500 0.145000 0.200000
v -0.544500 0.207000 0.100000
v -0.540500 0.219000 0.100000
v -0.565500 0.219000 0.200000
v -0.569500 0.207000 0.200000
v -0.540500 0.219000 0.100000
v -0.526500 0.225000 0.100000
v -0.551500 0.225000 0.200000
v -0.565500 0.219000 0.200000
v -0.526500 0.225000 0.100000
v -0.520500 0.231000 0.100000
v -0.545500 0.231000 0.200000
v -0.551500 0.225000 0.200000
v -0.520500 0.231000 0.100000
v -0.519500 0.239000 0.100000
v -0.544500 0.239000 0.200000
v -0.545500 0.231000 0.200000
v -0.519500 0.239000 0.100000
v -0.519500 0.254000 0.100000
v -0.544500 0.254000 0.200000
v -0.544500 0.239000 0.200000
v -0.519500 0.254000 0.100000
v -0.521500 0.260000 0.100000
v -0.546500 0.260000 0.200000
v -0.544500 0.254000 0.200000
v -0.521500 0.260000 0.100000
v -0.527500 0.264280 0.100000
v -0.552500 0.264280 0.200000
v -0.546500 0.260000 0.200000
v -0.527500 0.264280 0.100000
v -0.579500 0.264280 0.100000
v -0.604500 0.264280 0.200000
v -0.552500 0.264280 0.200000
v -0.579500 0.264280 0.100000
v -0.585500 0.260000 0.100000
v -0.610500 0.260000 0.200000
v -0.604500 0.264280 0.200000
v -0.585500 0.260000 0.100000
v -0.587500 0.254000 0.100000
v -0.612500 0.254000 0.200000
v -0.610500 0.260000 0.200000
v -0.587500 0.254000 0.100000
v -0.587500 0.239000 0.100000
v -0.612500 0.239000 0.200000
v -0.612500 0.254000 0.200000
v -0.587500 0.239000 0.100000
v -0.586500 0.231000 0.100000
v -0.611500 0.231000 0.200000
v -0.612500 0.239000 0.200000
v -0.586500 0.231000 0.100000
v -0.580500 0.225000 0.100000
v -0.605500 0.225000 0.200000
v -0.611500 0.231000 0.200000
v -0.580500 0.225000 0.100000
v -0.566500 0.219000 0.100000
v -0.591500 0.219000 0.200000
v -0.605500 0.225000 0.200000
v -0.566500 0.219000 0.100000
v -0.562500 0.207000 0.100000
v -0.587500 0.207000 0.200000
v -0.591500 0.219000 0.200000
v -0.562500 0.207000 0.100000
v -0.562500 0.145000 0.100000
v -0.587500 0.145000 0.200000
v -0.587500 0.207000 0.200000
v -0.562500 0.145000 0.100000
v -0.565500 0.134000 0.100000
v -0.590500 0.134000 0.200000
v -0.587500 0.145000 0.200000
v -0.565500 0.134000 0.100000
v -0.579500 0.124000 0.100000
v -0.604500 0.124000 0.200000
v -0.590500 0.134000 0.200000
v -0.579500 0.124000 0.100000
v -0.617500 0.113000 0.100000
v -0.642500 0.113000 0.200000
v -0.604500 0.124000 0.200000
v -0.617500 0.113000 0.100000
v -0.623500 0.108000 0.100000
v -0.648500 0.108000 0.200000
v -0.642500 0.113000 0.200000
v -0.623500 0.108000 0.100000
v -0.623500 0.099422 0.100000
v -0.648500 0.099422 0.200000
v -0.648500 0.108000 0.200000
v -0.623500 0.099422 0.100000
v -0.483500 0.099422 0.100000
v -0.508500 0.099422 0.200000
v -0.648500 0.099422 0.200000
v -0.508500 0.099422 0.200000
v -0.508500 0.108000 0.200000
v -0.533500 0.108000 0.300000
v -0.533500 0.099422 0.300000
v -0.508500 0.108000 0.200000
v -0.514500 0.113000 0.200000
v -0.539500 0.113000 0.300000
v -0.533500 0.108000 0.300000
v -0.514500 0.113000 0.200000
v -0.552500 0.124000 0.200000
v -0.577500 0.124000 0.300000
v -0.539500 0.113000 0.300000
v -0.552500 0.124000 0.200000
v -0.566500 0.134000 0.200000
v -0.591500 0.134000 0.300000
v -0.577500 0.124000 0.300000
v -0.566500 0.134000 0.200000
v -0.569500 0.145000 0.200000
v -0.594500 0.145000 0.300000
v -0.591500 0.134000 0.300000
v -0.569500 0.145000 0.200000
v -0.569500 0.207000 0.200000
v -0.594500 0.207000 0.300000
v -0.594500 0.145000 0.300000
v -0.569500 0.207000 0.200000
v -0.565500 0.219000 0.200000
v -0.590500 0.219000 0.300000
v -0.594500 0.207000 0.300000
v -0.565500 0.219000 0.200000
v -0.551500 0.225000 0.200000
v -0.576500 0.225000 0.300000
v -0.590500 0.219000 0.300000
v -0.551500 0.225000 0.200000
v -0.545500 0.231000 0.200000
v -0.570500 0.231000 0.300000
v -0.576500 0.225000 0.300000
v -0.545500 0.231000 0.200000
v -0.544500 0.239000 0.200000
v -0.569500 0.239000 0.300000
v -0.570500 0.231000 0.300000
v -0.544500 0.239000 0.200000
v -0.544500 0.254000 0.200000
v -0.569500 0.254000 0.300000
v -0.569500 0.239000 0.300000
v -0.544500 0.254000 0.200000
v -0.546500 0.260000 0.200000
v -0.571500 0.260000 0.300000
v -0.569500 0.254000 0.300000
v -0.546500 0.260000 0.200000
v -0.552500 0.264280 0.200000
v -0.577500 0.264280 0.300000
v -0.571500 0.260000 0.300000
v -0.552500 0.264280 0.200000
v -0.604500 0.264280 0.200000
v -0.629500 0.264280 0.300000
v -0.577500 0.264280 0.300000
v -0.604500 0.264280 0.200000
v -0.610500 0.260000 0.200000
v -0.635500 0.260000 0.300000
v -0.629500 0.264280 0.300000
v -0.610500 0.260000 0.200000
v -0.612500 0.254000 0.200000
v -0.637500 0.254000 0.300000
v -0.635500 0.260000 0.300000
v -0.612500 0.254000 0.200000
v -0.612500 0.239000 0.200000
v -0.637500 0.239000 0.300000
v -0.637500 0.254000 0.300000
v -0.612500 0.239000 0.200000
v -0.611500 0.231000 0.200000
v -0.636500 0.231000 0.300000
v -0.637500 0.239000 0.300000
v -0.611500 0.231000 0.200000
v -0.605500 0.225000 0.200000
v -0.630500 0.225000 0.300000
v -0.636500 0.231000 0.300000
v -0.605500 0.225000 0.200000
v -0.591500 0.219000 0.200000
v -0.616500 0.219000 0.300000
v -0.630500 0.225000 0.300000
v -0.591500 0.219000 0.200000
v -0.587500 0.207000 0.200000
v -0.612500 0.207000 0.300000
v -0.616500 0.219000 0.300000
v -0.587500 0.207000 0.200000
v -0.587500 0.145000 0.200000
v -0.612500 0.145000 0.300000
v -0.612500 0.207000 0.300000
v -0.587500 0.145000 0.200000
v -0.590500 0.134000 0.200000
v -0.615500 0.134000 0.300000
v -0.612500 0.145000 0.300000
v -0.590500 0.134000 0.200000
v -0.604500 0.124000 0.200000
v -0.629500 0.124000 0.300000
v -0.615500 0.134000 0.300000
v -0.604500 0.124000 0.200000
v -0.642500 0.113000 0.200000
v -0.667500 0.113000 0.300000
v -0.629500 0.124000 0.300000
v -0.642500 0.113000 0.200000
v -0.648500 0.108000 0.200000
v -0.673500 0.108000 0.300000
v -0.667500 0.113000 0.300000
v -0.648500 0.108000 0.200000
v -0.648500 0.099422 0.200000
v -0.673500 0.099422 0.300000
v -0.673500 0.108000 0.300000
v -0.648500 0.099422 0.200000
v -0.508500 0.099422 0.200000
v -0.533500 0.099422 0.300000
v -0.673500 0.099422 0.300000
v -0.533500 0.099422 0.300000
v -0.533500 0.108000 0.300000
v -0.558500 0.108000 0.400000
v -0.558500 0.099422 0.400000
v -0.533500 0.108000 0.300000
v -0.539500 0.113000 0.300000
v -0.564500 0.113000 0.400000
v -0.558500 0.108000 0.400000
v -0.539500 0.113000 0.300000
v -0.577500 0.124000 0.300000
v -0.602500 0.124000 0.400000
v -0.564500 0.113000 0.400000
v -0.577500 0.124000 0.300000
v -0.591500 0.134000 0.300000
v -0.616500 0.134000 0.400000
v -0.602500 0.124000 0.400000
v -0.591500 0.134000 0.300000
v -0.594500 0.145000 0.300000
v -0.619500 0.145000 0.400000
v -0.616500 0.134000 0.400000
v -0.594500 0.145000 0.300000
v -0.594500 0.207000 0.300000
v -0.619500 0.207000 0.400000
v -0.619500 0.145000 0.400000
v -0.594500 0.207000 0.300000
v -0.590500 0.219000 0.300000
v -0.615500 0.219000 0.400000
v -0.619500 0.207000 0.400000
v -0.590500 0.219000 0.300000
v -0.576500 0.225000 0.300000
v -0.601500 0.225000 0.400000
v -0.615500 0.219000 0.400000
v -0.576500 0.225000 0.300000
v -0.570500 0.231000 0.300000
v -0.595500 0.231000 0.400000
v -0.601500 0.225000 0.400000
v -0.570500 0.231000 0.300000
v -0.569500 0.239000 0.300000
v -0.594500 0.239000 0.400000
v -0.595500 0.231000 0.400000
v -0.569500 0.239000 0.300000
v -0.569500 0.254000 0.300000
v -0.594500 0.254000 0.400000
v -0.594500 0.239000 0.400000
v -0.569500 0.254000 0.300000
v -0.571500 0.260000 0.300000
v -0.596500 0.260000 0.400000
v -0.594500 0.254000 0.400000
v -0.571500 0.260000 0.300000
v -0.577500 0.264280 0.300000
v -0.602500 0.264280 0.400000
v -0.596500 0.260000 0.400000
v -0.577500 0.264280 0.300000
v -0.629500 0.264280 0.300000
v -0.654500 0.264280 0.400000
v -0.602500 0.264280 0.400000
v -0.629500 0.264280 0.300000
v -0.635500 0.260000 0.300000
v -0.660500 0.260000 0.400000
v -0.654500 0.264280 0.400000
v -0.635500 0.260000 0.300000
v -0.637500 0.254000 0.300000
v -0.662500 0.254000 0.400000
v -0.660500 0.260000 0.400000
v -0.637500 0.254000 0.300000
v -0.637500 0.239000 0.300000
v -0.662500 0.239000 0.400000
v -0.662500 0.254000 0.400000
v -0.637500 0.239000 0.300000
v -0.636500 0.231000 0.300000
v -0.661500 0.231000 0.400000
v -0.662500 0.239000 0.400000
v -0.636500 0.231000 0.300000
v -0.630500 0.225000 0.300000
v -0.655500 0.225000 0.400000
v -0.661500 0.231000 0.400000
v -0.630500 0.225000 0.300000
v -0.616500 0.219000 0.300000
v -0.641500 0.219000 0.400000
v -0.655500 0.225000 0.400000
v -0.616500 0.219000 0.300000
v -0.612500 0.207000 0.300000
v -0.637500 0.207000 0.400000
v -0.641500 0.219000 0.400000
v -0.612500 0.207000 0.300000
v -0.612500 0.145000 0.300000
v -0.637500 0.145000 0.400000
v -0.637500 0.207000 0.400000
v -0.612500 0.145000 0.300000
v -0.615500 0.134000 0.300000
v -0.640500 0.134000 0.400000
v -0.637500 0.145000 0.400000
v -0.615500 0.134000 0.300000
v -0.629500 0.124000 0.300000
v -0.654500 0.124000 0.400000
v -0.640500 0.134000 0.400000
v -0.629500 0.124000 0.300000
v -0.667500 0.113000 0.300000
v -0.692500 0.113000 0.400000
v -0.654500 0.124000 0.400000
v -0.667500 0.113000 0.300000
v -0.673500 0.108000 0.300000
v -0.698500 0.108000 0.400000
v -0.692500 0.113000 0.400000
v -0.673500 0.108000 0.300000
v -0.673500 0.099422 0.300000
v -0.698500 0.099422 0.400000
v -0.698500 0.108000 0.400000
v -0.673500 0.099422 0.300000
v -0.533500 0.099422 0.300000
v -0.558500 0.099422 0.400000
v -0.698500 0.099422 0.400000
v -0.458500 0.099422 0.000000
v -0.598500 0.099422 0.000000
v -0.598500 0.108000 0.000000
v -0.458500 0.099422 0.000000
v -0.598500 0.108000 0.000000
v -0.592500 0.113000 0.000000
v -0.458500 0.099422 0.000000
v -0.592500 0.113000 0.000000
v -0.554500 0.124000 0.000000
v -0.458500 0.099422 0.000000
v -0.554500 0.124000 0.000000
v -0.540500 0.134000 0.000000
v -0.541500 0.219000 0.000000
v -0.555500 0.225000 0.000000
v -0.561500 0.231000 0.000000
v -0.541500 0.219000 0.000000
v -0.561500 0.231000 0.000000
v -0.562500 0.239000 0.000000
v -0.541500 0.219000 0.000000
v -0.562500 0.239000 0.000000
v -0.562500 0.254000 0.000000
v -0.541500 0.219000 0.000000
v -0.562500 0.254000 0.000000
v -0.560500 0.260000 0.000000
v -0.541500 0.219000 0.000000
v -0.560500 0.260000 0.000000
v -0.554500 0.264280 0.000000
v -0.537500 0.207000 0.000000
v -0.541500 0.219000 0.000000
v -0.554500 0.264280 0.000000
v -0.537500 0.207000 0.000000
v -0.554500 0.264280 0.000000
v -0.502500 0.264280 0.000000
v -0.537500 0.207000 0.000000
v -0.502500 0.264280 0.000000
v -0.496500 0.260000 0.000000
v -0.537500 0.207000 0.000000
v -0.496500 0.260000 0.000000
v -0.494500 0.254000 0.000000
v -0.537500 0.207000 0.000000
v -0.494500 0.254000 0.000000
v -0.494500 0.239000 0.000000
v -0.537500 0.207000 0.000000
v -0.494500 0.239000 0.000000
v -0.495500 0.231000 0.000000
v -0.495500 0.231000 0.000000
v -0.501500 0.225000 0.000000
v -0.515500 0.219000 0.000000
v -0.537500 0.207000 0.000000
v -0.495500 0.231000 0.000000
v -0.515500 0.219000 0.000000
v -0.537500 0.207000 0.000000
v -0.515500 0.219000 0.000000
v -0.519500 0.207000 0.000000
v -0.537500 0.145000 0.000000
v -0.537500 0.207000 0.000000
v -0.519500 0.207000 0.000000
v -0.540500 0.134000 0.000000
v -0.537500 0.145000 0.000000
v -0.519500 0.207000 0.000000
v -0.540500 0.134000 0.000000
v -0.519500 0.207000 0.000000
v -0.519500 0.145000 0.000000
v -0.540500 0.134000 0.000000
v -0.519500 0.145000 0.000000
v -0.516500 0.134000 0.000000
v -0.540500 0.134000 0.000000
v -0.516500 0.134000 0.000000
v -0.502500 0.124000 0.000000
v -0.458500 0.099422 0.000000
v -0.540500 0.134000 0.000000
v -0.502500 0.124000 0.000000
v -0.458500 0.099422 0.000000
v -0.502500 0.124000 0.000000
v -0.464500 0.113000 0.000000
v -0.464500 0.113000 0.000000
v -0.458500 0.108000 0.000000
v -0.458500 0.099422 0.000000
v 0.598500 0.099422 0.000000
v 0.598500 0.108000 0.000000
v 0.623500 0.108000 0.100000
v 0.623500 0.099422 0.100000
v 0.598500 0.108000 0.000000
v 0.592500 0.113000 0.000000
v 0.617500 0.113000 0.100000
v 0.623500 0.108000 0.100000
v 0.592500 0.113000 0.000000
v 0.554500 0.124000 0.000000
v 0.579500 0.124000 0.100000
v 0.617500 0.113000 0.100000
v 0.554500 0.124000 0.000000
v 0.540500 0.134000 0.000000
v 0.565500 0.134000 0.100000
v 0.579500 0.124000 0.100000
v 0.540500 0.134000 0.000000
v 0.537500 0.145000 0.000000
v 0.562500 0.145000 0.100000
v 0.565500 0.134000 0.100000
v 0.537500 0.145000 0.000000
v 0.537500 0.207000 0.000000
v 0.562500 0.207000 0.100000
v 0.562500 0.145000 0.100000
v 0.537500 0.207000 0.000000
v 0.541500 0.219000 0.000000
v 0.566500 0.219000 0.100000
v 0.562500 0.207000 0.100000
v 0.541500 0.219000 0.000000
v 0.555500 0.225000 0.000000
v 0.580500 0.225000 0.100000
v 0.566500 0.219000 0.100000
v 0.555500 0.225000 0.000000
v 0.561500 0.231000 0.000000
v 0.586500 0.231000 0.100000
v 0.580500 0.225000 0.100000
v 0.561500 0.231000 0.000000
v 0.562500 0.239000 0.000000
v 0.587500 0.239000 0.100000
v 0.586500 0.231000 0.100000
v 0.562500 0.239000 0.000000
v 0.562500 0.254000 0.000000
v 0.587500 0.254000 0.100000
v 0.587500 0.239000 0.100000
v 0.562500 0.254000 0.000000
v 0.560500 0.260000 0.000000
v 0.585500 0.260000 0.100000
v 0.587500 0.254000 0.100000
v 0.560500 0.260000 0.000000
v 0.554500 0.264280 0.000000
v 0.579500 0.264280 0.100000
v 0.585500 0.260000 0.100000
v 0.554500 0.264280 0.000000
v 0.502500 0.264280 0.000000
v 0.527500 0.264280 0.100000
v 0.579500 0.264280 0.100000
v 0.502500 0.264280 0.000000
v 0.496500 0.260000 0.000000
v 0.521500 0.260000 0.100000
v 0.527500 0.264280 0.100000
v 0.496500 0.260000 0.000000
v 0.494500 0.254000 0.000000
v 0.519500 0.254000 0.100000
v 0.521500 0.260000 0.100000
v 0.494500 0.254000 0.000000
v 0.494500 0.239000 0.000000
v 0.519500 0.239000 0.100000
v 0.519500 0.254000 0.100000
v 0.494500 0.239000 0.000000
v 0.495500 0.231000 0.000000
v 0.520500 0.231000 0.100000
v 0.519500 0.239000 0.100000
v 0.495500 0.231000 0.000000
v 0.501500 0.225000 0.000000
v 0.526500 0.225000 0.100000
v 0.520500 0.231000 0.100000
v 0.501500 0.225000 0.000000
v 0.515500 0.219000 0.000000
v 0.540500 0.219000 0.100000
v 0.526500 0.225000 0.100000
v 0.515500 0.219000 0.000000
v 0.519500 0.207000 0.000000
v 0.544500 0.207000 0.100000
v 0.540500 0.219000 0.100000
v 0.519500 0.207000 0.000000
v 0.519500 0.145000 0.000000
v 0.544500 0.145000 0.100000
v 0.544500 0.207000 0.100000
v 0.519500 0.145000 0.000000
v 0.516500 0.134000 0.000000
v 0.541500 0.134000 0.100000
v 0.544500 0.145000 0.100000
v 0.516500 0.134000 0.000000
v 0.502500 0.124000 0.000000
v 0.527500 0.124000 0.100000
v 0.541500 0.134000 0.100000
v 0.502500 0.124000 0.000000
v 0.464500 0.113000 0.000000
v 0.489500 0.113000 0.100000
v 0.527500 0.124000 0.100000
v 0.464500 0.113000 0.000000
v 0.458500 0.108000 0.000000
v 0.483500 0.108000 0.100000
v 0.489500 0.113000 0.100000
v 0.458500 0.108000 0.000000
v 0.458500 0.099422 0.000000
v 0.483500 0.099422 0.100000
v 0.483500 0.108000 0.100000
v 0.458500 0.099422 0.000000
v 0.598500 0.099422 0.000000
v 0.623500 0.099422 0.100000
v 0.483500 0.099422 0.100000
v 0.623500 0.099422 0.100000
v 0.623500 0.108000 0.100000
v 0.648500 0.108000 0.200000
v 0.648500 0.099422 0.200000
v 0.623500 0.108000 0.100000
v 0.617500 0.113000 0.100000
v 0.642500 0.113000 0.200000
v 0.648500 0.108000 0.200000
v 0.617500 0.113000 0.100000
v 0.579500 0.124000 0.100000
v 0.604500 0.124000 0.200000
v 0.642500 0.113000 0.200000
v 0.579500 0.124000 0.100000
v 0.565500 0.134000 0.100000
v 0.590500 0.134000 0.200000
v 0.604500 0.124000 0.200000
v 0.565500 0.134000 0.100000
v 0.562500 0.145000 0.100000
v 0.587500 0.145000 0.200000
v 0.590500 0.134000 0.200000
v 0.562500 0.145000 0.100000
v 0.562500 0.207000 0.100000
v 0.587500 0.207000 0.200000
v 0.587500 0.145000 0.200000
v 0.562500 0.207000 0.100000
v 0.566500 0.219000 0.100000
v 0.591500 0.219000 0.200000
v 0.587500 0.207000 0.200000
v 0.566500 0.219000 0.100000
v 0.580500 0.225000 0.100000
v 0.605500 0.225000 0.200000
v 0.591500 0.219000 0.200000
v 0.580500 0.225000 0.100000
v 0.586500 0.231000 0.100000
v 0.611500 0.231000 0.200000
v 0.605500 0.225000 0.200000
v 0.586500 0.231000 0.100000
v 0.587500 0.239000 0.100000
v 0.612500 0.239000 0.200000
v 0.611500 0.231000 0.200000
v 0.587500 0.239000 0.100000
v 0.587500 0.254000 0.100000
v 0.612500 0.254000 0.200000
v 0.612500 0.239000 0.200000
v 0.587500 0.254000 0.100000
v 0.585500 0.260000 0.100000
v 0.610500 0.260000 0.200000
v 0.612500 0.254000 0.200000
v 0.585500 0.260000 0.100000
v 0.579500 0.264280 0.100000
v 0.604500 0.264280 0.200000
v 0.610500 0.260000 0.200000
v 0.579500 0.264280 0.100000
v 0.527500 0.264280 0.100000
v 0.552500 0.264280 0.200000
v 0.604500 0.264280 0.200000
v 0.527500 0.264280 0.100000
v 0.521500 0.260000 0.100000
v 0.546500 0.260000 0.200000
v 0.552500 0.264280 0.200000
v 0.521500 0.260000 0.100000
v 0.519500 0.254000 0.100000
v 0.544500 0.254000 0.200000
v 0.546500 0.260000 0.200000
v 0.519500 0.254000 0.100000
v 0.519500 0.239000 0.100000
v 0.544500 0.239000 0.200000
v 0.544500 0.254000 0.200000
v 0.519500 0.239000 0.100000
v 0.520500 0.231000 0.100000
v 0.545500 0.231000 0.200000
v 0.544500 0.239000 0.200000
v 0.520500 0.231000 0.100000
v 0.526500 0.225000 0.100000
v 0.551500 0.225000 0.200000
v 0.545500 0.231000 0.200000
v 0.526500 0.225000 0.100000
v 0.540500 0.219000 0.100000
v 0.565500 0.219000 0.200000
v 0.551500 0.225000 0.200000
v 0.540500 0.219000 0.100000
v 0.544500 0.207000 0.100000
v 0.569500 0.207000 0.200000
v 0.565500 0.219000 0.200000
v 0.544500 0.207000 0.100000
v 0.544500 0.145000 0.100000
v 0.569500 0.145000 0.200000
v 0.569500 0.207000 0.200000
v 0.544500 0.145000 0.100000
v 0.541500 0.134000 0.100000
v 0.566500 0.134000 0.200000
v 0.569500 0.145000 0.200000
v 0.541500 0.134000 0.100000
v 0.527500 0.124000 0.100000
v 0.552500 0.124000 0.200000
v 0.566500 0.134000 0.200000
v 0.527500 0.124000 0.100000
v 0.489500 0.113000 0.100000
v 0.514500 0.113000 0.200000
v 0.552500 0.124000 0.200000
v 0.489500 0.113000 0.100000
v 0.483500 0.108000 0.100000
v 0.508500 0.108000 0.200000
v 0.514500 0.113000 0.200000
v 0.483500 0.108000 0.100000
v 0.483500 0.099422 0.100000
v 0.508500 0.099422 0.200000
v 0.508500 0.108000 0.200000
v 0.483500 0.099422 0.100000
v 0.623500 0.099422 0.100000
v 0.648500 0.099422 0.200000
v 0.508500 0.099422 0.200000
v 0.648500 0.099422 0.200000
v 0.648500 0.108000 0.200000
v 0.673500 0.108000 0.300000
v 0.673500 0.099422 0.300000
v 0.648500 0.108000 0.200000
v 0.642500 0.113000 0.200000
v 0.667500 0.113000 0.300000
v 0.673500 0.108000 0.300000
v 0.642500 0.113000 0.200000
v 0.604500 0.124000 0.200000
v 0.629500 0.124000 0.300000
v 0.667500 0.113000 0.300000
v 0.604500 0.124000 0.200000
v 0.590500 0.134000 0.200000
v 0.615500 0.134000 0.300000
v 0.629500 0.124000 0.300000
v 0.590500 0.134000 0.200000
v 0.587500 0.145000 0.200000
v 0.612500 0.145000 0.300000
v 0.615500 0.134000 0.300000
v 0.587500 0.145000 0.200000
v 0.587500 0.207000 0.200000
v 0.612500 0.207000 0.300000
v 0.612500 0.145000 0.300000
v 0.587500 0.207000 0.200000
v 0.591500 0.219000 0.200000
v 0.616500 0.219000 0.300000
v 0.612500 0.207000 0.300000
v 0.591500 0.219000 0.200000
v 0.605500 0.225000 0.200000
v 0.630500 0.225000 0.300000
v 0.616500 0.219000 0.300000
v 0.605500 0.225000 0.200000
v 0.611500 0.231000 0.200000
v 0.636500 0.231000 0.300000
v 0.630500 0.225000 0.300000
v 0.611500 0.231000 0.200000
v 0.612500 0.239000 0.200000
v 0.637500 0.239000 0.300000
v 0.636500 0.231000 0.300000
v 0.612500 0.239000 0.200000
v 0.612500 0.254000 0.200000
v 0.637500 0.254000 0.300000
v 0.637500 0.239000 0.300000
v 0.612500 0.254000 0.200000
v 0.610500 0.260000 0.200000
v 0.635500 0.260000 0.300000
v 0.637500 0.254000 0.300000
v 0.610500 0.260000 0.200000
v 0.604500 0.264280 0.200000
v 0.629500 0.264280 0.300000
v 0.635500 0.260000 0.300000
v 0.604500 0.264280 0.200000
v 0.552500 0.264280 0.200000
v 0.577500 0.264280 0.300000
v 0.629500 0.264280 0.300000
v 0.552500 0.264280 0.200000
v 0.546500 0.260000 0.200000
v 0.571500 0.260000 0.300000
v 0.577500 0.264280 0.300000
v 0.546500 0.260000 0.200000
v 0.544500 0.254000 0.200000
v 0.569500 0.254000 0.300000
v 0.571500 0.260000 0.300000
v 0.544500 0.254000 0.200000
v 0.544500 0.239000 0.200000
v 0.569500 0.239000 0.300000
v 0.569500 0.254000 0.300000
v 0.544500 0.239000 0.200000
v 0.545500 0.231000 0.200000
v 0.570500 0.231000 0.300000
v 0.569500 0.239000 0.300000
v 0.545500 0.231000 0.200000
v 0.551500 0.225000 0.200000
v 0.576500 0.225000 0.300000
v 0.570500 0.231000 0.300000
v 0.551500 0.225000 0.200000
v 0.565500 0.219000 0.200000
v 0.590500 0.219000 0.300000
v 0.576500 0.225000 0.300000
v 0.565500 0.219000 0.200000
v 0.569500 0.207000 0.200000
v 0.594500 0.207000 0.300000
v 0.590500 0.219000 0.300000
v 0.569500 0.207000 0.200000
v 0.569500 0.145000 0.200000
v 0.594500 0.145000 0.300000
v 0.594500 0.207000 0.300000
v 0.569500 0.145000 0.200000
v 0.566500 0.134000 0.200000
v 0.591500 0.134000 0.300000
v 0.594500 0.145000 0.300000
v 0.566500 0.134000 0.200000
v 0.552500 0.124000 0.200000
v 0.577500 0.124000 0.300000
v 0.591500 0.134000 0.300000
v 0.552500 0.124000 0.200000
v 0.514500 0.113000 0.200000
v 0.539500 0.113000 0.300000
v 0.577500 0.124000 0.300000
v 0.514500 0.113000 0.200000
v 0.508500 0.108000 0.200000
v 0.533500 0.108000 0.300000
v 0.539500 0.113000 0.300000
v 0.508500 0.108000 0.200000
v 0.508500 0.099422 0.200000
v 0.533500 0.099422 0.300000
v 0.533500 0.108000 0.300000
v 0.508500 0.099422 0.200000
v 0.648500 0.099422 0.200000
v 0.673500 0.099422 0.300000
v 0.533500 0.099422 0.300000
v 0.673500 0.099422 0.300000
v 0.673500 0.108000 0.300000
v 0.698500 0.108000 0.400000
v 0.698500 0.099422 0.400000
v 0.673500 0.108000 0.300000
v 0.667500 0.113000 0.300000
v 0.692500 0.113000 0.400000
v 0.698500 0.108000 0.400000
v 0.667500 0.113000 0.300000
v 0.629500 0.124000 0.300000
v 0.654500 0.124000 0.400000
v 0.692500 0.113000 0.400000
v 0.629500 0.124000 0.300000
v 0.615500 0.134000 0.300000
v 0.640500 0.134000 0.400000
v 0.654500 0.124000 0.400000
v 0.615500 0.134000 0.300000
v 0.612500 0.145000 0.300000
v 0.637500 0.145000 0.400000
v 0.640500 0.134000 0.400000
v 0.612500 0.145000 0.300000
v 0.612500 0.207000 0.300000
v 0.637500 0.207000 0.400000
v 0.637500 0.145000 0.400000
v 0.612500 0.207000 0.300000
v 0.616500 0.219000 0.300000
v 0.641500 0.219000 0.400000
v 0.637500 0.207000 0.400000
v 0.616500 0.219000 0.300000
v 0.630500 0.225000 0.300000
v 0.655500 0.225000 0.400000
v 0.641500 0.219000 0.400000
v 0.630500 0.225000 0.300000
v 0.636500 0.231000 0.300000
v 0.661500 0.231000 0.400000
v 0.655500 0.225000 0.400000
v 0.636500 0.231000 0.300000
v 0.637500 0.239000 0.300000
v 0.662500 0.239000 0.400000
v 0.661500 0.231000 0.400000
v 0.637500 0.239000 0.300000
v 0.637500 0.254000 0.300000
v 0.662500 0.254000 0.400000
v 0.662500 0.239000 0.400000
v 0.637500 0.254000 0.300000
v 0.635500 0.260000 0.300000
v 0.660500 0.260000 0.400000
v 0.662500 0.254000 0.400000
v 0.635500 0.260000 0.300000
v 0.629500 0.264280 0.300000
v 0.654500 0.264280 0.400000
v 0.660500 0.260000 0.400000
v 0.629500 0.264280 0.300000
v 0.577500 0.264280 0.300000
v 0.602500 0.264280 0.400000
v 0.654500 0.264280 0.400000
v 0.577500 0.264280 0.300000
v 0.571500 0.260000 0.300000
v 0.596500 0.260000 0.400000
v 0.602500 0.264280 0.400000
v 0.571500 0.260000 0.300000
v 0.569500 0.254000 0.300000
v 0.594500 0.254000 0.400000
v 0.596500 0.260000 0.400000
v 0.569500 0.254000 0.300000
v 0.569500 0.239000 0.300000
v 0.594500 0.239000 0.400000
v 0.594500 0.254000 0.400000
v 0.569500 0.239000 0.300000
v 0.570500 0.231000 0.300000
v 0.595500 0.231000 0.400000
v 0.594500 0.239000 0.400000
v 0.570500 0.231000 0.300000
v 0.576500 0.225000 0.300000
v 0.601500 0.225000 0.400000
v 0.595500 0.231000 0.400000
v 0.576500 0.225000 0.300000
v 0.590500 0.219000 0.300000
v 0.615500 0.219000 0.400000
v 0.601500 0.225000 0.400000
v 0.590500 0.219000 0.300000
v 0.594500 0.207000 0.300000
v 0.619500 0.207000 0.400000
v 0.615500 0.219000 0.400000
v 0.594500 0.207000 0.300000
v 0.594500 0.145000 0.300000
v 0.619500 0.145000 0.400000
v 0.619500 0.207000 0.400000
v 0.594500 0.145000 0.300000
v 0.591500 0.134000 0.300000
v 0.616500 0.134000 0.400000
v 0.619500 0.145000 0.400000
v 0.591500 0.134000 0.300000
v 0.577500 0.124000 0.300000
v 0.602500 0.124000 0.400000
v 0.616500 0.134000 0.400000
v 0.577500 0.124000 0.300000
v 0.539500 0.113000 0.300000
v 0.564500 0.113000 0.400000
v 0.602500 0.124000 0.400000
v 0.539500 0.113000 0.300000
v 0.533500 0.108000 0.300000
v 0.558500 0.108000 0.400000
v 0.564500 0.113000 0.400000
v 0.533500 0.108000 0.300000
v 0.533500 0.099422 0.300000
v 0.558500 0.099422 0.400000
v 0.558500 0.108000 0.400000
v 0.533500 0.099422 0.300000
v 0.673500 0.099422 0.300000
v 0.698500 0.099422 0.400000
v 0.558500 0.099422 0.400000
v 0.598500 0.099422 0.000000
v 0.458500 0.099422 0.000000
v 0.458500 0.108000 0.000000
v 0.598500 0.099422 0.000000
v 0.458500 0.108000 0.000000
v 0.464500 0.113000 0.000000
v 0.598500 0.099422 0.000000
v 0.464500 0.113000 0.000000
v 0.502500 0.124000 0.000000
v 0.598500 0.099422 0.000000
v 0.502500 0.124000 0.000000
v 0.516500 0.134000 0.000000
v 0.515500 0.219000 0.000000
v 0.501500 0.225000 0.000000
v 0.495500 0.231000 0.000000
v 0.515500 0.219000 0.000000
v 0.495500 0.231000 0.000000
v 0.494500 0.239000 0.000000
v 0.515500 0.219000 0.000000
v 0.494500 0.239000 0.000000
v 0.494500 0.254000 0.000000
v 0.515500 0.219000 0.000000
v 0.494500 0.254000 0.000000
v 0.496500 0.260000 0.000000
v 0.515500 0.219000 0.000000
v 0.496500 0.260000 0.000000
v 0.502500 0.264280 0.000000
v 0.519500 0.207000 0.000000
v 0.515500 0.219000 0.000000
v 0.502500 0.264280 0.000000
v 0.519500 0.207000 0.000000
v 0.502500 0.264280 0.000000
v 0.554500 0.264280 0.000000
v 0.519500 0.207000 0.000000
v 0.554500 0.264280 0.000000
v 0.560500 0.260000 0.000000
v 0.519500 0.207000 0.000000
v 0.560500 0.260000 0.000000
v 0.562500 0.254000 0.000000
v 0.519500 0.207000 0.000000
v 0.562500 0.254000 0.000000
v 0.562500 0.239000 0.000000
v 0.519500 0.207000 0.000000
v 0.562500 0.239000 0.000000
v 0.561500 0.231000 0.000000
v 0.561500 0.231000 0.000000
v 0.555500 0.225000 0.000000
v 0.541500 0.219000 0.000000
v 0.519500 0.207000 0.000000
v 0.561500 0.231000 0.000000
v 0.541500 0.219000 0.000000
v 0.519500 0.207000 0.000000
v 0.541500 0.219000 0.000000
v 0.537500 0.207000 0.000000
v 0.519500 0.145000 0.000000
v 0.519500 0.207000 0.000000
v 0.537500 0.207000 0.000000
v 0.516500 0.134000 0.000000
v 0.519500 0.145000 0.000000
v 0.537500 0.207000 0.000000
v 0.516500 0.134000 0.000000
v 0.537500 0.207000 0.000000
v 0.537500 0.145000 0.000000
v 0.516500 0.134000 0.000000
v 0.537500 0.145000 0.000000
v 0.540500 0.134000 0.000000
v 0.516500 0.134000 0.000000
v 0.540500 0.134000 0.000000
v 0.554500 0.124000 0.000000
v 0.598500 0.099422 0.000000
v 0.516500 0.134000 0.000000
v 0.554500 0.124000 0.000000
v 0.598500 0.099422 0.000000
v 0.554500 0.124000 0.000000
v 0.592500 0.113000 0.000000
v 0.592500 0.113000 0.000000
v 0.598500 0.108000 0.000000
v 0.598500 0.099422 0.000000
vt 0.01062500 0.50839552
vt 0.01062500 0.53314987
vt 0.32937500 0.53314987
vt 0.32937500 0.50839552
vt 0.01062500 0.53314987
vt 0.01062500 0.54757884
vt 0.32937500 0.54757884
vt 0.32937500 0.53314987
vt 0.01062500 0.54757884
vt 0.01062500 0.57932257
vt 0.32937500 0.57932257
vt 0.32937500 0.54757884
vt 0.01062500 0.57932257
vt 0.01062500 0.60818052
vt 0.32937500 0.60818052
vt 0.32937500 0.57932257
vt 0.01062500 0.60818052
vt 0.01062500 0.63992425
vt 0.32937500 0.63992425
vt 0.32937500 0.60818052
vt 0.01062500 0.63992425
vt 0.01062500 0.81884350
vt 0.32937500 0.81884350
vt 0.32937500 0.63992425
vt 0.01062500 0.81884350
vt 0.01062500 0.85347303
vt 0.32937500 0.85347303
vt 0.32937500 0.81884350
vt 0.01062500 0.85347303
vt 0.01062500 0.87078779
vt 0.32937500 0.87078779
vt 0.32937500 0.85347303
vt 0.01062500 0.87078779
vt 0.01062500 0.88810256
vt 0.32937500 0.88810256
vt 0.32937500 0.87078779
vt 0.01062500 0.88810256
vt 0.01062500 0.91118891
vt 0.32937500 0.91118891
vt 0.32937500 0.88810256
vt 0.01062500 0.91118891
vt 0.01062500 0.95447583
vt 0.32937500 0.95447583
vt 0.32937500 0.91118891
vt 0.01062500 0.95447583
vt 0.01062500 0.97179059
vt 0.32937500 0.97179059
vt 0.32937500 0.95447583
vt 0.34062500 0.97014925
vt 0.34062500 0.92817164
vt 0.65937500 0.92817164
vt 0.65937500 0.97014925
vt 0.34062500 0.92817164
vt 0.34062500 0.56436567
vt 0.65937500 0.56436567
vt 0.65937500 0.92817164
vt 0.34062500 0.56436567
vt 0.34062500 0.52238806
vt 0.65937500 0.52238806
vt 0.65937500 0.56436567
vt 0.01062500 0.97179059
vt 0.01062500 0.95447583
vt 0.32937500 0.95447583
vt 0.32937500 0.97179059
vt 0.01062500 0.95447583
vt 0.01062500 0.91118891
vt 0.32937500 0.91118891
vt 0.32937500 0.95447583
vt 0.01062500 0.91118891
vt 0.01062500 0.88810256
vt 0.32937500 0.88810256
vt 0.32937500 0.91118891
vt 0.01062500 0.88810256
vt 0.01062500 0.87078779
vt 0.32937500 0.87078779
vt 0.32937500 0.88810256
vt 0.01062500 0.87078779
vt 0.01062500 0.85347303
vt 0.32937500 0.85347303
vt 0.32937500 0.87078779
vt 0.01062500 0.85347303
vt 0.01062500 0.81884350
vt 0.32937500 0.81884350
vt 0.32937500 0.85347303
vt 0.01062500 0.81884350
vt 0.01062500 0.63992425
vt 0.32937500 0.63992425
vt 0.32937500 0.81884350
vt 0.01062500 0.63992425
vt 0.01062500 0.60818052
vt 0.32937500 0.60818052
vt 0.32937500 0.63992425
vt 0.01062500 0.60818052
vt 0.01062500 0.57932257
vt 0.32937500 0.57932257
vt 0.32937500 0.60818052
vt 0.01062500 0.57932257
vt 0.01062500 0.54757884
vt 0.32937500 0.54757884
vt 0.32937500 0.57932257
vt 0.01062500 0.54757884
vt 0.01062500 0.53314987
vt 0.32937500 0.53314987
vt 0.32937500 0.54757884
vt 0.01062500 0.53314987
vt 0.01062500 0.50839552
vt 0.32937500 0.50839552
vt 0.32937500 0.53314987
vt 0.01062500 0.50839552
vt 0.01062500 0.57500000
vt 0.32937500 0.57500000
vt 0.32937500 0.50839552
vt 0.01062500 0.50839552
vt 0.01062500 0.53314987
vt 0.32937500 0.53314987
vt 0.32937500 0.50839552
vt 0.01062500 0.53314987
vt 0.01062500 0.54757884
vt 0.32937500 0.54757884
vt 0.32937500 0.53314987
vt 0.01062500 0.54757884
vt 0.01062500 0.57932257
vt 0.32937500 0.57932257
vt 0.32937500 0.54757884
vt 0.01062500 0.57932257
vt 0.01062500 0.60818052
vt 0.32937500 0.60818052
vt 0.32937500 0.57932257
vt 0.01062500 0.60818052
vt 0.01062500 0.63992425
vt 0.32937500 0.63992425
vt 0.32937500 0.60818052
vt 0.01062500 0.63992425
vt 0.01062500 0.81884350
vt 0.32937500 0.81884350
vt 0.32937500 0.63992425
vt 0.01062500 0.81884350
vt 0.01062500 0.85347303
vt 0.32937500 0.85347303
vt 0.32937500 0.81884350
vt 0.01062500 0.85347303
vt 0.01062500 0.87078779
vt 0.32937500 0.87078779
vt 0.32937500 0.85347303
vt 0.01062500 0.87078779
vt 0.01062500 0.88810256
vt 0.32937500 0.88810256
vt 0.32937500 0.87078779
vt 0.01062500 0.88810256
vt 0.01062500 0.91118891
vt 0.32937500 0.91118891
vt 0.32937500 0.88810256
vt 0.01062500 0.91118891
vt 0.01062500 0.95447583
vt 0.32937500 0.95447583
vt 0.32937500 0.91118891
vt 0.01062500 0.95447583
vt 0.01062500 0.97179059
vt 0.32937500 0.97179059
vt 0.32937500 0.95447583
vt 0.34062500 0.97014925
vt 0.34062500 0.92817164
vt 0.65937500 0.92817164
vt 0.65937500 0.97014925
vt 0.34062500 0.92817164
vt 0.34062500 0.56436567
vt 0.65937500 0.56436567
vt 0.65937500 0.92817164
vt 0.34062500 0.56436567
vt 0.34062500 0.52238806
vt 0.65937500 0.52238806
vt 0.65937500 0.56436567
vt 0.01062500 0.97179059
vt 0.01062500 0.95447583
vt 0.32937500 0.95447583
vt 0.32937500 0.97179059
vt 0.01062500 0.95447583
vt 0.01062500 0.91118891
vt 0.32937500 0.91118891
vt 0.32937500 0.95447583
vt 0.01062500 0.91118891
vt 0.01062500 0.88810256
vt 0.32937500 0.88810256
vt 0.32937500 0.91118891
vt 0.01062500 0.88810256
vt 0.01062500 0.87078779
vt 0.32937500 0.87078779
vt 0.32937500 0.88810256
vt 0.01062500 0.87078779
vt 0.01062500 0.85347303
vt 0.32937500 0.85347303
vt 0.32937500 0.87078779
vt 0.01062500 0.85347303
vt 0.01062500 0.81884350
vt 0.32937500 0.81884350
vt 0.32937500 0.85347303
vt 0.01062500 0.81884350
vt 0.01062500 0.63992425
vt 0.32937500 0.63992425
vt 0.32937500 0.81884350
vt 0.01062500 0.63992425
vt 0.01062500 0.60818052
vt 0.32937500 0.60818052
vt 0.32937500 0.63992425
vt 0.01062500 0.60818052
vt 0.01062500 0.57932257
vt 0.32937500 0.57932257
vt 0.32937500 0.60818052
vt 0.01062500 0.57932257
vt 0.01062500 0.54757884
vt 0.32937500 0.54757884
vt 0.32937500 0.57932257
vt 0.01062500 0.54757884
vt 0.01062500 0.53314987
vt 0.32937500 0.53314987
vt 0.32937500 0.54757884
vt 0.01062500 0.53314987
vt 0.01062500 0.50839552
vt 0.32937500 0.50839552
vt 0.32937500 0.53314987
vt 0.01062500 0.50839552
vt 0.01062500 0.57500000
vt 0.32937500 0.57500000
vt 0.32937500 0.50839552
vt 0.01062500 0.50839552
vt 0.01062500 0.53314987
vt 0.32937500 0.53314987
vt 0.32937500 0.50839552
vt 0.01062500 0.53314987
vt 0.01062500 0.54757884
vt 0.32937500 0.54757884
vt 0.32937500 0.53314987
vt 0.01062500 0.54757884
vt 0.01062500 0.57932257
vt 0.32937500 0.57932257
vt 0.32937500 0.54757884
vt 0.01062500 0.57932257
vt 0.01062500 0.60818052
vt 0.32937500 0.60818052
vt 0.32937500 0.57932257
vt 0.01062500 0.60818052
vt 0.01062500 0.63992425
vt 0.32937500 0.63992425
vt 0.32937500 0.60818052
vt 0.01062500 0.63992425
vt 0.01062500 0.81884350
vt 0.32937500 0.81884350
vt 0.32937500 0.63992425
vt 0.01062500 0.81884350
vt 0.01062500 0.85347303
vt 0.32937500 0.85347303
vt 0.32937500 0.81884350
vt 0.01062500 0.85347303
vt 0.01062500 0.87078779
vt 0.32937500 0.87078779
vt 0.32937500 0.85347303
vt 0.01062500 0.87078779
vt 0.01062500 0.88810256
vt 0.32937500 0.88810256
vt 0.32937500 0.87078779
vt 0.01062500 0.88810256
vt 0.01062500 0.91118891
vt 0.32937500 0.91118891
vt 0.32937500 0.88810256
vt 0.01062500 0.91118891
vt 0.01062500 0.95447583
vt 0.32937500 0.95447583
vt 0.32937500 0.91118891
vt 0.01062500 0.95447583
vt 0.01062500 0.97179059
vt 0.32937500 0.97179059
vt 0.32937500 0.95447583
vt 0.34062500 0.97014925
vt 0.34062500 0.92817164
vt 0.65937500 0.92817164
vt 0.65937500 0.97014925
vt 0.34062500 0.92817164
vt 0.34062500 0.56436567
vt 0.65937500 0.56436567
vt 0.65937500 0.92817164
vt 0.34062500 0.56436567
vt 0.34062500 0.52238806
vt 0.65937500 0.52238806
vt 0.65937500 0.56436567
vt 0.01062500 0.97179059
vt 0.01062500 0.95447583
vt 0.32937500 0.95447583
vt 0.32937500 0.97179059
vt 0.01062500 0.95447583
vt 0.01062500 0.91118891
vt 0.32937500 0.91118891
vt 0.32937500 0.95447583
vt 0.01062500 0.91118891
vt 0.01062500 0.88810256
vt 0.32937500 0.88810256
vt 0.32937500 0.91118891
vt 0.01062500 0.88810256
vt 0.01062500 0.87078779
vt 0.32937500 0.87078779
vt 0.32937500 0.88810256
vt 0.01062500 0.87078779
vt 0.01062500 0.85347303
vt 0.32937500 0.85347303
vt 0.32937500 0.87078779
vt 0.01062500 0.85347303
vt 0.01062500 0.81884350
vt 0.32937500 0.81884350
vt 0.32937500 0.85347303
vt 0.01062500 0.81884350
vt 0.01062500 0.63992425
vt 0.32937500 0.63992425
vt 0.32937500 0.81884350
vt 0.01062500 0.63992425
vt 0.01062500 0.60818052
vt 0.32937500 0.60818052
vt 0.32937500 0.63992425
vt 0.01062500 0.60818052
vt 0.01062500 0.57932257
vt 0.32937500 0.57932257
vt 0.32937500 0.60818052
vt 0.01062500 0.57932257
vt 0.01062500 0.54757884
vt 0.32937500 0.54757884
vt 0.32937500 0.57932257
vt 0.01062500 0.54757884
vt 0.01062500 0.53314987
vt 0.32937500 0.53314987
vt 0.32937500 0.54757884
vt 0.01062500 0.53314987
vt 0.01062500 0.50839552
vt 0.32937500 0.50839552
vt 0.32937500 0.53314987
vt 0.01062500 0.50839552
vt 0.01062500 0.57500000
vt 0.32937500 0.57500000
vt 0.32937500 0.50839552
vt 0.01062500 0.50839552
vt 0.01062500 0.53314987
vt 0.32937500 0.53314987
vt 0.32937500 0.50839552
vt 0.01062500 0.53314987
vt 0.01062500 0.54757884
vt 0.32937500 0.54757884
vt 0.32937500 0.53314987
vt 0.01062500 0.54757884
vt 0.01062500 0.57932257
vt 0.32937500 0.57932257
vt 0.32937500 0.54757884
vt 0.01062500 0.57932257
vt 0.01062500 0.60818052
vt 0.32937500 0.60818052
vt 0.32937500 0.57932257
vt 0.01062500 0.60818052
vt 0.01062500 0.63992425
vt 0.32937500 0.63992425
vt 0.32937500 0.60818052
vt 0.01062500 0.63992425
vt 0.01062500 0.81884350
vt 0.32937500 0.81884350
vt 0.32937500 0.63992425
vt 0.01062500 0.81884350
vt 0.01062500 0.85347303
vt 0.32937500 0.85347303
vt 0.32937500 0.81884350
vt 0.01062500 0.85347303
vt 0.01062500 0.87078779
vt 0.32937500 0.87078779
vt 0.32937500 0.85347303
vt 0.01062500 0.87078779
vt 0.01062500 0.88810256
vt 0.32937500 0.88810256
vt 0.32937500 0.87078779
vt 0.01062500 0.88810256
vt 0.01062500 0.91118891
vt 0.32937500 0.91118891
vt 0.32937500 0.88810256
vt 0.01062500 0.91118891
vt 0.01062500 0.95447583
vt 0.32937500 0.95447583
vt 0.32937500 0.91118891
vt 0.01062500 0.95447583
vt 0.01062500 0.97179059
vt 0.32937500 0.97179059
vt 0.32937500 0.95447583
vt 0.34062500 0.97014925
vt 0.34062500 0.92817164
vt 0.65937500 0.92817164
vt 0.65937500 0.97014925
vt 0.34062500 0.92817164
vt 0.34062500 0.56436567
vt 0.65937500 0.56436567
vt 0.65937500 0.92817164
vt 0.34062500 0.56436567
vt 0.34062500 0.52238806
vt 0.65937500 0.52238806
vt 0.65937500 0.56436567
vt 0.01062500 0.97179059
vt 0.01062500 0.95447583
vt 0.32937500 0.95447583
vt 0.32937500 0.97179059
vt 0.01062500 0.95447583
vt 0.01062500 0.91118891
vt 0.32937500 0.91118891
vt 0.32937500 0.95447583
vt 0.01062500 0.91118891
vt 0.01062500 0.88810256
vt 0.32937500 0.88810256
vt 0.32937500 0.91118891
vt 0.01062500 0.88810256
vt 0.01062500 0.87078779
vt 0.32937500 0.87078779
vt 0.32937500 0.88810256
vt 0.01062500 0.87078779
vt 0.01062500 0.85347303
vt 0.32937500 0.85347303
vt 0.32937500 0.87078779
vt 0.01062500 0.85347303
vt 0.01062500 0.81884350
vt 0.32937500 0.81884350
vt 0.32937500 0.85347303
vt 0.01062500 0.81884350
vt 0.01062500 0.63992425
vt 0.32937500 0.63992425
vt 0.32937500 0.81884350
vt 0.01062500 0.63992425
vt 0.01062500 0.60818052
vt 0.32937500 0.60818052
vt 0.32937500 0.63992425
vt 0.01062500 0.60818052
vt 0.01062500 0.57932257
vt 0.32937500 0.57932257
vt 0.32937500 0.60818052
vt 0.01062500 0.57932257
vt 0.01062500 0.54757884
vt 0.32937500 0.54757884
vt 0.32937500 0.57932257
vt 0.01062500 0.54757884
vt 0.01062500 0.53314987
vt 0.32937500 0.53314987
vt 0.32937500 0.54757884
vt 0.01062500 0.53314987
vt 0.01062500 0.50839552
vt 0.32937500 0.50839552
vt 0.32937500 0.53314987
vt 0.01062500 0.50839552
vt 0.01062500 0.57500000
vt 0.32937500 0.57500000
vt 0.32937500 0.50839552
vt 0.98937500 0.50839552
vt 0.67062500 0.50839552
vt 0.67062500 0.53314987
vt 0.98937500 0.50839552
vt 0.67062500 0.53314987
vt 0.68428571 0.54757884
vt 0.98937500 0.50839552
vt 0.68428571 0.54757884
vt 0.77080357 0.57932257
vt 0.98937500 0.50839552
vt 0.77080357 0.57932257
vt 0.80267857 0.60818052
vt 0.80040179 0.85347303
vt 0.76852679 0.87078779
vt 0.75486607 0.88810256
vt 0.80040179 0.85347303
vt 0.75486607 0.88810256
vt 0.75258929 0.91118891
vt 0.80040179 0.85347303
vt 0.75258929 0.91118891
vt 0.75258929 0.95447583
vt 0.80040179 0.85347303
vt 0.75258929 0.95447583
vt 0.75714286 0.97179059
vt 0.80040179 0.85347303
vt 0.75714286 0.97179059
vt 0.77080357 0.98414179
vt 0.80950893 0.81884350
vt 0.80040179 0.85347303
vt 0.77080357 0.98414179
vt 0.80950893 0.81884350
vt 0.77080357 0.98414179
vt 0.88919643 0.98414179
vt 0.80950893 0.81884350
vt 0.88919643 0.98414179
vt 0.90285714 0.97179059
vt 0.80950893 0.81884350
vt 0.90285714 0.97179059
vt 0.90741071 0.95447583
vt 0.80950893 0.81884350
vt 0.90741071 0.95447583
vt 0.90741071 0.91118891
vt 0.80950893 0.81884350
vt 0.90741071 0.91118891
vt 0.90513393 0.88810256
vt 0.90513393 0.88810256
vt 0.89147321 0.87078779
vt 0.85959821 0.85347303
vt 0.80950893 0.81884350
vt 0.90513393 0.88810256
vt 0.85959821 0.85347303
vt 0.80950893 0.81884350
vt 0.85959821 0.85347303
vt 0.85049107 0.81884350
vt 0.80950893 0.63992425
vt 0.80950893 0.81884350
vt 0.85049107 0.81884350
vt 0.80267857 0.60818052
vt 0.80950893 0.63992425
vt 0.85049107 0.81884350
vt 0.80267857 0.60818052
vt 0.85049107 0.81884350
vt 0.85049107 0.63992425
vt 0.80267857 0.60818052
vt 0.85049107 0.63992425
vt 0.85732143 0.60818052
vt 0.80267857 0.60818052
vt 0.85732143 0.60818052
vt 0.88919643 0.57932257
vt 0.98937500 0.50839552
vt 0.80267857 0.60818052
vt 0.88919643 0.57932257
vt 0.98937500 0.50839552
vt 0.88919643 0.57932257
vt 0.97571429 0.54757884
vt 0.97571429 0.54757884
vt 0.98937500 0.53314987
vt 0.98937500 0.50839552
vt 0.01062500 0.50839552
vt 0.01062500 0.53314987
vt 0.32937500 0.53314987
vt 0.32937500 0.50839552
vt 0.01062500 0.53314987
vt 0.01062500 0.54757884
vt 0.32937500 0.54757884
vt 0.32937500 0.53314987
vt 0.01062500 0.54757884
vt 0.01062500 0.57932257
vt 0.32937500 0.57932257
vt 0.32937500 0.54757884
vt 0.01062500 0.57932257
vt 0.01062500 0.60818052
vt 0.32937500 0.60818052
vt 0.32937500 0.57932257
vt 0.01062500 0.60818052
vt 0.01062500 0.63992425
vt 0.32937500 0.63992425
vt 0.32937500 0.60818052
vt 0.01062500 0.63992425
vt 0.01062500 0.81884350
vt 0.32937500 0.81884350
vt 0.32937500 0.63992425
vt 0.01062500 0.81884350
vt 0.01062500 0.85347303
vt 0.32937500 0.85347303
vt 0.32937500 0.81884350
vt 0.01062500 0.85347303
vt 0.01062500 0.87078779
vt 0.32937500 0.87078779
vt 0.32937500 0.85347303
vt 0.01062500 0.87078779
vt 0.01062500 0.88810256
vt 0.32937500 0.88810256
vt 0.32937500 0.87078779
vt 0.01062500 0.88810256
vt 0.01062500 0.91118891
vt 0.32937500 0.91118891
vt 0.32937500 0.88810256
vt 0.01062500 0.91118891
vt 0.01062500 0.95447583
vt 0.32937500 0.95447583
vt 0.32937500 0.91118891
vt 0.01062500 0.95447583
vt 0.01062500 0.97179059
vt 0.32937500 0.97179059
vt 0.32937500 0.95447583
vt 0.34062500 0.97014925
vt 0.34062500 0.92817164
vt 0.65937500 0.92817164
vt 0.65937500 0.97014925
vt 0.34062500 0.92817164
vt 0.34062500 0.56436567
vt 0.65937500 0.56436567
vt 0.65937500 0.92817164
vt 0.34062500 0.56436567
vt 0.34062500 0.52238806
vt 0.65937500 0.52238806
vt 0.65937500 0.56436567
vt 0.01062500 0.97179059
vt 0.01062500 0.95447583
vt 0.32937500 0.95447583
vt 0.32937500 0.97179059
vt 0.01062500 0.95447583
vt 0.01062500 0.91118891
vt 0.32937500 0.91118891
vt 0.32937500 0.95447583
vt 0.01062500 0.91118891
vt 0.01062500 0.88810256
vt 0.32937500 0.88810256
vt 0.32937500 0.91118891
vt 0.01062500 0.88810256
vt 0.01062500 0.87078779
vt 0.32937500 0.87078779
vt 0.32937500 0.88810256
vt 0.01062500 0.87078779
vt 0.01062500 0.85347303
vt 0.32937500 0.85347303
vt 0.32937500 0.87078779
vt 0.01062500 0.85347303
vt 0.01062500 0.81884350
vt 0.32937500 0.81884350
vt 0.32937500 0.85347303
vt 0.01062500 0.81884350
vt 0.01062500 0.63992425
vt 0.32937500 0.63992425
vt 0.32937500 0.81884350
vt 0.01062500 0.63992425
vt 0.01062500 0.60818052
vt 0.32937500 0.60818052
vt 0.32937500 0.63992425
vt 0.01062500 0.60818052
vt 0.01062500 0.57932257
vt 0.32937500 0.57932257
vt 0.32937500 0.60818052
vt 0.01062500 0.57932257
vt 0.01062500 0.54757884
vt 0.32937500 0.54757884
vt 0.32937500 0.57932257
vt 0.01062500 0.54757884
vt 0.01062500 0.53314987
vt 0.32937500 0.53314987
vt 0.32937500 0.54757884
vt 0.01062500 0.53314987
vt 0.01062500 0.50839552
vt 0.32937500 0.50839552
vt 0.32937500 0.53314987
vt 0.01062500 0.50839552
vt 0.01062500 0.57500000
vt 0.32937500 0.57500000
vt 0.32937500 0.50839552
vt 0.01062500 0.50839552
vt 0.01062500 0.53314987
vt 0.32937500 0.53314987
vt 0.32937500 0.50839552
vt 0.01062500 0.53314987
vt 0.01062500 0.54757884
vt 0.32937500 0.54757884
vt 0.32937500 0.53314987
vt 0.01062500 0.54757884
vt 0.01062500 0.57932257
vt 0.32937500 0.57932257
vt 0.32937500 0.54757884
vt 0.01062500 0.57932257
vt 0.01062500 0.60818052
vt 0.32937500 0.60818052
vt 0.32937500 0.57932257
vt 0.01062500 0.60818052
vt 0.01062500 0.63992425
vt 0.32937500 0.63992425
vt 0.32937500 0.60818052
vt 0.01062500 0.63992425
vt 0.01062500 0.81884350
vt 0.32937500 0.81884350
vt 0.32937500 0.63992425
vt 0.01062500 0.81884350
vt 0.01062500 0.85347303
vt 0.32937500 0.85347303
vt 0.32937500 0.81884350
vt 0.01062500 0.85347303
vt 0.01062500 0.87078779
vt 0.32937500 0.87078779
vt 0.32937500 0.85347303
vt 0.01062500 0.87078779
vt 0.01062500 0.88810256
vt 0.32937500 0.88810256
vt 0.32937500 0.87078779
vt 0.01062500 0.88810256
vt 0.01062500 0.91118891
vt 0.32937500 0.91118891
vt 0.32937500 0.88810256
vt 0.01062500 0.91118891
vt 0.01062500 0.95447583
vt 0.32937500 0.95447583
vt 0.32937500 0.91118891
vt 0.01062500 0.95447583
vt 0.01062500 0.97179059
vt 0.32937500 0.97179059
vt 0.32937500 0.95447583
vt 0.34062500 0.97014925
vt 0.34062500 0.92817164
vt 0.65937500 0.92817164
vt 0.65937500 0.97014925
vt 0.34062500 0.92817164
vt 0.34062500 0.56436567
vt 0.65937500 0.56436567
vt 0.65937500 0.92817164
vt 0.34062500 0.56436567
vt 0.34062500 0.52238806
vt 0.65937500 0.52238806
vt 0.65937500 0.56436567
vt 0.01062500 0.97179059
vt 0.01062500 0.95447583
vt 0.32937500 0.95447583
vt 0.32937500 0.97179059
vt 0.01062500 0.95447583
vt 0.01062500 0.91118891
vt 0.32937500 0.91118891
vt 0.32937500 0.95447583
vt 0.01062500 0.91118891
vt 0.01062500 0.88810256
vt 0.32937500 0.88810256
vt 0.32937500 0.91118891
vt 0.01062500 0.88810256
vt 0.01062500 0.87078779
vt 0.32937500 0.87078779
vt 0.32937500 0.88810256
vt 0.01062500 0.87078779
vt 0.01062500 0.85347303
vt 0.32937500 0.85347303
vt 0.32937500 0.87078779
vt 0.01062500 0.85347303
vt 0.01062500 0.81884350
vt 0.32937500 0.81884350
vt 0.32937500 0.85347303
vt 0.01062500 0.81884350
vt 0.01062500 0.63992425
vt 0.32937500 0.63992425
vt 0.32937500 0.81884350
vt 0.01062500 0.63992425
vt 0.01062500 0.60818052
vt 0.32937500 0.60818052
vt 0.32937500 0.63992425
vt 0.01062500 0.60818052
vt 0.01062500 0.57932257
vt 0.32937500 0.57932257
vt 0.32937500 0.60818052
vt 0.01062500 0.57932257
vt 0.01062500 0.54757884
vt 0.32937500 0.54757884
vt 0.32937500 0.57932257
vt 0.01062500 0.54757884
vt 0.01062500 0.53314987
vt 0.32937500 0.53314987
vt 0.32937500 0.54757884
vt 0.01062500 0.53314987
vt 0.01062500 0.50839552
vt 0.32937500 0.50839552
vt 0.32937500 0.53314987
vt 0.01062500 0.50839552
vt 0.01062500 0.57500000
vt 0.32937500 0.57500000
vt 0.32937500 0.50839552
vt 0.01062500 0.50839552
vt 0.01062500 0.53314987
vt 0.32937500 0.53314987
vt 0.32937500 0.50839552
vt 0.01062500 0.53314987
vt 0.01062500 0.54757884
vt 0.32937500 0.54757884
vt 0.32937500 0.53314987
vt 0.01062500 0.54757884
vt 0.01062500 0.57932257
vt 0.32937500 0.57932257
vt 0.32937500 0.54757884
vt 0.01062500 0.57932257
vt 0.01062500 0.60818052
vt 0.32937500 0.60818052
vt 0.32937500 0.57932257
vt 0.01062500 0.60818052
vt 0.01062500 0.63992425
vt 0.32937500 0.63992425
vt 0.32937500 0.60818052
vt 0.01062500 0.63992425
vt 0.01062500 0.81884350
vt 0.32937500 0.81884350
vt 0.32937500 0.63992425
vt 0.01062500 0.81884350
vt 0.01062500 0.85347303
vt 0.32937500 0.85347303
vt 0.32937500 0.81884350
vt 0.01062500 0.85347303
vt 0.01062500 0.87078779
vt 0.32937500 0.87078779
vt 0.32937500 0.85347303
vt 0.01062500 0.87078779
vt 0.01062500 0.88810256
vt 0.32937500 0.88810256
vt 0.32937500 0.87078779
vt 0.01062500 0.88810256
vt 0.01062500 0.91118891
vt 0.32937500 0.91118891
vt 0.32937500 0.88810256
vt 0.01062500 0.91118891
vt 0.01062500 0.95447583
vt 0.32937500 0.95447583
vt 0.32937500 0.91118891
vt 0.01062500 0.95447583
vt 0.01062500 0.97179059
vt 0.32937500 0.97179059
vt 0.32937500 0.95447583
vt 0.34062500 0.97014925
vt 0.34062500 0.92817164
vt 0.65937500 0.92817164
vt 0.65937500 0.97014925
vt 0.34062500 0.92817164
vt 0.34062500 0.56436567
vt 0.65937500 0.56436567
vt 0.65937500 0.92817164
vt 0.34062500 0.56436567
vt 0.34062500 0.52238806
vt 0.65937500 0.52238806
vt 0.65937500 0.56436567
vt 0.01062500 0.97179059
vt 0.01062500 0.95447583
vt 0.32937500 0.95447583
vt 0.32937500 0.97179059
vt 0.01062500 0.95447583
vt 0.01062500 0.91118891
vt 0.32937500 0.91118891
vt 0.32937500 0.95447583
vt 0.01062500 0.91118891
vt 0.01062500 0.88810256
vt 0.32937500 0.88810256
vt 0.32937500 0.91118891
vt 0.01062500 0.88810256
vt 0.01062500 0.87078779
vt 0.32937500 0.87078779
vt 0.32937500 0.88810256
vt 0.01062500 0.87078779
vt 0.01062500 0.85347303
vt 0.32937500 0.85347303
vt 0.32937500 0.87078779
vt 0.01062500 0.85347303
vt 0.01062500 0.81884350
vt 0.32937500 0.81884350
vt 0.32937500 0.85347303
vt 0.01062500 0.81884350
vt 0.01062500 0.63992425
vt 0.32937500 0.63992425
vt 0.32937500 0.81884350
vt 0.01062500 0.63992425
vt 0.01062500 0.60818052
vt 0.32937500 0.60818052
vt 0.32937500 0.63992425
vt 0.01062500 0.60818052
vt 0.01062500 0.57932257
vt 0.32937500 0.57932257
vt 0.32937500 0.60818052
vt 0.01062500 0.57932257
vt 0.01062500 0.54757884
vt 0.32937500 0.54757884
vt 0.32937500 0.57932257
vt 0.01062500 0.54757884
vt 0.01062500 0.53314987
vt 0.32937500 0.53314987
vt 0.32937500 0.54757884
vt 0.01062500 0.53314987
vt 0.01062500 0.50839552
vt 0.32937500 0.50839552
vt 0.32937500 0.53314987
vt 0.01062500 0.50839552
vt 0.01062500 0.57500000
vt 0.32937500 0.57500000
vt 0.32937500 0.50839552
vt 0.01062500 0.50839552
vt 0.01062500 0.53314987
vt 0.32937500 0.53314987
vt 0.32937500 0.50839552
vt 0.01062500 0.53314987
vt 0.01062500 0.54757884
vt 0.32937500 0.54757884
vt 0.32937500 0.53314987
vt 0.01062500 0.54757884
vt 0.01062500 0.57932257
vt 0.32937500 0.57932257
vt 0.32937500 0.54757884
vt 0.01062500 0.57932257
vt 0.01062500 0.60818052
vt 0.32937500 0.60818052
vt 0.32937500 0.57932257
vt 0.01062500 0.60818052
vt 0.01062500 0.63992425
vt 0.32937500 0.63992425
vt 0.32937500 0.60818052
vt 0.01062500 0.63992425
vt 0.01062500 0.81884350
vt 0.32937500 0.81884350
vt 0.32937500 0.63992425
vt 0.01062500 0.81884350
vt 0.01062500 0.85347303
vt 0.32937500 0.85347303
vt 0.32937500 0.81884350
vt 0.01062500 0.85347303
vt 0.01062500 0.87078779
vt 0.32937500 0.87078779
vt 0.32937500 0.85347303
vt 0.01062500 0.87078779
vt 0.01062500 0.88810256
vt 0.32937500 0.88810256
vt 0.32937500 0.87078779
vt 0.01062500 0.88810256
vt 0.01062500 0.91118891
vt 0.32937500 0.91118891
vt 0.32937500 0.88810256
vt 0.01062500 0.91118891
vt 0.01062500 0.95447583
vt 0.32937500 0.95447583
vt 0.32937500 0.91118891
vt 0.01062500 0.95447583
vt 0.01062500 0.97179059
vt 0.32937500 0.97179059
vt 0.32937500 0.95447583
vt 0.34062500 0.97014925
vt 0.34062500 0.92817164
vt 0.65937500 0.92817164
vt 0.65937500 0.97014925
vt 0.34062500 0.92817164
vt 0.34062500 0.56436567
vt 0.65937500 0.56436567
vt 0.65937500 0.92817164
vt 0.34062500 0.56436567
vt 0.34062500 0.52238806
vt 0.65937500 0.52238806
vt 0.65937500 0.56436567
vt 0.01062500 0.97179059
vt 0.01062500 0.95447583
vt 0.32937500 0.95447583
vt 0.32937500 0.97179059
vt 0.01062500 0.95447583
vt 0.01062500 0.91118891
vt 0.32937500 0.91118891
vt 0.32937500 0.95447583
vt 0.01062500 0.91118891
vt 0.01062500 0.88810256
vt 0.32937500 0.88810256
vt 0.32937500 0.91118891
vt 0.01062500 0.88810256
vt 0.01062500 0.87078779
vt 0.32937500 0.87078779
vt 0.32937500 0.88810256
vt 0.01062500 0.87078779
vt 0.01062500 0.85347303
vt 0.32937500 0.85347303
vt 0.32937500 0.87078779
vt 0.01062500 0.85347303
vt 0.01062500 0.81884350
vt 0.32937500 0.81884350
vt 0.32937500 0.85347303
vt 0.01062500 0.81884350
vt 0.01062500 0.63992425
vt 0.32937500 0.63992425
vt 0.32937500 0.81884350
vt 0.01062500 0.63992425
vt 0.01062500 0.60818052
vt 0.32937500 0.60818052
vt 0.32937500 0.63992425
vt 0.01062500 0.60818052
vt 0.01062500 0.57932257
vt 0.32937500 0.57932257
vt 0.32937500 0.60818052
vt 0.01062500 0.57932257
vt 0.01062500 0.54757884
vt 0.32937500 0.54757884
vt 0.32937500 0.57932257
vt 0.01062500 0.54757884
vt 0.01062500 0.53314987
vt 0.32937500 0.53314987
vt 0.32937500 0.54757884
vt 0.01062500 0.53314987
vt 0.01062500 0.50839552
vt 0.32937500 0.50839552
vt 0.32937500 0.53314987
vt 0.01062500 0.50839552
vt 0.01062500 0.57500000
vt 0.32937500 0.57500000
vt 0.32937500 0.50839552
vt 0.98937500 0.50839552
vt 0.67062500 0.50839552
vt 0.67062500 0.53314987
vt 0.98937500 0.50839552
vt 0.67062500 0.53314987
vt 0.68428571 0.54757884
vt 0.98937500 0.50839552
vt 0.68428571 0.54757884
vt 0.77080357 0.57932257
vt 0.98937500 0.50839552
vt 0.77080357 0.57932257
vt 0.80267857 0.60818052
vt 0.80040179 0.85347303
vt 0.76852679 0.87078779
vt 0.75486607 0.88810256
vt 0.80040179 0.85347303
vt 0.75486607 0.88810256
vt 0.75258929 0.91118891
vt 0.80040179 0.85347303
vt 0.75258929 0.91118891
vt 0.75258929 0.95447583
vt 0.80040179 0.85347303
vt 0.75258929 0.95447583
vt 0.75714286 0.97179059
vt 0.80040179 0.85347303
vt 0.75714286 0.97179059
vt 0.77080357 0.98414179
vt 0.80950893 0.81884350
vt 0.80040179 0.85347303
vt 0.77080357 0.98414179
vt 0.80950893 0.81884350
vt 0.77080357 0.98414179
vt 0.88919643 0.98414179
vt 0.80950893 0.81884350
vt 0.88919643 0.98414179
vt 0.90285714 0.97179059
vt 0.80950893 0.81884350
vt 0.90285714 0.97179059
vt 0.90741071 0.95447583
vt 0.80950893 0.81884350
vt 0.90741071 0.95447583
vt 0.90741071 0.91118891
vt 0.80950893 0.81884350
vt 0.90741071 0.91118891
vt 0.90513393 0.88810256
vt 0.90513393 0.88810256
vt 0.89147321 0.87078779
vt 0.85959821 0.85347303
vt 0.80950893 0.81884350
vt 0.90513393 0.88810256
vt 0.85959821 0.85347303
vt 0.80950893 0.81884350
vt 0.85959821 0.85347303
vt 0.85049107 0.81884350
vt 0.80950893 0.63992425
vt 0.80950893 0.81884350
vt 0.85049107 0.81884350
vt 0.80267857 0.60818052
vt 0.80950893 0.63992425
vt 0.85049107 0.81884350
vt 0.80267857 0.60818052
vt 0.85049107 0.81884350
vt 0.85049107 0.63992425
vt 0.80267857 0.60818052
vt 0.85049107 0.63992425
vt 0.85732143 0.60818052
vt 0.80267857 0.60818052
vt 0.85732143 0.60818052
vt 0.88919643 0.57932257
vt 0.98937500 0.50839552
vt 0.80267857 0.60818052
vt 0.88919643 0.57932257
vt 0.98937500 0.50839552
vt 0.88919643 0.57932257
vt 0.97571429 0.54757884
vt 0.97571429 0.54757884
vt 0.98937500 0.53314987
vt 0.98937500 0.50839552
vn 0.97014250 -0.00000000 0.24253563
vn 0.97014250 -0.00000000 0.24253563
vn 0.97014250 -0.00000000 0.24253563
vn 0.97014250 -0.00000000 0.24253563
vn 0.63213954 0.75856745 0.15803489
vn 0.63213954 0.75856745 0.15803489
vn 0.63213954 0.75856745 0.15803489
vn 0.63213954 0.75856745 0.15803489
vn 0.27738868 0.95825179 0.06934717
vn 0.27738868 0.95825179 0.06934717
vn 0.27738868 0.95825179 0.06934717
vn 0.27738868 0.95825179 0.06934717
vn 0.57519731 0.80527623 0.14379933
vn 0.57519731 0.80527623 0.14379933
vn 0.57519731 0.80527623 0.14379933
vn 0.57519731 0.80527623 0.14379933
vn 0.93787002 0.25578273 0.23446751
vn 0.93787002 0.25578273 0.23446751
vn 0.93787002 0.25578273 0.23446751
vn 0.93787002 0.25578273 0.23446751
vn 0.97014250 -0.00000000 0.24253563
vn 0.97014250 -0.00000000 0.24253563
vn 0.97014250 -0.00000000 0.24253563
vn 0.97014250 -0.00000000 0.24253563
vn 0.92307692 -0.30769231 0.23076923
vn 0.92307692 -0.30769231 0.23076923
vn 0.92307692 -0.30769231 0.23076923
vn 0.92307692 -0.30769231 0.23076923
vn 0.39202291 -0.91472013 0.09800573
vn 0.39202291 -0.91472013 0.09800573
vn 0.39202291 -0.91472013 0.09800573
vn 0.39202291 -0.91472013 0.09800573
vn 0.69631062 -0.69631062 0.17407766
vn 0.69631062 -0.69631062 0.17407766
vn 0.69631062 -0.69631062 0.17407766
vn 0.69631062 -0.69631062 0.17407766
vn 0.96308682 -0.12038585 0.24077171
vn 0.96308682 -0.12038585 0.24077171
vn 0.96308682 -0.12038585 0.24077171
vn 0.96308682 -0.12038585 0.24077171
vn 0.97014250 -0.00000000 0.24253563
vn 0.97014250 -0.00000000 0.24253563
vn 0.97014250 -0.00000000 0.24253563
vn 0.97014250 -0.00000000 0.24253563
vn 0.92307692 0.30769231 0.23076923
vn 0.92307692 0.30769231 0.23076923
vn 0.92307692 0.30769231 0.23076923
vn 0.92307692 0.30769231 0.23076923
vn 0.57469963 0.80565368 0.14367491
vn 0.57469963 0.80565368 0.14367491
vn 0.57469963 0.80565368 0.14367491
vn 0.57469963 0.80565368 0.14367491
vn 0.00000000 1.00000000 0.00000000
vn 0.00000000 1.00000000 0.00000000
vn 0.00000000 1.00000000 0.00000000
vn 0.00000000 1.00000000 0.00000000
vn -0.57469963 0.80565368 -0.14367491
vn -0.57469963 0.80565368 -0.14367491
vn -0.57469963 0.80565368 -0.14367491
vn -0.57469963 0.80565368 -0.14367491
vn -0.92307692 0.30769231 -0.23076923
vn -0.92307692 0.30769231 -0.23076923
vn -0.92307692 0.30769231 -0.23076923
vn -0.92307692 0.30769231 -0.23076923
vn -0.97014250 -0.00000000 -0.24253563
vn -0.97014250 -0.00000000 -0.24253563
vn -0.97014250 -0.00000000 -0.24253563
vn -0.97014250 -0.00000000 -0.24253563
vn -0.96308682 -0.12038585 -0.24077171
vn -0.96308682 -0.12038585 -0.24077171
vn -0.96308682 -0.12038585 -0.24077171
vn -0.96308682 -0.12038585 -0.24077171
vn -0.69631062 -0.69631062 -0.17407766
vn -0.69631062 -0.69631062 -0.17407766
vn -0.69631062 -0.69631062 -0.17407766
vn -0.69631062 -0.69631062 -0.17407766
vn -0.39202291 -0.91472013 -0.09800573
vn -0.39202291 -0.91472013 -0.09800573
vn -0.39202291 -0.91472013 -0.09800573
vn -0.39202291 -0.91472013 -0.09800573
vn -0.92307692 -0.30769231 -0.23076923
vn -0.92307692 -0.30769231 -0.23076923
vn -0.92307692 -0.30769231 -0.23076923
vn -0.92307692 -0.30769231 -0.23076923
vn -0.97014250 -0.00000000 -0.24253563
vn -0.97014250 -0.00000000 -0.24253563
vn -0.97014250 -0.00000000 -0.24253563
vn -0.97014250 -0.00000000 -0.24253563
vn -0.93787002 0.25578273 -0.23446751
vn -0.93787002 0.25578273 -0.23446751
vn -0.93787002 0.25578273 -0.23446751
vn -0.93787002 0.25578273 -0.23446751
vn -0.57519731 0.80527623 -0.14379933
vn -0.57519731 0.80527623 -0.14379933
vn -0.57519731 0.80527623 -0.14379933
vn -0.57519731 0.80527623 -0.14379933
vn -0.27738868 0.95825179 -0.06934717
vn -0.27738868 0.95825179 -0.06934717
vn -0.27738868 0.95825179 -0.06934717
vn -0.27738868 0.95825179 -0.06934717
vn -0.63213954 0.75856745 -0.15803489
vn -0.63213954 0.75856745 -0.15803489
vn -0.63213954 0.75856745 -0.15803489
vn -0.63213954 0.75856745 -0.15803489
vn -0.97014250 -0.00000000 -0.24253563
vn -0.97014250 -0.00000000 -0.24253563
vn -0.97014250 -0.00000000 -0.24253563
vn -0.97014250 -0.00000000 -0.24253563
vn 0.00000000 -1.00000000 0.00000000
vn 0.00000000 -1.00000000 0.00000000
vn 0.00000000 -1.00000000 0.00000000
vn 0.00000000 -1.00000000 0.00000000
vn 0.97014250 -0.00000000 0.24253563
vn 0.97014250 -0.00000000 0.24253563
vn 0.97014250 -0.00000000 0.24253563
vn 0.97014250 -0.00000000 0.24253563
vn 0.63213954 0.75856745 0.15803489
vn 0.63213954 0.75856745 0.15803489
vn 0.63213954 0.75856745 0.15803489
vn 0.63213954 0.75856745 0.15803489
vn 0.27738868 0.95825179 0.06934717
vn 0.27738868 0.95825179 0.06934717
vn 0.27738868 0.95825179 0.06934717
vn 0.27738868 0.95825179 0.06934717
vn 0.57519731 0.80527623 0.14379933
vn 0.57519731 0.80527623 0.14379933
vn 0.57519731 0.80527623 0.14379933
vn 0.57519731 0.80527623 0.14379933
vn 0.93787002 0.25578273 0.23446751
vn 0.93787002 0.25578273 0.23446751
vn 0.93787002 0.25578273 0.23446751
vn 0.93787002 0.25578273 0.23446751
vn 0.97014250 -0.00000000 0.24253563
vn 0.97014250 -0.00000000 0.24253563
vn 0.97014250 -0.00000000 0.24253563
vn 0.97014250 -0.00000000 0.24253563
vn 0.92307692 -0.30769231 0.23076923
vn 0.92307692 -0.30769231 0.23076923
vn 0.92307692 -0.30769231 0.23076923
vn 0.92307692 -0.30769231 0.23076923
vn 0.39202291 -0.91472013 0.09800573
vn 0.39202291 -0.91472013 0.09800573
vn 0.39202291 -0.91472013 0.09800573
vn 0.39202291 -0.91472013 0.09800573
vn 0.69631062 -0.69631062 0.17407766
vn 0.69631062 -0.69631062 0.17407766
vn 0.69631062 -0.69631062 0.17407766
vn 0.69631062 -0.69631062 0.17407766
vn 0.96308682 -0.12038585 0.24077171
vn 0.96308682 -0.12038585 0.24077171
vn 0.96308682 -0.12038585 0.24077171
vn 0.96308682 -0.12038585 0.24077171
vn 0.97014250 -0.00000000 0.24253563
vn 0.97014250 -0.00000000 0.24253563
vn 0.97014250 -0.00000000 0.24253563
vn 0.97014250 -0.00000000 0.24253563
vn 0.92307692 0.30769231 0.23076923
vn 0.92307692 0.30769231 0.23076923
vn 0.92307692 0.30769231 0.23076923
vn 0.92307692 0.30769231 0.23076923
vn 0.57469963 0.80565368 0.14367491
vn 0.57469963 0.80565368 0.14367491
vn 0.57469963 0.80565368 0.14367491
vn 0.57469963 0.80565368 0.14367491
vn 0.00000000 1.00000000 0.00000000
vn 0.00000000 1.00000000 0.00000000
vn 0.00000000 1.00000000 0.00000000
vn 0.00000000 1.00000000 0.00000000
vn -0.57469963 0.80565368 -0.14367491
vn -0.57469963 0.80565368 -0.14367491
vn -0.57469963 0.80565368 -0.14367491
vn -0.57469963 0.80565368 -0.14367491
vn -0.92307692 0.30769231 -0.23076923
vn -0.92307692 0.30769231 -0.23076923
vn -0.92307692 0.30769231 -0.23076923
vn -0.92307692 0.30769231 -0.23076923
vn -0.97014250 -0.00000000 -0.24253563
vn -0.97014250 -0.00000000 -0.24253563
vn -0.97014250 -0.00000000 -0.24253563
vn -0.97014250 -0.00000000 -0.24253563
vn -0.96308682 -0.12038585 -0.24077171
vn -0.96308682 -0.12038585 -0.24077171
vn -0.96308682 -0.12038585 -0.24077171
vn -0.96308682 -0.12038585 -0.24077171
vn -0.69631062 -0.69631062 -0.17407766
vn -0.69631062 -0.69631062 -0.17407766
vn -0.69631062 -0.69631062 -0.17407766
vn -0.69631062 -0.69631062 -0.17407766
vn -0.39202291 -0.91472013 -0.09800573
vn -0.39202291 -0.91472013 -0.09800573
vn -0.39202291 -0.91472013 -0.09800573
vn -0.39202291 -0.91472013 -0.09800573
vn -0.92307692 -0.30769231 -0.23076923
vn -0.92307692 -0.30769231 -0.23076923
vn -0.92307692 -0.30769231 -0.23076923
vn -0.92307692 -0.30769231 -0.23076923
vn -0.97014250 -0.00000000 -0.24253563
vn -0.97014250 -0.00000000 -0.24253563
vn -0.97014250 -0.00000000 -0.24253563
vn -0.97014250 -0.00000000 -0.24253563
vn -0.93787002 0.25578273 -0.23446751
vn -0.93787002 0.25578273 -0.23446751
vn -0.93787002 0.25578273 -0.23446751
vn -0.93787002 0.25578273 -0.23446751
vn -0.57519731 0.80527623 -0.14379933
vn -0.57519731 0.80527623 -0.14379933
vn -0.57519731 0.80527623 -0.14379933
vn -0.57519731 0.80527623 -0.14379933
vn -0.27738868 0.95825179 -0.06934717
vn -0.27738868 0.95825179 -0.06934717
vn -0.27738868 0.95825179 -0.06934717
vn -0.27738868 0.95825179 -0.06934717
vn -0.63213954 0.75856745 -0.15803489
vn -0.63213954 0.75856745 -0.15803489
vn -0.63213954 0.75856745 -0.15803489
vn -0.63213954 0.75856745 -0.15803489
vn -0.97014250 -0.00000000 -0.24253563
vn -0.97014250 -0.00000000 -0.24253563
vn -0.97014250 -0.00000000 -0.24253563
vn -0.97014250 -0.00000000 -0.24253563
vn 0.00000000 -1.00000000 0.00000000
vn 0.00000000 -1.00000000 0.00000000
vn 0.00000000 -1.00000000 0.00000000
vn 0.00000000 -1.00000000 0.00000000
vn 0.97014250 -0.00000000 0.24253563
vn 0.97014250 -0.00000000 0.24253563
vn 0.97014250 -0.00000000 0.24253563
vn 0.97014250 -0.00000000 0.24253563
vn 0.63213954 0.75856745 0.15803489
vn 0.63213954 0.75856745 0.15803489
vn 0.63213954 0.75856745 0.15803489
vn 0.63213954 0.75856745 0.15803489
vn 0.27738868 0.95825179 0.06934717
vn 0.27738868 0.95825179 0.06934717
vn 0.27738868 0.95825179 0.06934717
vn 0.27738868 0.95825179 0.06934717
vn 0.57519731 0.80527623 0.14379933
vn 0.57519731 0.80527623 0.14379933
vn 0.57519731 0.80527623 0.14379933
vn 0.57519731 0.80527623 0.14379933
vn 0.93787002 0.25578273 0.23446751
vn 0.93787002 0.25578273 0.23446751
vn 0.93787002 0.25578273 0.23446751
vn 0.93787002 0.25578273 0.23446751
vn 0.97014250 -0.00000000 0.24253563
vn 0.97014250 -0.00000000 0.24253563
vn 0.97014250 -0.00000000 0.24253563
vn 0.97014250 -0.00000000 0.24253563
vn 0.92307692 -0.30769231 0.23076923
vn 0.92307692 -0.30769231 0.23076923
vn 0.92307692 -0.30769231 0.23076923
vn 0.92307692 -0.30769231 0.23076923
vn 0.39202291 -0.91472013 0.09800573
vn 0.39202291 -0.91472013 0.09800573
vn 0.39202291 -0.91472013 0.09800573
vn 0.39202291 -0.91472013 0.09800573
vn 0.69631062 -0.69631062 0.17407766
vn 0.69631062 -0.69631062 0.17407766
vn 0.69631062 -0.69631062 0.17407766
vn 0.69631062 -0.69631062 0.17407766
vn 0.96308682 -0.12038585 0.24077171
vn 0.96308682 -0.12038585 0.24077171
vn 0.96308682 -0.12038585 0.24077171
vn 0.96308682 -0.12038585 0.24077171
vn 0.97014250 -0.00000000 0.24253563
vn 0.97014250 -0.00000000 0.24253563
vn 0.97014250 -0.00000000 0.24253563
vn 0.97014250 -0.00000000 0.24253563
vn 0.92307692 0.30769231 0.23076923
vn 0.92307692 0.30769231 0.23076923
vn 0.92307692 0.30769231 0.23076923
vn 0.92307692 0.30769231 0.23076923
vn 0.57469963 0.80565368 0.14367491
vn 0.57469963 0.80565368 0.14367491
vn 0.57469963 0.80565368 0.14367491
vn 0.57469963 0.80565368 0.14367491
vn 0.00000000 1.00000000 0.00000000
vn 0.00000000 1.00000000 0.00000000
vn 0.00000000 1.00000000 0.00000000
vn 0.00000000 1.00000000 0.00000000
vn -0.57469963 0.80565368 -0.14367491
vn -0.57469963 0.80565368 -0.14367491
vn -0.57469963 0.80565368 -0.14367491
vn -0.57469963 0.80565368 -0.14367491
vn -0.92307692 0.30769231 -0.23076923
vn -0.92307692 0.30769231 -0.23076923
vn -0.92307692 0.30769231 -0.23076923
vn -0.92307692 0.30769231 -0.23076923
vn -0.97014250 -0.00000000 -0.24253563
vn -0.97014250 -0.00000000 -0.24253563
vn -0.97014250 -0.00000000 -0.24253563
vn -0.97014250 -0.00000000 -0.24253563
vn -0.96308682 -0.12038585 -0.24077171
vn -0.96308682 -0.12038585 -0.24077171
vn -0.96308682 -0.12038585 -0.24077171
vn -0.96308682 -0.12038585 -0.24077171
vn -0.69631062 -0.69631062 -0.17407766
vn -0.69631062 -0.69631062 -0.17407766
vn -0.69631062 -0.69631062 -0.17407766
vn -0.69631062 -0.69631062 -0.17407766
vn -0.39202291 -0.91472013 -0.09800573
vn -0.39202291 -0.91472013 -0.09800573
vn -0.39202291 -0.91472013 -0.09800573
vn -0.39202291 -0.91472013 -0.09800573
vn -0.92307692 -0.30769231 -0.23076923
vn -0.92307692 -0.30769231 -0.23076923
vn -0.92307692 -0.30769231 -0.23076923
vn -0.92307692 -0.30769231 -0.23076923
vn -0.97014250 -0.00000000 -0.24253563
vn -0.97014250 -0.00000000 -0.24253563
vn -0.97014250 -0.00000000 -0.24253563
vn -0.97014250 -0.00000000 -0.24253563
vn -0.93787002 0.25578273 -0.23446751
vn -0.93787002 0.25578273 -0.23446751
vn -0.93787002 0.25578273 -0.23446751
vn -0.93787002 0.25578273 -0.23446751
vn -0.57519731 0.80527623 -0.14379933
vn -0.57519731 0.80527623 -0.14379933
vn -0.57519731 0.80527623 -0.14379933
vn -0.57519731 0.80527623 -0.14379933
vn -0.27738868 0.95825179 -0.06934717
vn -0.27738868 0.95825179 -0.06934717
vn -0.27738868 0.95825179 -0.06934717
vn -0.27738868 0.95825179 -0.06934717
vn -0.63213954 0.75856745 -0.15803489
vn -0.63213954 0.75856745 -0.15803489
vn -0.63213954 0.75856745 -0.15803489
vn -0.63213954 0.75856745 -0.15803489
vn -0.97014250 -0.00000000 -0.24253563
vn -0.97014250 -0.00000000 -0.24253563
vn -0.97014250 -0.00000000 -0.24253563
vn -0.97014250 -0.00000000 -0.24253563
vn 0.00000000 -1.00000000 0.00000000
vn 0.00000000 -1.00000000 0.00000000
vn 0.00000000 -1.00000000 0.00000000
vn 0.00000000 -1.00000000 0.00000000
vn 0.97014250 -0.00000000 0.24253563
vn 0.97014250 -0.00000000 0.24253563
vn 0.97014250 -0.00000000 0.24253563
vn 0.97014250 -0.00000000 0.24253563
vn 0.63213954 0.75856745 0.15803489
vn 0.63213954 0.75856745 0.15803489
vn 0.63213954 0.75856745 0.15803489
vn 0.63213954 0.75856745 0.15803489
vn 0.27738868 0.95825179 0.06934717
vn 0.27738868 0.95825179 0.06934717
vn 0.27738868 0.95825179 0.06934717
vn 0.27738868 0.95825179 0.06934717
vn 0.57519731 0.80527623 0.14379933
vn 0.57519731 0.80527623 0.14379933
vn 0.57519731 0.80527623 0.14379933
vn 0.57519731 0.80527623 0.14379933
vn 0.93787002 0.25578273 0.23446751
vn 0.93787002 0.25578273 0.23446751
vn 0.93787002 0.25578273 0.23446751
vn 0.93787002 0.25578273 0.23446751
vn 0.97014250 -0.00000000 0.24253563
vn 0.97014250 -0.00000000 0.24253563
vn 0.97014250 -0.00000000 0.24253563
vn 0.97014250 -0.00000000 0.24253563
vn 0.92307692 -0.30769231 0.23076923
vn 0.92307692 -0.30769231 0.23076923
vn 0.92307692 -0.30769231 0.23076923
vn 0.92307692 -0.30769231 0.23076923
vn 0.39202291 -0.91472013 0.09800573
vn 0.39202291 -0.91472013 0.09800573
vn 0.39202291 -0.91472013 0.09800573
vn 0.39202291 -0.91472013 0.09800573
vn 0.69631062 -0.69631062 0.17407766
vn 0.69631062 -0.69631062 0.17407766
vn 0.69631062 -0.69631062 0.17407766
vn 0.69631062 -0.69631062 0.17407766
vn 0.96308682 -0.12038585 0.24077171
vn 0.96308682 -0.12038585 0.24077171
vn 0.96308682 -0.12038585 0.24077171
vn 0.96308682 -0.12038585 0.24077171
vn 0.97014250 -0.00000000 0.24253563
vn 0.97014250 -0.00000000 0.24253563
vn 0.97014250 -0.00000000 0.24253563
vn 0.97014250 -0.00000000 0.24253563
vn 0.92307692 0.30769231 0.23076923
vn 0.92307692 0.30769231 0.23076923
vn 0.92307692 0.30769231 0.23076923
vn 0.92307692 0.30769231 0.23076923
vn 0.57469963 0.80565368 0.14367491
vn 0.57469963 0.80565368 0.14367491
vn 0.57469963 0.80565368 0.14367491
vn 0.57469963 0.80565368 0.14367491
vn 0.00000000 1.00000000 0.00000000
vn 0.00000000 1.00000000 0.00000000
vn 0.00000000 1.00000000 0.00000000
vn 0.00000000 1.00000000 0.00000000
vn -0.57469963 0.80565368 -0.14367491
vn -0.57469963 0.80565368 -0.14367491
vn -0.57469963 0.80565368 -0.14367491
vn -0.57469963 0.80565368 -0.14367491
vn -0.92307692 0.30769231 -0.23076923
vn -0.92307692 0.30769231 -0.23076923
vn -0.92307692 0.30769231 -0.23076923
vn -0.92307692 0.30769231 -0.23076923
vn -0.97014250 -0.00000000 -0.24253563
vn -0.97014250 -0.00000000 -0.24253563
vn -0.97014250 -0.00000000 -0.24253563
vn -0.97014250 -0.00000000 -0.24253563
vn -0.96308682 -0.12038585 -0.24077171
vn -0.96308682 -0.12038585 -0.24077171
vn -0.96308682 -0.12038585 -0.24077171
vn -0.96308682 -0.12038585 -0.24077171
vn -0.69631062 -0.69631062 -0.17407766
vn -0.69631062 -0.69631062 -0.17407766
vn -0.69631062 -0.69631062 -0.17407766
vn -0.69631062 -0.69631062 -0.17407766
vn -0.39202291 -0.91472013 -0.09800573
vn -0.39202291 -0.91472013 -0.09800573
vn -0.39202291 -0.91472013 -0.09800573
vn -0.39202291 -0.91472013 -0.09800573
vn -0.92307692 -0.30769231 -0.23076923
vn -0.92307692 -0.30769231 -0.23076923
vn -0.92307692 -0.30769231 -0.23076923
vn -0.92307692 -0.30769231 -0.23076923
vn -0.97014250 -0.00000000 -0.24253563
vn -0.97014250 -0.00000000 -0.24253563
vn -0.97014250 -0.00000000 -0.24253563
vn -0.97014250 -0.00000000 -0.24253563
vn -0.93787002 0.25578273 -0.23446751
vn -0.93787002 0.25578273 -0.23446751
vn -0.93787002 0.25578273 -0.23446751
vn -0.93787002 0.25578273 -0.23446751
vn -0.57519731 0.80527623 -0.14379933
vn -0.57519731 0.80527623 -0.14379933
vn -0.57519731 0.80527623 -0.14379933
vn -0.57519731 0.80527623 -0.14379933
vn -0.27738868 0.95825179 -0.06934717
vn -0.27738868 0.95825179 -0.06934717
vn -0.27738868 0.95825179 -0.06934717
vn -0.27738868 0.95825179 -0.06934717
vn -0.63213954 0.75856745 -0.15803489
vn -0.63213954 0.75856745 -0.15803489
vn -0.63213954 0.75856745 -0.15803489
vn -0.63213954 0.75856745 -0.15803489
vn -0.97014250 -0.00000000 -0.24253563
vn -0.97014250 -0.00000000 -0.24253563
vn -0.97014250 -0.00000000 -0.24253563
vn -0.97014250 -0.00000000 -0.24253563
vn 0.00000000 -1.00000000 0.00000000
vn 0.00000000 -1.00000000 0.00000000
vn 0.00000000 -1.00000000 0.00000000
vn 0.00000000 -1.00000000 0.00000000
vn 0.00000000 0.00000000 -1.00000000
vn 0.00000000 0.00000000 -1.00000000
vn 0.00000000 0.00000000 -1.00000000
vn 0.00000000 0.00000000 -1.00000000
vn 0.00000000 0.00000000 -1.00000000
vn 0.00000000 0.00000000 -1.00000000
vn 0.00000000 0.00000000 -1.00000000
vn 0.00000000 0.00000000 -1.00000000
vn 0.00000000 0.00000000 -1.00000000
vn 0.00000000 0.00000000 -1.00000000
vn 0.00000000 0.00000000 -1.00000000
vn 0.00000000 0.00000000 -1.00000000
vn 0.00000000 0.00000000 -1.00000000
vn 0.00000000 0.00000000 -1.00000000
vn 0.00000000 0.00000000 -1.00000000
vn 0.00000000 0.00000000 -1.00000000
vn 0.00000000 0.00000000 -1.00000000
vn 0.00000000 0.00000000 -1.00000000
vn 0.00000000 0.00000000 -1.00000000
vn 0.00000000 0.00000000 -1.00000000
vn 0.00000000 0.00000000 -1.00000000
vn 0.00000000 0.00000000 -1.00000000
vn 0.00000000 0.00000000 -1.00000000
vn 0.00000000 0.00000000 -1.00000000
vn 0.00000000 0.00000000 -1.00000000
vn 0.00000000 0.00000000 -1.00000000
vn 0.00000000 0.00000000 -1.00000000
vn 0.00000000 0.00000000 -1.00000000
vn 0.00000000 0.00000000 -1.00000000
vn 0.00000000 0.00000000 -1.00000000
vn 0.00000000 0.00000000 -1.00000000
vn 0.00000000 0.00000000 -1.00000000
vn 0.00000000 0.00000000 -1.00000000
vn 0.00000000 0.00000000 -1.00000000
vn 0.00000000 0.00000000 -1.00000000
vn 0.00000000 0.00000000 -1.00000000
vn 0.00000000 0.00000000 -1.00000000
vn 0.00000000 0.00000000 -1.00000000
vn 0.00000000 0.00000000 -1.00000000
vn 0.00000000 0.00000000 -1.00000000
vn 0.00000000 0.00000000 -1.00000000
vn 0.00000000 0.00000000 -1.00000000
vn 0.00000000 0.00000000 -1.00000000
vn 0.00000000 0.00000000 -1.00000000
vn 0.00000000 0.00000000 -1.00000000
vn 0.00000000 0.00000000 -1.00000000
vn 0.00000000 0.00000000 -1.00000000
vn 0.00000000 0.00000000 -1.00000000
vn 0.00000000 0.00000000 -1.00000000
vn 0.00000000 0.00000000 -1.00000000
vn 0.00000000 0.00000000 -1.00000000
vn 0.00000000 0.00000000 -1.00000000
vn 0.00000000 0.00000000 -1.00000000
vn 0.00000000 0.00000000 -1.00000000
vn 0.00000000 0.00000000 -1.00000000
vn 0.00000000 0.00000000 -1.00000000
vn 0.00000000 0.00000000 -1.00000000
vn 0.00000000 0.00000000 -1.00000000
vn 0.00000000 0.00000000 -1.00000000
vn 0.00000000 0.00000000 -1.00000000
vn 0.00000000 0.00000000 -1.00000000
vn 0.00000000 0.00000000 -1.00000000
vn 0.00000000 0.00000000 -1.00000000
vn 0.00000000 0.00000000 -1.00000000
vn 0.00000000 0.00000000 -1.00000000
vn 0.00000000 0.00000000 -1.00000000
vn 0.00000000 0.00000000 -1.00000000
vn 0.00000000 0.00000000 -1.00000000
vn 0.00000000 0.00000000 -1.00000000
vn 0.00000000 0.00000000 -1.00000000
vn 0.00000000 0.00000000 -1.00000000
vn 0.00000000 0.00000000 -1.00000000
vn 0.00000000 0.00000000 -1.00000000
vn 0.00000000 0.00000000 -1.00000000
vn 0.00000000 0.00000000 -1.00000000
vn 0.00000000 0.00000000 -1.00000000
vn 0.00000000 0.00000000 -1.00000000
vn 0.00000000 0.00000000 -1.00000000
vn 0.97014250 0.00000000 -0.24253563
vn 0.97014250 0.00000000 -0.24253563
vn 0.97014250 0.00000000 -0.24253563
vn 0.97014250 0.00000000 -0.24253563
vn 0.63213954 0.75856745 -0.15803489
vn 0.63213954 0.75856745 -0.15803489
vn 0.63213954 0.75856745 -0.15803489
vn 0.63213954 0.75856745 -0.15803489
vn 0.27738868 0.95825179 -0.06934717
vn 0.27738868 0.95825179 -0.06934717
vn 0.27738868 0.95825179 -0.06934717
vn 0.27738868 0.95825179 -0.06934717
vn 0.57519731 0.80527623 -0.14379933
vn 0.57519731 0.80527623 -0.14379933
vn 0.57519731 0.80527623 -0.14379933
vn 0.57519731 0.80527623 -0.14379933
vn 0.93787002 0.25578273 -0.23446751
vn 0.93787002 0.25578273 -0.23446751
vn 0.93787002 0.25578273 -0.23446751
vn 0.93787002 0.25578273 -0.23446751
vn 0.97014250 0.00000000 -0.24253563
vn 0.97014250 0.00000000 -0.24253563
vn 0.97014250 0.00000000 -0.24253563
vn 0.97014250 0.00000000 -0.24253563
vn 0.92307692 -0.30769231 -0.23076923
vn 0.92307692 -0.30769231 -0.23076923
vn 0.92307692 -0.30769231 -0.23076923
vn 0.92307692 -0.30769231 -0.23076923
vn 0.39202291 -0.91472013 -0.09800573
vn 0.39202291 -0.91472013 -0.09800573
vn 0.39202291 -0.91472013 -0.09800573
vn 0.39202291 -0.91472013 -0.09800573
vn 0.69631062 -0.69631062 -0.17407766
vn 0.69631062 -0.69631062 -0.17407766
vn 0.69631062 -0.69631062 -0.17407766
vn 0.69631062 -0.69631062 -0.17407766
vn 0.96308682 -0.12038585 -0.24077171
vn 0.96308682 -0.12038585 -0.24077171
vn 0.96308682 -0.12038585 -0.24077171
vn 0.96308682 -0.12038585 -0.24077171
vn 0.97014250 0.00000000 -0.24253563
vn 0.97014250 0.00000000 -0.24253563
vn 0.97014250 0.00000000 -0.24253563
vn 0.97014250 0.00000000 -0.24253563
vn 0.92307692 0.30769231 -0.23076923
vn 0.92307692 0.30769231 -0.23076923
vn 0.92307692 0.30769231 -0.23076923
vn 0.92307692 0.30769231 -0.23076923
vn 0.57469963 0.80565368 -0.14367491
vn 0.57469963 0.80565368 -0.14367491
vn 0.57469963 0.80565368 -0.14367491
vn 0.57469963 0.80565368 -0.14367491
vn 0.00000000 1.00000000 0.00000000
vn 0.00000000 1.00000000 0.00000000
vn 0.00000000 1.00000000 0.00000000
vn 0.00000000 1.00000000 0.00000000
vn -0.57469963 0.80565368 0.14367491
vn -0.57469963 0.80565368 0.14367491
vn -0.57469963 0.80565368 0.14367491
vn -0.57469963 0.80565368 0.14367491
vn -0.92307692 0.30769231 0.23076923
vn -0.92307692 0.30769231 0.23076923
vn -0.92307692 0.30769231 0.23076923
vn -0.92307692 0.30769231 0.23076923
vn -0.97014250 0.00000000 0.24253563
vn -0.97014250 0.00000000 0.24253563
vn -0.97014250 0.00000000 0.24253563
vn -0.97014250 0.00000000 0.24253563
vn -0.96308682 -0.12038585 0.24077171
vn -0.96308682 -0.12038585 0.24077171
vn -0.96308682 -0.12038585 0.24077171
vn -0.96308682 -0.12038585 0.24077171
vn -0.69631062 -0.69631062 0.17407766
vn -0.69631062 -0.69631062 0.17407766
vn -0.69631062 -0.69631062 0.17407766
vn -0.69631062 -0.69631062 0.17407766
vn -0.39202291 -0.91472013 0.09800573
vn -0.39202291 -0.91472013 0.09800573
vn -0.39202291 -0.91472013 0.09800573
vn -0.39202291 -0.91472013 0.09800573
vn -0.92307692 -0.30769231 0.23076923
vn -0.92307692 -0.30769231 0.23076923
vn -0.92307692 -0.30769231 0.23076923
vn -0.92307692 -0.30769231 0.23076923
vn -0.97014250 0.00000000 0.24253563
vn -0.97014250 0.00000000 0.24253563
vn -0.97014250 0.00000000 0.24253563
vn -0.97014250 0.00000000 0.24253563
vn -0.93787002 0.25578273 0.23446751
vn -0.93787002 0.25578273 0.23446751
vn -0.93787002 0.25578273 0.23446751
vn -0.93787002 0.25578273 0.23446751
vn -0.57519731 0.80527623 0.14379933
vn -0.57519731 0.80527623 0.14379933
vn -0.57519731 0.80527623 0.14379933
vn -0.57519731 0.80527623 0.14379933
vn -0.27738868 0.95825179 0.06934717
vn -0.27738868 0.95825179 0.06934717
vn -0.27738868 0.95825179 0.06934717
vn -0.27738868 0.95825179 0.06934717
vn -0.63213954 0.75856745 0.15803489
vn -0.63213954 0.75856745 0.15803489
vn -0.63213954 0.75856745 0.15803489
vn -0.63213954 0.75856745 0.15803489
vn -0.97014250 0.00000000 0.24253563
vn -0.97014250 0.00000000 0.24253563
vn -0.97014250 0.00000000 0.24253563
vn -0.97014250 0.00000000 0.24253563
vn 0.00000000 -1.00000000 0.00000000
vn 0.00000000 -1.00000000 0.00000000
vn 0.00000000 -1.00000000 0.00000000
vn 0.00000000 -1.00000000 0.00000000
vn 0.97014250 0.00000000 -0.24253563
vn 0.97014250 0.00000000 -0.24253563
vn 0.97014250 0.00000000 -0.24253563
vn 0.97014250 0.00000000 -0.24253563
vn 0.63213954 0.75856745 -0.15803489
vn 0.63213954 0.75856745 -0.15803489
vn 0.63213954 0.75856745 -0.15803489
vn 0.63213954 0.75856745 -0.15803489
vn 0.27738868 0.95825179 -0.06934717
vn 0.27738868 0.95825179 -0.06934717
vn 0.27738868 0.95825179 -0.06934717
vn 0.27738868 0.95825179 -0.06934717
vn 0.57519731 0.80527623 -0.14379933
vn 0.57519731 0.80527623 -0.14379933
vn 0.57519731 0.80527623 -0.14379933
vn 0.57519731 0.80527623 -0.14379933
vn 0.93787002 0.25578273 -0.23446751
vn 0.93787002 0.25578273 -0.23446751
vn 0.93787002 0.25578273 -0.23446751
vn 0.93787002 0.25578273 -0.23446751
vn 0.97014250 0.00000000 -0.24253563
vn 0.97014250 0.00000000 -0.24253563
vn 0.97014250 0.00000000 -0.24253563
vn 0.97014250 0.00000000 -0.24253563
vn 0.92307692 -0.30769231 -0.23076923
vn 0.92307692 -0.30769231 -0.23076923
vn 0.92307692 -0.30769231 -0.23076923
vn 0.92307692 -0.30769231 -0.23076923
vn 0.39202291 -0.91472013 -0.09800573
vn 0.39202291 -0.91472013 -0.09800573
vn 0.39202291 -0.91472013 -0.09800573
vn 0.39202291 -0.91472013 -0.09800573
vn 0.69631062 -0.69631062 -0.17407766
vn 0.69631062 -0.69631062 -0.17407766
vn 0.69631062 -0.69631062 -0.17407766
vn 0.69631062 -0.69631062 -0.17407766
vn 0.96308682 -0.12038585 -0.24077171
vn 0.96308682 -0.12038585 -0.24077171
vn 0.96308682 -0.12038585 -0.24077171
vn 0.96308682 -0.12038585 -0.24077171
vn 0.97014250 0.00000000 -0.24253563
vn 0.97014250 0.00000000 -0.24253563
vn 0.97014250 0.00000000 -0.24253563
vn 0.97014250 0.00000000 -0.24253563
vn 0.92307692 0.30769231 -0.23076923
vn 0.92307692 0.30769231 -0.23076923
vn 0.92307692 0.30769231 -0.23076923
vn 0.92307692 0.30769231 -0.23076923
vn 0.57469963 0.80565368 -0.14367491
vn 0.57469963 0.80565368 -0.14367491
vn 0.57469963 0.80565368 -0.14367491
vn 0.57469963 0.80565368 -0.14367491
vn 0.00000000 1.00000000 0.00000000
vn 0.00000000 1.00000000 0.00000000
vn 0.00000000 1.00000000 0.00000000
vn 0.00000000 1.00000000 0.00000000
vn -0.57469963 0.80565368 0.14367491
vn -0.57469963 0.80565368 0.14367491
vn -0.57469963 0.80565368 0.14367491
vn -0.57469963 0.80565368 0.14367491
vn -0.92307692 0.30769231 0.23076923
vn -0.92307692 0.30769231 0.23076923
vn -0.92307692 0.30769231 0.23076923
vn -0.92307692 0.30769231 0.23076923
vn -0.97014250 0.00000000 0.24253563
vn -0.97014250 0.00000000 0.24253563
vn -0.97014250 0.00000000 0.24253563
vn -0.97014250 0.00000000 0.24253563
vn -0.96308682 -0.12038585 0.24077171
vn -0.96308682 -0.12038585 0.24077171
vn -0.96308682 -0.12038585 0.24077171
vn -0.96308682 -0.12038585 0.24077171
vn -0.69631062 -0.69631062 0.17407766
vn -0.69631062 -0.69631062 0.17407766
vn -0.69631062 -0.69631062 0.17407766
vn -0.69631062 -0.69631062 0.17407766
vn -0.39202291 -0.91472013 0.09800573
vn -0.39202291 -0.91472013 0.09800573
vn -0.39202291 -0.91472013 0.09800573
vn -0.39202291 -0.91472013 0.09800573
vn -0.92307692 -0.30769231 0.23076923
vn -0.92307692 -0.30769231 0.23076923
vn -0.92307692 -0.30769231 0.23076923
vn -0.92307692 -0.30769231 0.23076923
vn -0.97014250 0.00000000 0.24253563
vn -0.97014250 0.00000000 0.24253563
vn -0.97014250 0.00000000 0.24253563
vn -0.97014250 0.00000000 0.24253563
vn -0.93787002 0.25578273 0.23446751
vn -0.93787002 0.25578273 0.23446751
vn -0.93787002 0.25578273 0.23446751
vn -0.93787002 0.25578273 0.23446751
vn -0.57519731 0.80527623 0.14379933
vn -0.57519731 0.80527623 0.14379933
vn -0.57519731 0.80527623 0.14379933
vn -0.57519731 0.80527623 0.14379933
vn -0.27738868 0.95825179 0.06934717
vn -0.27738868 0.95825179 0.06934717
vn -0.27738868 0.95825179 0.06934717
vn -0.27738868 0.95825179 0.06934717
vn -0.63213954 0.75856745 0.15803489
vn -0.63213954 0.75856745 0.15803489
vn -0.63213954 0.75856745 0.15803489
vn -0.63213954 0.75856745 0.15803489
vn -0.97014250 0.00000000 0.24253563
vn -0.97014250 0.00000000 0.24253563
vn -0.97014250 0.00000000 0.24253563
vn -0.97014250 0.00000000 0.24253563
vn 0.00000000 -1.00000000 0.00000000
vn 0.00000000 -1.00000000 0.00000000
vn 0.00000000 -1.00000000 0.00000000
vn 0.00000000 -1.00000000 0.00000000
vn 0.97014250 0.00000000 -0.24253563
vn 0.97014250 0.00000000 -0.24253563
vn 0.97014250 0.00000000 -0.24253563
vn 0.97014250 0.00000000 -0.24253563
vn 0.63213954 0.75856745 -0.15803489
vn 0.63213954 0.75856745 -0.15803489
vn 0.63213954 0.75856745 -0.15803489
vn 0.63213954 0.75856745 -0.15803489
vn 0.27738868 0.95825179 -0.06934717
vn 0.27738868 0.95825179 -0.06934717
vn 0.27738868 0.95825179 -0.06934717
vn 0.27738868 0.95825179 -0.06934717
vn 0.57519731 0.80527623 -0.14379933
vn 0.57519731 0.80527623 -0.14379933
vn 0.57519731 0.80527623 -0.14379933
vn 0.57519731 0.80527623 -0.14379933
vn 0.93787002 0.25578273 -0.23446751
vn 0.93787002 0.25578273 -0.23446751
vn 0.93787002 0.25578273 -0.23446751
vn 0.93787002 0.25578273 -0.23446751
vn 0.97014250 0.00000000 -0.24253563
vn 0.97014250 0.00000000 -0.24253563
vn 0.97014250 0.00000000 -0.24253563
vn 0.97014250 0.00000000 -0.24253563
vn 0.92307692 -0.30769231 -0.23076923
vn 0.92307692 -0.30769231 -0.23076923
vn 0.92307692 -0.30769231 -0.23076923
vn 0.92307692 -0.30769231 -0.23076923
vn 0.39202291 -0.91472013 -0.09800573
vn 0.39202291 -0.91472013 -0.09800573
vn 0.39202291 -0.91472013 -0.09800573
vn 0.39202291 -0.91472013 -0.09800573
vn 0.69631062 -0.69631062 -0.17407766
vn 0.69631062 -0.69631062 -0.17407766
vn 0.69631062 -0.69631062 -0.17407766
vn 0.69631062 -0.69631062 -0.17407766
vn 0.96308682 -0.12038585 -0.24077171
vn 0.96308682 -0.12038585 -0.24077171
vn 0.96308682 -0.12038585 -0.24077171
vn 0.96308682 -0.12038585 -0.24077171
vn 0.97014250 0.00000000 -0.24253563
vn 0.97014250 0.00000000 -0.24253563
vn 0.97014250 0.00000000 -0.24253563
vn 0.97014250 0.00000000 -0.24253563
vn 0.92307692 0.30769231 -0.23076923
vn 0.92307692 0.30769231 -0.23076923
vn 0.92307692 0.30769231 -0.23076923
vn 0.92307692 0.30769231 -0.23076923
vn 0.57469963 0.80565368 -0.14367491
vn 0.57469963 0.80565368 -0.14367491
vn 0.57469963 0.80565368 -0.14367491
vn 0.57469963 0.80565368 -0.14367491
vn 0.00000000 1.00000000 0.00000000
vn 0.00000000 1.00000000 0.00000000
vn 0.00000000 1.00000000 0.00000000
vn 0.00000000 1.00000000 0.00000000
vn -0.57469963 0.80565368 0.14367491
vn -0.57469963 0.80565368 0.14367491
vn -0.57469963 0.80565368 0.14367491
vn -0.57469963 0.80565368 0.14367491
vn -0.92307692 0.30769231 0.23076923
vn -0.92307692 0.30769231 0.23076923
vn -0.92307692 0.30769231 0.23076923
vn -0.92307692 0.30769231 0.23076923
vn -0.97014250 0.00000000 0.24253563
vn -0.97014250 0.00000000 0.24253563
vn -0.97014250 0.00000000 0.24253563
vn -0.97014250 0.00000000 0.24253563
vn -0.96308682 -0.12038585 0.24077171
vn -0.96308682 -0.12038585 0.24077171
vn -0.96308682 -0.12038585 0.24077171
vn -0.96308682 -0.12038585 0.24077171
vn -0.69631062 -0.69631062 0.17407766
vn -0.69631062 -0.69631062 0.17407766
vn -0.69631062 -0.69631062 0.17407766
vn -0.69631062 -0.69631062 0.17407766
vn -0.39202291 -0.91472013 0.09800573
vn -0.39202291 -0.91472013 0.09800573
vn -0.39202291 -0.91472013 0.09800573
vn -0.39202291 -0.91472013 0.09800573
vn -0.92307692 -0.30769231 0.23076923
vn -0.92307692 -0.30769231 0.23076923
vn -0.92307692 -0.30769231 0.23076923
vn -0.92307692 -0.30769231 0.23076923
vn -0.97014250 0.00000000 0.24253563
vn -0.97014250 0.00000000 0.24253563
vn -0.97014250 0.00000000 0.24253563
vn -0.97014250 0.00000000 0.24253563
vn -0.93787002 0.25578273 0.23446751
vn -0.93787002 0.25578273 0.23446751
vn -0.93787002 0.25578273 0.23446751
vn -0.93787002 0.25578273 0.23446751
vn -0.57519731 0.80527623 0.14379933
vn -0.57519731 0.80527623 0.14379933
vn -0.57519731 0.80527623 0.14379933
vn -0.57519731 0.80527623 0.14379933
vn -0.27738868 0.95825179 0.06934717
vn -0.27738868 0.95825179 0.06934717
vn -0.27738868 0.95825179 0.06934717
vn -0.27738868 0.95825179 0.06934717
vn -0.63213954 0.75856745 0.15803489
vn -0.63213954 0.75856745 0.15803489
vn -0.63213954 0.75856745 0.15803489
vn -0.63213954 0.75856745 0.15803489
vn -0.97014250 0.00000000 0.24253563
vn -0.97014250 0.00000000 0.24253563
vn -0.97014250 0.00000000 0.24253563
vn -0.97014250 0.00000000 0.24253563
vn 0.00000000 -1.00000000 0.00000000
vn 0.00000000 -1.00000000 0.00000000
vn 0.00000000 -1.00000000 0.00000000
vn 0.00000000 -1.00000000 0.00000000
vn 0.97014250 0.00000000 -0.24253563
vn 0.97014250 0.00000000 -0.24253563
vn 0.97014250 0.00000000 -0.24253563
vn 0.97014250 0.00000000 -0.24253563
vn 0.63213954 0.75856745 -0.15803489
vn 0.63213954 0.75856745 -0.15803489
vn 0.63213954 0.75856745 -0.15803489
vn 0.63213954 0.75856745 -0.15803489
vn 0.27738868 0.95825179 -0.06934717
vn 0.27738868 0.95825179 -0.06934717
vn 0.27738868 0.95825179 -0.06934717
vn 0.27738868 0.95825179 -0.06934717
vn 0.57519731 0.80527623 -0.14379933
vn 0.57519731 0.80527623 -0.14379933
vn 0.57519731 0.80527623 -0.14379933
vn 0.57519731 0.80527623 -0.14379933
vn 0.93787002 0.25578273 -0.23446751
vn 0.93787002 0.25578273 -0.23446751
vn 0.93787002 0.25578273 -0.23446751
vn 0.93787002 0.25578273 -0.23446751
vn 0.97014250 0.00000000 -0.24253563
vn 0.97014250 0.00000000 -0.24253563
vn 0.97014250 0.00000000 -0.24253563
vn 0.97014250 0.00000000 -0.24253563
vn 0.92307692 -0.30769231 -0.23076923
vn 0.92307692 -0.30769231 -0.23076923
vn 0.92307692 -0.30769231 -0.23076923
vn 0.92307692 -0.30769231 -0.23076923
vn 0.39202291 -0.91472013 -0.09800573
vn 0.39202291 -0.91472013 -0.09800573
vn 0.39202291 -0.91472013 -0.09800573
vn 0.39202291 -0.91472013 -0.09800573
vn 0.69631062 -0.69631062 -0.17407766
vn 0.69631062 -0.69631062 -0.17407766
vn 0.69631062 -0.69631062 -0.17407766
vn 0.69631062 -0.69631062 -0.17407766
vn 0.96308682 -0.12038585 -0.24077171
vn 0.96308682 -0.12038585 -0.24077171
vn 0.96308682 -0.12038585 -0.24077171
vn 0.96308682 -0.12038585 -0.24077171
vn 0.97014250 0.00000000 -0.24253563
vn 0.97014250 0.00000000 -0.24253563
vn 0.97014250 0.00000000 -0.24253563
vn 0.97014250 0.00000000 -0.24253563
vn 0.92307692 0.30769231 -0.23076923
vn 0.92307692 0.30769231 -0.23076923
vn 0.92307692 0.30769231 -0.23076923
vn 0.92307692 0.30769231 -0.23076923
vn 0.57469963 0.80565368 -0.14367491
vn 0.57469963 0.80565368 -0.14367491
vn 0.57469963 0.80565368 -0.14367491
vn 0.57469963 0.80565368 -0.14367491
vn 0.00000000 1.00000000 0.00000000
vn 0.00000000 1.00000000 0.00000000
vn 0.00000000 1.00000000 0.00000000
vn 0.00000000 1.00000000 0.00000000
vn -0.57469963 0.80565368 0.14367491
vn -0.57469963 0.80565368 0.14367491
vn -0.57469963 0.80565368 0.14367491
vn -0.57469963 0.80565368 0.14367491
vn -0.92307692 0.30769231 0.23076923
vn -0.92307692 0.30769231 0.23076923
vn -0.92307692 0.30769231 0.23076923
vn -0.92307692 0.30769231 0.23076923
vn -0.97014250 0.00000000 0.24253563
vn -0.97014250 0.00000000 0.24253563
vn -0.97014250 0.00000000 0.24253563
vn -0.97014250 0.00000000 0.24253563
vn -0.96308682 -0.12038585 0.24077171
vn -0.96308682 -0.12038585 0.24077171
vn -0.96308682 -0.12038585 0.24077171
vn -0.96308682 -0.12038585 0.24077171
vn -0.69631062 -0.69631062 0.17407766
vn -0.69631062 -0.69631062 0.17407766
vn -0.69631062 -0.69631062 0.17407766
vn -0.69631062 -0.69631062 0.17407766
vn -0.39202291 -0.91472013 0.09800573
vn -0.39202291 -0.91472013 0.09800573
vn -0.39202291 -0.91472013 0.09800573
vn -0.39202291 -0.91472013 0.09800573
vn -0.92307692 -0.30769231 0.23076923
vn -0.92307692 -0.30769231 0.23076923
vn -0.92307692 -0.30769231 0.23076923
vn -0.92307692 -0.30769231 0.23076923
vn -0.97014250 0.00000000 0.24253563
vn -0.97014250 0.00000000 0.24253563
vn -0.97014250 0.00000000 0.24253563
vn -0.97014250 0.00000000 0.24253563
vn -0.93787002 0.25578273 0.23446751
vn -0.93787002 0.25578273 0.23446751
vn -0.93787002 0.25578273 0.23446751
vn -0.93787002 0.25578273 0.23446751
vn -0.57519731 0.80527623 0.14379933
vn -0.57519731 0.80527623 0.14379933
vn -0.57519731 0.80527623 0.14379933
vn -0.57519731 0.80527623 0.14379933
vn -0.27738868 0.95825179 0.06934717
vn -0.27738868 0.95825179 0.06934717
vn -0.27738868 0.95825179 0.06934717
vn -0.27738868 0.95825179 0.06934717
vn -0.63213954 0.75856745 0.15803489
vn -0.63213954 0.75856745 0.15803489
vn -0.63213954 0.75856745 0.15803489
vn -0.63213954 0.75856745 0.15803489
vn -0.97014250 0.00000000 0.24253563
vn -0.97014250 0.00000000 0.24253563
vn -0.97014250 0.00000000 0.24253563
vn -0.97014250 0.00000000 0.24253563
vn 0.00000000 -1.00000000 0.00000000
vn 0.00000000 -1.00000000 0.00000000
vn 0.00000000 -1.00000000 0.00000000
vn 0.00000000 -1.00000000 0.00000000
vn 0.00000000 0.00000000 -1.00000000
vn 0.00000000 0.00000000 -1.00000000
vn 0.00000000 0.00000000 -1.00000000
vn 0.00000000 0.00000000 -1.00000000
vn 0.00000000 0.00000000 -1.00000000
vn 0.00000000 0.00000000 -1.00000000
vn 0.00000000 0.00000000 -1.00000000
vn 0.00000000 0.00000000 -1.00000000
vn 0.00000000 0.00000000 -1.00000000
vn 0.00000000 0.00000000 -1.00000000
vn 0.00000000 0.00000000 -1.00000000
vn 0.00000000 0.00000000 -1.00000000
vn 0.00000000 0.00000000 -1.00000000
vn 0.00000000 0.00000000 -1.00000000
vn 0.00000000 0.00000000 -1.00000000
vn 0.00000000 0.00000000 -1.00000000
vn 0.00000000 0.00000000 -1.00000000
vn 0.00000000 0.00000000 -1.00000000
vn 0.00000000 0.00000000 -1.00000000
vn 0.00000000 0.00000000 -1.00000000
vn 0.00000000 0.00000000 -1.00000000
vn 0.00000000 0.00000000 -1.00000000
vn 0.00000000 0.00000000 -1.00000000
vn 0.00000000 0.00000000 -1.00000000
vn 0.00000000 0.00000000 -1.00000000
vn 0.00000000 0.00000000 -1.00000000
vn 0.00000000 0.00000000 -1.00000000
vn 0.00000000 0.00000000 -1.00000000
vn 0.00000000 0.00000000 -1.00000000
vn 0.00000000 0.00000000 -1.00000000
vn 0.00000000 0.00000000 -1.00000000
vn 0.00000000 0.00000000 -1.00000000
vn 0.00000000 0.00000000 -1.00000000
vn 0.00000000 0.00000000 -1.00000000
vn 0.00000000 0.00000000 -1.00000000
vn 0.00000000 0.00000000 -1.00000000
vn 0.00000000 0.00000000 -1.00000000
vn 0.00000000 0.00000000 -1.00000000
vn 0.00000000 0.00000000 -1.00000000
vn 0.00000000 0.00000000 -1.00000000
vn 0.00000000 0.00000000 -1.00000000
vn 0.00000000 0.00000000 -1.00000000
vn 0.00000000 0.00000000 -1.00000000
vn 0.00000000 0.00000000 -1.00000000
vn 0.00000000 0.00000000 -1.00000000
vn 0.00000000 0.00000000 -1.00000000
vn 0.00000000 0.00000000 -1.00000000
vn 0.00000000 0.00000000 -1.00000000
vn 0.00000000 0.00000000 -1.00000000
vn 0.00000000 0.00000000 -1.00000000
vn 0.00000000 0.00000000 -1.00000000
vn 0.00000000 0.00000000 -1.00000000
vn 0.00000000 0.00000000 -1.00000000
vn 0.00000000 0.00000000 -1.00000000
vn 0.00000000 0.00000000 -1.00000000
vn 0.00000000 0.00000000 -1.00000000
vn 0.00000000 0.00000000 -1.00000000
vn 0.00000000 0.00000000 -1.00000000
vn 0.00000000 0.00000000 -1.00000000
vn 0.00000000 0.00000000 -1.00000000
vn 0.00000000 0.00000000 -1.00000000
vn 0.00000000 0.00000000 -1.00000000
vn 0.00000000 0.00000000 -1.00000000
vn 0.00000000 0.00000000 -1.00000000
vn 0.00000000 0.00000000 -1.00000000
vn 0.00000000 0.00000000 -1.00000000
vn 0.00000000 0.00000000 -1.00000000
vn 0.00000000 0.00000000 -1.00000000
vn 0.00000000 0.00000000 -1.00000000
vn 0.00000000 0.00000000 -1.00000000
vn 0.00000000 0.00000000 -1.00000000
vn 0.00000000 0.00000000 -1.00000000
vn 0.00000000 0.00000000 -1.00000000
vn 0.00000000 0.00000000 -1.00000000
vn 0.00000000 0.00000000 -1.00000000
vn 0.00000000 0.00000000 -1.00000000
vn 0.00000000 0.00000000 -1.00000000
vn 0.00000000 0.00000000 -1.00000000
g terminal_left
usemtl mat
f 1/1/1 2/2/2 3/3/3 4/4/4
f 5/5/5 6/6/6 7/7/7 8/8/8
f 9/9/9 10/10/10 11/11/11 12/12/12
f 13/13/13 14/14/14 15/15/15 16/16/16
f 17/17/17 18/18/18 19/19/19 20/20/20
f 21/21/21 22/22/22 23/23/23 24/24/24
f 25/25/25 26/26/26 27/27/27 28/28/28
f 29/29/29 30/30/30 31/31/31 32/32/32
f 33/33/33 34/34/34 35/35/35 36/36/36
f 37/37/37 38/38/38 39/39/39 40/40/40
f 41/41/41 42/42/42 43/43/43 44/44/44
f 45/45/45 46/46/46 47/47/47 48/48/48
f 49/49/49 50/50/50 51/51/51 52/52/52
f 53/53/53 54/54/54 55/55/55 56/56/56
f 57/57/57 58/58/58 59/59/59 60/60/60
f 61/61/61 62/62/62 63/63/63 64/64/64
f 65/65/65 66/66/66 67/67/67 68/68/68
f 69/69/69 70/70/70 71/71/71 72/72/72
f 73/73/73 74/74/74 75/75/75 76/76/76
f 77/77/77 78/78/78 79/79/79 80/80/80
f 81/81/81 82/82/82 83/83/83 84/84/84
f 85/85/85 86/86/86 87/87/87 88/88/88
f 89/89/89 90/90/90 91/91/91 92/92/92
f 93/93/93 94/94/94 95/95/95 96/96/96
f 97/97/97 98/98/98 99/99/99 100/100/100
f 101/101/101 102/102/102 103/103/103 104/104/104
f 105/105/105 106/106/106 107/107/107 108/108/108
f 109/109/109 110/110/110 111/111/111 112/112/112
f 113/113/113 114/114/114 115/115/115 116/116/116
f 117/117/117 118/118/118 119/119/119 120/120/120
f 121/121/121 122/122/122 123/123/123 124/124/124
f 125/125/125 126/126/126 127/127/127 128/128/128
f 129/129/129 130/130/130 131/131/131 132/132/132
f 133/133/133 134/134/134 135/135/135 136/136/136
f 137/137/137 138/138/138 139/139/139 140/140/140
f 141/141/141 142/142/142 143/143/143 144/144/144
f 145/145/145 146/146/146 147/147/147 148/148/148
f 149/149/149 150/150/150 151/151/151 152/152/152
f 153/153/153 154/154/154 155/155/155 156/156/156
f 157/157/157 158/158/158 159/159/159 160/160/160
f 161/161/161 162/162/162 163/163/163 164/164/164
f 165/165/165 166/166/166 167/167/167 168/168/168
f 169/169/169 170/170/170 171/171/171 172/172/172
f 173/173/173 174/174/174 175/175/175 176/176/176
f 177/177/177 178/178/178 179/179/179 180/180/180
f 181/181/181 182/182/182 183/183/183 184/184/184
f 185/185/185 186/186/186 187/187/187 188/188/188
f 189/189/189 190/190/190 191/191/191 192/192/192
f 193/193/193 194/194/194 195/195/195 196/196/196
f 197/197/197 198/198/198 199/199/199 200/200/200
f 201/201/201 202/202/202 203/203/203 204/204/204
f 205/205/205 206/206/206 207/207/207 208/208/208
f 209/209/209 210/210/210 211/211/211 212/212/212
f 213/213/213 214/214/214 215/215/215 216/216/216
f 217/217/217 218/218/218 219/219/219 220/220/220
f 221/221/221 222/222/222 223/223/223 224/224/224
f 225/225/225 226/226/226 227/227/227 228/228/228
f 229/229/229 230/230/230 231/231/231 232/232/232
f 233/233/233 234/234/234 235/235/235 236/236/236
f 237/237/237 238/238/238 239/239/239 240/240/240
f 241/241/241 242/242/242 243/243/243 244/244/244
f 245/245/245 246/246/246 247/247/247 248/248/248
f 249/249/249 250/250/250 251/251/251 252/252/252
f 253/253/253 254/254/254 255/255/255 256/256/256
f 257/257/257 258/258/258 259/259/259 260/260/260
f 261/261/261 262/262/262 263/263/263 264/264/264
f 265/265/265 266/266/266 267/267/267 268/268/268
f 269/269/269 270/270/270 271/271/271 272/272/272
f 273/273/273 274/274/274 275/275/275 276/276/276
f 277/277/277 278/278/278 279/279/279 280/280/280
f 281/281/281 282/282/282 283/283/283 284/284/284
f 285/285/285 286/286/286 287/287/287 288/288/288
f 289/289/289 290/290/290 291/291/291 292/292/292
f 293/293/293 294/294/294 295/295/295 296/296/296
f 297/297/297 298/298/298 299/299/299 300/300/300
f 301/301/301 302/302/302 303/303/303 304/304/304
f 305/305/305 306/306/306 307/307/307 308/308/308
f 309/309/309 310/310/310 311/311/311 312/312/312
f 313/313/313 314/314/314 315/315/315 316/316/316
f 317/317/317 318/318/318 319/319/319 320/320/320
f 321/321/321 322/322/322 323/323/323 324/324/324
f 325/325/325 326/326/326 327/327/327 328/328/328
f 329/329/329 330/330/330 331/331/331 332/332/332
f 333/333/333 334/334/334 335/335/335 336/336/336
f 337/337/337 338/338/338 339/339/339 340/340/340
f 341/341/341 342/342/342 343/343/343 344/344/344
f 345/345/345 346/346/346 347/347/347 348/348/348
f 349/349/349 350/350/350 351/351/351 352/352/352
f 353/353/353 354/354/354 355/355/355 356/356/356
f 357/357/357 358/358/358 359/359/359 360/360/360
f 361/361/361 362/362/362 363/363/363 364/364/364
f 365/365/365 366/366/366 367/367/367 368/368/368
f 369/369/369 370/370/370 371/371/371 372/372/372
f 373/373/373 374/374/374 375/375/375 376/376/376
f 377/377/377 378/378/378 379/379/379 380/380/380
f 381/381/381 382/382/382 383/383/383 384/384/384
f 385/385/385 386/386/386 387/387/387 388/388/388
f 389/389/389 390/390/390 391/391/391 392/392/392
f 393/393/393 394/394/394 395/395/395 396/396/396
f 397/397/397 398/398/398 399/399/399 400/400/400
f 401/401/401 402/402/402 403/403/403 404/404/404
f 405/405/405 406/406/406 407/407/407 408/408/408
f 409/409/409 410/410/410 411/411/411 412/412/412
f 413/413/413 414/414/414 415/415/415 416/416/416
f 417/417/417 418/418/418 419/419/419 420/420/420
f 421/421/421 422/422/422 423/423/423 424/424/424
f 425/425/425 426/426/426 427/427/427 428/428/428
f 429/429/429 430/430/430 431/431/431 432/432/432
f 433/433/433 434/434/434 435/435/435 436/436/436
f 437/437/437 438/438/438 439/439/439 440/440/440
f 441/441/441 442/442/442 443/443/443 444/444/444
f 445/445/445 446/446/446 447/447/447 448/448/448
f 449/449/449 450/450/450 451/451/451
f 452/452/452 453/453/453 454/454/454
f 455/455/455 456/456/456 457/457/457
f 458/458/458 459/459/459 460/460/460
f 461/461/461 462/462/462 463/463/463
f 464/464/464 465/465/465 466/466/466
f 467/467/467 468/468/468 469/469/469
f 470/470/470 471/471/471 472/472/472
f 473/473/473 474/474/474 475/475/475
f 476/476/476 477/477/477 478/478/478
f 479/479/479 480/480/480 481/481/481
f 482/482/482 483/483/483 484/484/484
f 485/485/485 486/486/486 487/487/487
f 488/488/488 489/489/489 490/490/490
f 491/491/491 492/492/492 493/493/493
f 494/494/494 495/495/495 496/496/496
f 497/497/497 498/498/498 499/499/499
f 500/500/500 501/501/501 502/502/502
f 503/503/503 504/504/504 505/505/505
f 506/506/506 507/507/507 508/508/508
f 509/509/509 510/510/510 511/511/511
f 512/512/512 513/513/513 514/514/514
f 515/515/515 516/516/516 517/517/517
f 518/518/518 519/519/519 520/520/520
f 521/521/521 522/522/522 523/523/523
f 524/524/524 525/525/525 526/526/526
g terminal_right
usemtl mat
f 527/527/527 528/528/528 529/529/529 530/530/530
f 531/531/531 532/532/532 533/533/533 534/534/534
f 535/535/535 536/536/536 537/537/537 538/538/538
f 539/539/539 540/540/540 541/541/541 542/542/542
f 543/543/543 544/544/544 545/545/545 546/546/546
f 547/547/547 548/548/548 549/549/549 550/550/550
f 551/551/551 552/552/552 553/553/553 554/554/554
f 555/555/555 556/556/556 557/557/557 558/558/558
f 559/559/559 560/560/560 561/561/561 562/562/562
f 563/563/563 564/564/564 565/565/565 566/566/566
f 567/567/567 568/568/568 569/569/569 570/570/570
f 571/571/571 572/572/572 573/573/573 574/574/574
f 575/575/575 576/576/576 577/577/577 578/578/578
f 579/579/579 580/580/580 581/581/581 582/582/582
f 583/583/583 584/584/584 585/585/585 586/586/586
f 587/587/587 588/588/588 589/589/589 590/590/590
f 591/591/591 592/592/592 593/593/593 594/594/594
f 595/595/595 596/596/596 597/597/597 598/598/598
f 599/599/599 600/600/600 601/601/601 602/602/602
f 603/603/603 604/604/604 605/605/605 606/606/606
f 607/607/607 608/608/608 609/609/609 610/610/610
f 611/611/611 612/612/612 613/613/613 614/614/614
f 615/615/615 616/616/616 617/617/617 618/618/618
f 619/619/619 620/620/620 621/621/621 622/622/622
f 623/623/623 624/624/624 625/625/625 626/626/626
f 627/627/627 628/628/628 629/629/629 630/630/630
f 631/631/631 632/632/632 633/633/633 634/634/634
f 635/635/635 636/636/636 637/637/637 638/638/638
f 639/639/639 640/640/640 641/641/641 642/642/642
f 643/643/643 644/644/644 645/645/645 646/646/646
f 647/647/647 648/648/648 649/649/649 650/650/650
f 651/651/651 652/652/652 653/653/653 654/654/654
f 655/655/655 656/656/656 657/657/657 658/658/658
f 659/659/659 660/660/660 661/661/661 662/662/662
f 663/663/663 664/664/664 665/665/665 666/666/666
f 667/667/667 668/668/668 669/669/669 670/670/670
f 671/671/671 672/672/672 673/673/673 674/674/674
f 675/675/675 676/676/676 677/677/677 678/678/678
f 679/679/679 680/680/680 681/681/681 682/682/682
f 683/683/683 684/684/684 685/685/685 686/686/686
f 687/687/687 688/688/688 689/689/689 690/690/690
f 691/691/691 692/692/692 693/693/693 694/694/694
f 695/695/695 696/696/696 697/697/697 698/698/698
f 699/699/699 700/700/700 701/701/701 702/702/702
f 703/703/703 704/704/704 705/705/705 706/706/706
f 707/707/707 708/708/708 709/709/709 710/710/710
f 711/711/711 712/712/712 713/713/713 714/714/714
f 715/715/715 716/716/716 717/717/717 718/718/718
f 719/719/719 720/720/720 721/721/721 722/722/722
f 723/723/723 724/724/724 725/725/725 726/726/726
f 727/727/727 728/728/728 729/729/729 730/730/730
f 731/731/731 732/732/732 733/733/733 734/734/734
f 735/735/735 736/736/736 737/737/737 738/738/738
f 739/739/739 740/740/740 741/741/741 742/742/742
f 743/743/743 744/744/744 745/745/745 746/746/746
f 747/747/747 748/748/748 749/749/749 750/750/750
f 751/751/751 752/752/752 753/753/753 754/754/754
f 755/755/755 756/756/756 757/757/757 758/758/758
f 759/759/759 760/760/760 761/761/761 762/762/762
f 763/763/763 764/764/764 765/765/765 766/766/766
f 767/767/767 768/768/768 769/769/769 770/770/770
f 771/771/771 772/772/772 773/773/773 774/774/774
f 775/775/775 776/776/776 777/777/777 778/778/778
f 779/779/779 780/780/780 781/781/781 782/782/782
f 783/783/783 784/784/784 785/785/785 786/786/786
f 787/787/787 788/788/788 789/789/789 790/790/790
f 791/791/791 792/792/792 793/793/793 794/794/794
f 795/795/795 796/796/796 797/797/797 798/798/798
f 799/799/799 800/800/800 801/801/801 802/802/802
f 803/803/803 804/804/804 805/805/805 806/806/806
f 807/807/807 808/808/808 809/809/809 810/810/810
f 811/811/811 812/812/812 813/813/813 814/814/814
f 815/815/815 816/816/816 817/817/817 818/818/818
f 819/819/819 820/820/820 821/821/821 822/822/822
f 823/823/823 824/824/824 825/825/825 826/826/826
f 827/827/827 828/828/828 829/829/829 830/830/830
f 831/831/831 832/832/832 833/833/833 834/834/834
f 835/835/835 836/836/836 837/837/837 838/838/838
f 839/839/839 840/840/840 841/841/841 842/842/842
f 843/843/843 844/844/844 845/845/845 846/846/846
f 847/847/847 848/848/848 849/849/849 850/850/850
f 851/851/851 852/852/852 853/853/853 854/854/854
f 855/855/855 856/856/856 857/857/857 858/858/858
f 859/859/859 860/860/860 861/861/861 862/862/862
f 863/863/863 864/864/864 865/865/865 866/866/866
f 867/867/867 868/868/868 869/869/869 870/870/870
f 871/871/871 872/872/872 873/873/873 874/874/874
f 875/875/875 876/876/876 877/877/877 878/878/878
f 879/879/879 880/880/880 881/881/881 882/882/882
f 883/883/883 884/884/884 885/885/885 886/886/886
f 887/887/887 888/888/888 889/889/889 890/890/890
f 891/891/891 892/892/892 893/893/893 894/894/894
f 895/895/895 896/896/896 897/897/897 898/898/898
f 899/899/899 900/900/900 901/901/901 902/902/902
f 903/903/903 904/904/904 905/905/905 906/906/906
f 907/907/907 908/908/908 909/909/909 910/910/910
f 911/911/911 912/912/912 913/913/913 914/914/914
f 915/915/915 916/916/916 917/917/917 918/918/918
f 919/919/919 920/920/920 921/921/921 922/922/922
f 923/923/923 924/924/924 925/925/925 926/926/926
f 927/927/927 928/928/928 929/929/929 930/930/930
f 931/931/931 932/932/932 933/933/933 934/934/934
f 935/935/935 936/936/936 937/937/937 938/938/938
f 939/939/939 940/940/940 941/941/941 942/942/942
f 943/943/943 944/944/944 945/945/945 946/946/946
f 947/947/947 948/948/948 949/949/949 950/950/950
f 951/951/951 952/952/952 953/953/953 954/954/954
f 955/955/955 956/956/956 957/957/957 958/958/958
f 959/959/959 960/960/960 961/961/961 962/962/962
f 963/963/963 964/964/964 965/965/965 966/966/966
f 967/967/967 968/968/968 969/969/969 970/970/970
f 971/971/971 972/972/972 973/973/973 974/974/974
f 975/975/975 976/976/976 977/977/977
f 978/978/978 979/979/979 980/980/980
f 981/981/981 982/982/982 983/983/983
f 984/984/984 985/985/985 986/986/986
f 987/987/987 988/988/988 989/989/989
f 990/990/990 991/991/991 992/992/992
f 993/993/993 994/994/994 995/995/995
f 996/996/996 997/997/997 998/998/998
f 999/999/999 1000/1000/1000 1001/1001/1001
f 1002/1002/1002 1003/1003/1003 1004/1004/1004
f 1005/1005/1005 1006/1006/1006 1007/1007/1007
f 1008/1008/1008 1009/1009/1009 1010/1010/1010
f 1011/1011/1011 1012/1012/1012 1013/1013/1013
f 1014/1014/1014 1015/1015/1015 1016/1016/1016
f 1017/1017/1017 1018/1018/1018 1019/1019/1019
f 1020/1020/1020 1021/1021/1021 1022/1022/1022
f 1023/1023/1023 1024/1024/1024 1025/1025/1025
f 1026/1026/1026 1027/1027/1027 1028/1028/1028
f 1029/1029/1029 1030/1030/1030 1031/1031/1031
f 1032/1032/1032 1033/1033/1033 1034/1034/1034
f 1035/1035/1035 1036/1036/1036 1037/1037/1037
f 1038/1038/1038 1039/1039/1039 1040/1040/1040
f 1041/1041/1041 1042/1042/1042 1043/1043/1043
f 1044/1044/1044 1045/1045/1045 1046/1046/1046
f 1047/1047/1047 1048/1048/1048 1049/1049/1049
f 1050/1050/1050 1051/1051/1051 1052/1052/1052
